"CRN","ARRIVAL_TM","AUTOMOBILE_COUNT","BELTED_DEATH_COUNT","BELTED_SUSP_SERIOUS_INJ_COUNT","BICYCLE_COUNT","BICYCLE_DEATH_COUNT","BICYCLE_SUSP_SERIOUS_INJ_COUNT","BUS_COUNT","CHLDPAS_DEATH_COUNT","CHLDPAS_SUSP_SERIOUS_INJ_COUNT","COLLISION_TYPE","COMM_VEH_COUNT","CONS_ZONE_SPD_LIM","COUNTY","CRASH_MONTH","CRASH_YEAR","DAY_OF_WEEK","DEC_LAT","DEC_LONG","DISPATCH_TM","DISTRICT","DRIVER_COUNT_16YR","DRIVER_COUNT_17YR","DRIVER_COUNT_18YR","DRIVER_COUNT_19YR","DRIVER_COUNT_20YR","DRIVER_COUNT_50_64YR","DRIVER_COUNT_65_74YR","DRIVER_COUNT_75PLUS","EST_HRS_CLOSED","FATAL_COUNT","HEAVY_TRUCK_COUNT","HORSE_BUGGY_COUNT","HOUR_OF_DAY","ILLUMINATION","INJURY_COUNT","INTERSECT_TYPE","INTERSECTION_RELATED","LANE_CLOSED","LATITUDE","LN_CLOSE_DIR","LOCATION_TYPE","LONGITUDE","MAX_SEVERITY_LEVEL","MCYCLE_DEATH_COUNT","MCYCLE_SUSP_SERIOUS_INJ_COUNT","MOTORCYCLE_COUNT","MUNICIPALITY","NONMOTR_COUNT","NONMOTR_DEATH_COUNT","NONMOTR_SUSP_SERIOUS_INJ_COUNT","NTFY_HIWY_MAINT","PED_COUNT","PED_DEATH_COUNT","PED_SUSP_SERIOUS_INJ_COUNT","PERSON_COUNT","POLICE_AGCY","POSSIBLE_INJ_COUNT","RDWY_SURF_TYPE_CD","RELATION_TO_ROAD","ROAD_CONDITION","ROADWAY_CLEARED","SCH_BUS_IND","SCH_ZONE_IND","SECONDARY_CRASH","SMALL_TRUCK_COUNT","SPEC_JURIS_CD","SUSP_MINOR_INJ_COUNT","SUSP_SERIOUS_INJ_COUNT","SUV_COUNT","TCD_FUNC_CD","TCD_TYPE","TFC_DETOUR_IND","TIME_OF_DAY","TOT_INJ_COUNT","TOTAL_UNITS","UNB_DEATH_COUNT","UNB_SUSP_SERIOUS_INJ_COUNT","UNBELTED_OCC_COUNT","UNK_INJ_DEG_COUNT","UNK_INJ_PER_COUNT","URBAN_RURAL","VAN_COUNT","VEHICLE_COUNT","WEATHER1","WEATHER2","WORK_ZONE_IND","WORK_ZONE_LOC","WORK_ZONE_TYPE","WORKERS_PRES","WZ_CLOSE_DETOUR","WZ_FLAGGER","WZ_LAW_OFFCR_IND","WZ_LN_CLOSURE","WZ_MOVING","WZ_OTHER","WZ_SHLDER_MDN","WZ_WORKERS_INJ_KILLED"
"2024002401","0634","1","0","0","0","0","0","0","0","0","1","0","","67","12","2023","1","40.0345","-75.0189","0624","06","0","0","0","0","0","0","0","1","","0","0","0","06","3","0","00","N","2","40 02:04.226","1","00","75 01:08.089","0","0","0","0","67301","0","0","0","N","0","0","0","4","68K01","0","","1","01","0710","N","N","N","0","","0","0","1","0","0","N","0611","0","2","0","0","0","0","0","2","0","2","03","03","N","","","","","","","","","","",""
"2024002407","1814","0","0","0","0","0","0","0","0","0","5","0","","67","12","2023","7","39.9223","-75.1476","1800","06","0","0","0","0","0","0","0","0","","0","0","0","17","3","1","00","N","0","39 55:20.315","","00","75 08:51.336","3","0","0","0","67301","0","0","0","N","0","0","0","4","68K01","0","","1","01","","N","N","N","0","","1","0","2","0","0","","1758","1","3","0","0","0","0","1","2","0","3","03","03","N","","","","","","","","","","",""
"2024001829","0926","1","0","0","0","0","0","0","0","0","1","0","","67","06","2023","4","40.0074","-75.1287","0926","06","0","0","0","0","0","0","0","0","","0","0","0","09","1","1","00","N","0","40 00:26.569","","00","75 07:43.275","3","0","0","0","67301","0","0","0","N","0","0","0","3","67301","0","","1","01","","N","N","N","1","","1","0","0","0","0","","0926","1","3","0","0","3","0","0","2","1","3","03","03","N","","","","","","","","","","",""
"2024003901","1159","1","0","0","0","0","0","0","0","0","1","0","","67","12","2023","7","39.9589","-75.1702","1147","06","0","0","0","0","0","0","1","0","","0","0","0","11","1","0","00","N","2","39 57:32.125","4","00","75 10:12.641","0","0","0","0","67301","0","0","0","N","0","0","0","4","68K01","0","","1","01","1215","N","N","N","0","","0","0","2","0","0","N","1146","0","3","0","0","1","0","0","2","0","3","03","","N","","","","","","","","","","",""
"2024004745","1831","1","0","0","0","0","0","0","0","0","1","0","","67","12","2023","3","39.982","-75.1009","1821","06","0","0","0","0","0","0","0","0","","0","0","0","18","1","0","00","N","0","39 58:55.126","","00","75 06:03.216","0","0","0","0","67301","0","0","0","N","0","0","0","2","68K01","0","","1","01","","N","N","N","0","","0","0","1","0","0","","1805","0","2","0","0","0","0","0","2","0","2","03","03","N","","","","","","","","","","",""
"2024003189","1054","0","0","0","1","0","0","0","0","0","8","0","","67","05","2023","2","39.9531","-75.1818","1045","06","0","0","0","0","0","0","0","0","","0","0","0","10","1","1","05","","1","39 57:11.064","3","02","75 10:54.106","8","0","0","0","67301","1","0","0","N","0","0","0","2","67301","0","","1","01","1130","N","N","N","0","","0","0","1","3","2","N","1032","1","2","0","0","0","1","0","2","0","1","03","03","N","","","","","","","","","","",""
"2024001831","1222","1","0","0","0","0","0","0","0","0","4","0","","67","06","2023","5","40.0204","-75.1401","1222","06","0","0","0","0","0","0","0","0","","0","0","0","13","1","1","01","","0","40 01:13.432","","00","75 08:24.370","4","0","0","1","67301","0","0","0","N","0","0","0","2","67301","1","","1","01","","N","N","N","0","","0","0","0","3","3","","1300","1","2","0","0","1","0","1","2","0","2","03","03","N","","","","","","","","","","",""
"2024001024","1018","1","0","0","0","0","0","0","0","0","1","1","35","67","12","2023","5","40.0314","-75.0213","1013","06","0","0","0","0","0","1","0","0","","0","1","0","10","1","1","00","N","0","40 01:53.153","","00","75 01:16.793","8","0","0","0","67301","0","0","0","N","0","0","0","2","68K01","0","","1","01","","N","N","N","0","","0","0","0","0","0","","1011","1","2","0","0","0","1","0","2","0","2","03","03","Y","2","1","Y","N","N","N","Y","N","N","N","N"
"2024001816","1656","2","0","0","0","0","0","0","0","0","4","0","","67","12","2023","7","40.0673","-75.0592","1654","06","0","0","0","0","0","0","1","0","","0","0","0","16","4","0","02","","0","40 04:02.287","","00","75 03:33.217","0","0","0","0","67301","0","0","0","N","0","0","0","2","67301","0","","1","01","","N","N","N","0","","0","0","0","3","3","","1623","0","2","0","0","0","0","0","2","0","2","03","03","N","","","","","","","","","","",""
"2024004757","1148","0","0","0","0","0","0","0","0","0","7","0","","67","12","2023","7","39.9739","-75.1194","1148","06","0","0","0","0","0","1","0","0","","0","0","0","11","1","1","00","N","2","39 58:26.043","2","00","75 07:09.904","4","0","0","0","67301","0","0","0","N","0","0","0","1","68K01","1","","5","01","1237","N","N","N","0","","0","0","1","0","0","N","1148","1","1","0","0","0","0","0","2","0","1","03","03","N","","","","","","","","","","",""
"2024002061","1749","2","0","0","0","0","0","0","0","0","5","0","","67","12","2023","2","39.9515","-75.1827","1729","06","0","0","0","0","0","0","0","0","","0","0","0","17","3","0","00","N","1","39 57:05.547","3","00","75 10:57.759","0","0","0","0","67301","0","0","0","N","0","0","0","3","68K01","0","","1","01","1800","N","N","N","0","","0","0","1","0","0","N","1729","0","3","0","0","0","0","0","2","0","3","03","","N","","","","","","","","","","",""
"2023063631","2347","1","0","0","0","0","0","0","0","0","6","0","","67","07","2023","6","40.1048","-75.0336","2341","06","0","0","0","0","0","1","0","0","","0","0","0","23","3","0","00","N","0","40 06:17.332","","00","75 02:00.899","0","0","0","0","67301","0","0","0","N","0","0","0","3","67301","0","","1","01","","N","N","N","0","","0","0","2","0","0","","2324","0","3","0","0","0","0","0","2","0","3","03","","N","","","","","","","","","","",""
"2023088950","0435","1","0","0","0","0","0","0","0","0","7","0","","67","08","2023","7","39.9971","-75.082","0427","06","0","0","0","0","0","0","0","0","","0","0","0","04","3","0","00","N","0","39 59:49.649","","00","75 04:55.023","0","0","0","0","67301","0","0","0","N","0","0","0","1","68K01","0","","4","01","","N","N","N","0","","0","0","0","0","0","","0426","0","1","0","0","0","0","0","2","0","1","03","03","N","","","","","","","","","","",""
"2023063263","1000","1","0","0","0","0","0","0","0","0","4","0","","67","07","2023","1","40.0424","-75.0827","1000","06","0","0","0","0","0","0","0","0","","0","0","0","16","1","3","01","","0","40 02:32.725","","00","75 04:57.598","3","0","0","0","67301","0","0","0","N","0","0","0","4","67301","1","","1","09","","N","N","N","0","","2","0","1","3","2","","1645","3","2","0","0","0","0","1","2","0","2","07","03","N","","","","","","","","","","",""
"2023065831","1250","1","0","0","0","0","0","0","0","0","1","0","","67","07","2023","5","39.9417","-75.2088","1250","06","0","0","0","0","0","0","0","0","","0","0","0","08","1","1","01","","0","39 56:30.008","","03","75 12:31.852","3","0","0","0","67301","0","0","0","N","0","0","0","3","67301","0","","1","01","","N","N","N","0","","1","0","1","3","3","","0830","1","2","0","0","0","0","0","2","0","2","03","","N","","","","","","","","","","",""
"2023086876","2046","1","0","0","0","0","0","0","0","0","7","0","","67","09","2023","4","40.1066","-75.0218","2039","06","0","0","0","0","0","0","0","0","","0","0","0","20","3","0","00","N","2","40 06:23.680","2","00","75 01:18.650","0","0","0","0","67301","0","0","0","N","0","0","0","1","67301","0","","5","01","0100","N","N","N","0","","0","0","0","0","0","Y","2023","0","1","0","0","0","0","0","2","0","1","03","03","N","","","","","","","","","","",""
"2023070315","0053","3","0","0","0","0","0","0","0","0","5","0","","67","07","2023","2","40.0016","-75.1321","0041","06","0","0","0","0","0","0","0","0","","0","0","0","00","3","0","00","N","0","40 00:05.790","","00","75 07:55.520","0","0","0","0","67301","0","0","0","N","0","0","0","1","67301","0","","6","01","","N","N","N","0","","0","0","0","0","0","","0041","0","3","0","0","1","0","0","2","0","3","03","03","N","","","","","","","","","","",""
"2023061369","1722","2","0","0","0","0","0","0","0","0","4","0","","67","07","2023","6","39.9478","-75.2274","1722","06","0","0","0","0","0","0","0","0","","0","0","0","17","1","2","05","","1","39 56:52.000","6","00","75 13:38.688","3","0","0","0","67301","0","0","0","N","0","0","0","2","67301","0","","1","01","1731","N","N","N","0","","2","0","0","3","2","Y","1708","2","2","0","0","1","0","0","2","0","2","03","","N","","","","","","","","","","",""
"2023067217","0830","0","0","0","0","0","0","0","0","0","7","0","","67","07","2023","1","39.9412","-75.2117","0830","06","0","0","0","0","0","0","0","0","","0","0","0","08","1","0","00","N","0","39 56:28.384","","00","75 12:42.154","9","0","0","0","67301","0","0","0","N","0","0","0","1","67301","0","","5","01","","N","N","N","0","","0","0","1","0","0","","0829","0","1","0","0","0","0","1","2","0","1","03","","N","","","","","","","","","","",""
"2023053763","2350","1","0","0","0","0","0","0","0","0","7","0","","67","06","2023","2","39.9124","-75.1739","2347","06","0","0","0","0","0","0","0","0","","0","0","0","23","3","0","07","","2","39 54:44.600","3","08","75 10:26.000","0","0","0","0","67301","0","0","0","N","0","0","0","1","67501","0","","7","01","0023","N","N","N","0","","0","0","0","0","0","Y","2307","0","1","0","0","0","0","0","2","0","1","03","03","N","","","","","","","","","","",""
"2023052902","1753","0","0","0","0","0","0","0","0","0","4","0","","67","06","2023","2","39.9726","-75.229","1750","06","0","0","0","0","0","2","0","0","","0","0","0","17","4","1","01","","0","39 58:21.378","","00","75 13:44.432","3","0","0","0","67301","0","0","0","N","0","0","0","2","67301","0","","1","09","","N","N","N","0","","1","0","2","3","3","","1744","1","2","0","0","0","0","0","2","0","2","07","07","N","","","","","","","","","","",""
"2023057635","1222","0","0","0","0","0","0","0","0","0","1","0","","67","06","2023","1","39.9925","-75.0854","1222","06","0","0","0","0","0","0","0","0","","0","0","0","11","1","0","00","N","0","39 59:32.860","","00","75 05:07.344","0","0","0","0","67301","0","0","0","N","0","0","0","2","68K01","0","","1","01","","N","N","N","0","","0","0","2","0","0","","1154","0","2","0","0","0","0","0","2","0","2","03","","N","","","","","","","","","","",""
"2023053729","0033","0","0","0","0","0","0","0","0","0","5","0","","67","06","2023","1","40.0104","-75.0833","0032","06","0","0","0","0","0","0","0","0","","0","0","0","00","3","0","00","N","2","40 00:37.470","2","00","75 04:59.840","0","0","0","0","67301","0","0","0","N","0","0","0","1","67301","0","","6","01","0200","N","N","N","0","","0","0","3","0","0","Y","0030","0","3","0","0","1","0","0","2","0","3","03","03","N","","","","","","","","","","",""
"2023053232","0600","1","0","0","0","0","0","0","0","0","7","0","","67","06","2023","2","39.9032","-75.2456","0556","06","0","0","0","0","0","0","0","0","","0","0","0","05","1","1","00","N","0","39 54:11.500","","00","75 14:44.000","3","0","0","0","67301","0","0","0","N","0","0","0","1","67301","0","","5","01","","N","N","N","0","","1","0","0","0","0","","0554","1","1","0","0","0","0","0","2","0","1","03","03","N","","","","","","","","","","",""
"2023078960","0114","0","0","0","0","0","0","0","0","0","0","0","","67","09","2023","3","39.9062","-75.241","0112","06","0","0","0","0","0","1","0","0","","0","0","0","01","3","1","00","N","0","39 54:22.477","","00","75 14:27.538","8","0","0","0","67301","0","0","0","N","0","0","0","1","67301","0","","1","01","","N","N","N","0","","0","0","1","3","2","","0109","1","1","0","0","0","1","0","2","0","1","03","03","N","","","","","","","","","","",""
"2023068543","2104","1","0","0","0","0","0","0","0","0","1","0","","67","07","2023","7","40.1032","-75.0286","2100","06","0","0","0","0","0","0","0","1","","0","0","0","20","3","0","00","N","0","40 06:11.389","","00","75 01:42.960","0","0","0","0","67301","0","0","0","N","0","0","0","7","67301","0","","1","01","","N","N","N","0","","0","0","3","3","2","","2052","0","4","0","0","0","0","0","2","0","4","03","","N","","","","","","","","","","",""
"2023065103","2036","0","0","0","0","0","0","0","0","0","1","0","","67","07","2023","2","39.9728","-75.2159","2036","06","0","0","0","0","0","0","0","0","","0","0","0","19","1","1","00","N","0","39 58:22.228","","00","75 12:57.091","3","0","0","0","67301","0","0","0","N","0","0","0","3","67301","0","","1","01","","N","N","N","0","","1","0","3","3","2","","1934","1","3","0","0","1","0","2","2","0","3","03","","N","","","","","","","","","","",""
"2023087621","2007","1","0","0","0","0","0","0","0","0","1","0","","67","09","2023","2","39.9961","-75.083","1952","06","0","0","0","0","0","0","1","0","","0","0","0","19","3","1","00","N","1","39 59:46.064","2","00","75 04:58.661","3","0","0","0","67301","0","0","0","N","0","0","0","3","68K01","0","","1","09","2100","N","N","N","0","","1","0","1","0","0","N","1951","1","2","0","0","0","0","0","2","0","2","07","","N","","","","","","","","","","",""
"2023062551","1345","2","0","0","0","0","0","0","0","0","4","0","","67","07","2023","5","39.9741","-75.2043","1345","06","0","0","0","0","0","0","0","0","","0","0","0","06","1","1","01","","1","39 58:26.878","3","00","75 12:15.551","3","0","0","0","67301","0","0","0","N","0","0","0","2","67301","0","","1","01","9999","N","N","N","0","","1","0","0","3","2","N","0623","1","2","0","0","0","0","1","2","0","2","03","03","N","","","","","","","","","","",""
"2023064641","0500","2","0","0","0","0","0","0","0","0","4","0","","67","07","2023","4","40.0224","-75.1307","0441","06","0","0","0","0","0","0","0","0","","0","0","0","04","3","0","01","","0","40 01:20.473","","00","75 07:50.356","0","0","0","0","67301","0","0","0","N","0","0","0","2","67301","0","","1","01","","N","N","N","0","","0","0","0","3","3","","0439","0","2","0","0","0","0","0","2","0","2","03","03","N","","","","","","","","","","",""
"2023087942","0600","2","0","0","0","0","0","0","0","0","4","0","","67","09","2023","1","39.9578","-75.1471","0554","06","0","0","0","0","0","0","0","0","","0","0","0","04","3","0","02","","0","39 57:28.076","","00","75 08:49.588","0","0","0","0","67301","0","0","0","N","0","0","0","1","67301","0","","1","01","","N","N","N","0","","0","0","0","3","2","","0449","0","2","0","0","0","0","0","2","0","2","03","03","N","","","","","","","","","","",""
"2023065830","0230","0","0","0","0","0","0","0","0","0","7","0","","67","07","2023","2","39.9939","-75.2137","0220","06","0","0","0","0","0","0","0","0","","0","0","0","01","3","1","00","N","0","39 59:37.890","","00","75 12:49.470","3","0","0","1","67301","0","0","0","N","0","0","0","1","67301","0","","4","01","","N","N","N","0","","1","0","0","0","0","","0152","1","1","0","0","0","0","0","2","0","1","03","03","N","","","","","","","","","","",""
"2023087503","0150","1","0","0","0","0","0","0","0","0","2","0","","67","09","2023","4","40.0993","-75.0093","0139","06","0","0","0","0","0","0","0","0","","0","0","0","01","3","0","00","N","2","40 05:57.506","1","00","75 00:33.420","0","0","0","0","67301","0","0","0","N","0","0","0","2","67301","0","","1","01","0200","N","N","N","0","","0","0","1","0","0","Y","0114","0","2","0","0","2","0","0","2","0","2","03","03","N","","","","","","","","","","",""
"2023061941","0934","1","0","0","0","0","0","0","0","0","4","0","","67","07","2023","4","40.0608","-75.0243","0933","06","0","0","0","0","0","1","0","0","","0","0","0","08","1","1","00","N","0","40 03:38.958","","07","75 01:27.595","3","0","0","1","67301","0","0","0","N","0","0","0","2","67301","0","","1","01","","N","N","N","0","","1","0","0","0","0","","0845","1","2","0","0","0","0","0","2","0","2","03","03","N","","","","","","","","","","",""
"2023062181","1342","1","0","0","1","0","0","0","0","0","8","0","","67","07","2023","2","40.031","-75.0445","1340","06","0","0","0","0","0","0","0","0","","0","0","0","13","1","1","00","N","0","40 01:51.690","","00","75 02:40.070","3","0","0","0","67301","1","0","0","N","0","0","0","2","67301","0","","1","01","","N","N","N","0","","1","0","0","0","0","","1330","1","2","0","0","0","0","0","2","0","1","03","03","N","","","","","","","","","","",""
"2023089016","2334","2","0","0","0","0","0","0","0","0","5","0","","67","10","2023","1","39.9726","-75.1743","2248","06","0","0","0","0","0","0","0","0","","0","0","0","21","3","0","00","N","0","39 58:21.237","","00","75 10:27.342","9","0","0","0","67301","0","0","0","N","0","0","0","2","67301","0","","1","01","","N","N","N","0","","0","0","0","0","0","","2158","0","3","0","0","0","0","1","2","0","3","03","03","N","","","","","","","","","","",""
"2023061543","1047","1","0","0","0","0","0","0","0","0","4","0","","67","07","2023","2","39.9956","-75.1675","1046","06","0","0","0","0","0","0","0","0","","0","0","0","10","1","1","01","","0","39 59:44.213","","00","75 10:03.144","2","0","1","1","67301","0","0","0","N","0","0","0","2","67301","0","","1","01","","N","Y","N","0","","0","1","0","3","2","","1045","1","2","0","0","0","0","0","2","0","2","03","03","N","","","","","","","","","","",""
"2023070319","0026","1","0","0","0","0","0","0","0","0","8","0","","67","07","2023","7","39.9968","-75.1538","2348","06","0","0","0","0","0","0","0","0","","0","0","0","23","3","1","01","","0","39 59:48.512","","06","75 09:14.342","2","0","0","0","67301","1","0","1","N","1","0","1","2","67301","0","","1","01","","N","N","N","0","","0","1","0","3","2","","2300","1","2","0","0","0","0","0","2","0","1","03","03","N","","","","","","","","","","",""
"2023068837","1859","1","0","0","0","0","0","0","0","0","4","0","","67","07","2023","2","39.9652","-75.2026","1854","06","0","0","0","0","0","0","0","0","","0","0","0","18","1","1","01","","0","39 57:54.625","","00","75 12:09.489","3","0","0","1","67301","0","0","0","N","0","0","0","2","67301","0","","1","01","","N","N","N","0","","1","0","0","3","3","","1850","1","2","0","0","0","0","1","2","0","2","03","03","N","","","","","","","","","","",""
"2023087580","1739","2","0","0","0","0","0","0","0","0","1","0","","67","09","2023","1","39.8766","-75.2568","1738","06","0","0","0","0","0","1","0","0","","0","0","0","17","1","0","00","N","0","39 52:35.845","","00","75 15:24.459","0","0","0","0","67301","0","0","0","N","0","0","0","4","68K01","0","","1","09","","N","N","N","0","","0","0","1","0","0","","1737","0","3","0","0","0","0","0","2","0","3","07","","N","","","","","","","","","","",""
"2023061798","1040","1","0","0","0","0","0","0","0","0","4","0","","67","07","2023","2","40.0216","-75.0772","1031","06","0","0","0","0","0","0","0","0","","0","0","0","09","1","1","01","","0","40 01:17.763","","00","75 04:37.786","8","0","0","0","67301","0","0","0","N","0","0","0","2","67301","0","","1","01","","N","N","N","1","","0","0","0","3","3","","0954","1","2","0","0","0","1","0","2","0","2","03","03","N","","","","","","","","","","",""
"2023068545","0047","1","0","0","0","0","0","0","0","0","5","0","","67","07","2023","6","39.9774","-75.1379","0045","06","0","0","0","0","0","1","0","0","","0","0","0","00","3","0","00","N","0","39 58:38.580","","00","75 08:16.280","0","0","0","0","67301","0","0","0","N","0","0","0","1","67301","0","","1","01","","N","N","N","0","","0","0","2","0","0","","0035","0","3","0","0","0","0","0","2","0","3","03","03","N","","","","","","","","","","",""
"2023062177","2319","1","0","0","1","0","0","0","0","0","8","0","","67","07","2023","3","40.0416","-75.0677","2313","06","0","0","0","0","0","0","0","0","","0","0","0","22","3","1","01","","0","40 02:29.918","","00","75 04:03.565","3","0","0","0","67301","1","0","0","N","0","0","0","2","67301","0","","1","01","","N","N","N","0","","1","0","0","0","0","","2200","1","2","0","0","0","0","0","2","0","1","03","","N","","","","","","","","","","",""
"2023089599","0415","0","0","0","0","0","0","0","0","0","7","1","","67","09","2023","4","40.0328","-75.021","0353","06","0","0","0","0","0","0","0","0","","0","1","0","03","3","0","00","N","1","40 01:57.916","2","00","75 01:15.490","0","0","0","0","67301","0","0","0","N","0","0","0","1","68K01","0","","4","09","0520","N","N","N","0","","0","0","0","0","0","N","0346","0","1","0","0","0","0","0","2","0","1","07","","N","","","","","","","","","","",""
"2023090400","2049","1","0","0","0","0","0","0","0","0","7","0","","67","10","2023","4","39.8992","-75.176","2034","06","0","0","0","0","0","0","0","0","","0","0","0","20","3","1","00","N","2","39 53:56.948","1","00","75 10:33.559","4","0","0","0","67301","0","0","0","N","0","0","0","1","68K01","1","","5","01","2228","N","N","N","0","","0","0","0","0","0","N","2030","1","1","0","0","0","0","0","2","0","1","03","03","N","","","","","","","","","","",""
"2023066865","1206","0","0","0","0","0","0","0","0","0","4","0","","67","07","2023","6","39.9547","-75.2403","1206","06","0","0","0","0","0","0","0","0","","0","0","0","12","1","0","01","","0","39 57:17.013","","00","75 14:24.917","0","0","0","0","67301","0","0","0","N","0","0","0","2","67301","0","","1","01","","N","N","N","0","","0","0","1","0","0","","1205","0","2","0","0","0","0","0","2","1","2","03","03","N","","","","","","","","","","",""
"2023069050","0955","0","0","0","0","0","0","0","0","0","1","0","","67","08","2023","4","39.9632","-75.2467","0944","06","0","0","0","0","0","0","0","0","","0","0","0","08","1","2","00","Y","0","39 57:47.536","","00","75 14:48.131","3","0","0","0","67301","0","0","0","N","0","0","0","2","67301","0","","1","01","","N","N","N","0","","2","0","2","3","2","","0821","2","2","0","0","2","0","0","2","0","2","03","","N","","","","","","","","","","",""
"2023068544","1908","3","0","0","0","0","0","0","0","0","4","0","","67","08","2023","3","39.9625","-75.2068","1906","06","0","0","0","0","0","0","0","0","","0","0","0","19","1","1","01","","0","39 57:44.963","","00","75 12:24.561","3","0","0","0","67301","0","0","0","N","0","0","0","3","67301","0","","1","01","","N","N","N","0","","1","0","0","3","2","","1905","1","3","0","0","1","0","0","2","0","3","03","","N","","","","","","","","","","",""
"2023055938","1755","2","0","0","0","0","0","0","0","0","4","0","","67","06","2023","6","40.0432","-75.1672","1749","06","0","0","0","0","0","0","0","0","","0","0","0","17","1","1","01","","0","40 02:35.358","","00","75 10:01.956","8","0","0","0","67301","0","0","0","N","0","0","0","4","67301","0","","1","09","","N","N","N","0","","0","0","0","3","2","","1734","1","2","0","0","0","1","0","2","0","2","04","04","N","","","","","","","","","","",""
"2023055453","1421","1","0","0","0","0","0","0","0","0","7","0","","67","06","2023","3","39.9123","-75.1738","1419","06","0","0","0","0","1","0","0","0","","0","0","0","14","1","1","07","","2","39 54:44.363","3","08","75 10:25.730","3","0","0","0","67301","0","0","0","N","0","0","0","1","67501","0","","2","01","1425","N","N","N","0","","1","0","0","3","1","Y","1411","1","1","0","0","0","0","0","2","0","1","03","","N","","","","","","","","","","",""
"2023057669","0750","1","0","0","0","0","0","0","0","0","4","0","","67","06","2023","1","40.0331","-75.107","0738","06","0","0","0","0","0","0","0","0","","0","0","0","07","1","0","01","","0","40 01:59.326","","00","75 06:25.057","0","0","0","0","67301","0","0","0","N","0","0","0","2","67301","0","","1","01","","N","N","N","0","","0","0","1","3","2","","0733","0","2","0","0","0","0","0","2","0","2","04","04","N","","","","","","","","","","",""
"2023057744","2340","2","0","0","0","0","0","0","0","0","2","0","","67","06","2023","7","39.9898","-75.1769","2335","06","0","0","0","0","0","0","0","0","","0","0","0","22","3","0","00","N","0","39 59:23.180","","00","75 10:36.690","9","0","0","0","67301","0","0","0","N","0","0","0","1","67301","0","","6","01","","N","N","N","0","","0","0","0","0","0","","2200","0","2","0","0","0","0","1","2","0","2","03","","N","","","","","","","","","","",""
"2023056131","0815","2","0","0","0","0","0","0","0","0","4","0","","67","06","2023","7","39.964","-75.1745","0812","06","0","0","0","0","0","0","0","0","","0","0","0","08","1","1","01","","0","39 57:50.493","","00","75 10:28.318","3","0","0","0","67301","0","0","0","N","0","0","0","2","67301","0","","1","01","","N","N","N","0","","1","0","0","3","2","","0810","1","2","0","0","0","0","0","2","0","2","03","03","N","","","","","","","","","","",""
"2023081118","0149","2","0","0","0","0","0","0","0","0","4","0","","67","06","2023","5","39.9505","-75.2391","0144","06","0","0","1","0","1","0","0","0","","0","0","0","01","3","0","01","","2","39 57:01.659","7","00","75 14:20.864","0","0","0","0","67301","0","0","0","N","0","0","0","2","67301","0","","1","09","0315","N","N","N","0","","0","0","1","3","3","Y","0136","0","3","0","0","0","0","0","2","0","3","07","07","N","","","","","","","","","","",""
"2024004731","1102","1","0","0","0","0","0","0","0","0","5","1","","67","11","2023","4","39.9838","-75.0972","1038","06","0","0","0","0","0","1","1","0","","0","1","0","10","1","1","00","N","1","39 59:01.802","2","00","75 05:50.077","3","0","0","0","67301","0","0","0","N","0","0","0","2","68K01","0","","1","01","1135","N","N","N","0","","1","0","0","0","0","N","1037","1","2","0","0","0","0","0","2","0","2","03","03","N","","","","","","","","","","",""
"2024002409","0706","0","0","0","0","0","0","0","0","0","5","1","","67","12","2023","3","39.8872","-75.2423","0650","06","0","0","0","0","0","0","0","0","","0","1","0","06","5","0","00","N","0","39 53:13.744","","00","75 14:32.236","0","0","0","0","67301","0","0","0","Y","0","0","0","1","68K01","0","","2","01","","N","N","N","0","","0","0","1","0","0","","0648","0","2","0","0","0","0","0","2","0","2","03","","N","","","","","","","","","","",""
"2024001037","0927","1","0","0","0","0","0","0","0","0","7","0","","67","12","2023","1","40.0351","-75.0179","0917","06","0","0","0","0","0","0","0","0","","0","0","0","09","1","1","00","N","1","40 02:06.423","1","00","75 01:04.456","8","0","0","0","67301","0","0","0","N","0","0","0","1","68K01","0","","4","01","1000","N","N","N","0","","0","0","0","0","0","N","0911","1","1","0","0","0","1","0","2","0","1","03","","N","","","","","","","","","","",""
"2024001048","0627","0","0","0","0","0","0","0","0","0","7","0","","67","12","2023","4","39.96","-75.1797","0627","06","0","0","0","0","0","0","0","0","","0","0","0","06","3","0","00","N","1","39 57:35.970","3","00","75 10:46.878","0","0","0","0","67301","0","0","0","N","0","0","0","1","68K01","0","","5","09","0700","N","N","N","0","","0","0","1","0","0","N","0626","0","1","0","0","0","0","0","2","0","1","07","","N","","","","","","","","","","",""
"2024000497","0204","1","0","0","0","0","0","0","0","0","7","0","","67","12","2023","7","39.9794","-75.1082","0200","06","0","0","0","0","0","0","0","0","","0","0","0","01","3","1","00","N","1","39 58:45.956","2","00","75 06:29.616","3","0","0","0","67301","0","0","0","N","0","0","0","1","68K01","0","","4","01","0225","N","N","N","0","","1","0","0","0","0","N","0149","1","1","0","0","0","0","0","2","0","1","03","03","N","","","","","","","","","","",""
"2024001045","1337","1","0","0","0","0","0","0","0","0","7","1","","67","12","2023","3","40.0051","-75.1953","1331","06","0","0","0","0","0","0","0","0","","0","1","0","13","1","1","00","N","1","40 00:18.260","4","01","75 11:43.148","3","0","0","0","67301","0","0","0","Y","0","0","0","2","68K01","0","","1","01","1730","N","N","N","0","","1","0","0","0","0","N","1330","1","2","0","0","0","0","0","2","0","2","03","","N","","","","","","","","","","",""