"CRN","ARRIVAL_TM","AUTOMOBILE_COUNT","BELTED_DEATH_COUNT","BELTED_SUSP_SERIOUS_INJ_COUNT","BICYCLE_COUNT","BICYCLE_DEATH_COUNT","BICYCLE_SUSP_SERIOUS_INJ_COUNT","BUS_COUNT","CHLDPAS_DEATH_COUNT","CHLDPAS_SUSP_SERIOUS_INJ_COUNT","COLLISION_TYPE","COMM_VEH_COUNT","CONS_ZONE_SPD_LIM","COUNTY","CRASH_MONTH","CRASH_YEAR","DAY_OF_WEEK","DEC_LAT","DEC_LONG","DISPATCH_TM","DISTRICT","DRIVER_COUNT_16YR","DRIVER_COUNT_17YR","DRIVER_COUNT_18YR","DRIVER_COUNT_19YR","DRIVER_COUNT_20YR","DRIVER_COUNT_50_64YR","DRIVER_COUNT_65_74YR","DRIVER_COUNT_75PLUS","EST_HRS_CLOSED","FATAL_COUNT","HEAVY_TRUCK_COUNT","HORSE_BUGGY_COUNT","HOUR_OF_DAY","ILLUMINATION","INJURY_COUNT","INTERSECT_TYPE","INTERSECTION_RELATED","LANE_CLOSED","LATITUDE","LN_CLOSE_DIR","LOCATION_TYPE","LONGITUDE","MAX_SEVERITY_LEVEL","MCYCLE_DEATH_COUNT","MCYCLE_SUSP_SERIOUS_INJ_COUNT","MOTORCYCLE_COUNT","MUNICIPALITY","NONMOTR_COUNT","NONMOTR_DEATH_COUNT","NONMOTR_SUSP_SERIOUS_INJ_COUNT","NTFY_HIWY_MAINT","PED_COUNT","PED_DEATH_COUNT","PED_SUSP_SERIOUS_INJ_COUNT","PERSON_COUNT","POLICE_AGCY","POSSIBLE_INJ_COUNT","RDWY_SURF_TYPE_CD","RELATION_TO_ROAD","ROAD_CONDITION","ROADWAY_CLEARED","SCH_BUS_IND","SCH_ZONE_IND","SECONDARY_CRASH","SMALL_TRUCK_COUNT","SPEC_JURIS_CD","SUSP_MINOR_INJ_COUNT","SUSP_SERIOUS_INJ_COUNT","SUV_COUNT","TCD_FUNC_CD","TCD_TYPE","TFC_DETOUR_IND","TIME_OF_DAY","TOT_INJ_COUNT","TOTAL_UNITS","UNB_DEATH_COUNT","UNB_SUSP_SERIOUS_INJ_COUNT","UNBELTED_OCC_COUNT","UNK_INJ_DEG_COUNT","UNK_INJ_PER_COUNT","URBAN_RURAL","VAN_COUNT","VEHICLE_COUNT","WEATHER1","WEATHER2","WORK_ZONE_IND","WORK_ZONE_LOC","WORK_ZONE_TYPE","WORKERS_PRES","WZ_CLOSE_DETOUR","WZ_FLAGGER","WZ_LAW_OFFCR_IND","WZ_LN_CLOSURE","WZ_MOVING","WZ_OTHER","WZ_SHLDER_MDN","WZ_WORKERS_INJ_KILLED"
"2024000231","1430","1","0","0","0","0","0","0","0","0","2","0","","67","12","2023","7","39.9497","-75.2454","1430","06","0","0","0","0","0","0","0","0","","0","0","0","12","1","0","01","","0","39 56:58.757","","00","75 14:43.285","9","0","0","0","67301","0","0","0","N","0","0","0","2","67301","0","","1","01","","N","N","N","0","","0","0","1","9","2","","1245","0","2","0","0","0","0","1","2","0","2","03","","N","","","","","","","","","","",""
"2024000141","1016","4","0","0","0","0","0","0","0","0","2","1","","67","12","2023","6","40.0673","-75.0282","1005","06","0","0","0","0","0","3","0","1","","0","1","0","10","1","5","02","","2","40 04:02.323","6","00","75 01:41.663","3","0","0","0","67301","0","0","0","N","0","0","0","8","67301","0","","1","01","0200","N","N","N","0","","5","0","3","3","2","Y","1003","5","8","0","0","0","0","0","2","0","8","03","","N","","","","","","","","","","",""
"2024001079","1655","2","0","0","0","0","0","0","0","0","1","0","","67","12","2023","1","39.9585","-75.1677","1642","06","0","0","0","0","0","0","0","0","","0","0","0","16","3","0","00","N","0","39 57:30.542","","00","75 10:03.575","0","0","0","0","67301","0","0","0","N","0","0","0","4","68K01","0","","1","01","","N","N","N","0","","0","0","2","0","0","","1639","0","4","0","0","1","0","0","2","0","4","03","","N","","","","","","","","","","",""
"2024002396","2255","1","0","0","0","0","0","0","0","0","5","0","","67","12","2023","2","39.9299","-75.1982","2200","06","0","0","0","0","0","0","0","0","","0","0","0","22","3","1","00","N","0","39 55:47.784","","00","75 11:53.383","4","0","0","0","67301","0","0","0","N","0","0","0","3","68K01","1","","1","01","","N","N","N","0","","0","0","1","0","0","","2200","1","2","0","0","0","0","1","2","0","2","03","","N","","","","","","","","","","",""
"2024002397","0708","1","0","0","0","0","0","0","0","0","5","0","","67","12","2023","3","39.9599","-75.1787","0706","06","0","0","0","0","0","0","0","0","","0","0","0","07","1","0","00","N","1","39 57:35.525","3","00","75 10:43.478","0","0","0","0","67301","0","0","0","Y","0","0","0","2","68K01","0","","1","01","0743","N","N","N","1","","0","0","0","0","0","N","0704","0","2","0","0","0","0","0","2","0","2","03","03","N","","","","","","","","","","",""
"2024002065","0555","1","0","0","0","0","0","0","0","0","7","0","","67","12","2023","2","39.971","-75.124","0545","06","0","0","0","0","0","0","0","0","","0","0","0","05","3","0","00","N","1","39 58:15.429","1","00","75 07:26.251","0","0","0","0","67301","0","0","0","N","0","0","0","1","68K01","0","","2","09","0030","N","N","N","0","","0","0","0","0","0","N","0532","0","1","0","0","0","0","0","2","0","1","07","07","N","","","","","","","","","","",""
"2024004737","2210","0","0","0","0","0","0","0","0","0","7","0","","67","12","2023","1","40.0389","-75.0089","2208","06","0","0","0","0","0","0","0","0","","0","0","0","21","3","0","00","N","0","40 02:20.021","","00","75 00:32.158","0","0","0","0","67301","0","0","0","N","0","0","0","1","68K01","0","","5","09","","N","N","N","0","","0","0","1","0","0","","2156","0","1","0","0","0","0","0","2","0","1","07","07","N","","","","","","","","","","",""
"2024001924","1853","0","0","0","0","0","0","0","0","0","4","0","","67","07","2023","5","39.9977","-75.1227","1850","06","0","0","0","0","0","0","1","0","","0","0","0","18","1","1","02","","0","39 59:51.546","","00","75 07:21.807","8","0","0","0","67301","0","0","0","N","0","0","0","4","67301","0","","1","01","","N","N","N","0","","0","0","2","3","3","","1801","1","2","0","0","0","1","0","2","0","2","03","03","N","","","","","","","","","","",""
"2024002414","1053","1","0","0","0","0","0","0","0","0","7","0","","67","12","2023","5","40.034","-75.0196","1042","06","0","0","0","0","0","0","0","0","","0","0","0","10","1","0","00","N","2","40 02:02.304","1","00","75 01:10.489","0","0","0","0","67301","0","0","0","N","0","0","0","1","68K01","0","","4","09","1104","N","N","N","0","","0","0","0","0","0","N","1038","0","1","0","0","0","0","0","2","0","1","07","01","N","","","","","","","","","","",""
"2024000135","2145","1","0","0","0","0","0","0","0","0","1","0","","67","12","2023","1","40.0281","-75.1099","2130","06","0","0","0","0","0","0","0","0","","0","0","0","21","3","1","00","N","1","40 01:41.127","2","00","75 06:35.639","8","0","0","0","67301","0","0","0","N","0","0","0","2","67301","0","","1","01","2200","N","N","N","0","","0","0","1","3","2","N","2127","1","2","0","0","0","1","0","2","0","2","04","03","N","","","","","","","","","","",""
"2024001756","2105","1","0","0","0","0","0","0","0","0","4","0","","67","12","2023","4","39.9929","-75.2005","2103","06","0","0","0","0","0","0","0","0","","0","0","0","21","3","1","00","N","2","39 59:34.293","4","00","75 12:01.734","8","0","0","0","67301","0","0","0","N","0","0","0","2","68K01","0","","1","01","2140","N","N","N","0","","0","0","1","0","0","Y","2103","1","2","0","0","1","1","0","2","0","2","03","03","N","","","","","","","","","","",""
"2024001323","1026","0","0","0","0","0","0","0","0","0","1","1","","67","12","2023","2","39.9324","-75.2246","1015","06","0","0","0","0","0","0","0","0","","0","1","0","10","1","7","01","","0","39 55:56.749","","00","75 13:28.517","4","0","0","0","67301","0","0","0","N","0","0","0","9","67508","7","","1","01","","","","N","0","","0","0","0","3","2","","1007","7","2","0","0","0","0","2","2","0","1","03","03","N","","","","","","","","","","",""
"2024000948","1255","2","0","0","0","0","0","0","0","0","1","0","","67","11","2023","2","39.9585","-75.168","1242","06","0","0","0","0","0","0","1","0","","0","0","0","12","1","0","00","N","0","39 57:30.710","","00","75 10:04.979","0","0","0","0","67301","0","0","0","N","0","0","0","2","68K01","0","","1","01","","N","N","N","0","","0","0","0","0","0","","1237","0","2","0","0","0","0","0","2","0","2","03","03","N","","","","","","","","","","",""
"2024002517","0742","0","0","0","0","0","0","0","0","0","5","0","","67","12","2023","6","39.8924","-75.2348","0729","06","0","0","0","0","0","1","1","0","","0","0","0","06","3","0","00","N","0","39 53:32.819","","00","75 14:05.417","0","0","0","0","67301","0","0","0","N","0","0","0","2","68K01","0","","1","01","","N","N","N","0","","0","0","2","0","0","","0629","0","2","0","0","0","0","0","2","0","2","04","04","N","","","","","","","","","","",""
"2024002522","1050","1","0","0","0","0","0","0","0","0","1","0","","67","12","2023","1","40.0073","-75.2006","1044","06","0","0","1","2","0","0","0","0","","0","0","0","10","1","1","00","N","1","40 00:26.413","3","00","75 12:02.242","8","0","0","0","67301","0","0","0","N","0","0","0","3","68K01","0","","1","01","1059","N","N","N","0","","0","0","2","0","0","N","1032","1","3","0","0","0","1","0","2","0","3","04","04","N","","","","","","","","","","",""
"2024002516","0700","1","0","0","0","0","0","0","0","0","7","0","","67","12","2023","6","39.9715","-75.1237","0632","06","0","0","0","0","0","0","0","0","","0","0","0","06","1","0","00","N","1","39 58:17.541","2","00","75 07:25.311","0","0","0","0","67301","0","0","0","N","0","0","0","1","68K01","0","","4","09","0725","N","N","N","0","","0","0","0","0","0","N","0630","0","1","0","0","0","0","0","2","0","1","03","","N","","","","","","","","","","",""
"2024002063","2003","1","0","0","0","0","0","0","0","0","1","0","","67","12","2023","3","39.9447","-75.1913","1955","06","0","0","0","0","0","0","1","0","","0","0","0","19","3","0","06","","1","39 56:40.988","3","02","75 11:28.802","0","0","0","0","67301","0","0","0","N","0","0","0","2","68K01","0","","1","01","1955","N","N","N","0","","0","0","1","0","0","N","1953","0","2","0","0","0","0","0","2","0","2","03","03","N","","","","","","","","","","",""
"2024003117","1442","2","0","0","0","0","0","0","0","0","1","0","","67","12","2023","3","39.9456","-75.1426","1442","06","0","0","0","0","0","0","0","0","","0","0","0","14","1","0","00","N","2","39 56:44.330","2","00","75 08:33.297","0","0","0","0","67301","0","0","0","N","0","0","0","2","68K01","0","","1","01","1500","N","N","N","0","","0","0","0","0","0","N","1433","0","2","0","0","0","0","0","2","0","2","03","","N","","","","","","","","","","",""
"2024002512","0106","0","0","0","0","0","0","0","0","0","5","0","","67","12","2023","5","39.8887","-75.2414","0106","06","0","0","0","0","0","0","0","0","","0","0","0","00","3","0","00","N","0","39 53:19.484","","00","75 14:29.184","0","0","0","0","67301","0","0","0","N","0","0","0","2","68K01","0","","1","01","","N","N","N","1","","0","0","1","0","0","","0052","0","2","0","0","0","0","0","2","0","2","03","","N","","","","","","","","","","",""
"2024001275","0134","1","0","0","0","0","0","0","0","0","7","0","","67","12","2023","2","39.8871","-75.2149","0107","06","0","0","0","0","0","0","0","0","","0","0","0","01","3","0","00","N","0","39 53:13.452","","00","75 12:53.758","0","0","0","0","67301","0","0","0","N","0","0","0","1","68K01","0","","4","09","","N","N","N","0","","0","0","0","0","0","","0100","0","1","0","0","0","0","0","2","0","1","07","07","N","","","","","","","","","","",""
"2024005417","0130","1","0","0","0","0","0","1","0","0","1","1","","67","12","2023","3","40.0216","-75.1248","0125","06","0","0","0","0","0","0","0","0","","0","0","0","01","3","3","00","N","1","40 01:17.800","3","00","75 07:29.300","8","0","0","0","67301","0","0","0","N","0","0","0","4","67508","0","","1","01","9999","","","N","0","","0","0","0","0","0","N","0125","3","2","0","0","0","3","1","2","0","2","03","03","N","","","","","","","","","","",""
"2024000227","0039","0","0","0","0","0","0","0","0","0","4","0","","67","10","2023","7","39.9578","-75.1602","0023","06","0","0","0","0","0","0","0","0","","0","0","0","22","3","2","01","","0","39 57:28.072","","00","75 09:36.835","8","0","0","0","67301","0","0","0","N","0","0","0","2","67301","0","","1","09","","N","N","N","0","","0","0","2","3","2","","2208","2","2","0","0","0","2","0","2","0","2","07","","N","","","","","","","","","","",""
"2024006136","1520","4","0","0","0","0","0","0","0","0","4","0","","67","12","2023","6","39.9904","-75.205","1520","06","0","0","0","0","1","0","0","0","","0","0","0","15","1","3","00","N","1","39 59:25.426","4","00","75 12:17.823","3","0","0","0","67301","0","0","0","N","0","0","0","5","68K01","0","","1","01","0200","N","N","N","0","","3","0","0","0","0","N","1519","3","4","0","0","0","0","0","2","0","4","03","","N","","","","","","","","","","",""
"2024005489","1431","1","0","0","0","0","0","0","0","0","1","0","","67","12","2023","5","40.0179","-75.0486","1419","06","0","0","0","0","0","1","0","0","","0","0","0","14","1","0","00","N","0","40 01:04.602","","00","75 02:55.096","0","0","0","0","67301","0","0","0","N","0","0","0","2","68K01","0","","1","01","","N","N","N","1","","0","0","0","0","0","","1405","0","2","0","0","0","0","0","2","0","2","03","03","N","","","","","","","","","","",""
"2024004751","1401","1","0","0","0","0","0","0","0","0","1","1","","67","12","2023","4","40.0489","-74.9972","1333","06","0","0","0","0","0","0","0","0","","0","1","0","13","1","0","00","N","0","40 02:55.929","","00","74 59:50.054","0","0","0","0","67301","0","0","0","N","0","0","0","2","68K01","0","","1","01","","N","N","N","0","","0","0","0","0","0","","1327","0","2","0","0","0","0","0","2","0","2","03","","N","","","","","","","","","","",""
"2024005095","1527","1","0","0","0","0","0","0","0","0","1","0","","67","12","2023","3","39.8987","-75.1708","1511","06","0","0","0","0","0","0","0","0","","0","0","0","15","1","0","00","N","1","39 53:55.388","1","00","75 10:14.721","0","0","0","0","67301","0","0","0","N","0","0","0","2","68K01","0","","1","01","1540","N","N","N","0","","0","0","1","0","0","N","1508","0","2","0","0","0","0","0","2","0","2","03","03","N","","","","","","","","","","",""
"2024004736","1925","1","0","0","0","0","0","0","0","0","5","1","","67","12","2023","1","39.8998","-75.1622","1924","06","0","0","0","0","0","1","0","0","","0","1","0","19","3","0","00","N","2","39 53:59.316","2","03","75 09:44.037","0","0","0","0","67301","0","0","0","N","0","0","0","2","68K01","0","","1","09","2034","N","N","N","0","","0","0","0","0","0","N","1920","0","2","0","0","0","0","0","2","0","2","07","07","N","","","","","","","","","","",""
"2024007224","1343","0","0","0","0","0","0","0","0","0","5","0","","67","12","2023","5","39.9451","-75.1427","1324","06","0","0","0","0","0","0","1","0","","0","0","0","13","1","0","00","N","1","39 56:42.279","2","00","75 08:33.730","0","0","0","0","67301","0","0","0","N","0","0","0","2","68K01","0","","1","01","1343","N","N","N","1","","0","0","1","0","0","N","1324","0","2","0","0","0","0","0","2","0","2","07","","N","","","","","","","","","","",""
"2024006366","1255","1","0","0","0","0","0","0","0","0","7","0","","67","08","2023","1","39.9769","-75.1992","1255","06","0","0","0","0","0","0","0","0","","0","0","0","12","1","0","00","N","0","39 58:36.786","","02","75 11:57.115","9","0","0","0","67301","0","0","0","N","0","0","0","1","68K01","0","","2","01","","N","N","N","0","","0","0","0","0","0","","1255","0","1","0","0","0","0","1","2","0","1","03","","N","","","","","","","","","","",""
"2024005310","0220","0","0","0","0","0","0","0","0","0","7","0","","67","12","2023","5","39.9945","-75.0842","0220","06","0","0","0","0","0","0","0","0","","0","0","0","02","3","0","00","N","0","39 59:40.150","","00","75 05:03.058","0","0","0","0","67301","0","0","0","N","0","0","0","1","68K01","0","","2","08","","N","N","N","0","","0","0","1","0","0","","0203","0","1","0","0","0","0","0","2","0","1","07","","N","","","","","","","","","","",""
"2024021117","","1","0","0","0","0","0","0","0","0","1","0","","67","11","2023","5","","","","06","0","0","0","0","0","0","0","0","","0","0","0","08","1","1","00","N","0","","","00","","8","0","0","0","67301","0","0","0","N","0","0","0","2","00000","0","","1","01","","","","N","0","","0","0","1","0","0","","0800","1","2","0","0","0","1","0","1","0","2","03","","N","","","","","","","","","","",""
"2024017899","","1","0","0","0","0","0","0","0","0","4","0","","67","11","2023","6","40.0244","-75.0493","","06","0","0","0","0","0","0","0","0","","0","0","0","18","1","1","01","","0","40 01:27.694","","00","75 02:57.520","8","0","0","0","67301","0","0","0","N","0","0","0","2","00000","0","","1","01","","","","N","0","","0","0","1","3","3","","1815","1","2","0","0","1","1","0","2","0","2","03","","N","","","","","","","","","","",""
"2024021097","","0","0","0","0","0","0","0","0","0","1","0","","67","12","2023","5","40.0035","-75.0775","","06","0","0","0","0","0","0","0","0","","0","0","0","07","1","1","07","","0","40 00:12.434","","02","75 04:38.824","8","0","0","0","67301","0","0","0","N","0","0","0","2","00000","0","","1","01","","","","N","0","","0","0","1","0","0","","0745","1","2","0","0","0","1","0","2","0","2","03","","N","","","","","","","","","","",""
"2024015763","","1","0","0","0","0","0","0","0","0","4","0","","67","10","2023","2","40.0056","-75.1278","","06","0","0","0","0","0","1","0","0","","0","0","0","18","1","2","00","N","0","40 00:20.100","","07","75 07:39.900","4","0","0","0","67301","0","0","0","N","0","0","0","3","00000","2","","1","01","","","","N","0","","0","0","1","0","0","","1800","2","2","0","0","0","0","0","2","0","2","03","","N","","","","","","","","","","",""
"2024020987","","2","0","0","0","0","0","0","0","0","4","0","","67","10","2023","3","39.9827","-75.1571","","06","0","0","0","0","0","2","0","0","","0","0","0","10","1","1","00","N","0","39 58:57.819","","07","75 09:25.407","8","0","0","0","67301","0","0","0","N","0","0","0","2","00000","0","","1","01","","","","N","0","","0","0","0","0","0","","1030","1","2","0","0","0","1","0","2","0","2","03","","N","","","","","","","","","","",""
"2024021044","","2","0","0","0","0","0","0","0","0","4","0","","67","10","2023","7","39.9182","-75.2088","","06","0","0","0","0","0","2","0","0","","0","0","0","10","1","1","02","","0","39 55:05.558","","00","75 12:31.805","8","0","0","0","67301","0","0","0","N","0","0","0","3","00000","0","","1","01","","","","N","0","","0","0","0","3","2","","1030","1","2","0","0","0","1","0","2","0","2","03","","N","","","","","","","","","","",""
"2024021091","","0","0","0","0","0","0","0","0","0","1","0","","67","11","2023","4","40.0298","-75.1043","","06","0","0","0","0","0","1","0","0","","0","0","0","09","1","1","01","","0","40 01:47.914","","00","75 06:15.665","8","0","0","0","67301","0","0","0","N","0","0","0","3","00000","0","","1","01","","","","N","0","","0","0","1","3","2","","0930","1","3","0","0","1","1","0","2","1","3","03","","N","","","","","","","","","","",""
"2023058437","1533","1","0","0","0","0","0","0","0","0","1","0","","67","06","2023","6","40.0824","-75.0276","1527","06","0","0","0","0","0","0","0","0","","0","0","0","14","1","0","02","","0","40 04:56.628","","00","75 01:39.220","0","0","0","0","67301","0","0","0","N","0","0","0","3","67301","0","","1","09","","N","N","N","0","","0","0","2","0","0","","1427","0","3","0","0","0","0","0","2","0","3","07","","N","","","","","","","","","","",""
"2023089108","2121","1","0","0","0","0","0","0","0","0","4","0","","67","09","2023","3","40.0009","-75.1226","2119","06","0","0","0","0","0","0","0","0","","0","0","0","21","3","2","01","","1","40 00:03.063","7","00","75 07:21.194","8","0","0","0","67301","0","0","0","N","0","0","0","7","67301","0","","1","01","2145","N","N","N","0","","0","0","1","3","3","N","2118","2","2","0","0","6","2","0","2","0","2","04","03","N","","","","","","","","","","",""
"2023090311","0329","1","0","0","0","0","0","0","0","0","1","1","","67","07","2023","3","39.9783","-75.2024","0323","06","0","0","1","0","0","0","0","0","","0","0","0","02","3","0","00","N","0","39 58:41.752","","00","75 12:08.642","0","0","0","0","67301","0","0","0","N","0","0","0","2","68K01","0","","1","09","","N","N","N","1","","0","0","0","0","0","","0258","0","2","0","0","0","0","0","2","0","2","03","","N","","","","","","","","","","",""
"2023055053","0025","1","0","0","0","0","0","0","0","0","4","0","","67","06","2023","3","39.9173","-75.2404","0000","06","0","0","0","0","0","1","0","0","","0","0","0","23","2","3","01","","0","39 55:02.258","","00","75 14:25.440","3","0","0","0","67301","0","0","0","N","0","0","0","6","67301","0","","1","01","","N","N","N","1","","3","0","0","3","3","","2347","3","3","0","0","0","0","0","2","0","3","03","03","N","","","","","","","","","","",""
"2023057771","0129","0","0","0","0","0","0","0","0","0","1","0","","67","06","2023","7","40.0334","-75.1312","0128","06","0","0","0","0","0","0","1","0","","0","0","0","22","3","4","01","","0","40 02:00.204","","00","75 07:52.244","4","0","0","0","67301","0","0","0","N","0","0","0","5","67301","4","","1","99","","N","N","N","0","","0","0","2","3","2","","2230","4","2","0","0","5","0","0","2","0","2","99","","N","","","","","","","","","","",""
"2023082161","1821","1","0","0","0","0","0","0","0","0","1","1","","67","09","2023","7","39.9675","-75.1326","1816","06","0","0","0","1","0","1","0","0","","0","1","0","18","1","1","00","N","2","39 58:02.975","2","00","75 07:57.218","8","0","0","0","67301","0","0","0","N","0","0","0","4","68K01","0","","1","01","1950","N","N","N","0","","0","0","1","0","0","N","1814","1","3","0","0","0","1","0","2","0","3","03","03","N","","","","","","","","","","",""
"2023068542","0029","0","0","0","0","0","0","0","0","0","1","0","","67","07","2023","6","39.9133","-75.1445","0025","06","0","0","0","0","0","0","0","0","","0","0","0","00","3","0","00","N","1","39 54:47.885","3","00","75 08:40.190","0","0","0","0","67301","0","0","0","N","0","0","0","2","67301","0","","1","01","0200","N","N","N","0","","0","0","2","3","7","N","0020","0","2","0","0","0","0","0","2","0","2","03","03","N","","","","","","","","","","",""
"2023090696","0435","0","0","0","0","0","0","1","0","0","5","1","","67","10","2023","3","39.8781","-75.2401","0424","06","0","0","0","0","0","0","0","0","","0","0","0","04","3","1","00","N","0","39 52:41.100","","00","75 14:24.400","3","0","0","0","67301","0","0","0","N","0","0","0","2","67301","0","","1","01","","N","N","N","0","","1","0","1","0","0","","0415","1","2","0","0","0","0","0","2","0","2","03","","N","","","","","","","","","","",""
"2023089522","0645","1","0","0","0","0","0","0","0","0","1","0","","67","10","2023","6","39.9597","-75.1772","0639","06","0","0","0","0","0","0","0","0","","0","0","0","06","5","0","00","N","2","39 57:34.834","4","00","75 10:38.015","0","0","0","0","67301","0","0","0","N","0","0","0","4","68K01","0","","1","01","0650","N","N","N","0","","0","0","2","0","0","N","0637","0","3","0","0","0","0","0","2","0","3","03","03","N","","","","","","","","","","",""
"2023065204","2007","1","0","0","0","0","0","0","0","0","1","0","","67","07","2023","6","39.9196","-75.2118","2007","06","0","0","0","0","0","0","0","0","","0","0","0","19","4","3","00","N","0","39 55:10.480","","00","75 12:42.390","3","0","0","0","67301","0","0","0","N","0","0","0","4","67301","0","","1","01","","N","N","N","0","","1","0","1","0","0","","1953","3","3","0","0","0","2","1","2","1","3","03","","N","","","","","","","","","","",""
"2023065097","2055","0","0","0","1","0","0","0","0","0","8","0","","67","07","2023","7","40.0356","-75.081","2050","06","0","0","0","0","0","0","0","0","","0","0","0","19","1","1","01","","0","40 02:08.551","","00","75 04:51.445","3","0","0","0","67301","1","0","0","N","0","0","0","1","67301","0","","1","01","","N","N","N","0","","1","0","0","9","9","","1900","1","2","0","0","0","0","0","2","0","1","03","","N","","","","","","","","","","",""
"2023056132","0315","1","0","0","0","0","0","0","0","0","4","0","","67","06","2023","1","39.9715","-75.2258","0310","06","0","0","0","0","0","0","0","0","","0","0","0","03","3","0","01","","0","39 58:17.282","","00","75 13:33.038","9","0","0","0","67301","0","0","0","N","0","0","0","4","67301","0","","1","01","","N","N","N","0","","0","0","1","3","2","","0300","0","2","0","0","0","0","2","2","0","2","03","03","N","","","","","","","","","","",""
"2023083627","1941","0","0","0","0","0","0","0","0","0","8","0","","67","09","2023","3","40.0395","-75.1544","1938","06","0","0","0","0","0","0","0","0","","0","0","0","19","3","1","01","","0","40 02:22.243","","00","75 09:15.890","4","0","0","0","67301","1","0","0","N","1","0","0","2","67301","1","","1","01","","N","N","N","0","","0","0","1","3","2","","1935","1","2","0","0","0","0","0","2","0","1","03","03","N","","","","","","","","","","",""
"2023079330","0225","1","0","0","0","0","0","0","0","0","8","0","","67","08","2023","7","39.8974","-75.2522","0225","06","0","0","0","0","0","0","0","0","","1","0","0","02","3","0","00","N","2","39 53:50.506","2","00","75 15:07.794","1","0","0","0","67301","1","1","0","N","1","1","0","2","67301","0","2","1","01","0539","N","N","N","0","0","0","0","0","0","0","Y","0221","0","2","0","0","0","0","1","2","0","1","03","03","N","","","","","","","","","","",""
"2023057727","1342","1","0","0","0","0","0","0","0","0","4","0","","67","06","2023","1","39.9736","-75.2089","1328","06","0","0","0","0","0","0","0","0","","0","0","0","12","1","1","02","","0","39 58:24.797","","00","75 12:32.036","3","0","0","0","67301","0","0","0","N","0","0","0","2","67301","0","","1","01","","N","N","N","0","","1","0","1","3","2","","1247","1","2","0","0","0","0","0","2","0","2","04","04","N","","","","","","","","","","",""
"2023083608","0040","1","0","0","0","0","0","0","0","0","4","1","","67","09","2023","4","39.9282","-75.1507","0031","06","0","0","0","0","0","0","0","0","","0","0","0","00","3","1","01","","0","39 55:41.386","","00","75 09:02.534","3","0","0","0","67301","0","0","0","N","0","0","0","3","67301","0","","1","01","","N","N","N","1","","1","0","0","3","2","","0020","1","2","0","0","0","0","0","2","0","2","03","03","N","","","","","","","","","","",""
"2023059461","1304","1","0","0","0","0","0","0","0","0","7","0","","67","06","2023","7","40.0394","-75.0071","1252","06","0","0","0","0","0","0","1","0","","0","0","0","12","1","1","00","N","0","40 02:21.885","","00","75 00:25.698","4","0","0","0","67301","0","0","0","N","0","0","0","1","68K01","1","","3","09","","N","N","N","0","","0","0","0","0","0","","1250","1","1","0","0","0","0","0","2","0","1","07","07","N","","","","","","","","","","",""
"2023057710","1621","2","0","0","0","0","0","0","0","0","4","0","","67","06","2023","7","40.0584","-75.1492","1619","06","0","0","0","0","0","0","0","0","","0","0","0","16","1","2","05","","0","40 03:30.348","","00","75 08:57.260","3","0","0","0","67301","0","0","0","N","0","0","0","2","67301","0","","1","01","","N","N","N","0","","2","0","0","3","1","","1617","2","2","0","0","2","0","0","2","0","2","03","","N","","","","","","","","","","",""
"2023057759","1915","2","0","0","0","0","0","0","0","0","4","0","","67","06","2023","1","40.0204","-75.1401","1900","06","0","0","0","0","0","0","0","0","","0","0","0","17","1","1","01","","0","40 01:13.432","","00","75 08:24.370","3","0","0","0","67301","0","0","0","N","0","0","0","2","67301","0","","1","09","","N","N","N","0","","1","0","0","2","3","","1755","1","2","0","0","1","0","0","2","0","2","07","","N","","","","","","","","","","",""
"2023057696","1100","2","0","0","0","0","0","0","0","0","4","0","","67","06","2023","2","39.9415","-75.235","1100","06","0","0","0","0","0","1","0","0","","0","0","0","08","1","1","01","","0","39 56:29.378","","00","75 14:06.067","2","0","0","0","67301","0","0","0","N","0","0","0","2","67301","0","","1","01","","N","N","Y","0","","0","1","1","3","2","","0822","1","3","0","0","1","0","0","2","0","3","03","03","N","","","","","","","","","","",""
"2023082176","0255","0","0","0","0","0","0","0","0","0","7","0","","67","09","2023","7","40.0401","-75.0047","0251","06","0","0","0","0","0","1","0","0","","0","0","0","02","3","0","00","N","0","40 02:24.517","","00","75 00:16.972","9","0","0","0","67301","0","0","0","N","0","0","0","1","67301","0","","2","01","","N","N","N","0","","0","0","1","0","0","","0230","0","1","0","0","0","0","1","2","0","1","03","03","N","","","","","","","","","","",""
"2023090816","1700","1","0","0","0","0","0","0","0","0","1","0","","67","10","2023","4","39.9572","-75.2255","1700","06","0","0","0","0","0","2","0","0","","0","0","0","14","1","2","00","N","0","39 57:25.903","","00","75 13:31.663","3","0","0","0","67301","0","0","0","N","0","0","0","3","67301","0","","1","01","","N","N","N","0","","2","0","2","0","0","","1446","2","3","0","0","0","0","0","2","0","3","03","03","N","","","","","","","","","","",""
"2023063636","0655","0","0","0","0","0","0","0","0","0","4","0","","67","07","2023","3","39.9745","-75.1587","0650","06","0","0","0","0","0","0","1","0","","0","0","0","06","1","3","01","","1","39 58:28.024","2","00","75 09:31.424","3","0","0","0","67301","0","0","0","N","0","0","0","4","67301","0","","1","01","0720","N","N","N","0","","3","0","2","3","2","Y","0640","3","2","0","0","0","0","1","2","0","2","03","","N","","","","","","","","","","",""