"CRN","ARRIVAL_TM","AUTOMOBILE_COUNT","BELTED_DEATH_COUNT","BELTED_SUSP_SERIOUS_INJ_COUNT","BICYCLE_COUNT","BICYCLE_DEATH_COUNT","BICYCLE_SUSP_SERIOUS_INJ_COUNT","BUS_COUNT","CHLDPAS_DEATH_COUNT","CHLDPAS_SUSP_SERIOUS_INJ_COUNT","COLLISION_TYPE","COMM_VEH_COUNT","CONS_ZONE_SPD_LIM","COUNTY","CRASH_MONTH","CRASH_YEAR","DAY_OF_WEEK","DEC_LAT","DEC_LONG","DISPATCH_TM","DISTRICT","DRIVER_COUNT_16YR","DRIVER_COUNT_17YR","DRIVER_COUNT_18YR","DRIVER_COUNT_19YR","DRIVER_COUNT_20YR","DRIVER_COUNT_50_64YR","DRIVER_COUNT_65_74YR","DRIVER_COUNT_75PLUS","EST_HRS_CLOSED","FATAL_COUNT","HEAVY_TRUCK_COUNT","HORSE_BUGGY_COUNT","HOUR_OF_DAY","ILLUMINATION","INJURY_COUNT","INTERSECT_TYPE","INTERSECTION_RELATED","LANE_CLOSED","LATITUDE","LN_CLOSE_DIR","LOCATION_TYPE","LONGITUDE","MAX_SEVERITY_LEVEL","MCYCLE_DEATH_COUNT","MCYCLE_SUSP_SERIOUS_INJ_COUNT","MOTORCYCLE_COUNT","MUNICIPALITY","NONMOTR_COUNT","NONMOTR_DEATH_COUNT","NONMOTR_SUSP_SERIOUS_INJ_COUNT","NTFY_HIWY_MAINT","PED_COUNT","PED_DEATH_COUNT","PED_SUSP_SERIOUS_INJ_COUNT","PERSON_COUNT","POLICE_AGCY","POSSIBLE_INJ_COUNT","RDWY_SURF_TYPE_CD","RELATION_TO_ROAD","ROAD_CONDITION","ROADWAY_CLEARED","SCH_BUS_IND","SCH_ZONE_IND","SECONDARY_CRASH","SMALL_TRUCK_COUNT","SPEC_JURIS_CD","SUSP_MINOR_INJ_COUNT","SUSP_SERIOUS_INJ_COUNT","SUV_COUNT","TCD_FUNC_CD","TCD_TYPE","TFC_DETOUR_IND","TIME_OF_DAY","TOT_INJ_COUNT","TOTAL_UNITS","UNB_DEATH_COUNT","UNB_SUSP_SERIOUS_INJ_COUNT","UNBELTED_OCC_COUNT","UNK_INJ_DEG_COUNT","UNK_INJ_PER_COUNT","URBAN_RURAL","VAN_COUNT","VEHICLE_COUNT","WEATHER1","WEATHER2","WORK_ZONE_IND","WORK_ZONE_LOC","WORK_ZONE_TYPE","WORKERS_PRES","WZ_CLOSE_DETOUR","WZ_FLAGGER","WZ_LAW_OFFCR_IND","WZ_LN_CLOSURE","WZ_MOVING","WZ_OTHER","WZ_SHLDER_MDN","WZ_WORKERS_INJ_KILLED"
"2023061363","1830","0","0","0","0","0","0","0","0","0","1","0","","67","07","2023","3","39.906","-75.1342","1826","06","0","0","0","0","0","0","0","0","","0","0","0","18","1","0","00","N","1","39 54:21.564","3","03","75 08:03.120","0","0","0","0","67301","0","0","0","N","0","0","0","2","67501","0","","1","01","1908","N","N","N","0","","0","0","2","0","0","N","1826","0","2","0","0","0","0","0","2","0","2","03","03","N","","","","","","","","","","",""
"2023058414","1913","1","0","0","0","0","0","0","0","0","1","0","45","67","06","2023","4","40.0401","-75.0064","1836","06","0","0","0","0","0","1","0","0","","0","0","0","18","1","0","00","N","0","40 02:24.295","","00","75 00:23.111","0","0","0","0","67301","0","0","0","N","0","0","0","3","68K01","0","","1","09","","N","N","N","0","","0","0","1","0","0","","1834","0","2","0","0","1","0","0","2","0","2","07","","Y","3","2","N","","","N","Y","","","","N"
"2023067899","2337","0","0","0","0","0","0","0","0","0","7","0","","67","06","2023","4","39.9884","-75.0878","2337","06","0","0","0","0","0","0","0","0","","0","0","0","23","3","0","00","N","0","39 59:18.212","","08","75 05:16.222","0","0","0","0","67301","0","0","0","N","0","0","0","2","68K01","0","","2","01","","N","N","N","0","","0","0","1","0","0","","2337","0","1","0","0","0","0","0","2","0","1","03","03","N","","","","","","","","","","",""
"2023056130","1630","2","0","0","0","0","0","0","0","0","4","0","","67","06","2023","6","39.9726","-75.1839","1620","06","0","0","0","0","0","2","0","0","","0","0","0","16","1","1","01","","0","39 58:21.327","","00","75 11:02.068","3","0","0","0","67301","0","0","0","N","0","0","0","3","67301","0","","1","09","","N","N","N","0","","1","0","1","3","3","","1600","1","3","0","0","0","0","0","2","0","3","07","07","N","","","","","","","","","","",""
"2023083463","2255","0","0","0","0","0","0","0","0","0","3","0","","67","07","2023","5","39.9172","-75.2463","2250","06","0","0","0","0","0","0","0","0","","0","0","0","22","3","3","01","","2","39 55:01.859","7","00","75 14:46.691","3","0","0","0","67301","0","0","0","N","0","0","0","3","67301","0","","1","01","0600","N","N","N","0","","3","0","1","3","2","N","2222","3","2","0","0","0","0","0","2","0","1","03","03","N","","","","","","","","","","",""
"2023057699","1731","1","0","0","0","0","0","0","0","0","8","0","","67","06","2023","7","39.916","-75.236","1729","06","0","0","0","0","0","0","1","0","","0","0","0","17","1","1","01","","0","39 54:57.725","","00","75 14:09.736","2","0","0","0","67301","1","0","1","N","1","0","1","2","67301","0","","1","01","","N","N","N","0","","0","1","0","3","2","","1728","1","2","0","0","0","0","0","2","0","1","03","03","N","","","","","","","","","","",""
"2023082171","1400","1","0","0","0","0","0","0","0","0","4","0","","67","09","2023","6","39.9085","-75.1885","1400","06","0","0","0","0","0","0","0","0","","0","0","0","12","1","1","00","N","9","39 54:30.523","","07","75 11:18.499","3","0","0","0","67301","0","0","0","N","0","0","0","2","67301","0","","1","01","","N","N","N","0","","1","0","1","0","0","","1230","1","2","0","0","0","0","0","2","0","2","03","03","N","","","","","","","","","","",""
"2023054810","0118","2","0","0","0","0","0","0","0","0","5","0","","67","06","2023","2","39.9231","-75.2443","0113","06","0","0","0","0","0","0","0","0","","0","0","0","01","3","0","00","N","0","39 55:23.100","","00","75 14:39.600","9","0","0","0","67301","0","0","0","N","0","0","0","1","67301","0","","6","01","","N","N","N","0","","0","0","0","0","0","","0105","0","2","0","0","1","0","1","2","0","2","03","03","N","","","","","","","","","","",""
"2023082948","2024","0","0","0","0","0","0","0","0","0","5","0","","67","08","2023","5","39.8905","-75.2207","2019","06","0","0","0","0","0","0","0","0","","0","0","0","20","3","1","06","","1","39 53:25.838","1","02","75 13:14.353","3","0","0","0","67301","0","0","0","N","0","0","0","5","68K01","0","","1","01","2120","N","N","N","0","","1","0","2","0","0","N","2018","1","2","0","0","0","0","1","2","0","2","03","03","N","","","","","","","","","","",""
"2023083625","2118","2","0","0","0","0","0","0","0","0","4","0","","67","09","2023","1","40.0312","-75.1458","2117","06","0","0","0","0","0","0","0","0","","0","0","0","21","3","1","11","","0","40 01:52.420","","00","75 08:44.761","8","0","0","0","67301","0","0","0","N","0","0","0","3","67301","0","","1","09","","N","N","N","0","","0","0","0","0","0","","2100","1","2","0","0","0","1","1","2","0","2","07","07","N","","","","","","","","","","",""
"2023067085","2140","2","0","0","0","0","0","0","0","0","1","0","","67","07","2023","6","39.9819","-75.1706","2130","06","0","0","0","0","0","0","0","0","","0","0","0","21","3","1","01","","0","39 58:54.836","","00","75 10:14.109","3","0","0","0","67301","0","0","0","N","0","0","0","2","67301","0","","1","01","","N","N","N","0","","1","0","0","0","0","","2130","1","2","0","0","2","0","0","2","0","2","03","03","N","","","","","","","","","","",""
"2023068922","2112","0","0","0","0","0","0","0","0","0","4","0","","67","07","2023","5","40.0496","-75.0956","2111","06","0","0","0","0","0","0","1","0","","0","0","0","21","3","2","02","","0","40 02:58.479","","00","75 05:44.227","3","0","0","1","67301","0","0","0","N","0","0","0","2","67301","0","","1","01","","N","N","N","0","","1","0","1","3","2","","2110","2","2","0","0","1","1","0","2","0","2","03","03","N","","","","","","","","","","",""
"2023065457","1037","1","0","0","0","0","0","0","0","0","4","0","","67","07","2023","7","39.9509","-75.2307","1031","06","0","0","0","0","0","0","2","0","","0","0","0","10","1","0","01","","0","39 57:03.329","","00","75 13:50.354","0","0","0","0","67301","0","0","0","N","0","0","0","3","67301","0","","1","01","","N","N","N","1","","0","0","0","2","2","","1027","0","3","0","0","0","0","0","2","1","3","03","03","N","","","","","","","","","","",""
"2023065212","1535","0","0","0","0","0","0","0","0","0","1","0","","67","07","2023","6","40.0185","-75.1671","1525","06","0","0","0","0","0","0","1","0","","0","0","0","14","1","1","06","","0","40 01:06.410","","02","75 10:04.740","3","0","0","0","67301","0","0","0","N","0","0","0","2","67301","0","","7","01","","N","N","N","0","","1","0","1","3","4","","1445","1","2","0","0","0","0","1","2","0","2","03","","N","","","","","","","","","","",""
"2023068262","1404","2","0","0","0","0","0","0","0","0","2","0","","67","08","2023","3","40.1282","-75.014","1404","06","0","0","0","0","1","0","0","1","","0","0","0","14","1","3","00","N","1","40 07:41.408","1","00","75 00:50.441","3","0","0","0","67301","0","0","0","N","0","0","0","3","67301","0","","1","01","1406","N","N","N","0","","3","0","0","0","0","N","1404","3","2","0","0","0","0","0","2","0","2","03","03","N","","","","","","","","","","",""
"2023064911","1209","1","0","0","0","0","0","0","0","0","4","0","","67","07","2023","6","39.9026","-75.1936","1203","06","0","0","1","0","0","1","0","0","","0","0","0","12","1","1","00","N","0","39 54:09.300","","00","75 11:36.900","4","0","0","0","67301","0","0","0","N","0","0","0","2","67301","1","","1","01","","N","N","N","1","","0","0","0","0","0","","1200","1","2","0","0","0","0","0","2","0","2","03","03","N","","","","","","","","","","",""
"2023055714","2353","0","0","0","0","0","0","0","0","0","8","0","","67","06","2023","6","40.0702","-75.0313","2346","06","0","0","0","0","0","0","0","0","","0","0","0","22","3","1","02","","0","40 04:12.683","","00","75 01:52.611","4","0","0","0","67301","1","0","0","N","1","0","0","2","67301","1","","1","01","","N","N","N","0","","0","0","0","3","2","","2217","1","2","0","0","0","0","0","2","0","1","03","03","N","","","","","","","","","","",""
"2023083039","1909","0","0","0","0","0","0","0","0","0","1","0","","67","09","2023","2","39.9992","-75.1955","1904","06","0","0","0","0","0","0","0","0","","0","0","0","18","1","1","00","N","0","39 59:57.036","","00","75 11:43.811","3","0","0","0","67301","0","0","0","N","0","0","0","2","68K01","0","","1","01","","N","N","N","0","","1","0","2","0","0","","1809","1","2","0","0","0","0","1","2","0","2","03","03","N","","","","","","","","","","",""
"2023055988","0145","2","0","0","0","0","0","0","0","0","5","0","","67","06","2023","7","40.043","-75.0634","0143","06","0","0","0","0","0","0","0","0","","0","0","0","01","3","0","00","N","1","40 02:34.900","4","00","75 03:48.100","0","0","0","0","67301","0","0","0","N","0","0","0","2","67301","0","","6","09","0254","N","N","N","0","","0","0","0","0","0","N","0135","0","2","0","0","0","0","0","2","0","2","07","07","N","","","","","","","","","","",""
"2023083468","1932","0","0","0","0","0","0","0","0","0","8","0","","67","09","2023","3","40.0231","-75.077","1931","06","0","0","0","0","0","0","0","0","","0","0","0","18","1","1","00","N","0","40 01:23.330","","00","75 04:37.282","3","0","0","0","67301","1","0","0","N","1","0","0","1","67301","0","","6","01","","N","N","N","0","","1","0","0","3","2","","1840","1","2","0","0","0","0","0","2","0","1","03","03","N","","","","","","","","","","",""
"2023082177","2119","2","0","0","0","0","0","0","0","0","4","0","","67","09","2023","7","39.971","-75.215","2119","06","0","0","0","0","0","0","0","0","","0","0","0","21","3","1","03","","0","39 58:15.456","","00","75 12:54.013","3","0","0","0","67301","0","0","0","N","0","0","0","3","67301","0","","1","01","","N","N","N","0","","1","0","0","0","0","","2115","1","2","0","0","0","0","0","2","0","2","03","03","N","","","","","","","","","","",""
"2023057711","1737","0","0","0","0","0","0","0","0","0","8","0","","67","06","2023","7","40.0648","-75.1534","1736","06","0","0","0","0","0","0","0","0","","0","0","0","17","1","1","00","N","0","40 03:53.310","","00","75 09:12.100","3","0","0","0","67301","1","0","0","N","1","0","0","2","67301","0","","1","01","","N","N","N","0","","1","0","1","0","0","","1730","1","2","0","0","0","0","0","2","0","1","03","","N","","","","","","","","","","",""
"2023062193","1927","0","0","0","0","0","0","0","0","0","8","0","","67","06","2023","2","39.9934","-75.1106","1926","06","0","0","0","0","0","0","0","0","","0","0","0","15","1","1","00","N","0","39 59:36.202","","00","75 06:38.308","2","0","0","0","67301","1","0","1","N","1","0","1","2","67301","0","","1","01","","N","N","N","1","","0","1","0","0","0","","1515","1","2","0","0","1","0","0","2","0","1","03","03","N","","","","","","","","","","",""
"2023057683","0205","2","0","0","0","0","0","0","0","0","5","0","","67","06","2023","2","40.0326","-75.2321","0203","06","0","0","0","0","0","0","0","0","","0","0","0","02","3","0","00","N","2","40 01:57.370","6","00","75 13:55.570","9","0","0","0","67301","0","0","0","N","0","0","0","1","67301","0","","6","01","0221","N","N","N","0","","0","0","2","0","0","Y","0200","0","4","0","0","0","0","1","2","0","4","03","03","N","","","","","","","","","","",""
"2023057751","1632","1","0","1","0","0","0","0","0","0","7","0","","67","06","2023","2","40.0042","-75.0994","1632","06","0","0","0","0","0","0","0","0","","0","0","0","16","1","1","01","","0","40 00:15.118","","01","75 05:57.764","2","0","0","0","67301","0","0","0","N","0","0","0","1","67301","0","","3","01","","N","N","N","0","","0","1","0","3","2","","1625","1","1","0","0","0","0","0","2","0","1","04","","N","","","","","","","","","","",""
"2023055179","1937","1","0","0","0","0","0","0","0","0","7","0","","67","06","2023","2","39.9916","-75.2031","1932","06","1","0","0","0","0","0","0","0","","0","0","0","19","1","0","00","N","1","39 59:29.745","3","00","75 12:11.103","0","0","0","0","67301","0","0","0","N","0","0","0","3","68K01","0","","4","01","2000","N","N","N","0","","0","0","1","0","0","N","1931","0","2","0","0","0","0","0","2","0","2","03","","N","","","","","","","","","","",""
"2023065248","","1","0","0","0","0","0","0","0","0","1","0","","67","07","2023","4","39.9614","-75.1821","","06","0","0","0","0","1","0","0","0","","0","0","0","20","1","0","00","N","0","39 57:41.206","","00","75 10:55.420","0","0","0","0","67301","0","0","0","N","0","0","0","2","00000","0","","1","01","","","","N","0","","0","0","1","0","0","","2020","0","2","0","0","1","0","0","2","0","2","03","","N","","","","","","","","","","",""
"2023089553","1149","0","0","0","0","0","0","0","0","0","5","0","","67","10","2023","6","39.9791","-75.2255","1149","06","0","0","0","0","0","1","0","0","","0","0","0","11","1","0","00","N","1","39 58:44.918","1","00","75 13:31.789","0","0","0","0","67301","0","0","0","N","0","0","0","2","67301","0","","3","01","1250","N","N","N","0","","0","0","2","0","0","N","1145","0","2","0","0","0","0","0","2","0","2","03","03","N","","","","","","","","","","",""
"2023070320","0200","1","0","0","0","0","0","0","0","0","5","0","","67","08","2023","4","39.9974","-75.1295","0200","06","0","0","0","0","0","0","0","0","","0","0","0","02","3","1","00","N","0","39 59:50.800","","00","75 07:46.300","3","0","0","0","67301","0","0","0","N","0","0","0","1","67301","0","","6","01","","N","N","N","0","","1","0","4","0","0","","0200","1","5","0","0","1","0","0","2","0","5","03","03","N","","","","","","","","","","",""
"2023055718","1627","3","0","0","0","0","0","0","0","0","4","0","","67","06","2023","5","39.9261","-75.2248","1627","06","0","1","0","0","0","0","0","0","","0","0","0","16","1","0","01","","0","39 55:33.882","","00","75 13:29.323","9","0","0","0","67301","0","0","0","N","0","0","0","3","67301","0","","1","01","","N","N","Y","0","","0","0","0","3","2","","1627","0","3","0","0","0","0","1","2","0","3","03","03","N","","","","","","","","","","",""
"2023058455","1146","0","0","0","0","0","0","0","0","0","4","0","","67","06","2023","5","39.9647","-75.2375","1146","06","0","0","0","0","0","0","0","0","","0","0","0","11","1","1","01","","0","39 57:52.930","","00","75 14:14.913","3","0","0","0","67301","0","0","0","N","0","0","0","2","67301","0","","1","01","","N","N","N","0","","1","0","2","3","3","","1144","1","2","0","0","0","0","0","2","0","2","04","03","N","","","","","","","","","","",""
"2023082785","1540","1","0","0","0","0","0","0","0","0","8","0","","67","09","2023","2","40.0643","-75.0537","1531","06","0","0","0","0","0","0","0","0","","0","0","0","15","1","1","01","","0","40 03:51.246","","00","75 03:13.903","3","0","0","0","67301","1","0","0","N","1","0","0","1","67301","0","","1","01","","N","N","N","0","","1","0","0","3","2","","1525","1","2","0","0","0","0","0","2","0","1","04","04","N","","","","","","","","","","",""
"2023057729","1336","1","0","0","0","0","0","0","0","0","8","0","","67","06","2023","6","39.9546","-75.1937","1321","06","0","0","0","0","0","0","0","0","","0","0","0","12","1","1","00","N","0","39 57:16.474","","00","75 11:37.283","3","0","0","0","67301","1","0","0","N","1","0","0","2","67301","0","","6","09","","N","N","N","0","","1","0","0","0","0","","1254","1","2","0","0","0","0","1","2","0","1","04","07","N","","","","","","","","","","",""
"2023081806","1150","1","0","0","0","0","0","0","0","0","1","0","","67","08","2023","5","39.9667","-75.2249","1150","06","0","0","0","0","0","0","0","0","","0","0","0","18","1","0","01","","0","39 57:59.976","","00","75 13:29.557","9","0","0","0","67301","0","0","0","N","0","0","0","2","67301","0","","1","01","","N","N","N","0","","0","0","0","3","2","","1800","0","2","0","0","0","0","2","2","0","2","03","03","N","","","","","","","","","","",""
"2023055943","0143","1","0","0","0","0","0","0","0","0","8","0","","67","06","2023","6","40.0227","-75.1482","0139","06","0","0","0","0","0","0","0","0","","0","0","0","23","3","1","05","","0","40 01:22.197","","00","75 08:53.822","3","0","0","0","67301","1","0","0","N","1","0","0","2","67301","0","","1","09","","N","N","N","0","","1","0","0","3","2","","2347","1","2","0","0","1","0","0","2","0","1","07","07","N","","","","","","","","","","",""
"2023057721","0028","0","0","0","0","0","0","0","0","0","5","0","","67","06","2023","5","40.0133","-75.0868","0028","06","0","0","0","1","0","0","0","0","","0","0","0","00","3","0","00","N","2","40 00:47.748","1","01","75 05:12.653","0","0","0","0","67301","0","0","0","N","0","0","0","1","67301","0","","6","09","0130","N","N","N","0","","0","0","2","0","0","Y","0005","0","2","0","0","0","0","0","2","0","2","07","07","N","","","","","","","","","","",""
"2023060334","1030","2","0","0","0","0","0","0","0","0","4","0","","67","06","2023","7","40.0122","-75.1505","1030","06","0","0","0","0","0","0","0","0","","0","0","0","10","1","1","01","","0","40 00:44.680","","00","75 09:01.992","3","0","0","0","67301","0","0","0","N","0","0","0","2","67301","0","","1","01","","N","N","N","0","","1","0","0","3","2","","1030","1","2","0","0","0","0","0","2","0","2","04","04","N","","","","","","","","","","",""
"2023057677","1914","0","0","0","0","0","0","0","0","0","8","0","","67","06","2023","7","39.9192","-75.1596","1914","06","0","0","0","0","0","0","0","0","","0","0","0","17","1","1","01","","0","39 55:09.289","","00","75 09:34.434","3","0","0","0","67301","1","0","0","N","1","0","0","2","67301","0","","1","01","","N","N","N","0","","1","0","0","0","0","","1740","1","2","0","0","0","0","1","2","0","1","03","","N","","","","","","","","","","",""
"2023090327","0711","1","0","0","0","0","0","0","0","0","7","0","","67","10","2023","2","40.0243","-75.1238","0702","06","0","0","0","0","0","0","0","0","","0","0","0","05","1","1","00","N","0","40 01:27.420","","00","75 07:25.510","4","0","0","0","67301","0","0","0","N","0","0","0","1","67301","1","","5","01","","N","N","N","0","","0","0","0","0","0","","0515","1","1","0","0","0","0","0","2","0","1","03","03","N","","","","","","","","","","",""
"2023089097","2122","0","0","0","0","0","0","0","0","0","1","0","","67","06","2023","5","39.9998","-75.2195","2121","06","0","0","0","0","0","0","1","0","","0","0","0","21","3","1","02","","0","39 59:59.360","","00","75 13:10.074","8","0","0","0","67301","0","0","0","N","0","0","0","2","67301","0","","1","01","","N","N","N","0","","0","0","2","3","2","","2120","1","2","0","0","0","1","1","2","0","2","03","","N","","","","","","","","","","",""
"2023091099","1901","1","0","0","0","0","0","0","0","0","8","0","","67","10","2023","5","40.0764","-75.0328","1900","06","0","0","0","0","0","0","0","0","","0","0","0","18","1","1","00","N","0","40 04:34.899","","07","75 01:58.239","3","0","0","0","67301","1","0","0","N","1","0","0","2","67301","0","","5","01","","N","N","N","0","","1","0","0","0","0","","1855","1","2","0","0","0","0","0","2","0","1","03","03","N","","","","","","","","","","",""
"2023065288","1647","1","0","0","1","0","0","0","0","0","8","0","","67","07","2023","2","39.9623","-75.1497","1645","06","0","0","0","0","0","0","0","0","","0","0","0","16","1","1","01","","0","39 57:44.445","","00","75 08:58.754","3","0","0","0","67301","1","0","0","N","0","0","0","2","67509","0","","1","01","","N","N","N","0","","1","0","0","0","0","","1641","1","2","0","0","0","0","0","2","0","1","03","03","N","","","","","","","","","","",""
"2023090411","1936","0","0","0","0","0","0","0","0","0","1","0","","67","10","2023","6","39.9829","-75.2081","1935","06","0","0","0","0","0","2","0","0","","0","0","0","19","3","1","00","N","0","39 58:58.568","","00","75 12:29.044","4","0","0","0","67301","0","0","0","N","0","0","0","3","68K01","1","","1","01","","N","N","N","0","","0","0","2","0","0","","1932","1","2","0","0","1","0","0","2","0","2","03","03","N","","","","","","","","","","",""
"2023041799","1300","2","0","0","0","0","0","0","0","0","4","1","","67","05","2023","5","39.9607","-75.1872","1259","06","0","0","0","0","0","0","0","0","","0","1","0","12","1","0","11","","2","39 57:38.372","1","00","75 11:13.927","0","0","0","0","67301","0","0","0","N","0","0","0","1","67507","0","","1","01","1430","","","N","0","","0","0","2","0","0","Y","1258","0","5","0","0","0","0","0","2","0","5","03","03","N","","","","","","","","","","",""
"2023067073","1540","1","0","0","1","0","0","0","0","0","8","0","","67","07","2023","6","39.9516","-75.1575","1530","06","0","0","0","0","0","0","0","0","","0","0","0","14","1","1","00","N","0","39 57:05.638","","00","75 09:26.959","3","0","0","0","67301","1","0","0","N","0","0","0","2","67301","0","","1","01","","N","N","N","0","","1","0","0","0","0","","1445","1","2","0","0","0","0","0","2","0","1","03","03","N","","","","","","","","","","",""
"2023055194","1539","1","0","0","0","0","0","0","0","0","4","0","","67","06","2023","4","40.0619","-75.0477","1529","06","0","0","0","0","0","1","0","0","","0","0","0","14","1","1","01","","0","40 03:42.667","","00","75 02:51.619","3","0","0","0","67301","0","0","0","N","0","0","0","2","67301","0","","1","01","","N","N","N","0","","1","0","1","3","3","","1409","1","2","0","0","0","0","0","2","0","2","04","","N","","","","","","","","","","",""
"2023057665","1001","2","0","0","0","0","0","0","0","0","4","0","","67","06","2023","5","39.9057","-75.1939","1001","06","0","0","0","0","0","0","0","0","","0","0","0","10","1","1","01","","0","39 54:20.655","","00","75 11:38.126","4","0","0","0","67301","0","0","0","N","0","0","0","2","67301","1","","1","01","","N","N","N","0","","0","0","0","3","2","","1015","1","2","0","0","0","0","0","2","0","2","04","04","N","","","","","","","","","","",""
"2023055713","2307","1","0","0","0","0","0","0","0","0","4","0","","67","06","2023","5","40.0638","-75.0835","2300","06","0","0","0","1","0","1","0","0","","0","0","0","22","3","1","01","","1","40 03:49.638","2","00","75 05:00.782","3","0","0","0","67301","0","0","0","N","0","0","0","2","67301","0","","1","01","2359","N","N","N","0","","1","0","0","3","2","N","2212","1","2","0","0","0","0","0","2","1","2","03","","N","","","","","","","","","","",""
"2023059403","1709","1","0","0","0","0","0","0","0","0","4","0","","67","06","2023","6","39.9688","-75.1362","1700","06","0","0","0","0","0","0","0","0","","0","0","0","17","1","0","01","","0","39 58:07.829","","01","75 08:10.292","0","0","0","0","67301","0","0","0","N","0","0","0","3","67301","0","","1","09","","N","N","N","0","","0","0","1","3","2","","1700","0","2","0","0","1","0","0","2","0","2","07","07","N","","","","","","","","","","",""
"2023055720","0325","1","0","0","0","0","0","0","0","0","7","0","","67","06","2023","5","39.9412","-75.2094","0319","06","0","0","0","0","0","0","0","0","","0","0","0","03","3","1","01","","0","39 56:28.421","","00","75 12:33.827","2","0","0","0","67301","0","0","0","N","0","0","0","1","67301","0","","4","01","","N","N","Y","0","","0","1","0","3","2","","0315","1","1","0","0","0","0","0","2","0","1","03","","N","","","","","","","","","","",""
"2023062289","2136","1","0","0","0","0","0","0","0","0","4","0","","67","06","2023","2","40.0055","-75.1833","2135","06","0","0","0","1","0","0","0","0","","0","0","0","21","3","0","01","","0","40 00:19.874","","00","75 11:00.027","0","0","0","0","67301","0","0","0","N","0","0","0","3","67301","0","","1","01","","N","N","N","0","","0","0","1","3","2","","2135","0","2","0","0","0","0","0","2","0","2","04","04","N","","","","","","","","","","",""
"2023055409","1753","1","0","0","0","0","0","0","0","0","4","0","","67","06","2023","4","39.9192","-75.2315","1748","06","0","0","0","0","0","1","0","0","","0","0","0","17","1","4","01","","0","39 55:09.217","","00","75 13:53.371","3","0","0","0","67301","0","0","0","N","0","0","0","4","67301","0","","1","09","","N","N","Y","2","","1","0","0","3","2","","1748","4","3","0","0","0","3","0","2","0","3","07","07","N","","","","","","","","","","",""
"2023055405","1228","0","0","0","0","0","0","0","0","0","4","0","","67","06","2023","4","40.0594","-75.0859","1223","06","0","0","0","0","0","0","0","0","","0","0","0","12","1","0","01","","2","40 03:33.971","1","00","75 05:09.267","9","0","0","0","67301","0","0","0","N","0","0","0","2","67301","0","","1","01","0100","N","N","N","0","","0","0","3","2","2","Y","1220","0","3","0","0","0","0","1","2","0","3","04","","N","","","","","","","","","","",""
"2023082306","1645","1","0","0","0","0","0","0","0","0","7","0","","67","09","2023","6","40.0097","-75.0653","1617","06","0","0","0","0","0","0","0","0","","0","0","0","16","1","1","00","N","0","40 00:34.865","","00","75 03:54.932","8","0","0","0","67301","0","0","0","N","0","0","0","1","68K01","0","","2","01","","N","N","N","0","","0","0","0","0","0","","1615","1","1","0","0","0","1","0","2","0","1","03","03","N","","","","","","","","","","",""
"2023082027","1516","0","0","0","0","0","0","0","0","0","5","0","","67","09","2023","4","39.9157","-75.2451","1511","06","0","0","0","0","0","0","0","0","","0","0","0","15","1","1","00","Y","0","39 54:56.572","","07","75 14:42.331","3","0","0","0","67301","0","0","0","N","0","0","0","2","67301","0","","1","01","","N","N","N","0","","1","0","2","0","0","","1511","1","2","0","0","1","0","0","2","0","2","03","","N","","","","","","","","","","",""
"2023057708","0019","2","0","0","0","0","0","0","0","0","1","0","","67","06","2023","5","40.0702","-75.1805","0014","06","0","0","0","0","0","0","0","0","","0","0","0","14","1","1","01","","0","40 04:12.650","","00","75 10:49.787","3","0","0","0","67301","0","0","0","N","0","0","0","3","67301","0","","1","01","","N","N","Y","0","","1","0","1","3","2","","1400","1","3","0","0","0","0","2","2","0","3","03","03","N","","","","","","","","","","",""
"2023083611","1545","0","0","0","0","0","0","0","0","0","1","1","","67","09","2023","3","39.8979","-75.2326","1545","06","0","0","0","0","0","0","0","0","","0","1","0","14","1","0","00","N","0","39 53:52.500","","00","75 13:57.350","0","0","0","0","67301","0","0","0","N","0","0","0","2","67301","0","","1","01","","N","N","N","1","","0","0","0","0","0","","1419","0","2","0","0","0","0","0","2","0","2","03","03","N","","","","","","","","","","",""
"2023065199","0845","0","0","0","0","0","0","0","0","0","4","0","","67","07","2023","6","39.9508","-75.1758","0839","06","0","0","0","0","0","0","1","0","","0","0","0","08","1","2","01","","0","39 57:02.783","","00","75 10:32.627","8","0","0","0","67301","1","0","0","N","1","0","0","3","67301","0","","1","01","","N","N","N","0","","0","0","2","3","2","","0827","2","3","0","0","0","2","1","2","0","2","03","03","N","","","","","","","","","","",""
"2023066572","2347","1","0","0","0","0","0","0","0","0","1","0","","67","07","2023","6","40.0061","-75.1879","2324","06","0","0","0","0","0","0","0","0","","0","0","0","21","3","1","03","","0","40 00:21.920","","00","75 11:15.790","3","0","0","0","67301","0","0","0","N","0","0","0","2","67301","0","","1","01","","N","N","N","0","","1","0","0","0","0","","2120","1","2","0","0","1","0","1","2","0","2","03","03","N","","","","","","","","","","",""
"2023089552","1402","2","0","0","0","0","0","0","0","0","4","0","","67","10","2023","5","39.9729","-75.2155","1354","06","0","0","0","0","0","0","0","0","","0","0","0","13","1","0","00","N","0","39 58:22.354","","07","75 12:55.934","0","0","0","0","67301","0","0","0","N","0","0","0","2","67301","0","","3","01","","N","Y","N","0","","0","0","0","0","0","","1353","0","2","0","0","0","0","0","2","0","2","03","03","N","","","","","","","","","","",""