"CRN","ARRIVAL_TM","AUTOMOBILE_COUNT","BELTED_DEATH_COUNT","BELTED_SUSP_SERIOUS_INJ_COUNT","BICYCLE_COUNT","BICYCLE_DEATH_COUNT","BICYCLE_SUSP_SERIOUS_INJ_COUNT","BUS_COUNT","CHLDPAS_DEATH_COUNT","CHLDPAS_SUSP_SERIOUS_INJ_COUNT","COLLISION_TYPE","COMM_VEH_COUNT","CONS_ZONE_SPD_LIM","COUNTY","CRASH_MONTH","CRASH_YEAR","DAY_OF_WEEK","DEC_LAT","DEC_LONG","DISPATCH_TM","DISTRICT","DRIVER_COUNT_16YR","DRIVER_COUNT_17YR","DRIVER_COUNT_18YR","DRIVER_COUNT_19YR","DRIVER_COUNT_20YR","DRIVER_COUNT_50_64YR","DRIVER_COUNT_65_74YR","DRIVER_COUNT_75PLUS","EST_HRS_CLOSED","FATAL_COUNT","HEAVY_TRUCK_COUNT","HORSE_BUGGY_COUNT","HOUR_OF_DAY","ILLUMINATION","INJURY_COUNT","INTERSECT_TYPE","INTERSECTION_RELATED","LANE_CLOSED","LATITUDE","LN_CLOSE_DIR","LOCATION_TYPE","LONGITUDE","MAX_SEVERITY_LEVEL","MCYCLE_DEATH_COUNT","MCYCLE_SUSP_SERIOUS_INJ_COUNT","MOTORCYCLE_COUNT","MUNICIPALITY","NONMOTR_COUNT","NONMOTR_DEATH_COUNT","NONMOTR_SUSP_SERIOUS_INJ_COUNT","NTFY_HIWY_MAINT","PED_COUNT","PED_DEATH_COUNT","PED_SUSP_SERIOUS_INJ_COUNT","PERSON_COUNT","POLICE_AGCY","POSSIBLE_INJ_COUNT","RDWY_SURF_TYPE_CD","RELATION_TO_ROAD","ROAD_CONDITION","ROADWAY_CLEARED","SCH_BUS_IND","SCH_ZONE_IND","SECONDARY_CRASH","SMALL_TRUCK_COUNT","SPEC_JURIS_CD","SUSP_MINOR_INJ_COUNT","SUSP_SERIOUS_INJ_COUNT","SUV_COUNT","TCD_FUNC_CD","TCD_TYPE","TFC_DETOUR_IND","TIME_OF_DAY","TOT_INJ_COUNT","TOTAL_UNITS","UNB_DEATH_COUNT","UNB_SUSP_SERIOUS_INJ_COUNT","UNBELTED_OCC_COUNT","UNK_INJ_DEG_COUNT","UNK_INJ_PER_COUNT","URBAN_RURAL","VAN_COUNT","VEHICLE_COUNT","WEATHER1","WEATHER2","WORK_ZONE_IND","WORK_ZONE_LOC","WORK_ZONE_TYPE","WORKERS_PRES","WZ_CLOSE_DETOUR","WZ_FLAGGER","WZ_LAW_OFFCR_IND","WZ_LN_CLOSURE","WZ_MOVING","WZ_OTHER","WZ_SHLDER_MDN","WZ_WORKERS_INJ_KILLED"
"2023090811","1702","0","0","0","0","0","0","0","0","0","7","1","","67","10","2023","4","39.9311","-75.2176","1625","06","0","0","0","0","0","0","0","0","","0","1","0","16","1","0","00","N","2","39 55:52.098","6","01","75 13:03.466","9","0","0","0","67301","0","0","0","N","0","0","0","2","67301","0","","4","01","2015","N","N","N","0","","0","0","0","0","0","N","1610","0","1","0","0","2","0","2","2","0","1","03","03","N","","","","","","","","","","",""
"2023066864","1800","1","0","0","0","0","0","0","0","0","8","0","","67","07","2023","5","39.9491","-75.2394","1753","06","0","0","0","0","0","0","0","0","","0","0","0","17","1","1","00","N","0","39 56:56.810","","00","75 14:21.870","3","0","0","0","67301","1","0","0","N","1","0","0","2","67301","0","","1","01","","N","N","N","0","","1","0","0","2","3","","1723","1","2","0","0","1","0","0","2","0","1","03","03","N","","","","","","","","","","",""
"2023090008","0135","1","0","0","0","0","0","0","0","0","4","0","","67","10","2023","1","40.0351","-75.0695","0132","06","0","0","0","0","0","0","0","0","","0","0","0","01","3","1","05","","1","40 02:06.425","7","00","75 04:10.216","3","0","0","0","67301","0","0","0","N","0","0","0","5","67301","0","","1","01","0245","N","N","N","0","","1","0","0","3","2","Y","0130","1","2","0","0","0","0","4","2","0","2","03","03","N","","","","","","","","","","",""
"2023005485","0607","1","0","0","1","0","0","0","0","0","8","0","","67","01","2023","3","39.9554","-75.1882","0604","06","0","0","0","0","0","0","0","0","","0","0","0","05","5","1","02","","0","39 57:19.509","","00","75 11:17.658","8","0","0","0","67301","1","0","0","N","0","0","0","3","67507","0","","1","01","","N","N","N","0","","0","0","0","3","2","","0554","1","2","0","0","0","1","0","2","0","1","03","03","N","","","","","","","","","","",""
"2023074709","2337","1","0","0","0","0","0","0","0","0","1","0","","67","08","2023","4","39.9875","-75.2077","2334","06","0","0","0","0","0","0","1","0","","0","0","0","22","3","1","00","N","1","39 59:15.050","3","00","75 12:27.666","8","0","0","0","67301","0","0","0","N","0","0","0","4","68K01","0","","1","01","0015","N","N","N","1","","0","0","2","0","0","N","2230","1","4","0","0","2","1","0","2","0","4","03","","N","","","","","","","","","","",""
"2023048127","0315","0","0","0","0","0","0","0","0","0","7","0","","67","05","2023","4","40.0761","-75.0812","0312","06","0","0","0","0","0","0","0","0","","0","0","0","02","3","0","00","N","0","40 04:33.820","","00","75 04:52.245","0","0","0","0","67301","0","0","0","N","0","0","0","1","67301","0","","4","01","","N","N","N","0","","0","0","1","0","0","","0255","0","1","0","0","0","0","0","2","0","1","03","","N","","","","","","","","","","",""
"2023049997","1400","1","0","0","0","0","0","0","0","0","5","0","","67","06","2023","5","40.0354","-75.1787","1400","06","0","0","0","0","0","0","1","0","","0","0","0","16","1","1","00","N","0","40 02:07.500","","00","75 10:43.300","3","0","0","0","67301","0","0","0","N","0","0","0","1","67301","0","","4","01","","N","N","N","0","","1","0","0","0","0","","1600","1","3","0","0","0","0","0","2","0","3","03","","N","","","","","","","","","","",""
"2023074053","0955","1","0","0","0","0","0","0","0","0","5","1","","67","08","2023","6","39.9572","-75.1425","0940","06","0","0","0","0","0","1","0","0","","0","1","0","09","1","0","00","N","1","39 57:26.080","4","01","75 08:32.900","0","0","0","0","67301","0","0","0","N","0","0","0","2","67301","0","","1","01","1032","N","N","N","0","","0","0","0","0","0","N","0900","0","2","0","0","0","0","0","2","0","2","03","03","N","","","","","","","","","","",""
"2023074586","0927","1","0","0","0","0","0","0","0","0","4","1","","67","08","2023","3","39.9954","-75.2182","0927","06","0","0","0","0","0","1","0","0","","0","1","0","09","1","0","03","","0","39 59:43.180","","00","75 13:05.974","0","0","0","0","67301","0","0","0","N","0","0","0","2","67301","0","","1","01","","N","N","N","0","","0","0","0","3","2","","0927","0","2","0","0","0","0","0","2","0","2","03","03","N","","","","","","","","","","",""
"2023050945","1901","1","0","0","0","0","0","0","0","0","8","0","","67","06","2023","5","39.9479","-75.1624","1900","06","0","0","0","0","0","0","0","0","","0","0","0","11","1","1","01","","0","39 56:52.576","","00","75 09:44.521","3","0","0","0","67301","1","0","0","N","1","0","0","2","67301","0","","1","01","","N","N","N","0","","1","0","0","3","2","","1130","1","2","0","0","1","0","0","2","0","1","03","","N","","","","","","","","","","",""
"2023089515","0938","2","0","0","0","0","0","0","0","0","1","0","","67","10","2023","5","40.0114","-75.0608","0938","06","0","0","0","0","0","0","0","0","","0","0","0","09","1","0","00","N","1","40 00:41.172","1","00","75 03:39.022","0","0","0","0","67301","0","0","0","N","0","0","0","2","68K01","0","","1","01","0943","N","N","N","0","","0","0","0","3","8","N","0937","0","2","0","0","0","0","0","2","0","2","03","03","N","","","","","","","","","","",""
"2023091352","1326","1","0","0","0","0","0","0","0","0","7","0","","67","10","2023","5","40.0813","-74.9662","1315","06","0","0","0","0","0","0","0","0","","0","0","0","13","1","0","00","N","0","40 04:52.566","","00","74 57:58.313","0","0","0","0","67301","0","0","0","Y","0","0","0","1","68M03","0","","4","01","","N","N","N","0","","0","0","0","0","0","","1315","0","1","0","0","0","0","0","2","0","1","03","03","N","","","","","","","","","","",""
"2023066784","1924","0","0","0","0","0","0","0","0","0","4","0","","67","07","2023","4","39.9612","-75.1466","1915","06","0","0","0","0","0","1","0","0","","0","0","0","19","1","1","02","","0","39 57:40.430","","06","75 08:47.717","3","0","0","1","67301","0","0","0","N","0","0","0","2","67301","0","","1","01","","N","N","N","0","","1","0","1","3","2","","1905","1","2","0","0","0","0","1","2","0","2","03","03","N","","","","","","","","","","",""
"2023073318","0802","5","0","0","0","0","0","0","0","0","1","1","","67","08","2023","6","40.01","-75.0963","0716","06","0","0","0","0","0","0","0","0","","0","1","0","07","1","0","00","N","0","40 00:36.060","","00","75 05:46.770","0","0","0","0","67301","0","0","0","N","0","0","0","1","67301","0","","6","09","","N","N","N","0","","0","0","0","0","0","","0716","0","6","0","0","0","0","0","2","0","6","03","03","N","","","","","","","","","","",""
"2023074747","0918","1","0","0","0","0","0","0","0","0","1","0","","67","08","2023","2","40.0046","-75.0764","0918","06","0","0","0","0","0","1","0","0","","0","0","0","08","1","1","00","N","0","40 00:16.550","","00","75 04:35.114","3","0","0","0","67301","0","0","0","N","0","0","0","2","68K01","0","","1","01","","N","N","N","0","","1","0","1","0","0","","0856","1","2","0","0","0","0","0","2","0","2","03","03","N","","","","","","","","","","",""
"2023051401","2248","1","0","0","0","0","0","0","0","0","7","0","","67","06","2023","5","39.9271","-75.1951","2238","06","0","0","1","0","0","0","0","0","","0","0","0","22","3","0","00","N","1","39 55:37.631","4","00","75 11:42.464","0","0","0","0","67301","0","0","0","N","0","0","0","1","68K01","0","","3","01","1050","N","N","N","0","","0","0","0","0","0","N","2228","0","1","0","0","0","0","0","2","0","1","03","","N","","","","","","","","","","",""
"2023073653","1635","0","0","0","0","0","0","0","0","0","1","0","","67","08","2023","7","40.0373","-75.0134","1611","06","0","0","0","0","0","0","0","0","","0","0","0","16","1","0","00","N","0","40 02:14.166","","00","75 00:48.337","0","0","0","0","67301","0","0","0","N","0","0","0","2","68K01","0","","1","01","","N","N","N","0","","0","0","2","0","0","","1608","0","2","0","0","0","0","0","2","0","2","03","03","N","","","","","","","","","","",""
"2023075116","1645","0","0","0","0","0","0","0","0","0","5","0","","67","08","2023","6","39.9858","-75.0929","1643","06","0","0","0","0","0","0","1","0","","0","0","0","16","1","0","00","N","1","39 59:08.981","1","00","75 05:34.278","0","0","0","0","67301","0","0","0","N","0","0","0","4","68K01","0","","1","01","1650","N","N","N","0","","0","0","2","0","0","N","1643","0","3","0","0","0","0","0","2","1","3","03","03","N","","","","","","","","","","",""
"2023069045","1630","1","0","0","0","0","0","0","0","0","4","0","","67","07","2023","6","40.0409","-75.1873","1630","06","0","0","0","0","0","1","0","0","","0","0","0","08","1","1","01","","0","40 02:27.297","","00","75 11:14.369","3","0","0","0","67301","0","0","0","N","0","0","0","2","67301","0","","1","01","","N","N","N","0","","1","0","1","3","2","","0800","1","2","0","0","0","0","0","2","0","2","03","","N","","","","","","","","","","",""
"2023051428","1620","0","0","0","1","0","0","0","0","0","8","0","","67","06","2023","6","39.9262","-75.1446","1620","06","0","0","0","0","0","1","0","0","","0","0","0","16","1","1","00","N","0","39 55:34.236","","07","75 08:40.673","8","0","0","0","67301","1","0","0","N","0","0","0","2","67301","0","","1","01","","N","N","N","0","","0","0","1","0","0","","1620","1","2","0","0","1","1","0","2","0","1","03","","N","","","","","","","","","","",""
"2023049450","0118","1","0","0","0","0","0","0","0","0","4","0","","67","06","2023","7","40.0001","-75.1289","0110","06","0","0","0","0","0","0","0","0","","0","0","0","01","3","2","01","","0","40 00:00.442","","00","75 07:44.108","3","0","0","1","67301","0","0","0","N","0","0","0","3","67301","0","","1","01","","N","N","N","0","","2","0","0","3","2","","0107","2","2","0","0","0","0","0","2","0","2","03","","N","","","","","","","","","","",""
"2023073309","1210","2","0","0","0","0","0","0","0","0","4","0","","67","08","2023","5","40.0573","-75.1748","1150","06","0","0","0","0","0","0","0","0","","0","0","0","11","1","1","02","","0","40 03:26.182","","00","75 10:29.170","3","0","0","0","67301","0","0","0","N","0","0","0","2","67301","0","","1","01","","N","N","N","0","","1","0","0","3","3","","1137","1","2","0","0","0","0","0","2","0","2","03","","N","","","","","","","","","","",""
"2023065945","1448","1","0","0","0","0","0","0","0","0","4","0","","67","07","2023","7","39.9738","-75.2582","1528","06","0","0","0","0","0","1","0","0","","0","0","0","14","1","0","01","","0","39 58:25.593","","00","75 15:29.659","0","0","0","0","67301","0","0","0","N","0","0","0","2","67301","0","","1","01","","N","N","N","0","","0","0","1","2","2","","1438","0","2","0","0","0","0","0","2","0","2","03","03","N","","","","","","","","","","",""
"2023068058","0318","0","0","0","0","0","0","0","0","0","5","0","","67","08","2023","3","40.045","-75.164","0315","06","0","0","0","0","0","1","0","0","","0","0","0","03","3","0","00","N","0","40 02:41.908","","00","75 09:50.445","0","0","0","0","67301","0","0","0","N","0","0","0","1","67301","0","","6","01","","N","N","N","0","","0","0","2","0","0","","0300","0","2","0","0","0","0","0","2","0","2","03","","N","","","","","","","","","","",""
"2023065456","1516","2","0","0","0","0","0","0","0","0","4","0","","67","07","2023","3","39.9563","-75.2295","1516","06","0","0","0","0","0","0","1","0","","0","0","0","15","1","1","01","","0","39 57:22.658","","00","75 13:46.210","3","0","0","0","67301","0","0","0","N","0","0","0","4","67301","0","","1","01","","N","N","N","0","","1","0","2","3","3","","1515","1","4","0","0","0","0","0","2","0","4","03","03","N","","","","","","","","","","",""
"2023074131","1713","0","0","0","0","0","0","0","0","0","1","0","","67","08","2023","1","39.9594","-75.1744","1713","06","0","0","0","1","0","0","1","0","","0","0","0","16","1","1","00","N","0","39 57:34.010","","00","75 10:27.856","8","0","0","0","67301","0","0","0","N","0","0","0","2","68K01","0","","1","01","","N","N","N","0","","0","0","2","0","0","","1655","1","2","0","0","0","1","0","2","0","2","03","","N","","","","","","","","","","",""
"2023051529","1911","0","0","0","0","0","0","0","0","0","7","0","","67","06","2023","5","40.0118","-75.0882","1911","06","0","0","0","0","0","0","0","0","","0","0","0","19","1","0","00","N","0","40 00:42.341","","01","75 05:17.664","0","0","0","0","67301","0","0","0","N","0","0","0","1","67301","0","","3","01","","N","N","N","0","","0","0","1","0","0","","1900","0","1","0","0","0","0","0","2","0","1","03","03","N","","","","","","","","","","",""
"2023073669","0117","1","0","0","0","0","0","0","0","0","4","0","","67","08","2023","1","40.0337","-75.1085","0115","06","0","0","0","0","0","0","0","0","","0","0","0","01","3","1","00","N","0","40 02:01.380","","00","75 06:30.740","8","0","0","0","67301","0","0","0","N","0","0","0","1","67301","0","","2","01","","N","N","N","0","","0","0","2","0","0","","0115","1","3","0","0","1","1","0","2","0","3","03","","N","","","","","","","","","","",""
"2023049292","1542","0","0","0","0","0","0","0","0","0","8","0","","67","06","2023","7","40.0929","-75.0047","1532","06","0","0","0","0","0","0","0","0","","0","0","0","14","1","1","00","N","0","40 05:34.310","","00","75 00:17.020","2","0","0","0","67301","1","0","1","N","1","0","1","2","67301","0","","2","01","","N","N","N","0","","0","1","0","0","0","","1439","1","2","0","0","0","0","1","2","0","1","03","","N","","","","","","","","","","",""
"2023091108","2300","2","0","0","0","0","0","0","0","0","4","0","","67","10","2023","3","40.0058","-75.0964","2330","06","0","0","0","0","0","0","0","0","","0","0","0","22","2","0","01","","0","40 00:21.036","","00","75 05:47.139","0","0","0","0","67301","0","0","0","N","0","0","0","2","67301","0","","1","01","","N","N","N","0","","0","0","0","3","2","","2230","0","2","0","0","0","0","0","2","0","2","03","03","N","","","","","","","","","","",""
"2023089093","0010","1","0","0","0","0","0","0","0","0","8","0","","67","09","2023","1","40.0501","-75.051","0004","06","0","0","0","0","0","0","0","0","","1","0","0","23","3","0","00","N","2","40 03:00.499","1","00","75 03:03.502","1","0","0","0","67301","1","1","0","N","1","1","0","2","67301","0","2","1","09","0504","N","N","N","0","0","0","0","0","3","2","N","2357","0","2","0","0","0","0","1","2","0","1","07","","N","","","","","","","","","","",""
"2023066785","1635","2","0","0","0","0","0","0","0","0","1","0","","67","07","2023","5","39.9402","-75.2009","1630","06","0","0","0","0","0","0","0","0","","0","0","0","16","1","1","00","N","0","39 56:24.563","","00","75 12:03.217","2","0","0","0","67301","0","0","0","N","0","0","0","3","67301","0","","1","01","","N","N","N","0","","0","1","0","3","2","","1606","1","2","0","1","2","0","0","2","0","2","03","03","N","","","","","","","","","","",""
"2023064782","1645","1","0","0","0","0","0","0","0","0","4","0","","67","07","2023","7","39.9742","-75.1567","1640","06","0","0","0","0","0","1","0","0","","0","0","0","16","1","0","01","","0","39 58:28.141","","00","75 09:31.730","0","0","0","0","67301","0","0","0","N","0","0","0","2","67505","0","","1","01","","N","N","N","0","","0","0","1","3","2","","1635","0","2","0","0","1","0","0","2","0","2","03","03","N","","","","","","","","","","",""
"2023091102","1857","1","0","0","0","0","0","0","0","0","4","0","","67","05","2023","6","40.0414","-75.049","1855","06","0","0","0","0","0","0","0","0","","0","0","0","18","4","2","01","","2","40 02:28.970","7","00","75 02:56.457","2","0","2","1","67301","0","0","0","N","0","0","0","3","67301","0","","1","01","2000","N","N","N","0","","0","2","0","3","2","Y","1845","2","2","0","0","0","0","0","2","0","2","03","03","N","","","","","","","","","","",""
"2023073673","1703","0","0","0","0","0","0","0","0","0","8","0","","67","08","2023","7","39.9751","-75.195","1646","06","0","0","0","0","0","0","0","0","","0","0","0","15","1","1","01","","0","39 58:30.309","","00","75 11:41.938","3","0","0","0","67301","1","0","0","N","1","0","0","1","67301","0","","1","01","","N","N","N","0","","1","0","1","3","2","","1541","1","2","0","0","0","0","0","2","0","1","03","03","N","","","","","","","","","","",""
"2023074447","0227","0","0","0","0","0","0","0","0","0","5","0","","67","08","2023","7","40.0386","-75.0723","0221","06","0","0","0","0","0","0","0","0","","0","0","0","02","3","0","00","N","0","40 02:19.010","","00","75 04:20.330","0","0","0","0","67301","0","0","0","N","0","0","0","1","67301","0","","6","01","","N","N","N","1","","0","0","1","0","0","","0220","0","2","0","0","0","0","0","2","0","2","03","","N","","","","","","","","","","",""
"2023048995","1431","0","0","0","0","0","0","0","0","0","8","0","","67","06","2023","5","39.9508","-75.1638","1430","06","0","0","0","0","0","0","0","0","","0","0","0","09","1","1","01","","0","39 57:03.048","","00","75 09:49.788","3","0","0","0","67301","1","0","0","N","1","0","0","2","67301","0","","1","01","","N","N","N","0","","1","0","1","3","2","","0935","1","2","0","0","1","0","0","2","0","1","03","","N","","","","","","","","","","",""
"2023052382","1347","2","0","0","0","0","0","0","0","0","5","0","","67","06","2023","7","39.9927","-75.1862","1346","06","0","0","0","0","0","1","0","0","","0","0","0","13","1","2","01","","0","39 59:33.885","","00","75 11:10.157","3","0","0","0","67301","0","0","0","N","0","0","0","4","67301","0","","1","01","","N","N","N","0","","2","0","0","3","2","","1345","2","3","0","0","3","0","0","2","1","3","03","03","N","","","","","","","","","","",""
"2023073508","0400","1","0","0","0","0","0","0","0","0","4","0","","67","08","2023","6","40.0039","-75.2207","0352","06","0","0","0","0","0","0","0","0","","0","0","0","01","3","1","01","","0","40 00:14.125","","00","75 13:14.515","4","0","0","0","67301","0","0","0","N","0","0","0","1","67301","1","","1","01","","N","N","N","0","","0","0","0","3","2","","0143","1","2","0","0","0","0","0","2","0","2","03","03","N","","","","","","","","","","",""
"2023075195","1833","0","0","0","1","1","0","0","0","0","8","0","","67","08","2023","6","39.8996","-75.1779","1832","06","0","0","0","0","0","0","1","0","","1","0","0","18","1","1","00","N","0","39 53:58.690","","00","75 10:40.440","1","0","0","0","67301","2","1","0","N","1","0","0","3","67301","1","2","1","01","","N","N","N","0","0","0","0","1","0","0","","1825","1","3","0","0","0","0","0","2","0","1","03","03","N","","","","","","","","","","",""
"2023061788","1328","0","0","0","0","0","0","0","0","0","4","0","","67","07","2023","3","40.0653","-75.0904","1319","06","0","0","0","0","0","0","0","0","","0","0","0","13","1","3","01","","1","40 03:55.083","1","00","75 05:25.278","3","0","0","0","67301","0","0","0","N","0","0","0","3","67301","0","","1","01","0100","N","N","N","0","","3","0","2","3","2","N","1305","3","2","0","0","0","0","0","2","0","2","03","","N","","","","","","","","","","",""
"2023065941","1810","1","0","0","0","0","0","0","0","0","4","0","","67","07","2023","7","40.0274","-75.0627","1810","06","0","0","0","0","0","0","0","0","","0","0","0","18","1","0","03","","0","40 01:38.670","","00","75 03:45.728","0","0","0","0","67301","0","0","0","N","0","0","0","2","67301","0","","1","01","","N","N","N","0","","0","0","1","3","3","","1807","0","2","0","0","0","0","0","2","0","2","03","","N","","","","","","","","","","",""
"2023069119","0120","1","0","0","0","0","0","0","0","0","4","0","","67","08","2023","3","40.072","-75.013","0117","06","0","0","0","0","0","0","0","0","","0","0","0","01","3","1","01","","0","40 04:19.373","","00","75 00:46.904","2","0","1","1","67301","0","0","0","N","0","0","0","2","67301","0","","1","01","","N","N","N","0","","0","1","0","3","2","","0113","1","2","0","0","0","0","0","2","0","2","03","03","N","","","","","","","","","","",""
"2023091373","1622","0","0","0","0","0","0","0","0","0","7","1","","67","10","2023","4","40.0318","-75.1056","1556","06","0","0","0","0","0","0","0","1","","0","1","0","15","1","0","01","","2","40 01:54.593","3","00","75 06:20.165","0","0","0","0","67301","0","0","0","N","0","0","0","1","67301","0","","5","01","1950","N","N","Y","0","","0","0","0","0","0","Y","1547","0","1","0","0","0","0","0","2","0","1","03","","N","","","","","","","","","","",""
"2023069121","1355","1","0","0","0","0","0","0","0","0","5","0","","67","08","2023","3","40.1058","-74.9996","1345","06","0","0","0","1","0","0","0","0","","0","0","0","13","1","1","00","N","0","40 06:20.824","","00","74 59:58.511","3","0","0","0","67301","0","0","0","N","0","0","0","3","67301","0","","1","01","","N","N","N","0","","1","0","1","0","0","","1330","1","2","0","0","0","0","0","2","0","2","03","03","N","","","","","","","","","","",""
"2023090432","1332","1","0","0","0","0","0","0","0","0","7","0","","67","10","2023","1","40.0012","-75.0842","1332","06","0","0","0","0","0","0","0","0","","0","0","0","04","3","0","00","N","0","40 00:04.145","","00","75 05:03.178","0","0","0","0","67301","0","0","0","N","0","0","0","1","68K01","0","","4","01","","N","N","N","0","","0","0","0","0","0","","0421","0","1","0","0","1","0","0","2","0","1","03","","N","","","","","","","","","","",""
"2023050868","1912","0","0","0","0","0","0","0","0","0","5","0","","67","06","2023","1","39.9986","-75.1296","1908","06","0","0","0","0","0","0","1","0","","0","0","0","19","1","0","00","N","1","39 59:54.786","4","00","75 07:46.584","0","0","0","0","67301","0","0","0","N","0","0","0","2","67301","0","","1","01","1940","N","N","N","0","","0","0","2","0","0","Y","1901","0","2","0","0","0","0","0","2","0","2","03","03","N","","","","","","","","","","",""
"2023050572","1833","0","0","0","0","0","0","0","0","0","5","0","","67","06","2023","1","40.0235","-75.0414","1819","06","0","0","0","0","0","0","0","0","","0","0","0","18","1","0","00","N","1","40 01:24.450","4","00","75 02:28.900","9","0","0","0","67301","0","0","0","N","0","0","0","3","67301","0","","6","01","0000","N","N","N","0","","0","0","3","0","0","N","1816","0","3","0","0","1","0","3","2","0","3","03","03","N","","","","","","","","","","",""
"2023048929","0435","0","0","0","0","0","0","0","0","0","5","0","","67","06","2023","6","40.075","-74.9995","0428","06","0","0","0","0","0","0","0","0","","0","0","0","03","3","0","00","N","0","40 04:30.030","","00","74 59:58.050","0","0","0","0","67301","0","0","0","N","0","0","0","1","67301","0","","6","01","","N","N","N","0","","0","0","2","0","0","","0338","0","2","0","0","0","0","0","2","0","2","03","03","N","","","","","","","","","","",""
"2023050273","0905","1","0","0","0","0","0","0","0","0","8","0","","67","06","2023","6","40.0007","-75.0977","0859","06","0","0","0","0","0","0","1","0","","0","0","0","08","1","1","01","","0","40 00:02.442","","00","75 05:51.811","3","0","0","0","67301","1","0","0","N","1","0","0","2","67301","0","","1","01","","N","N","N","0","","1","0","0","3","2","","0845","1","2","0","0","0","0","0","2","0","1","03","","N","","","","","","","","","","",""
"2023074451","0833","1","0","0","0","0","0","0","0","0","8","0","","67","08","2023","2","39.9379","-75.1717","0833","06","0","0","0","0","0","0","0","1","","0","0","0","08","1","1","02","","0","39 56:16.332","","00","75 10:18.181","3","0","0","0","67301","1","0","0","N","1","0","0","2","67301","0","","1","01","","N","N","N","0","","1","0","0","0","0","","0829","1","2","0","0","0","0","0","2","0","1","03","03","N","","","","","","","","","","",""
"2023073438","2051","2","0","0","0","0","0","0","0","0","8","0","","67","08","2023","6","39.9546","-75.226","2051","06","0","0","0","0","0","1","0","0","","0","0","0","20","3","2","01","","1","39 57:16.531","6","00","75 13:33.604","4","0","0","0","67301","1","0","0","N","1","0","0","3","67301","1","","1","01","2230","N","N","Y","0","","0","0","0","3","2","Y","2048","2","3","0","0","0","1","1","2","0","2","03","","N","","","","","","","","","","",""
"2023089356","1833","0","0","0","0","0","0","0","0","0","8","1","","67","10","2023","2","39.9688","-75.2022","1831","06","0","0","0","0","0","1","0","0","","0","1","0","18","1","1","00","N","0","39 58:07.750","","00","75 12:07.840","3","0","0","0","67301","1","0","0","N","1","0","0","2","67301","0","","1","01","","N","N","N","0","","1","0","0","0","0","","1831","1","2","0","0","1","0","0","2","0","1","03","","N","","","","","","","","","","",""
"2023066279","0320","0","0","0","0","0","0","0","0","0","8","0","","67","07","2023","4","39.9967","-75.1155","0320","06","0","0","0","0","0","0","0","0","","0","0","0","03","3","1","01","","1","39 59:48.186","4","00","75 06:55.697","2","0","0","0","67301","1","0","1","N","1","0","1","2","67301","0","","1","01","0345","N","N","N","0","","0","1","0","3","2","Y","0315","1","2","0","0","0","0","1","2","0","1","03","03","N","","","","","","","","","","",""
"2023073649","2154","1","0","0","0","0","0","0","0","0","1","0","","67","08","2023","6","40.0523","-74.9875","2139","06","0","0","0","0","0","0","0","0","","0","0","0","21","3","0","00","N","0","40 03:08.289","","00","74 59:14.944","9","0","0","0","67301","0","0","0","N","0","0","0","2","68K01","0","","1","01","","N","N","N","0","","0","0","0","0","0","","2125","0","2","0","0","0","0","1","2","0","2","03","03","N","","","","","","","","","","",""
"2023048131","1621","1","0","0","0","0","0","0","0","0","4","0","","67","05","2023","4","39.9487","-75.2375","1615","06","0","0","0","0","0","0","0","0","","0","0","0","16","1","1","01","","1","39 56:55.280","6","00","75 14:14.982","3","0","0","0","67301","0","0","0","N","0","0","0","2","67301","0","","1","01","1705","N","N","N","0","","1","0","1","3","2","Y","1609","1","2","0","0","0","0","0","2","0","2","03","","N","","","","","","","","","","",""
"2023073668","2115","0","0","0","0","0","0","0","0","0","8","0","","67","08","2023","7","40.0442","-75.0671","2058","06","0","0","0","0","0","0","0","0","","0","0","0","15","1","1","00","N","0","40 02:39.110","","00","75 04:01.380","8","0","0","0","67301","1","0","0","N","1","0","0","2","67301","0","","1","01","","N","N","N","0","","0","0","0","0","0","","1530","1","2","0","0","0","1","1","2","0","1","03","03","N","","","","","","","","","","",""
"2023048357","1710","1","0","0","0","0","0","0","0","0","4","0","","67","05","2023","4","40.0546","-75.01","1658","06","0","0","0","0","0","1","0","0","","0","0","0","15","1","0","02","","0","40 03:16.658","","00","75 00:35.920","9","0","0","0","67301","0","0","0","N","0","0","0","2","67301","0","","1","01","","N","Y","N","0","","0","0","0","3","2","","1530","0","2","0","0","0","0","2","2","1","2","03","03","N","","","","","","","","","","",""
"2023075206","2019","3","0","1","0","0","0","0","0","0","4","0","","67","07","2023","7","40.1167","-75.0198","2019","06","0","0","0","0","0","1","0","0","","2","0","0","20","4","2","01","","2","40 07:00.028","7","00","75 01:11.660","1","0","0","0","67301","0","0","0","N","0","0","0","7","67301","0","2","1","01","0028","N","N","N","0","0","1","1","2","3","2","Y","2015","2","5","0","0","0","0","0","2","0","5","03","03","N","","","","","","","","","","",""
"2023049857","1144","1","0","0","0","0","0","0","0","0","4","0","","67","06","2023","7","39.9974","-75.1024","1144","06","1","0","0","0","0","0","0","0","","0","0","0","11","1","3","01","","0","39 59:50.727","","00","75 06:08.680","3","0","0","0","67301","0","0","0","N","0","0","0","4","67301","1","","1","01","","N","N","N","0","","2","0","1","3","2","","1144","3","2","0","0","3","0","0","2","0","2","03","03","N","","","","","","","","","","",""