"CRN","ARRIVAL_TM","AUTOMOBILE_COUNT","BELTED_DEATH_COUNT","BELTED_SUSP_SERIOUS_INJ_COUNT","BICYCLE_COUNT","BICYCLE_DEATH_COUNT","BICYCLE_SUSP_SERIOUS_INJ_COUNT","BUS_COUNT","CHLDPAS_DEATH_COUNT","CHLDPAS_SUSP_SERIOUS_INJ_COUNT","COLLISION_TYPE","COMM_VEH_COUNT","CONS_ZONE_SPD_LIM","COUNTY","CRASH_MONTH","CRASH_YEAR","DAY_OF_WEEK","DEC_LAT","DEC_LONG","DISPATCH_TM","DISTRICT","DRIVER_COUNT_16YR","DRIVER_COUNT_17YR","DRIVER_COUNT_18YR","DRIVER_COUNT_19YR","DRIVER_COUNT_20YR","DRIVER_COUNT_50_64YR","DRIVER_COUNT_65_74YR","DRIVER_COUNT_75PLUS","EST_HRS_CLOSED","FATAL_COUNT","HEAVY_TRUCK_COUNT","HORSE_BUGGY_COUNT","HOUR_OF_DAY","ILLUMINATION","INJURY_COUNT","INTERSECT_TYPE","INTERSECTION_RELATED","LANE_CLOSED","LATITUDE","LN_CLOSE_DIR","LOCATION_TYPE","LONGITUDE","MAX_SEVERITY_LEVEL","MCYCLE_DEATH_COUNT","MCYCLE_SUSP_SERIOUS_INJ_COUNT","MOTORCYCLE_COUNT","MUNICIPALITY","NONMOTR_COUNT","NONMOTR_DEATH_COUNT","NONMOTR_SUSP_SERIOUS_INJ_COUNT","NTFY_HIWY_MAINT","PED_COUNT","PED_DEATH_COUNT","PED_SUSP_SERIOUS_INJ_COUNT","PERSON_COUNT","POLICE_AGCY","POSSIBLE_INJ_COUNT","RDWY_SURF_TYPE_CD","RELATION_TO_ROAD","ROAD_CONDITION","ROADWAY_CLEARED","SCH_BUS_IND","SCH_ZONE_IND","SECONDARY_CRASH","SMALL_TRUCK_COUNT","SPEC_JURIS_CD","SUSP_MINOR_INJ_COUNT","SUSP_SERIOUS_INJ_COUNT","SUV_COUNT","TCD_FUNC_CD","TCD_TYPE","TFC_DETOUR_IND","TIME_OF_DAY","TOT_INJ_COUNT","TOTAL_UNITS","UNB_DEATH_COUNT","UNB_SUSP_SERIOUS_INJ_COUNT","UNBELTED_OCC_COUNT","UNK_INJ_DEG_COUNT","UNK_INJ_PER_COUNT","URBAN_RURAL","VAN_COUNT","VEHICLE_COUNT","WEATHER1","WEATHER2","WORK_ZONE_IND","WORK_ZONE_LOC","WORK_ZONE_TYPE","WORKERS_PRES","WZ_CLOSE_DETOUR","WZ_FLAGGER","WZ_LAW_OFFCR_IND","WZ_LN_CLOSURE","WZ_MOVING","WZ_OTHER","WZ_SHLDER_MDN","WZ_WORKERS_INJ_KILLED"
"2023092391","0740","1","0","0","0","0","0","0","0","0","4","0","","67","10","2023","3","40.0077","-75.1515","0735","06","0","1","0","0","0","1","0","0","","0","0","0","07","1","0","01","","1","40 00:27.648","2","00","75 09:05.687","9","0","0","0","67301","0","0","0","N","0","0","0","2","67505","0","","1","01","1015","N","N","N","0","","0","0","1","3","2","N","0725","0","2","0","0","0","0","2","2","0","2","03","03","N","","","","","","","","","","",""
"2023067837","1620","2","0","0","0","0","0","0","0","0","4","0","","67","08","2023","3","39.9762","-75.161","1613","06","0","0","0","0","0","0","0","0","","0","0","0","06","1","2","01","","0","39 58:34.232","","00","75 09:39.464","8","0","0","0","67301","0","0","0","N","0","0","0","2","67505","0","","1","01","","N","N","N","0","","0","0","0","3","3","","0610","2","2","0","0","0","2","0","2","0","2","03","10","N","","","","","","","","","","",""
"2023067768","1648","2","0","0","0","0","0","0","0","0","4","0","","67","07","2023","5","39.9375","-75.2306","1648","06","0","0","0","0","0","1","0","0","","0","0","0","16","1","1","02","","0","39 56:15.089","","00","75 13:50.239","3","0","0","0","67301","0","0","0","N","0","0","0","4","67301","0","","1","01","","N","N","N","0","","1","0","0","3","3","","1644","1","2","0","0","1","0","0","2","0","2","03","03","N","","","","","","","","","","",""
"2023065587","1848","4","0","0","0","0","0","0","0","0","5","0","","67","07","2023","6","39.9405","-75.2189","1848","06","0","0","0","0","0","0","0","0","","0","0","0","18","1","0","01","","0","39 56:26.000","","00","75 13:08.100","0","0","0","0","67301","0","0","0","N","0","0","0","2","67301","0","","1","01","","N","N","N","0","","0","0","1","3","2","","1840","0","6","0","0","0","0","0","2","1","6","03","03","N","","","","","","","","","","",""
"2023065197","1627","0","0","0","0","0","0","0","0","0","8","0","35","67","07","2023","7","40.0401","-75.0049","1624","06","0","0","0","0","0","0","0","0","","0","0","0","16","1","1","02","","1","40 02:24.453","1","07","75 00:17.469","3","0","0","0","67301","1","0","0","N","1","0","0","2","67301","0","","1","01","1645","N","N","N","0","","1","0","1","0","0","N","1624","1","2","0","0","0","0","0","2","0","1","03","03","Y","2","1","N","N","N","N","N","N","N","Y","N"
"2023067079","0010","2","0","0","0","0","0","0","0","0","4","0","","67","07","2023","4","40.0992","-74.9954","0004","06","0","0","0","1","0","0","0","0","","0","0","0","00","3","0","01","","2","40 05:57.051","1","00","74 59:43.619","9","0","0","0","67301","0","0","0","N","0","0","0","4","67301","0","","1","01","0030","N","N","N","0","","0","0","0","3","2","Y","0004","0","3","0","0","0","0","1","2","1","3","03","03","N","","","","","","","","","","",""
"2023095044","1008","0","0","0","0","0","0","0","0","0","8","0","","67","09","2023","6","40.0328","-75.139","1008","06","0","0","0","0","0","0","1","0","","1","0","0","10","1","2","01","","2","40 01:58.220","6","00","75 08:20.331","1","0","0","0","67301","1","1","0","N","1","1","0","3","67301","0","2","4","01","1335","N","N","N","0","0","2","0","2","3","2","Y","1006","2","3","0","0","0","0","0","2","0","2","04","04","N","","","","","","","","","","",""
"2023078690","0856","2","0","0","0","0","0","0","0","0","1","0","","67","08","2023","5","39.9983","-75.1274","0856","06","0","0","0","0","0","0","0","0","","0","0","0","08","1","2","01","","2","39 59:53.719","6","00","75 07:38.508","3","0","0","0","67301","0","0","0","N","0","0","0","5","67301","0","","1","01","0859","N","N","N","0","","2","0","1","3","2","Y","0856","2","4","0","0","2","0","0","2","0","4","03","03","N","","","","","","","","","","",""
"2023071241","0136","1","0","0","0","0","0","0","0","0","7","0","","67","08","2023","7","39.9555","-75.1482","0132","06","0","0","0","0","0","0","0","0","","0","0","0","01","3","0","00","N","2","39 57:19.970","4","02","75 08:53.448","0","0","0","0","67301","0","0","0","Y","0","0","0","1","67501","0","","4","01","0244","N","N","N","0","","0","0","0","3","8","Y","0132","0","1","0","0","0","0","0","2","0","1","03","","N","","","","","","","","","","",""
"2023070858","2224","1","0","0","0","0","0","0","0","0","4","0","","67","08","2023","2","39.9848","-75.0995","2224","06","0","0","0","0","0","0","0","0","","0","0","0","22","3","0","01","","0","39 59:05.377","","00","75 05:58.264","0","0","0","0","67301","0","0","0","N","0","0","0","2","67301","0","","1","09","","N","N","N","1","","0","0","2","3","3","","2224","0","4","0","0","2","0","0","2","0","4","07","07","N","","","","","","","","","","",""
"2023069374","2201","1","0","0","0","0","0","0","0","0","8","0","","67","08","2023","7","39.9913","-75.1349","2200","06","0","0","0","0","0","0","0","0","","0","0","0","18","1","1","01","","0","39 59:29.219","","00","75 08:05.575","2","0","0","0","67301","1","0","1","N","1","0","1","2","67301","0","","1","01","","N","N","N","0","","0","1","0","3","2","","1830","1","2","0","0","0","0","0","2","0","1","03","03","N","","","","","","","","","","",""
"2023071123","1722","0","0","0","0","0","0","0","0","0","7","0","","67","08","2023","5","39.9384","-75.2189","1716","06","0","0","0","0","0","0","0","0","","0","0","0","17","1","1","01","","0","39 56:18.225","","00","75 13:07.971","3","0","0","0","67301","0","0","0","N","0","0","0","1","67301","0","","4","09","","N","N","N","0","","1","0","1","3","3","","1715","1","1","0","0","0","0","0","2","0","1","07","04","N","","","","","","","","","","",""
"2023093583","0340","1","0","0","0","0","0","0","0","0","0","0","","67","10","2023","1","39.9573","-75.1519","0340","06","0","0","0","0","0","0","0","0","","0","0","0","03","3","0","00","N","0","39 57:26.155","","00","75 09:06.751","0","0","0","0","67301","0","0","0","N","0","0","0","1","68K01","0","","1","09","","N","N","N","0","","0","0","0","0","0","","0339","0","1","0","0","0","0","0","2","0","1","07","07","N","","","","","","","","","","",""
"2023061257","1723","1","0","0","0","0","0","0","0","0","4","0","","67","07","2023","3","40.0077","-75.1515","1720","06","0","0","0","0","0","0","0","0","","0","0","0","17","1","1","01","","0","40 00:27.648","","00","75 09:05.687","8","0","0","0","67301","0","0","0","N","0","0","0","5","67505","0","","1","01","","N","N","N","0","","0","0","1","3","2","","1715","1","2","0","0","0","1","0","2","0","2","03","03","N","","","","","","","","","","",""
"2023095685","1911","1","0","0","0","0","0","0","0","0","7","0","","67","10","2023","7","39.9676","-75.1321","1911","06","0","0","0","0","0","0","0","0","","0","0","0","18","3","0","00","N","0","39 58:03.503","","00","75 07:55.420","0","0","0","0","67301","0","0","0","N","0","0","0","1","68K01","0","","2","09","","N","N","N","0","","0","0","0","0","0","","1849","0","1","0","0","0","0","0","2","0","1","07","","N","","","","","","","","","","",""
"2023071121","1015","1","0","0","0","0","0","0","0","0","4","0","","67","08","2023","4","39.9434","-75.2323","1012","06","0","0","0","0","0","1","0","0","","0","0","0","10","1","3","01","","0","39 56:36.238","","00","75 13:56.250","3","0","0","0","67301","0","0","0","N","0","0","0","4","67301","0","","1","01","","N","N","N","0","","3","0","0","3","2","","1003","3","4","0","0","0","0","0","2","3","4","03","03","N","","","","","","","","","","",""
"2023094176","1948","0","0","0","0","0","0","0","0","0","5","1","","67","10","2023","3","39.9099","-75.1552","1943","06","0","0","0","0","0","0","0","0","","0","1","0","19","3","2","00","N","0","39 54:35.600","","05","75 09:18.800","4","0","0","0","67301","0","0","0","N","0","0","0","4","67501","2","","1","01","","N","N","N","0","","0","0","1","0","0","","1943","2","2","0","0","0","0","0","2","0","2","03","","N","","","","","","","","","","",""
"2023074829","1111","1","0","0","0","0","0","0","0","0","1","0","","67","08","2023","6","40.0536","-74.9864","1055","06","0","0","0","0","0","0","0","0","","0","0","0","10","1","3","00","N","0","40 03:12.946","","00","74 59:11.098","3","0","0","0","67301","0","0","0","N","0","0","0","4","68K01","0","","1","01","","N","N","N","0","","3","0","0","0","0","","1048","3","2","0","0","0","0","0","2","1","2","03","03","N","","","","","","","","","","",""
"2023076039","0651","1","0","0","0","0","0","0","0","0","4","0","","67","08","2023","1","39.9416","-75.2201","0625","06","0","0","0","0","0","0","0","0","","0","0","0","06","1","4","01","","0","39 56:29.691","","00","75 13:12.445","2","0","0","0","67301","0","0","0","N","0","0","0","4","67508","0","","1","01","","N","N","Y","0","","1","1","0","3","2","","0625","4","2","0","0","0","2","0","2","0","1","03","03","N","","","","","","","","","","",""
"2023064914","1605","0","0","0","0","0","0","0","0","0","7","0","","67","07","2023","7","40.1066","-74.9766","1557","06","0","0","0","0","0","0","0","0","","0","0","0","15","1","1","00","N","0","40 06:23.595","","00","74 58:35.587","2","0","1","1","67301","0","0","0","N","0","0","0","1","67301","0","","4","01","","N","N","N","0","","0","1","0","0","0","","1550","1","1","0","0","0","0","0","2","0","1","03","03","N","","","","","","","","","","",""
"2023066868","1905","1","0","0","0","0","0","0","0","0","4","0","","67","07","2023","5","39.9727","-75.169","1905","06","0","0","0","0","1","0","0","0","","0","0","0","18","1","1","02","","0","39 58:21.679","","00","75 10:08.231","3","0","0","1","67301","0","0","0","N","0","0","0","2","67301","0","","1","01","","N","N","N","0","","1","0","0","3","2","","1811","1","2","0","0","0","0","1","2","0","2","03","03","N","","","","","","","","","","",""
"2023066568","1315","1","0","0","0","0","0","0","0","0","3","0","","67","07","2023","5","39.9275","-75.1529","1310","06","0","0","0","0","0","0","0","1","","0","0","0","10","1","0","00","N","2","39 55:38.997","1","00","75 09:10.399","0","0","0","0","67301","0","0","0","N","0","0","0","1","67301","0","","4","01","1400","N","N","N","0","","0","0","1","0","0","Y","1014","0","3","0","0","0","0","0","2","1","3","03","03","N","","","","","","","","","","",""
"2023065207","1151","1","0","0","0","0","0","0","0","0","6","0","","67","07","2023","6","40.0553","-75.1551","1151","06","0","0","0","0","0","0","0","0","","0","0","0","11","1","0","00","N","0","40 03:19.120","","00","75 09:18.480","9","0","0","0","67301","0","0","0","N","0","0","0","2","67301","0","","1","01","","N","N","N","0","","0","0","1","0","0","","1150","0","3","0","0","1","0","1","2","1","3","03","03","N","","","","","","","","","","",""
"2023091111","0338","2","0","0","0","0","0","0","0","0","6","0","","67","10","2023","4","39.9804","-75.1168","0338","06","0","0","0","0","0","0","0","0","","0","0","0","03","3","0","00","N","0","39 58:49.270","","00","75 07:00.320","0","0","0","0","67301","0","0","0","N","0","0","0","2","67301","0","","1","01","","N","N","N","0","","0","0","1","0","0","","0338","0","3","0","0","0","0","0","2","0","3","03","03","N","","","","","","","","","","",""
"2023090020","1609","1","0","0","0","0","0","0","0","0","7","0","","67","10","2023","2","40.0156","-75.19","1602","06","0","0","0","0","0","0","0","0","","0","0","0","16","1","0","00","N","0","40 00:55.993","","00","75 11:23.951","0","0","0","0","67301","0","0","0","N","0","0","0","1","67301","0","","9","01","","N","N","N","0","","0","0","0","0","0","","1601","0","1","0","0","0","0","0","2","0","1","03","03","N","","","","","","","","","","",""
"2023072248","1515","0","0","0","0","0","0","0","0","0","7","0","","67","08","2023","2","39.9659","-75.2623","1500","06","0","0","0","0","0","0","0","0","","0","0","0","14","1","2","00","N","0","39 57:57.410","","00","75 15:44.320","3","0","0","0","67301","0","0","0","N","0","0","0","2","67301","0","","4","01","","N","N","N","1","","2","0","0","0","0","","1451","2","1","0","0","0","0","0","2","0","1","04","04","N","","","","","","","","","","",""
"2023094108","1333","0","0","0","0","0","0","0","0","0","1","0","","67","10","2023","2","39.9673","-75.1331","1323","06","0","0","0","0","0","1","0","0","","0","0","0","13","1","0","00","N","0","39 58:02.383","","00","75 07:59.219","0","0","0","0","67301","0","0","0","N","0","0","0","2","68K01","0","","1","01","","N","N","N","1","","0","0","1","0","0","","1320","0","2","0","0","0","0","0","2","0","2","03","03","N","","","","","","","","","","",""
"2023070853","1916","1","0","0","0","0","0","0","0","0","1","0","","67","08","2023","5","40.006","-75.0753","1911","06","0","0","0","0","0","0","0","0","","0","0","0","19","1","2","00","Y","1","40 00:21.621","2","00","75 04:31.077","3","0","0","0","67301","0","0","0","N","0","0","0","5","67301","0","","1","09","1949","N","N","N","0","","2","0","2","3","2","N","1909","2","3","0","0","0","0","1","2","0","3","04","","N","","","","","","","","","","",""
"2023072004","1636","1","0","0","0","0","0","0","0","0","4","0","","67","08","2023","5","39.9766","-75.1529","1611","06","0","0","0","0","0","1","0","0","","0","0","0","16","1","0","01","","0","39 58:35.738","","00","75 09:10.371","9","0","0","0","67301","0","0","0","N","0","0","0","5","67301","0","","1","09","","N","N","N","0","","0","0","1","3","3","","1600","0","2","0","0","1","0","1","2","0","2","07","07","N","","","","","","","","","","",""
"2023069293","2341","0","0","0","0","0","0","0","0","0","7","0","","67","08","2023","1","39.984","-75.1566","2340","06","0","0","0","0","0","0","0","0","","0","0","0","23","3","0","00","N","0","39 59:02.501","","00","75 09:23.889","9","0","0","0","67301","0","0","0","Y","0","0","0","1","67505","0","","5","09","","N","N","Y","1","","0","0","0","0","0","","2337","0","1","0","0","0","0","1","2","0","1","07","07","N","","","","","","","","","","",""
"2023091735","0806","1","0","0","0","0","0","0","0","0","4","0","","67","10","2023","6","40.0609","-74.9912","0806","06","0","0","0","0","0","2","0","0","","0","0","0","07","1","3","00","N","0","40 03:39.111","","07","74 59:28.222","3","0","0","0","67301","0","0","0","N","0","0","0","3","67301","1","","1","01","","N","N","N","0","","2","0","1","0","0","","0753","3","2","0","0","0","0","0","2","0","2","03","03","N","","","","","","","","","","",""
"2023093015","0008","2","0","0","0","0","0","0","0","0","5","0","","67","09","2023","5","40.0338","-75.0197","0008","06","0","0","0","0","0","0","0","0","","0","0","0","23","3","3","00","N","1","40 02:01.818","1","00","75 01:11.001","3","0","0","0","67301","0","0","0","N","0","0","0","4","68K01","0","","1","09","0015","N","N","N","0","","2","0","0","0","0","N","2347","3","2","0","0","0","1","0","2","0","2","07","","N","","","","","","","","","","",""
"2023093122","0122","1","0","0","0","0","0","0","0","0","4","1","","67","10","2023","3","39.9571","-75.1511","0101","06","0","0","0","0","0","1","0","0","","0","1","0","22","3","1","05","","0","39 57:25.688","","02","75 09:03.847","3","0","0","0","67301","0","0","0","N","0","0","0","2","67301","0","","1","01","","N","N","N","0","","1","0","0","3","2","","2216","1","2","0","0","1","0","0","2","0","2","03","03","N","","","","","","","","","","",""
"2023070322","2352","1","0","0","0","0","0","0","0","0","8","0","","67","08","2023","7","40.0134","-75.1223","2352","06","0","0","0","0","0","0","0","0","","0","0","0","22","3","1","03","","0","40 00:48.135","","00","75 07:20.136","3","0","0","0","67301","1","0","0","N","1","0","0","2","67301","0","","1","01","","N","N","N","0","","1","0","0","3","3","","2200","1","2","0","0","1","0","0","2","0","1","03","","N","","","","","","","","","","",""
"2023090452","2100","1","0","0","0","0","0","0","0","0","8","0","","67","10","2023","2","39.9764","-75.1561","2046","06","0","0","0","0","0","0","0","0","","0","0","0","20","3","1","00","N","0","39 58:34.890","","00","75 09:22.110","8","0","0","0","67301","1","0","0","N","1","0","0","2","67301","0","","1","01","","N","N","N","0","","0","0","0","0","0","","2025","1","2","0","0","1","1","0","2","0","1","03","","N","","","","","","","","","","",""
"2023062290","1730","0","0","0","0","0","0","0","0","0","4","0","","67","07","2023","3","40.0194","-75.1913","1715","06","0","1","0","0","0","0","0","0","","0","0","0","17","1","1","03","","0","40 01:09.841","","00","75 11:28.705","3","0","0","0","67301","0","0","0","N","0","0","0","3","67301","0","","1","01","","N","N","N","0","","1","0","2","3","3","","1700","1","2","0","0","1","0","0","2","0","2","03","03","N","","","","","","","","","","",""
"2023065462","0742","1","0","0","0","0","0","0","0","0","1","0","","67","07","2023","7","39.9958","-75.1454","0721","06","0","0","0","0","0","0","0","0","","0","0","0","05","5","0","00","N","0","39 59:44.890","","00","75 08:43.560","0","0","0","0","67301","0","0","0","N","0","0","0","0","67301","0","","6","01","","N","N","N","0","","0","0","1","0","0","","0540","0","3","0","0","0","0","0","2","1","3","03","03","N","","","","","","","","","","",""
"2023095777","0230","0","0","0","0","0","0","0","0","0","8","0","","67","10","2023","3","39.9244","-75.1696","0222","06","0","0","0","0","0","0","0","0","","0","0","0","18","1","1","01","","0","39 55:27.786","","00","75 10:11.056","3","0","0","0","67301","1","0","0","N","1","0","0","1","67301","0","","1","01","","N","N","N","0","","1","0","1","3","2","","1800","1","2","0","0","0","0","0","2","0","1","03","","N","","","","","","","","","","",""
"2023070758","1017","0","0","0","0","0","0","0","0","0","8","0","","67","08","2023","5","39.9549","-75.1669","1010","06","0","0","0","0","0","0","0","0","","0","0","0","10","1","1","00","N","0","39 57:17.540","","00","75 10:00.810","3","0","0","0","67301","1","0","0","N","1","0","0","2","67301","0","","6","01","","N","N","N","0","","1","0","1","0","0","","1000","1","2","0","0","0","0","0","2","0","1","04","","N","","","","","","","","","","",""
"2023071996","1430","1","0","0","0","0","0","0","0","0","7","0","","67","08","2023","5","39.904","-75.1977","1416","06","0","0","0","0","0","0","0","0","","0","0","0","14","1","1","00","N","0","39 54:14.308","","00","75 11:51.589","4","0","0","0","67301","0","0","0","N","0","0","0","2","67301","1","","4","09","","N","N","N","0","","0","0","0","0","0","","1414","1","1","0","0","1","0","0","2","0","1","07","07","N","","","","","","","","","","",""
"2023072249","0805","1","0","0","0","0","0","0","0","0","4","0","","67","08","2023","6","39.9802","-75.2693","0800","06","0","0","0","0","0","1","0","0","","0","0","0","07","1","1","01","","0","39 58:48.595","","00","75 16:09.378","3","0","0","0","67301","0","0","0","N","0","0","0","2","67301","0","","1","01","","N","N","N","0","","1","0","0","3","2","","0750","1","2","0","0","0","0","0","2","1","2","03","03","N","","","","","","","","","","",""
"2023074058","0307","2","0","0","0","0","0","0","0","0","5","0","","67","08","2023","2","39.9696","-75.2035","0307","06","0","0","0","0","0","0","0","0","","0","0","0","03","3","0","00","N","0","39 58:10.480","","00","75 12:12.520","0","0","0","0","67301","0","0","0","N","0","0","0","1","67301","0","","6","09","","N","N","N","0","","0","0","0","0","0","","0300","0","2","0","0","1","0","0","2","0","2","07","","N","","","","","","","","","","",""
"2023071278","0750","2","0","0","0","0","0","0","0","0","4","0","","67","08","2023","3","39.8991","-75.1755","0745","06","0","0","0","0","0","0","0","0","","0","0","0","07","1","1","02","","0","39 53:56.825","","02","75 10:31.930","8","0","0","0","67301","0","0","0","N","0","0","0","2","67301","0","","1","01","","N","N","N","0","","0","0","0","0","0","","0730","1","2","0","0","0","1","0","2","0","2","03","","N","","","","","","","","","","",""
"2023070114","2120","0","0","0","0","0","0","0","0","0","4","0","","67","08","2023","2","40.0808","-75.0286","2112","06","0","0","0","0","0","0","0","0","","0","0","0","21","3","0","01","","0","40 04:50.725","","00","75 01:42.964","9","0","0","0","67301","0","0","0","N","0","0","0","2","67301","0","","1","09","","N","N","N","0","","0","0","2","3","2","","2111","0","2","0","0","0","0","1","2","0","2","07","07","N","","","","","","","","","","",""
"2023091423","0432","0","0","0","0","0","0","0","0","0","7","0","","67","09","2023","2","39.9762","-75.1144","0432","06","0","0","0","0","0","0","0","0","","0","0","0","04","3","1","00","N","0","39 58:34.148","","00","75 06:51.757","3","0","0","0","67301","0","0","0","N","0","0","0","1","68K01","0","","4","09","","N","N","N","0","","1","0","1","0","0","","0425","1","1","0","0","0","0","0","2","0","1","07","07","N","","","","","","","","","","",""
"2023086294","0123","2","0","0","0","0","0","0","0","0","5","0","","67","08","2023","5","40.0237","-75.0334","0119","06","0","0","0","0","0","0","0","0","","0","0","0","01","3","1","00","N","1","40 01:25.316","2","00","75 02:00.388","8","0","0","0","67301","0","0","0","N","0","0","0","4","68K01","0","","1","01","0200","N","N","N","1","","0","0","0","0","0","N","0118","1","3","0","0","0","1","0","2","0","3","03","","N","","","","","","","","","","",""
"2023080499","1904","1","0","0","0","0","0","0","0","0","4","0","","67","08","2023","5","40.011","-75.1509","1904","06","0","0","0","0","0","1","0","0","","0","0","0","17","1","2","01","","0","40 00:39.507","","00","75 09:03.115","3","0","0","0","67301","0","0","0","N","0","0","0","3","67301","0","","1","01","","N","N","N","0","","2","0","1","9","2","","1751","2","2","0","0","1","0","0","2","0","2","03","03","N","","","","","","","","","","",""
"2023069131","1255","0","0","0","0","0","0","0","0","0","4","0","","67","08","2023","3","39.998","-75.1508","1249","06","0","0","0","0","0","0","0","0","","0","0","0","12","1","0","00","N","0","39 59:52.690","","00","75 09:02.980","0","0","0","0","67301","0","0","0","N","0","0","0","2","67301","0","","1","01","","N","N","N","0","","0","0","2","0","0","","1245","0","2","0","0","2","0","0","2","0","2","03","03","N","","","","","","","","","","",""
"2023067071","1748","0","0","0","0","0","0","0","0","0","5","0","","67","07","2023","4","39.9644","-75.1562","1748","06","0","0","0","0","0","0","0","0","","0","0","0","17","1","0","00","N","0","39 57:51.800","","00","75 09:22.300","0","0","0","0","67301","0","0","0","N","0","0","0","1","67301","0","","1","01","","N","N","N","0","","0","0","2","3","3","","1740","0","2","0","0","1","0","0","2","0","2","03","03","N","","","","","","","","","","",""
"2023068925","1025","0","0","0","0","0","0","0","0","0","8","0","","67","07","2023","6","39.9679","-75.1804","1023","06","0","0","0","0","0","0","0","0","","0","0","0","10","1","1","00","N","0","39 58:04.601","","00","75 10:49.580","3","0","0","0","67301","1","0","0","N","1","0","0","2","67301","0","","1","01","","N","N","N","0","","1","0","0","3","2","","1010","1","2","0","0","0","0","1","2","0","1","03","03","N","","","","","","","","","","",""
"2023004722","1531","3","0","0","0","0","0","0","0","0","5","0","","67","01","2023","7","39.9596","-75.1909","1527","06","0","0","0","1","0","0","0","0","","0","0","0","15","1","1","00","N","2","39 57:34.400","2","00","75 11:27.100","8","0","0","0","67301","0","0","0","N","0","0","0","3","67507","0","","1","01","1610","N","N","Y","0","","0","0","1","0","0","N","1515","1","4","0","0","0","1","0","2","0","4","03","03","N","","","","","","","","","","",""
"2023074500","0755","1","0","0","0","0","0","0","0","0","1","0","","67","08","2023","4","40.037","-75.0133","0747","06","0","0","0","0","0","0","0","0","","0","0","0","07","1","0","00","N","0","40 02:13.348","","00","75 00:47.842","0","0","0","0","67301","0","0","0","N","0","0","0","3","68K01","0","","1","01","","N","N","N","0","","0","0","2","0","0","","0740","0","3","0","0","0","0","0","2","0","3","03","","N","","","","","","","","","","",""
"2023069994","0930","1","0","0","0","0","0","0","0","0","4","0","","67","08","2023","2","39.9898","-75.1588","0911","06","0","0","0","0","0","0","0","0","","0","0","0","08","1","1","01","","0","39 59:23.243","","00","75 09:31.636","4","0","0","0","67301","0","0","0","N","0","0","0","2","67301","1","","1","01","","N","N","N","0","","0","0","1","3","2","","0812","1","2","0","0","0","0","1","2","0","2","03","03","N","","","","","","","","","","",""
"2023070857","1725","1","0","0","0","0","0","0","0","0","4","0","","67","08","2023","5","39.949","-75.2272","1711","06","0","0","0","0","0","1","0","0","","0","0","0","16","1","2","01","","0","39 56:56.286","","00","75 13:37.796","3","0","0","0","67301","0","0","0","N","0","0","0","4","67301","0","","1","09","","N","N","N","0","","2","0","1","3","1","","1605","2","2","0","0","1","0","0","2","0","2","07","03","N","","","","","","","","","","",""
"2023071284","0055","2","0","0","0","0","0","0","0","0","4","0","","67","08","2023","5","40.024","-75.1596","0036","06","0","0","0","0","0","0","0","0","","0","0","0","23","3","0","01","","0","40 01:26.350","","00","75 09:34.481","0","0","0","0","67301","0","0","0","N","0","0","0","2","67301","0","","1","01","","N","N","N","0","","0","0","0","3","2","","2345","0","2","0","0","1","0","0","2","0","2","03","","N","","","","","","","","","","",""
"2023070771","2221","1","0","0","0","0","0","0","0","0","7","0","","67","08","2023","7","39.9135","-75.1811","2217","06","0","0","0","0","0","1","0","0","","0","0","0","22","3","2","00","N","2","39 54:48.500","4","03","75 10:52.100","4","0","0","0","67301","0","0","0","N","0","0","0","2","67501","2","","4","01","2331","N","N","N","0","","0","0","0","0","0","N","2217","2","1","0","0","0","0","0","2","0","1","03","","N","","","","","","","","","","",""
"2023068930","1245","2","0","0","0","0","0","0","0","0","4","0","","67","08","2023","5","39.9597","-75.2474","1245","06","0","0","0","0","0","1","0","0","","0","0","0","23","3","0","02","","0","39 57:34.816","","00","75 14:50.653","9","0","0","0","67301","0","0","0","N","0","0","0","4","67301","0","","1","01","","N","N","N","0","","0","0","3","3","2","","2330","0","5","0","0","1","0","3","2","0","5","03","","N","","","","","","","","","","",""
"2023078563","1415","1","0","0","1","0","0","0","0","0","8","0","","67","08","2023","7","40.014","-75.1435","1415","06","0","0","0","0","0","1","0","0","","0","0","0","17","1","1","00","N","0","40 00:50.510","","00","75 08:36.680","3","0","0","0","67301","1","0","0","N","0","0","0","2","67301","0","","1","01","","N","N","N","0","","1","0","0","0","0","","1700","1","2","0","0","0","0","1","2","0","1","03","03","N","","","","","","","","","","",""
"2023093947","1719","1","0","0","0","0","0","0","0","0","5","0","","67","09","2023","3","39.8998","-75.1613","1719","06","0","0","0","0","0","0","0","0","","0","0","0","17","1","0","00","N","0","39 53:59.281","","00","75 09:40.664","0","0","0","0","67301","0","0","0","N","0","0","0","1","68K01","0","","1","01","","N","N","N","1","","0","0","0","0","0","","1719","0","2","0","0","0","0","0","2","0","2","03","","N","","","","","","","","","","",""
"2023069124","1430","0","0","0","0","0","0","0","0","0","7","0","","67","08","2023","4","40.0068","-75.0828","1430","06","0","0","0","0","0","0","0","0","","0","0","0","17","1","1","01","","0","40 00:24.446","","00","75 04:58.248","8","0","0","0","67301","0","0","0","N","0","0","0","2","67301","0","","5","01","","N","Y","N","0","","0","0","1","3","2","","1700","1","2","0","0","0","1","0","2","0","1","03","03","N","","","","","","","","","","",""