"CRN","ARRIVAL_TM","AUTOMOBILE_COUNT","BELTED_DEATH_COUNT","BELTED_SUSP_SERIOUS_INJ_COUNT","BICYCLE_COUNT","BICYCLE_DEATH_COUNT","BICYCLE_SUSP_SERIOUS_INJ_COUNT","BUS_COUNT","CHLDPAS_DEATH_COUNT","CHLDPAS_SUSP_SERIOUS_INJ_COUNT","COLLISION_TYPE","COMM_VEH_COUNT","CONS_ZONE_SPD_LIM","COUNTY","CRASH_MONTH","CRASH_YEAR","DAY_OF_WEEK","DEC_LAT","DEC_LONG","DISPATCH_TM","DISTRICT","DRIVER_COUNT_16YR","DRIVER_COUNT_17YR","DRIVER_COUNT_18YR","DRIVER_COUNT_19YR","DRIVER_COUNT_20YR","DRIVER_COUNT_50_64YR","DRIVER_COUNT_65_74YR","DRIVER_COUNT_75PLUS","EST_HRS_CLOSED","FATAL_COUNT","HEAVY_TRUCK_COUNT","HORSE_BUGGY_COUNT","HOUR_OF_DAY","ILLUMINATION","INJURY_COUNT","INTERSECT_TYPE","INTERSECTION_RELATED","LANE_CLOSED","LATITUDE","LN_CLOSE_DIR","LOCATION_TYPE","LONGITUDE","MAX_SEVERITY_LEVEL","MCYCLE_DEATH_COUNT","MCYCLE_SUSP_SERIOUS_INJ_COUNT","MOTORCYCLE_COUNT","MUNICIPALITY","NONMOTR_COUNT","NONMOTR_DEATH_COUNT","NONMOTR_SUSP_SERIOUS_INJ_COUNT","NTFY_HIWY_MAINT","PED_COUNT","PED_DEATH_COUNT","PED_SUSP_SERIOUS_INJ_COUNT","PERSON_COUNT","POLICE_AGCY","POSSIBLE_INJ_COUNT","RDWY_SURF_TYPE_CD","RELATION_TO_ROAD","ROAD_CONDITION","ROADWAY_CLEARED","SCH_BUS_IND","SCH_ZONE_IND","SECONDARY_CRASH","SMALL_TRUCK_COUNT","SPEC_JURIS_CD","SUSP_MINOR_INJ_COUNT","SUSP_SERIOUS_INJ_COUNT","SUV_COUNT","TCD_FUNC_CD","TCD_TYPE","TFC_DETOUR_IND","TIME_OF_DAY","TOT_INJ_COUNT","TOTAL_UNITS","UNB_DEATH_COUNT","UNB_SUSP_SERIOUS_INJ_COUNT","UNBELTED_OCC_COUNT","UNK_INJ_DEG_COUNT","UNK_INJ_PER_COUNT","URBAN_RURAL","VAN_COUNT","VEHICLE_COUNT","WEATHER1","WEATHER2","WORK_ZONE_IND","WORK_ZONE_LOC","WORK_ZONE_TYPE","WORKERS_PRES","WZ_CLOSE_DETOUR","WZ_FLAGGER","WZ_LAW_OFFCR_IND","WZ_LN_CLOSURE","WZ_MOVING","WZ_OTHER","WZ_SHLDER_MDN","WZ_WORKERS_INJ_KILLED"
"2023051539","1315","1","0","0","0","0","0","0","0","0","4","0","","67","06","2023","2","39.988","-75.1059","1300","06","0","0","0","0","0","0","0","2","","0","0","0","10","1","2","01","","0","39 59:16.946","","00","75 06:21.283","3","0","0","0","67301","0","0","0","N","0","0","0","2","67301","0","","1","01","","N","N","N","0","","2","0","0","3","2","","1000","2","2","0","0","0","0","0","2","1","2","03","","N","","","","","","","","","","",""
"2023051533","0134","1","0","0","0","0","0","0","0","0","6","0","","67","06","2023","6","40.029","-75.0389","0134","06","0","0","0","1","0","0","0","0","","0","0","0","01","3","0","00","N","2","40 01:44.330","1","00","75 02:20.060","0","0","0","0","67301","0","0","0","N","0","0","0","1","67301","0","","6","01","0350","N","N","N","0","","0","0","1","0","0","Y","0134","0","2","0","0","1","0","0","2","0","2","03","03","N","","","","","","","","","","",""
"2023051184","1846","3","0","0","0","0","0","0","0","0","4","0","","67","06","2023","5","40.01","-75.1084","1842","06","0","0","0","0","0","0","0","0","","0","0","0","18","1","1","01","","0","40 00:35.858","","00","75 06:30.170","8","0","0","0","67301","0","0","0","N","0","0","0","3","67301","0","","1","01","","N","N","Y","0","","0","0","1","3","3","","1841","1","4","0","0","1","1","1","2","0","4","04","04","N","","","","","","","","","","",""
"2023057685","2257","1","0","0","1","0","0","0","0","0","8","0","","67","06","2023","6","39.9573","-75.1523","2250","06","0","0","0","0","0","0","0","0","","0","0","0","22","3","1","05","","0","39 57:26.368","","02","75 09:08.204","4","0","0","0","67301","1","0","0","N","0","0","0","2","67301","1","","1","01","","N","N","N","0","","0","0","0","3","2","","2245","1","2","0","0","0","0","0","2","0","1","03","03","N","","","","","","","","","","",""
"2023050601","1613","1","0","0","0","0","0","0","0","0","1","0","","67","06","2023","2","40.0168","-75.1166","1613","06","0","1","0","0","0","0","0","0","","0","0","0","16","1","2","03","","0","40 01:01.328","","00","75 06:59.750","3","0","0","0","67301","0","0","0","N","0","0","0","2","67301","0","","1","01","","N","N","N","0","","2","0","1","3","3","","1600","2","2","0","0","0","0","0","2","0","2","03","03","N","","","","","","","","","","",""
"2023077066","0000","0","0","0","0","0","0","0","0","0","8","1","","67","07","2023","5","40.015","-75.1472","0000","06","0","0","0","0","0","0","0","0","","0","1","0","18","1","1","01","","0","40 00:53.848","","00","75 08:49.959","3","0","0","0","67301","1","0","0","N","1","0","0","2","67301","0","","1","01","","N","N","N","0","","1","0","0","3","2","","1800","1","2","0","0","0","0","0","2","0","1","03","03","N","","","","","","","","","","",""
"2023075396","1334","2","0","0","0","0","0","0","0","0","5","0","","67","04","2023","6","39.9673","-75.1331","1318","06","0","0","0","0","0","0","1","0","","0","0","0","13","1","1","00","N","2","39 58:02.413","2","00","75 07:59.116","8","0","0","0","67301","0","0","0","N","0","0","0","2","68K01","0","","1","01","1346","N","N","N","0","","0","0","0","0","0","N","1317","1","2","0","0","1","1","0","2","0","2","03","03","N","","","","","","","","","","",""
"2023076272","0055","3","0","0","0","0","0","0","0","0","2","0","","67","08","2023","6","39.9883","-75.1557","0053","06","0","0","0","0","0","0","0","0","","0","0","0","00","3","1","00","N","2","39 59:17.980","1","00","75 09:20.509","8","0","0","0","67301","0","0","0","N","0","0","0","4","67301","0","","1","01","0227","N","N","N","0","","0","0","1","0","0","Y","0052","1","4","0","0","0","1","2","2","0","4","03","03","N","","","","","","","","","","",""
"2023068315","0425","1","0","0","0","0","0","0","0","0","7","0","55","67","06","2023","4","39.9684","-75.1296","0418","06","0","0","0","0","0","0","0","0","","0","0","0","04","3","0","07","","1","39 57:51.995","2","02","75 08:17.799","0","0","0","0","67301","0","0","0","N","0","0","0","1","68K01","0","","1","01","0441","N","N","N","0","","0","0","0","3","8","N","0411","0","2","0","0","0","0","0","2","0","2","03","","Y","2","2","Y","N","N","N","Y","Y","N","N","N"
"2023051436","0131","2","0","0","0","0","0","0","0","0","5","0","","67","06","2023","2","39.9916","-75.2282","0047","06","0","0","0","0","0","0","0","0","","0","0","0","00","3","0","00","N","0","39 59:29.810","","00","75 13:41.670","0","0","0","0","67301","0","0","0","N","0","0","0","1","67301","0","","6","01","","N","N","N","0","","0","0","0","0","0","","0042","0","2","0","0","1","0","0","2","0","2","03","","N","","","","","","","","","","",""
"2023076930","1238","0","0","0","0","0","0","0","0","0","4","0","","67","08","2023","2","39.9101","-75.1633","1235","06","0","0","0","0","0","2","0","0","","0","0","0","12","1","2","01","","1","39 54:36.241","3","00","75 09:47.768","4","0","0","0","67301","0","0","0","N","0","0","0","2","68Z99","2","","1","01","1350","N","N","N","1","","0","0","1","3","2","N","1234","2","2","0","0","0","0","0","2","0","2","03","","N","","","","","","","","","","",""
"2023051519","0628","2","0","0","0","0","0","0","0","0","4","0","","67","06","2023","3","39.9217","-75.1907","0623","06","0","0","0","0","0","0","0","0","","0","0","0","06","5","0","03","","1","39 55:18.166","3","02","75 11:26.680","0","0","0","0","67301","0","0","0","N","0","0","0","2","67301","0","","1","01","0100","N","N","N","0","","0","0","0","0","0","N","0600","0","2","0","0","0","0","0","2","0","2","03","03","N","","","","","","","","","","",""
"2023069614","1155","1","0","0","0","0","0","0","0","0","1","0","","67","08","2023","6","40.0301","-75.0882","1150","06","0","0","0","0","0","0","1","0","","0","0","0","11","1","0","01","","0","40 01:48.320","","00","75 05:17.380","9","0","0","0","67301","0","0","0","N","0","0","0","2","67301","0","","1","09","","N","N","N","0","","0","0","1","3","2","","1145","0","2","0","0","0","0","1","2","0","2","07","04","N","","","","","","","","","","",""
"2023085212","0752","3","0","0","0","0","0","0","0","0","4","0","","67","09","2023","5","39.9718","-75.1479","0748","06","0","0","0","0","0","0","0","0","","0","0","0","07","1","0","01","","0","39 58:18.368","","03","75 08:52.425","0","0","0","0","67301","0","0","0","N","0","0","0","1","67301","0","","1","01","","N","N","N","0","","0","0","0","3","3","","0744","0","3","0","0","0","0","0","2","0","3","03","03","N","","","","","","","","","","",""
"2023085174","0025","1","0","0","0","0","0","0","0","0","2","0","","67","09","2023","6","40.0581","-75.1743","0015","06","0","0","0","1","0","0","0","0","","0","0","0","22","3","1","01","","0","40 03:29.272","","00","75 10:27.505","3","0","0","0","67301","0","0","0","N","0","0","0","2","67301","0","","1","01","","N","N","N","0","","1","0","0","3","2","","2220","1","2","0","0","0","0","1","2","0","2","03","","N","","","","","","","","","","",""
"2023058014","1350","0","0","0","0","0","0","0","0","0","8","0","","67","06","2023","3","40.0558","-75.1511","1344","06","0","0","0","0","0","0","0","0","","0","0","0","12","1","1","00","N","2","40 03:20.800","5","00","75 09:04.130","3","0","0","0","67301","1","0","0","N","1","0","0","2","67301","0","","1","01","1542","N","N","N","0","","1","0","1","0","0","N","1253","1","2","0","0","1","0","0","2","0","1","03","","N","","","","","","","","","","",""
"2023058788","2350","1","0","0","0","0","0","0","0","0","5","0","","67","07","2023","7","40.0357","-75.1455","2349","06","0","0","0","0","0","0","0","0","","0","0","0","22","3","0","00","N","0","40 02:08.389","","00","75 08:43.767","0","0","0","0","67301","0","0","0","N","0","0","0","2","67301","0","","1","01","","N","N","N","0","","0","0","1","0","0","","2239","0","2","0","0","0","0","0","2","0","2","03","03","N","","","","","","","","","","",""
"2023060338","2310","0","0","0","0","0","0","0","0","0","1","0","","67","07","2023","3","40.0184","-75.1491","2301","06","0","0","0","0","0","0","0","0","","0","0","0","22","3","0","01","","0","40 01:06.376","","00","75 08:56.880","0","0","0","0","67301","0","0","0","N","0","0","0","3","67301","0","","1","01","","N","N","N","0","","0","0","2","3","2","","2250","0","2","0","0","0","0","0","2","0","2","03","03","N","","","","","","","","","","",""
"2023059515","2035","1","0","0","0","0","0","0","0","0","5","0","","67","07","2023","1","39.9558","-75.1591","2035","06","0","0","0","0","0","0","0","0","","0","0","0","20","3","1","01","","0","39 57:20.771","","00","75 09:32.581","8","0","0","0","67301","1","0","0","N","1","0","0","3","67301","0","","1","01","","N","N","N","0","","0","0","1","3","2","","2028","1","4","0","0","0","1","0","2","0","2","03","","N","","","","","","","","","","",""
"2023086051","1745","1","0","0","1","0","1","0","0","0","8","0","","67","09","2023","3","39.9182","-75.2097","1739","06","0","0","0","0","0","0","0","0","","0","0","0","17","4","2","00","N","1","39 55:05.361","4","00","75 12:34.745","2","0","0","0","67301","1","0","1","N","0","0","0","3","67301","0","","1","09","1900","N","N","N","0","","1","1","0","0","0","Y","1738","2","2","0","0","0","0","0","2","0","1","07","04","N","","","","","","","","","","",""
"2023058134","2250","1","0","0","0","0","0","0","0","0","4","0","","67","06","2023","5","39.997","-75.1786","2246","06","0","0","0","0","0","0","0","0","","0","0","0","22","3","1","01","","1","39 59:49.350","3","00","75 10:42.861","4","0","0","0","67301","0","0","0","N","0","0","0","3","67301","1","","1","01","0100","N","N","N","0","","0","0","1","3","2","N","2245","1","2","0","0","0","0","2","2","0","2","03","03","N","","","","","","","","","","",""
"2023065937","0859","0","0","0","0","0","0","0","0","0","1","0","","67","07","2023","7","40.0313","-75.0839","0852","06","0","0","0","0","0","0","0","0","","0","0","0","07","3","1","00","Y","0","40 01:52.800","","00","75 05:02.200","3","0","0","0","67301","0","0","0","N","0","0","0","2","67301","0","","1","01","","N","N","N","0","","1","0","2","3","2","","0740","1","2","0","0","0","0","1","2","0","2","03","03","N","","","","","","","","","","",""
"2023058875","0427","1","0","0","0","0","0","0","0","0","4","0","","67","07","2023","7","39.9372","-75.1888","0427","06","0","0","0","0","1","1","0","0","","0","0","0","02","3","1","01","","0","39 56:14.082","","00","75 11:19.701","3","0","0","0","67301","0","0","0","N","0","0","0","2","67301","0","","1","01","","N","N","N","0","","1","0","1","3","3","","0224","1","2","0","0","0","0","0","2","0","2","03","03","N","","","","","","","","","","",""
"2023057692","0010","1","0","0","0","0","0","0","0","0","4","0","","67","06","2023","4","40.0759","-75.0728","0001","06","0","0","0","1","0","1","0","0","","0","0","0","22","3","0","02","","0","40 04:33.231","","00","75 04:22.169","9","0","0","0","67301","0","0","0","N","0","0","0","2","67301","0","","1","01","","N","N","N","0","","0","0","1","0","0","","2245","0","2","0","0","1","0","1","2","0","2","03","03","N","","","","","","","","","","",""
"2023059407","0152","2","0","0","0","0","0","0","0","0","5","0","","67","06","2023","6","39.9904","-75.1456","0151","06","0","0","0","0","0","0","0","0","","0","0","0","01","3","0","00","N","0","39 59:25.360","","00","75 08:44.300","9","0","0","0","67301","0","0","0","N","0","0","0","1","67301","0","","6","01","","N","N","N","0","","0","0","0","0","0","","0150","0","3","0","0","1","0","1","2","1","3","03","03","N","","","","","","","","","","",""
"2023080824","1130","0","0","0","0","0","0","1","0","0","5","2","","67","09","2023","2","39.9526","-75.1653","1124","06","0","0","0","0","0","0","0","0","","0","1","0","11","1","1","01","","0","39 57:09.365","","00","75 09:55.348","4","0","0","0","67301","0","0","0","N","0","0","0","3","67508","1","","1","98","","N","N","Y","0","","0","0","0","3","2","N","1124","1","2","0","0","1","0","0","2","0","2","03","03","N","","","","","","","","","","",""
"2023060398","1512","0","0","0","0","0","0","0","0","0","5","0","","67","07","2023","7","39.9592","-75.1727","1457","06","0","0","0","0","0","1","0","0","","0","0","0","14","1","1","00","N","0","39 57:33.198","","01","75 10:21.585","4","0","0","1","67301","0","0","0","N","0","0","0","3","68K01","1","","1","01","","N","N","N","1","","0","0","0","0","0","","1437","1","2","0","0","0","0","0","2","0","2","03","03","N","","","","","","","","","","",""
"2023085687","1743","0","0","0","0","0","0","0","0","0","7","0","","67","09","2023","2","39.9738","-75.1182","1742","06","0","0","0","0","0","0","0","0","","0","0","0","17","4","1","00","N","0","39 58:25.760","","00","75 07:05.661","3","0","0","1","67301","0","0","0","N","0","0","0","2","67301","0","","9","09","","N","N","N","0","","1","0","0","0","0","","1740","1","1","0","0","0","0","0","2","0","1","99","","N","","","","","","","","","","",""
"2023058537","2340","1","0","0","0","0","0","0","0","0","4","0","","67","07","2023","7","39.9627","-75.2039","2340","06","0","0","0","0","0","0","1","0","","0","0","0","21","3","0","01","","0","39 57:45.818","","00","75 12:14.114","0","0","0","0","67301","0","0","0","N","0","0","0","3","67301","0","","1","01","","N","N","N","0","","0","0","1","3","3","","2145","0","2","0","0","0","0","0","2","0","2","03","03","N","","","","","","","","","","",""
"2023085193","1957","0","0","0","0","0","0","0","0","0","98","0","","67","09","2023","3","39.9811","-75.2225","1957","06","0","0","0","0","0","0","0","0","","0","0","0","19","3","0","00","N","0","39 58:52.075","","07","75 13:20.976","9","0","0","0","67301","0","0","0","N","0","0","0","1","67301","0","","5","01","","N","N","N","0","","0","0","1","0","0","","1957","0","1","0","0","0","0","1","2","0","1","03","03","N","","","","","","","","","","",""
"2023059523","1144","3","0","0","0","0","0","0","0","0","4","0","","67","06","2023","6","39.9796","-75.165","1144","06","0","0","0","0","0","0","0","0","","0","0","0","10","1","3","01","","0","39 58:46.587","","00","75 09:54.116","3","0","0","0","67301","0","0","0","N","0","0","0","4","67301","0","","1","01","","N","N","N","0","","3","0","0","2","3","","1046","3","3","0","0","0","0","0","2","0","3","03","03","N","","","","","","","","","","",""
"2023058453","1645","1","0","0","0","0","0","0","0","0","1","0","","67","06","2023","6","39.9753","-75.1938","1645","06","0","0","0","0","0","0","0","0","","0","0","0","13","1","1","00","Y","0","39 58:31.210","","03","75 11:37.742","3","0","0","0","67301","0","0","0","N","0","0","0","8","67301","0","","1","01","","N","N","N","0","","1","0","0","3","2","","1307","1","2","0","0","0","0","1","2","1","2","03","03","N","","","","","","","","","","",""
"2023058479","1651","1","0","0","0","0","0","0","0","0","1","0","","67","07","2023","1","39.9532","-75.136","1648","06","0","0","0","0","0","0","0","0","","0","0","0","16","1","1","00","N","2","39 57:11.664","3","03","75 08:09.492","8","0","0","0","67301","0","0","0","N","0","0","0","3","67501","0","","1","01","1652","N","N","N","0","","0","0","1","3","8","N","1645","1","2","0","0","0","1","0","2","0","2","03","03","N","","","","","","","","","","",""
"2023085152","1030","0","0","0","0","0","0","0","0","0","4","1","","67","09","2023","1","39.9572","-75.1587","1027","06","0","0","0","0","0","0","0","0","","0","1","0","10","1","1","01","","2","39 57:25.888","1","03","75 09:31.377","3","0","0","1","67301","0","0","0","N","0","0","0","2","67301","0","","1","01","1134","N","N","N","0","","1","0","0","3","2","Y","1025","1","2","0","0","0","0","0","2","0","2","03","03","N","","","","","","","","","","",""
"2023061531","1805","1","0","0","0","0","0","0","0","0","4","0","","67","07","2023","2","39.9657","-75.2223","1805","06","0","0","0","0","0","0","0","0","","0","0","0","17","1","0","01","","0","39 57:56.462","","00","75 13:20.110","9","0","0","0","67301","0","0","0","N","0","0","0","1","67301","0","","1","01","","N","N","N","0","","0","0","0","3","2","","1745","0","2","0","0","0","0","1","2","1","2","03","03","N","","","","","","","","","","",""
"2023057690","1740","1","0","0","0","0","0","0","0","0","4","0","","67","06","2023","3","40.0709","-75.0494","1730","06","0","0","1","0","0","1","0","0","","0","0","0","17","1","1","01","","0","40 04:15.254","","00","75 02:57.827","4","0","0","0","67301","0","0","0","N","0","0","0","3","67301","1","","1","08","","N","N","N","0","","0","0","1","3","2","","1711","1","3","0","0","0","0","0","2","1","3","07","07","N","","","","","","","","","","",""
"2023057671","1510","2","0","0","0","0","0","0","0","0","4","0","","67","06","2023","2","40.0549","-75.0625","1509","06","0","0","1","0","0","0","0","0","","0","0","0","14","1","1","02","","0","40 03:17.718","","00","75 03:45.517","3","0","0","0","67301","0","0","0","N","0","0","0","2","67301","0","","1","01","","N","N","N","0","","1","0","1","3","3","","1459","1","3","0","0","0","0","0","2","0","3","03","03","N","","","","","","","","","","",""
"2023057737","1650","1","0","0","0","0","0","0","0","0","8","0","","67","06","2023","3","39.9503","-75.2412","1646","06","0","0","0","0","0","0","0","0","","0","0","0","16","1","1","00","N","0","39 57:01.110","","00","75 14:28.270","3","0","0","0","67301","1","0","0","N","1","0","0","2","67301","0","","1","09","","N","N","N","0","","1","0","0","0","0","","1640","1","2","0","0","1","0","0","2","0","1","07","07","N","","","","","","","","","","",""
"2023057687","1726","1","0","0","0","0","0","0","0","0","8","0","","67","06","2023","2","39.954","-75.1448","1724","06","0","0","0","0","0","0","0","0","","0","0","0","17","1","1","01","","0","39 57:14.468","","00","75 08:41.389","3","0","0","0","67301","1","0","0","N","1","0","0","2","67301","0","","1","01","","N","N","N","0","","1","0","0","3","2","","1722","1","2","0","0","1","0","0","2","0","1","03","","N","","","","","","","","","","",""
"2023058465","0413","1","0","0","0","0","0","0","0","0","1","0","","67","06","2023","5","40.0524","-75.1395","0408","06","0","0","0","0","0","0","0","0","","0","0","0","21","3","0","00","N","0","40 03:08.770","","00","75 08:22.320","9","0","0","0","67301","0","0","0","N","0","0","0","1","67301","0","","6","01","","N","N","Y","0","","0","0","0","0","0","","2106","0","3","0","0","1","0","1","2","2","3","03","03","N","","","","","","","","","","",""
"2023058538","2100","1","0","0","0","0","0","0","0","0","4","0","","67","06","2023","3","39.9671","-75.2438","2100","06","0","0","0","1","0","1","0","0","","0","0","0","14","1","0","01","","0","39 58:01.462","","00","75 14:37.590","9","0","0","0","67301","0","0","0","N","0","0","0","2","67301","0","","1","01","","N","N","N","0","","0","0","1","3","3","","1405","0","2","0","0","0","0","2","2","0","2","03","","N","","","","","","","","","","",""
"2023086139","1042","1","0","0","0","0","0","0","0","0","7","0","","67","09","2023","1","40.0299","-75.0223","1035","06","0","0","0","0","0","0","0","0","","0","0","0","10","1","0","00","N","1","40 01:47.680","2","00","75 01:20.138","0","0","0","0","67301","0","0","0","N","0","0","0","1","68K01","0","","5","08","1045","N","N","N","0","","0","0","0","0","0","N","1033","0","1","0","0","0","0","0","2","0","1","07","07","N","","","","","","","","","","",""
"2023058539","1821","4","0","0","0","0","0","0","0","0","4","0","","67","06","2023","5","39.9695","-75.2254","1821","06","0","0","0","0","0","0","1","0","","0","0","0","18","1","0","01","","1","39 58:10.362","2","00","75 13:31.363","0","0","0","0","67301","0","0","0","N","0","0","0","2","67301","0","","1","01","2000","N","N","N","0","","0","0","1","3","2","N","1821","0","5","0","0","2","0","0","2","0","5","03","","N","","","","","","","","","","",""
"2023057693","1300","1","0","0","0","0","0","0","0","0","5","0","","67","06","2023","4","40.0927","-74.9783","1250","06","0","0","0","0","0","1","0","0","","0","0","0","11","1","1","00","N","2","40 05:33.830","4","00","74 58:41.860","3","0","0","0","67301","0","0","0","N","0","0","0","1","67301","0","","6","01","0130","N","N","N","1","","1","0","2","0","0","N","1140","1","4","0","0","0","0","0","2","0","4","04","04","N","","","","","","","","","","",""
"2023058625","1442","0","0","0","1","0","0","0","0","0","8","0","","67","07","2023","2","40.0016","-75.1528","1438","06","0","0","0","0","0","1","0","0","","0","0","0","14","1","1","01","","0","40 00:05.763","","00","75 09:10.529","3","0","0","0","67301","1","0","0","N","0","0","0","2","67505","0","","1","01","","N","N","N","0","","1","0","1","3","2","","1438","1","2","0","0","1","0","0","2","0","1","03","03","N","","","","","","","","","","",""
"2023092703","0440","2","0","0","0","0","0","0","0","0","1","0","","67","10","2023","1","39.954","-75.1889","0335","06","0","0","0","0","0","0","0","0","","0","0","0","03","3","0","00","N","0","39 57:14.293","","00","75 11:19.877","0","0","0","0","67301","0","0","0","N","0","0","0","1","67504","0","","2","01","","N","N","N","0","","0","0","0","0","0","","0330","0","2","0","0","0","0","0","2","0","2","03","03","N","","","","","","","","","","",""
"2023058789","0246","1","0","0","0","0","0","0","0","0","4","0","","67","07","2023","1","40.0506","-75.1421","0245","06","0","0","0","0","0","1","0","0","","0","0","0","01","3","1","01","","0","40 03:02.085","","00","75 08:31.586","2","0","1","1","67301","0","0","0","N","0","0","0","4","67301","0","","1","01","","N","N","N","0","","0","1","1","3","2","","0115","1","3","0","0","0","0","0","2","0","3","03","03","N","","","","","","","","","","",""
"2023060327","1150","0","0","0","0","0","0","0","0","0","1","0","","67","06","2023","6","39.9738","-75.2068","1147","06","0","0","0","0","0","0","1","0","","0","0","0","11","1","0","03","","0","39 58:25.656","","00","75 12:24.451","0","0","0","0","67301","0","0","0","N","0","0","0","2","67301","0","","1","01","","N","N","N","0","","0","0","1","0","0","","1139","0","2","0","0","0","0","0","2","1","2","03","03","N","","","","","","","","","","",""
"2023057704","0839","1","0","0","0","0","0","0","0","0","1","0","","67","06","2023","4","39.9265","-75.2331","0837","06","0","0","0","0","0","0","0","0","","0","0","0","08","1","1","01","","0","39 55:35.252","","00","75 13:59.106","8","0","0","0","67301","0","0","0","N","0","0","0","2","67301","0","","1","01","","N","N","N","0","","0","0","1","3","2","","0809","1","2","0","0","0","1","0","2","0","2","03","03","N","","","","","","","","","","",""
"2023057670","0308","3","0","0","0","0","0","0","0","0","6","0","","67","06","2023","2","40.0411","-75.1064","0308","06","0","0","0","0","0","0","0","0","","0","0","0","02","3","0","00","N","0","40 02:27.900","","00","75 06:22.900","0","0","0","0","67301","0","0","0","N","0","0","0","1","67301","0","","6","09","","N","N","N","0","","0","0","1","0","0","","0238","0","4","0","0","0","0","0","2","0","4","07","07","N","","","","","","","","","","",""
"2023086295","0158","0","0","0","0","0","0","0","0","0","7","0","","67","08","2023","2","39.9713","-75.1234","0152","06","0","0","0","0","1","0","0","0","","0","0","0","01","3","0","00","N","1","39 58:16.725","1","00","75 07:24.344","0","0","0","0","67301","0","0","0","N","0","0","0","2","68K01","0","","4","09","0205","N","N","N","0","","0","0","1","0","0","N","0149","0","1","0","0","0","0","0","2","0","1","07","","N","","","","","","","","","","",""
"2023092003","0628","0","0","0","0","0","0","0","0","0","5","0","","67","10","2023","2","40.0016","-75.1946","0620","06","0","0","0","0","0","0","0","0","","0","0","0","06","3","1","00","N","1","40 00:05.778","4","00","75 11:40.576","4","0","0","0","67301","0","0","0","N","0","0","0","2","68K01","1","","1","01","0640","N","N","N","0","","0","0","2","0","0","Y","0608","1","2","0","0","0","0","0","2","0","2","03","07","N","","","","","","","","","","",""
"2023069375","1115","5","0","0","0","0","0","0","0","0","1","0","","67","08","2023","1","39.971","-75.141","1115","06","0","0","0","0","0","0","0","0","","0","0","0","11","1","2","00","N","0","39 58:15.740","","00","75 08:27.750","4","0","0","0","67301","0","0","0","N","0","0","0","3","67301","2","","1","01","","N","N","N","0","","0","0","2","3","3","","1110","2","7","0","0","1","0","0","2","0","7","03","03","N","","","","","","","","","","",""
"2023061801","1743","1","0","0","0","0","0","0","0","0","4","0","","67","07","2023","1","39.9875","-75.2557","1740","06","0","0","0","0","1","1","0","0","","0","0","0","16","1","0","02","","0","39 59:15.212","","07","75 15:20.379","0","0","0","0","67301","0","0","0","N","0","0","0","2","67301","0","","1","01","","N","N","N","0","","0","0","1","3","3","","1645","0","2","0","0","2","0","0","2","0","2","03","","N","","","","","","","","","","",""
"2023085304","0833","1","0","0","0","0","0","0","0","0","5","0","","67","09","2023","6","39.992","-75.2022","0828","06","0","0","0","0","0","1","0","0","","0","0","0","08","1","0","00","N","0","39 59:31.313","","00","75 12:07.920","0","0","0","0","67301","0","0","0","N","0","0","0","2","68K01","0","","1","01","","N","N","N","1","","0","0","0","0","0","","0826","0","2","0","0","0","0","0","2","0","2","03","","N","","","","","","","","","","",""
"2023059050","2320","1","0","0","0","0","0","0","0","0","7","0","","67","07","2023","7","40.0907","-74.9764","2316","06","0","0","0","0","0","0","0","0","","0","0","0","23","3","1","00","N","1","40 05:26.592","3","00","74 58:35.019","4","0","0","0","67301","0","0","0","N","0","0","0","2","67301","1","","3","01","0100","N","N","N","0","","0","0","1","0","0","Y","2311","1","2","0","0","2","0","0","2","0","2","03","03","N","","","","","","","","","","",""
"2023057828","1630","2","0","0","0","0","0","0","0","0","4","0","","67","06","2023","6","39.9784","-75.1557","1630","06","0","0","0","0","0","1","0","0","","0","0","0","15","1","0","01","","0","39 58:42.131","","00","75 09:20.408","9","0","0","0","67301","0","0","0","N","0","0","0","2","67505","0","","1","01","","N","N","N","0","","0","0","0","3","2","","1545","0","2","0","0","0","0","1","2","0","2","03","03","N","","","","","","","","","","",""
"2023085344","1439","0","0","0","0","0","0","0","0","0","7","0","","67","09","2023","7","39.9978","-75.196","1427","06","0","0","1","0","0","0","0","0","","0","0","0","14","1","0","00","N","2","39 59:52.007","4","00","75 11:45.472","0","0","0","0","67301","0","0","0","N","0","0","0","7","68K01","0","","4","09","1510","N","N","N","0","","0","0","1","0","0","N","1425","0","1","0","0","2","0","0","2","0","1","07","07","N","","","","","","","","","","",""
"2023059049","2112","1","0","0","0","0","0","0","0","0","4","0","","67","07","2023","2","40.1189","-75.018","2112","06","0","0","0","0","0","1","1","0","","0","0","0","21","4","2","01","","0","40 07:07.949","","00","75 01:05.123","3","0","0","0","67301","0","0","0","N","0","0","0","3","67301","0","","1","01","","N","N","N","0","","2","0","1","3","2","","2100","2","2","0","0","0","0","0","2","0","2","03","","N","","","","","","","","","","",""
"2023058459","2132","1","0","0","0","0","0","0","0","0","4","0","","67","06","2023","3","39.9857","-75.2475","2129","06","0","0","0","0","0","0","0","0","","0","0","0","21","3","0","01","","0","39 59:08.457","","00","75 14:51.079","0","0","0","0","67301","0","0","0","N","0","0","0","2","67301","0","","1","09","","N","N","N","0","","0","0","0","3","2","","2124","0","2","0","0","0","0","0","2","1","2","04","07","N","","","","","","","","","","",""