"CRN","ARRIVAL_TM","AUTOMOBILE_COUNT","BELTED_DEATH_COUNT","BELTED_SUSP_SERIOUS_INJ_COUNT","BICYCLE_COUNT","BICYCLE_DEATH_COUNT","BICYCLE_SUSP_SERIOUS_INJ_COUNT","BUS_COUNT","CHLDPAS_DEATH_COUNT","CHLDPAS_SUSP_SERIOUS_INJ_COUNT","COLLISION_TYPE","COMM_VEH_COUNT","CONS_ZONE_SPD_LIM","COUNTY","CRASH_MONTH","CRASH_YEAR","DAY_OF_WEEK","DEC_LAT","DEC_LONG","DISPATCH_TM","DISTRICT","DRIVER_COUNT_16YR","DRIVER_COUNT_17YR","DRIVER_COUNT_18YR","DRIVER_COUNT_19YR","DRIVER_COUNT_20YR","DRIVER_COUNT_50_64YR","DRIVER_COUNT_65_74YR","DRIVER_COUNT_75PLUS","EST_HRS_CLOSED","FATAL_COUNT","HEAVY_TRUCK_COUNT","HORSE_BUGGY_COUNT","HOUR_OF_DAY","ILLUMINATION","INJURY_COUNT","INTERSECT_TYPE","INTERSECTION_RELATED","LANE_CLOSED","LATITUDE","LN_CLOSE_DIR","LOCATION_TYPE","LONGITUDE","MAX_SEVERITY_LEVEL","MCYCLE_DEATH_COUNT","MCYCLE_SUSP_SERIOUS_INJ_COUNT","MOTORCYCLE_COUNT","MUNICIPALITY","NONMOTR_COUNT","NONMOTR_DEATH_COUNT","NONMOTR_SUSP_SERIOUS_INJ_COUNT","NTFY_HIWY_MAINT","PED_COUNT","PED_DEATH_COUNT","PED_SUSP_SERIOUS_INJ_COUNT","PERSON_COUNT","POLICE_AGCY","POSSIBLE_INJ_COUNT","RDWY_SURF_TYPE_CD","RELATION_TO_ROAD","ROAD_CONDITION","ROADWAY_CLEARED","SCH_BUS_IND","SCH_ZONE_IND","SECONDARY_CRASH","SMALL_TRUCK_COUNT","SPEC_JURIS_CD","SUSP_MINOR_INJ_COUNT","SUSP_SERIOUS_INJ_COUNT","SUV_COUNT","TCD_FUNC_CD","TCD_TYPE","TFC_DETOUR_IND","TIME_OF_DAY","TOT_INJ_COUNT","TOTAL_UNITS","UNB_DEATH_COUNT","UNB_SUSP_SERIOUS_INJ_COUNT","UNBELTED_OCC_COUNT","UNK_INJ_DEG_COUNT","UNK_INJ_PER_COUNT","URBAN_RURAL","VAN_COUNT","VEHICLE_COUNT","WEATHER1","WEATHER2","WORK_ZONE_IND","WORK_ZONE_LOC","WORK_ZONE_TYPE","WORKERS_PRES","WZ_CLOSE_DETOUR","WZ_FLAGGER","WZ_LAW_OFFCR_IND","WZ_LN_CLOSURE","WZ_MOVING","WZ_OTHER","WZ_SHLDER_MDN","WZ_WORKERS_INJ_KILLED"
"2023058876","1645","1","0","0","0","0","0","0","0","0","4","0","","67","07","2023","1","39.9458","-75.1748","1640","06","0","0","0","0","0","1","0","0","","0","0","0","16","1","0","01","","1","39 56:45.052","1","00","75 10:29.418","0","0","0","0","67301","0","0","0","N","0","0","0","2","67301","0","","1","01","1730","N","N","N","1","","0","0","0","3","2","N","1615","0","2","0","0","0","0","0","2","0","2","03","03","N","","","","","","","","","","",""
"2023058776","1112","0","0","0","0","0","0","0","0","0","8","0","","67","07","2023","7","40.081","-74.9698","1111","06","0","0","0","0","0","0","1","0","","0","0","0","10","1","1","02","","0","40 04:51.427","","00","74 58:11.377","3","0","0","0","67301","1","0","0","N","1","0","0","2","67301","0","","1","01","","N","N","N","0","","1","0","1","3","3","","1034","1","2","0","0","0","0","0","2","0","1","03","03","N","","","","","","","","","","",""
"2023061795","1723","0","0","0","0","0","0","0","0","0","8","0","","67","06","2023","6","40.0306","-75.0649","1717","06","0","0","0","0","0","0","0","0","","0","0","0","17","1","1","01","","0","40 01:50.060","","00","75 03:53.674","8","0","0","0","67301","1","0","0","N","1","0","0","2","67301","0","","1","01","","N","N","N","1","","0","0","0","0","0","","1716","1","2","0","0","0","1","0","2","0","1","03","03","N","","","","","","","","","","",""
"2023060716","1850","0","0","0","0","0","0","0","0","0","4","0","","67","07","2023","3","39.9879","-75.1234","1836","06","0","0","0","0","0","0","0","0","","0","0","0","18","1","0","01","","0","39 59:16.379","","00","75 07:24.412","0","0","0","0","67301","0","0","0","N","0","0","0","4","67301","0","","1","01","","N","N","N","0","","0","0","2","3","2","","1836","0","2","0","0","0","0","0","2","0","2","03","03","N","","","","","","","","","","",""
"2023058165","1535","0","0","0","0","0","0","0","0","0","8","0","","67","07","2023","7","40.0071","-75.1517","1535","06","0","0","0","0","0","0","1","0","","0","0","0","15","1","1","00","N","0","40 00:25.454","","07","75 09:06.199","3","0","0","0","67301","1","0","0","N","1","0","0","2","67505","0","","1","01","","N","N","N","0","","1","0","1","0","0","","1535","1","2","0","0","0","0","0","2","0","1","03","03","N","","","","","","","","","","",""
"2023085338","1725","1","0","0","0","0","0","0","0","0","1","0","","67","09","2023","6","40.0547","-74.9854","1711","06","0","0","0","0","1","0","0","0","","0","0","0","17","1","0","00","N","2","40 03:16.804","2","00","74 59:07.464","0","0","0","0","67301","0","0","0","N","0","0","0","2","68K01","0","","1","01","1756","N","N","N","1","","0","0","0","0","0","N","1706","0","2","0","0","0","0","0","2","0","2","03","","N","","","","","","","","","","",""
"2023059256","0142","1","0","0","0","0","0","0","0","0","4","0","","67","07","2023","2","39.9854","-75.1614","0140","06","0","0","0","0","0","0","0","0","","0","0","0","01","3","1","01","","0","39 59:07.285","","00","75 09:40.982","3","0","0","0","67301","0","0","0","Y","0","0","0","5","67505","0","","1","01","","N","N","Y","0","","1","0","1","3","2","","0140","1","2","0","0","1","0","0","2","0","2","03","03","N","","","","","","","","","","",""
"2023058769","2200","1","0","0","0","0","0","0","0","0","1","0","","67","07","2023","1","40.0549","-75.0539","2200","06","0","0","0","0","0","1","0","0","","0","0","0","19","4","2","01","","0","40 03:17.783","","00","75 03:14.193","8","0","0","0","67301","0","0","0","N","0","0","0","4","67301","0","","1","99","","N","N","N","0","","0","0","2","3","2","","1905","2","3","0","0","0","2","1","2","0","3","99","","N","","","","","","","","","","",""
"2023085296","0843","1","0","0","0","0","0","0","0","0","1","0","","67","09","2023","3","39.9422","-75.1938","0825","06","0","0","0","0","1","0","0","0","","0","0","0","08","1","0","00","N","2","39 56:31.864","4","00","75 11:37.645","0","0","0","0","67301","0","0","0","N","0","0","0","2","68K01","0","","1","01","0857","N","N","N","0","","0","0","1","0","0","N","0822","0","2","0","0","0","0","0","2","0","2","03","","N","","","","","","","","","","",""
"2023058128","1857","1","0","0","0","0","0","0","0","0","4","0","","67","06","2023","5","40.0385","-75.2115","1845","06","0","0","0","0","0","0","0","0","","0","0","0","18","1","2","02","","1","40 02:18.527","6","00","75 12:41.268","3","0","0","0","67301","0","0","0","N","0","0","0","3","67301","0","","1","01","1900","N","N","Y","0","","2","0","1","0","0","N","1844","2","2","0","0","2","0","1","2","0","2","03","04","N","","","","","","","","","","",""
"2023058886","0830","1","0","0","0","0","0","0","0","0","8","0","","67","07","2023","2","40.0398","-75.1445","0830","06","0","0","0","0","0","0","0","0","","0","0","0","08","1","1","01","","0","40 02:23.374","","00","75 08:40.028","3","0","0","0","67301","1","0","0","N","1","0","0","2","67301","0","","1","01","","N","N","N","0","","1","0","0","3","2","","0806","1","2","0","0","0","0","0","2","0","1","03","03","N","","","","","","","","","","",""
"2023058006","1253","0","0","0","0","0","0","0","0","0","7","0","","67","06","2023","5","40.0533","-75.0032","1248","06","0","0","0","0","0","0","0","0","","0","0","0","12","1","1","00","N","0","40 03:11.962","","00","75 00:11.423","3","0","0","0","67301","0","0","0","N","0","0","0","1","67301","0","","4","01","","N","N","N","0","","1","0","1","0","0","","1240","1","1","0","0","0","0","0","2","0","1","03","","N","","","","","","","","","","",""
"2023057714","0052","1","0","0","0","0","0","0","0","0","7","0","","67","06","2023","3","40.0367","-75.1875","0045","06","0","0","0","0","0","0","0","0","","0","0","0","00","3","0","03","","0","40 02:12.212","","00","75 11:15.028","0","0","0","0","67301","0","0","0","N","0","0","0","1","67301","0","","5","09","","N","N","N","0","","0","0","0","3","2","","0043","0","1","0","0","0","0","0","2","0","1","07","","N","","","","","","","","","","",""
"2023086135","0545","0","0","0","0","0","0","0","0","0","7","1","","67","09","2023","7","39.9599","-75.141","0535","06","0","0","0","0","0","0","0","0","","0","1","0","05","3","1","00","N","0","39 57:35.690","","02","75 08:27.520","8","0","0","0","67301","0","0","0","N","0","0","0","1","68K01","0","","2","09","","N","N","N","0","","0","0","0","0","0","","0524","1","1","0","0","0","1","0","2","0","1","07","","N","","","","","","","","","","",""
"2023062091","2049","2","0","0","0","0","0","0","0","0","5","0","","67","07","2023","2","39.9107","-75.1599","2046","06","0","0","0","1","0","0","0","0","","0","0","0","20","3","2","00","N","0","39 54:38.500","","03","75 09:35.600","2","0","0","0","67301","0","0","0","N","0","0","0","4","67501","0","","1","01","","N","N","N","0","","1","1","1","0","0","","2040","2","3","0","0","0","0","0","2","0","3","03","03","N","","","","","","","","","","",""
"2023058536","0550","0","0","0","0","0","0","0","0","0","4","0","","67","06","2023","4","39.9747","-75.1984","0544","06","0","0","0","0","0","0","0","0","","0","0","0","05","5","0","02","","0","39 58:28.972","","02","75 11:54.269","0","0","0","0","67301","0","0","0","N","0","0","0","2","67301","0","","1","01","","N","N","N","1","","0","0","1","3","2","","0543","0","2","0","0","1","0","0","2","0","2","03","03","N","","","","","","","","","","",""
"2023058867","1835","0","0","0","0","0","0","0","0","2","1","0","","67","06","2023","3","40.1157","-74.9854","1827","06","0","0","0","1","0","0","0","0","","0","0","0","18","1","4","00","N","0","40 06:56.600","","00","74 59:07.592","2","0","0","0","67301","0","0","0","N","0","0","0","5","67301","0","","1","09","","N","N","N","0","","0","4","2","0","0","","1814","4","2","0","1","1","0","0","2","0","2","07","07","N","","","","","","","","","","",""
"2023057672","0050","1","0","0","0","0","0","0","0","0","1","0","","67","06","2023","3","40.0376","-75.0741","0040","06","0","0","0","0","0","0","0","0","","0","0","0","00","3","0","00","N","0","40 02:15.350","","00","75 04:26.740","9","0","0","0","67301","0","0","0","N","0","0","0","1","67301","0","","6","09","","N","N","N","0","","0","0","2","0","0","","0015","0","4","0","0","0","0","1","2","1","4","07","07","N","","","","","","","","","","",""
"2023058463","0026","2","0","0","0","0","0","0","0","0","6","0","","67","06","2023","6","40.0323","-75.1479","0025","06","0","0","0","0","0","0","0","0","","0","0","0","00","3","0","00","N","0","40 01:56.300","","00","75 08:52.400","0","0","0","0","67301","0","0","0","N","0","0","0","1","67301","0","","6","01","","N","N","N","0","","0","0","0","0","0","","0023","0","2","0","0","1","0","0","2","0","2","03","03","N","","","","","","","","","","",""
"2023062204","0050","0","0","0","0","0","0","0","0","0","5","0","","67","06","2023","5","40.0159","-75.1538","0032","06","0","0","0","0","0","0","0","0","","0","0","0","00","3","1","01","","0","40 00:57.144","","00","75 09:13.828","3","0","0","0","67301","0","0","0","N","0","0","0","2","67301","0","","1","01","","N","N","N","0","","1","0","2","3","2","","0030","1","2","0","0","1","0","0","2","0","2","03","03","N","","","","","","","","","","",""
"2023085341","1317","1","0","0","0","0","0","0","0","0","7","0","","67","09","2023","7","39.9918","-75.0858","1308","06","0","0","0","0","0","1","0","0","","0","0","0","13","1","1","00","N","0","39 59:30.378","","00","75 05:08.981","8","0","0","0","67301","0","0","0","N","0","0","0","4","68K01","0","","4","09","","N","N","N","1","","0","0","0","0","0","","1304","1","2","0","0","1","1","0","2","0","2","07","","N","","","","","","","","","","",""
"2023058328","1519","0","0","0","0","0","0","0","0","0","1","0","","67","07","2023","7","39.9119","-75.1698","1518","06","0","0","0","0","0","2","0","0","","0","0","0","15","1","1","00","N","0","39 54:42.951","","03","75 10:11.168","3","0","0","0","67301","0","0","0","N","0","0","0","8","67501","0","","1","01","","N","N","N","0","","1","0","2","3","8","","1515","1","2","0","0","0","0","0","2","0","2","03","03","N","","","","","","","","","","",""
"2023085367","2355","2","0","0","0","0","0","0","0","0","4","0","","67","09","2023","1","40.0683","-75.1765","2352","06","0","0","0","0","0","0","0","0","","0","0","0","23","3","1","01","","0","40 04:05.775","","00","75 10:35.292","8","0","0","0","67301","0","0","0","N","0","0","0","2","67301","0","","1","09","","N","N","N","0","","0","0","0","3","3","","2321","1","2","0","0","0","1","1","2","0","2","07","03","N","","","","","","","","","","",""
"2023060433","1026","1","0","0","0","0","0","0","0","0","2","0","","67","07","2023","3","39.9961","-75.1142","1026","06","0","0","0","0","0","1","0","0","","0","0","0","10","1","1","00","N","2","39 59:45.820","5","01","75 06:51.220","3","0","0","1","67301","0","0","0","N","0","0","0","2","67301","0","","1","01","1100","N","N","N","0","","1","0","0","0","0","Y","1026","1","2","0","0","0","0","0","2","0","2","03","03","N","","","","","","","","","","",""
"2023085217","0108","1","0","0","0","0","0","0","0","0","4","0","","67","09","2023","1","40.0522","-75.1308","0101","06","0","0","0","0","0","0","0","0","","0","0","0","00","3","1","01","","0","40 03:07.956","","00","75 07:50.768","3","0","0","0","67301","0","0","0","N","0","0","0","1","67301","0","","1","09","","N","N","N","0","","1","0","1","3","2","","0033","1","2","0","0","0","0","0","2","0","2","07","04","N","","","","","","","","","","",""
"2023061119","2255","2","0","0","0","0","0","0","0","0","4","0","","67","06","2023","6","39.9971","-75.1538","2245","06","0","0","0","0","0","0","0","0","","0","0","0","22","3","0","00","N","1","39 59:49.593","1","07","75 09:13.575","0","0","0","0","67301","0","0","0","N","0","0","0","2","67508","0","","1","01","9999","N","N","Y","0","","0","0","0","0","0","N","2245","0","2","0","0","0","0","0","2","0","2","03","03","N","","","","","","","","","","",""
"2023085149","2044","1","0","0","0","0","0","0","0","0","2","0","","67","09","2023","7","39.9333","-75.1434","2044","06","0","0","0","0","0","0","0","0","","0","0","0","20","3","2","02","","0","39 55:59.902","","00","75 08:36.154","3","0","0","0","67301","0","0","0","N","0","0","0","3","67301","1","","1","09","","N","N","N","0","","1","0","1","3","3","","2004","2","2","0","0","0","0","1","2","0","2","07","","N","","","","","","","","","","",""
"2023057403","1100","0","0","0","0","0","0","0","0","0","8","0","","67","06","2023","5","39.9808","-75.1503","1100","06","0","0","0","0","0","0","0","0","","0","0","0","08","1","1","01","","0","39 58:50.948","","00","75 09:01.224","3","0","0","0","67301","1","0","0","N","1","0","0","2","67505","0","","1","01","","N","N","N","0","","1","0","1","3","2","","0810","1","2","0","0","1","0","0","2","0","1","03","03","N","","","","","","","","","","",""
"2023085167","0032","2","0","0","0","0","0","0","0","0","4","1","","67","09","2023","5","39.9316","-75.2291","0020","06","0","0","0","0","0","0","0","0","","0","1","0","23","3","0","00","N","0","39 55:53.770","","00","75 13:44.650","9","0","0","0","67301","0","0","0","N","0","0","0","1","67301","0","","1","01","","N","N","N","0","","0","0","0","0","0","","2354","0","3","0","0","1","0","1","2","0","3","03","03","N","","","","","","","","","","",""
"2023085791","0310","1","0","0","0","0","0","0","0","0","1","1","","67","09","2023","5","40.0275","-75.0991","0306","06","0","0","0","0","0","1","0","0","","0","1","0","02","3","1","01","","1","40 01:39.097","1","00","75 05:56.781","3","0","0","0","67301","0","0","0","N","0","0","0","4","67301","0","","1","01","0330","N","N","N","0","","1","0","1","3","2","N","0240","1","3","0","0","0","0","0","2","0","3","03","03","N","","","","","","","","","","",""
"2023059048","0030","1","0","0","0","0","0","0","0","0","8","0","","67","07","2023","7","39.9554","-75.1391","0024","06","0","0","0","0","0","0","0","0","","0","0","0","23","3","1","02","","0","39 57:19.465","","00","75 08:21.682","3","0","0","0","67301","1","0","0","N","1","0","0","2","67301","0","","1","01","","N","N","N","0","","1","0","0","0","0","","2310","1","2","0","0","1","0","0","2","0","1","04","04","N","","","","","","","","","","",""
"2023059055","0310","2","0","0","0","0","0","0","0","0","4","0","","67","06","2023","6","40.0105","-75.1608","0301","06","0","0","0","0","0","1","0","0","","0","0","0","03","3","1","01","","0","40 00:37.748","","00","75 09:38.843","4","0","0","0","67301","0","0","0","N","0","0","0","2","67301","1","","1","01","","N","N","N","0","","0","0","0","3","3","","0300","1","2","0","0","0","0","1","2","0","2","03","","N","","","","","","","","","","",""
"2023067901","1540","1","0","0","0","0","0","0","0","0","1","0","","67","06","2023","4","39.9867","-75.0913","1527","06","0","0","0","0","0","0","0","1","","0","0","0","15","1","3","00","N","2","39 59:11.967","1","03","75 05:28.545","3","0","0","0","67301","0","0","0","N","0","0","0","3","68K01","0","","1","01","1550","N","N","N","0","","3","0","1","0","0","N","1524","3","2","0","0","0","0","0","2","0","2","03","03","N","","","","","","","","","","",""
"2023060092","1137","3","0","0","0","0","0","0","0","0","5","0","","67","07","2023","2","39.933","-75.1728","1137","06","0","0","0","0","0","0","0","0","","0","0","0","11","1","1","00","N","1","39 55:58.680","2","00","75 10:22.020","3","0","0","0","67301","0","0","0","N","0","0","0","1","67301","0","","6","01","1230","N","N","N","0","","1","0","1","0","0","N","1123","1","4","0","0","0","0","0","2","0","4","03","03","N","","","","","","","","","","",""
"2023061326","1531","1","0","0","0","0","0","0","0","0","1","0","","67","06","2023","5","39.9524","-75.1822","1524","06","0","0","0","0","0","1","0","0","","0","0","0","15","1","0","00","N","0","39 57:08.625","","03","75 10:56.067","0","0","0","0","67301","0","0","0","N","0","0","0","2","68K01","0","","1","01","","N","N","N","1","","0","0","0","0","0","","1519","0","2","0","0","0","0","0","2","0","2","03","03","N","","","","","","","","","","",""
"2023060976","0900","2","0","0","0","0","0","0","0","0","5","0","","67","07","2023","3","40.0331","-75.0375","0852","06","0","0","0","0","1","0","0","0","","0","0","0","08","1","1","00","N","1","40 01:59.189","6","00","75 02:15.142","4","0","0","0","67301","0","0","0","N","0","0","0","2","67301","1","","1","01","0100","N","N","N","0","","0","0","1","0","0","N","0812","1","3","0","0","0","0","0","2","0","3","04","","N","","","","","","","","","","",""
"2023058910","1506","4","0","0","0","0","0","0","0","0","5","0","","67","07","2023","2","39.9072","-75.1415","1505","06","0","0","0","0","1","0","0","0","","0","0","0","15","1","0","00","N","1","39 54:26.000","3","03","75 08:29.500","0","0","0","0","67301","0","0","0","N","0","0","0","5","67501","0","","1","01","1620","N","N","N","0","","0","0","0","3","8","N","1502","0","4","0","0","0","0","0","2","0","4","03","03","N","","","","","","","","","","",""
"2023058878","0015","3","0","0","0","0","0","0","0","0","5","0","","67","07","2023","7","39.9578","-75.232","0015","06","0","0","0","0","0","0","0","0","","0","0","0","23","3","1","00","N","1","39 57:27.978","4","00","75 13:55.331","3","0","0","0","67301","0","0","0","N","0","0","0","2","67301","0","","1","01","0200","N","N","Y","0","","1","0","1","0","0","N","2342","1","5","0","0","1","0","0","2","1","5","03","03","N","","","","","","","","","","",""
"2023085792","1431","0","0","0","0","0","0","0","0","0","8","0","","67","09","2023","2","40.0186","-75.082","1426","06","0","0","0","0","0","0","0","0","","0","0","0","14","1","1","02","","0","40 01:06.834","","00","75 04:55.077","3","0","0","0","67301","2","0","0","N","2","0","0","3","67301","0","","1","01","","N","N","Y","0","","1","0","1","0","0","","1425","1","3","0","0","1","0","0","2","0","1","04","","N","","","","","","","","","","",""
"2023060096","0847","1","0","0","0","0","0","0","0","0","4","0","","67","06","2023","6","39.9951","-75.1886","0847","06","0","0","0","0","0","0","0","0","","0","0","0","07","1","2","02","","2","39 59:42.421","7","00","75 11:18.931","3","0","0","0","67301","0","0","0","N","0","0","0","3","67301","0","","1","01","0820","N","N","N","0","","2","0","2","3","3","Y","0749","2","3","0","0","0","0","1","2","0","3","03","03","N","","","","","","","","","","",""
"2023085673","1735","0","0","0","0","0","0","0","0","0","7","0","","67","09","2023","2","39.9196","-75.2032","1732","06","0","0","0","0","0","0","0","0","","0","0","0","17","1","0","00","N","2","39 55:10.663","4","03","75 12:11.404","9","0","0","0","67301","0","0","0","N","0","0","0","1","67301","0","","5","09","1835","N","N","N","0","","0","0","1","0","0","N","1730","0","1","0","0","0","0","1","2","0","1","07","07","N","","","","","","","","","","",""
"2023058131","1630","1","0","0","0","0","0","0","0","0","4","0","","67","06","2023","6","39.9351","-75.1847","1625","06","0","0","0","0","0","0","0","0","","0","0","0","15","1","1","01","","0","39 56:06.381","","00","75 11:05.074","3","0","0","0","67301","0","0","0","N","0","0","0","2","67301","0","","1","01","","N","N","N","0","","1","0","0","3","3","","1518","1","2","0","0","1","0","0","2","1","2","03","03","N","","","","","","","","","","",""
"2023057715","1350","2","0","0","0","0","0","0","0","0","4","0","","67","06","2023","5","40.0355","-75.1788","1350","06","0","0","0","0","0","0","0","0","","0","0","0","13","1","0","01","","0","40 02:07.785","","00","75 10:43.557","0","0","0","0","67301","0","0","0","N","0","0","0","2","67301","0","","1","01","","N","N","N","0","","0","0","0","3","2","","1350","0","2","0","0","2","0","0","2","0","2","03","03","N","","","","","","","","","","",""
"2023085157","2155","0","0","0","0","0","0","0","0","0","7","0","","67","09","2023","7","40.0927","-75.0473","2146","06","0","0","0","0","0","1","0","0","","0","0","0","21","3","1","02","","0","40 05:33.894","","00","75 02:50.144","3","0","0","0","67301","0","0","0","N","0","0","0","1","67301","0","","5","09","","N","N","N","0","","1","0","1","3","3","","2113","1","1","0","0","0","0","0","2","0","1","07","","N","","","","","","","","","","",""
"2023058777","1555","0","0","0","0","0","0","0","0","0","5","0","","67","07","2023","7","40.0951","-74.9817","1351","06","0","0","0","0","0","2","0","0","","0","0","0","13","1","1","00","N","0","40 05:42.404","","00","74 58:54.093","2","0","1","1","67301","0","0","0","N","0","0","0","2","67301","0","","1","01","","N","N","N","0","","0","1","1","0","0","","1350","1","2","0","0","0","0","0","2","0","2","03","03","N","","","","","","","","","","",""
"2023083936","0825","1","0","0","0","0","0","1","0","0","1","1","","67","09","2023","5","40.0242","-75.0465","0815","06","0","0","1","0","0","1","0","0","","0","0","0","08","1","0","01","N","0","40 01:27.246","","00","75 02:47.562","0","0","0","0","67301","0","0","0","N","0","0","0","2","67508","0","","1","01","","N","N","Y","0","","0","0","0","0","0","","0815","0","2","0","0","1","0","0","2","0","2","03","03","N","","","","","","","","","","",""
"2023064658","1841","1","0","0","0","0","0","0","0","0","7","0","","67","07","2023","3","39.9132","-75.1815","1832","06","0","0","0","0","0","0","0","0","","0","0","0","18","1","0","00","N","0","39 54:47.600","","03","75 10:53.300","0","0","0","0","67301","0","0","0","N","0","0","0","1","67501","0","","3","09","","N","N","N","0","","0","0","0","0","0","","1832","0","1","0","0","0","0","0","2","0","1","07","04","N","","","","","","","","","","",""
"2023058873","2115","2","0","0","0","0","0","0","0","0","4","0","","67","07","2023","1","39.9358","-75.2311","2115","06","0","0","0","0","0","0","0","0","","0","0","0","21","3","0","01","","2","39 56:08.912","5","00","75 13:51.920","0","0","0","0","67301","0","0","0","N","0","0","0","4","67301","0","","1","01","1030","N","N","N","1","","0","0","0","3","2","Y","2115","0","3","0","0","1","0","0","2","0","3","03","","N","","","","","","","","","","",""
"2023062184","2343","1","0","0","0","0","0","0","0","0","4","0","","67","07","2023","2","39.9711","-75.2287","2343","06","0","0","0","0","0","0","0","0","","0","0","0","05","3","0","01","","0","39 58:15.920","","00","75 13:43.424","9","0","0","0","67301","0","0","0","N","0","0","0","2","67301","0","","1","01","","N","N","N","0","","0","0","1","3","2","","0507","0","2","0","0","1","0","2","2","0","2","03","03","N","","","","","","","","","","",""
"2023058819","0232","1","0","0","0","0","0","0","0","0","7","0","","67","07","2023","3","40.0016","-75.1528","0231","06","0","0","0","0","0","0","0","0","","0","0","0","02","3","0","01","","0","40 00:05.763","","00","75 09:10.529","0","0","0","0","67301","0","0","0","N","0","0","0","1","67505","0","","3","09","","N","N","N","0","","0","0","0","3","2","","0200","0","1","0","0","1","0","0","2","0","1","07","04","N","","","","","","","","","","",""
"2023085787","1716","1","0","0","0","0","0","0","0","0","7","0","","67","09","2023","3","40.0545","-75.0521","1710","06","0","0","0","0","0","0","0","0","","0","0","0","17","1","1","00","N","0","40 03:16.230","","07","75 03:07.690","8","0","0","0","67301","0","0","0","N","0","0","0","4","67301","0","","5","09","","N","N","N","0","","0","0","0","0","0","","1705","1","1","0","0","0","1","3","2","0","1","04","07","N","","","","","","","","","","",""
"2023059891","2105","1","0","0","0","0","0","0","0","0","4","0","","67","07","2023","1","39.9642","-75.2219","2105","06","0","0","0","0","0","2","0","0","","0","0","0","20","4","1","01","","0","39 57:51.253","","00","75 13:18.915","3","0","0","0","67301","0","0","0","N","0","0","0","2","67301","0","","1","01","","N","N","N","0","","1","0","1","3","2","","2050","1","2","0","0","0","0","0","2","0","2","04","04","N","","","","","","","","","","",""
"2023058865","1720","0","0","0","0","0","0","0","0","0","1","0","","67","07","2023","1","40.0503","-75.067","1717","06","0","0","0","0","0","1","0","0","","0","0","0","16","1","2","00","N","0","40 03:01.204","","00","75 04:01.073","3","0","0","0","67301","0","0","0","N","0","0","0","5","67301","0","","1","01","","N","N","N","1","","2","0","2","0","0","","1654","2","3","0","0","0","0","1","2","0","3","03","03","N","","","","","","","","","","",""
"2023058874","1225","1","0","0","0","0","0","0","0","0","4","0","","67","07","2023","7","40.078","-75.2107","1218","06","0","0","0","0","0","1","1","0","","0","0","0","12","1","2","01","","1","40 04:40.713","3","00","75 12:38.397","3","0","0","0","67301","0","0","0","N","0","0","0","3","67301","0","","1","01","0030","N","N","Y","0","","2","0","1","3","2","Y","1206","2","2","0","0","0","0","0","2","0","2","03","03","N","","","","","","","","","","",""
"2023085153","1025","1","0","0","0","0","0","1","0","0","4","1","","67","09","2023","2","39.9553","-75.1494","1016","06","0","0","0","0","0","0","0","0","","0","0","0","10","1","1","00","N","2","39 57:18.900","2","00","75 08:57.780","3","0","0","0","67301","0","0","0","N","0","0","0","2","67301","0","","1","09","1115","N","N","N","0","","1","0","0","0","0","N","1000","1","2","0","0","0","0","0","2","0","2","07","","N","","","","","","","","","","",""
"2023061797","1923","0","0","0","0","0","0","0","0","0","5","0","","67","07","2023","1","40.023","-75.0519","1920","06","0","0","0","0","0","1","0","0","","0","0","0","17","1","0","00","N","2","40 01:22.910","1","00","75 03:06.740","0","0","0","0","67301","0","0","0","N","0","0","0","1","67301","0","","6","01","1955","N","N","N","0","","0","0","3","0","0","Y","1742","0","3","0","0","0","0","0","2","0","3","03","03","N","","","","","","","","","","",""
"2023085586","2031","1","0","0","0","0","0","0","0","0","1","0","","67","09","2023","5","39.9956","-75.1974","2012","06","0","0","0","0","0","0","1","0","","0","0","0","20","3","0","00","N","2","39 59:44.132","4","00","75 11:50.682","0","0","0","0","67301","0","0","0","N","0","0","0","2","68K01","0","","1","01","2111","N","N","N","0","","0","0","1","0","0","N","2006","0","2","0","0","0","0","0","2","0","2","03","03","N","","","","","","","","","","",""
"2023085216","0200","1","0","0","0","0","0","0","0","0","4","0","","67","09","2023","6","40.0531","-75.1378","0155","06","0","0","0","1","0","0","0","0","","0","0","0","22","3","1","01","","0","40 03:11.203","","00","75 08:15.971","3","0","0","0","67301","0","0","0","N","0","0","0","2","67301","0","","1","09","","N","N","N","0","","1","0","1","3","2","","2257","1","2","0","0","0","0","1","2","0","2","07","07","N","","","","","","","","","","",""
"2023084628","1845","1","0","0","0","0","0","0","0","0","2","0","","67","09","2023","1","39.9767","-75.1649","1842","06","0","0","0","0","0","0","0","0","","0","0","0","18","3","1","01","N","0","39 58:36.055","","00","75 09:53.625","8","0","0","0","67301","0","0","0","N","0","0","0","2","67505","0","","1","09","","N","N","Y","0","","0","0","1","3","2","","1841","1","2","0","0","0","1","0","2","0","2","07","","N","","","","","","","","","","",""
"2023058870","1927","1","0","0","0","0","0","0","0","0","4","0","","67","06","2023","6","39.9246","-75.2331","1927","06","0","0","1","0","0","0","0","0","","0","0","0","19","1","2","01","","0","39 55:28.412","","00","75 13:59.232","3","0","0","0","67301","0","0","0","N","0","0","0","2","67301","0","","1","01","","N","N","N","1","","2","0","2","3","2","","1927","2","4","0","0","0","0","0","2","0","4","03","03","N","","","","","","","","","","",""