"CRN","ARRIVAL_TM","AUTOMOBILE_COUNT","BELTED_DEATH_COUNT","BELTED_SUSP_SERIOUS_INJ_COUNT","BICYCLE_COUNT","BICYCLE_DEATH_COUNT","BICYCLE_SUSP_SERIOUS_INJ_COUNT","BUS_COUNT","CHLDPAS_DEATH_COUNT","CHLDPAS_SUSP_SERIOUS_INJ_COUNT","COLLISION_TYPE","COMM_VEH_COUNT","CONS_ZONE_SPD_LIM","COUNTY","CRASH_MONTH","CRASH_YEAR","DAY_OF_WEEK","DEC_LAT","DEC_LONG","DISPATCH_TM","DISTRICT","DRIVER_COUNT_16YR","DRIVER_COUNT_17YR","DRIVER_COUNT_18YR","DRIVER_COUNT_19YR","DRIVER_COUNT_20YR","DRIVER_COUNT_50_64YR","DRIVER_COUNT_65_74YR","DRIVER_COUNT_75PLUS","EST_HRS_CLOSED","FATAL_COUNT","HEAVY_TRUCK_COUNT","HORSE_BUGGY_COUNT","HOUR_OF_DAY","ILLUMINATION","INJURY_COUNT","INTERSECT_TYPE","INTERSECTION_RELATED","LANE_CLOSED","LATITUDE","LN_CLOSE_DIR","LOCATION_TYPE","LONGITUDE","MAX_SEVERITY_LEVEL","MCYCLE_DEATH_COUNT","MCYCLE_SUSP_SERIOUS_INJ_COUNT","MOTORCYCLE_COUNT","MUNICIPALITY","NONMOTR_COUNT","NONMOTR_DEATH_COUNT","NONMOTR_SUSP_SERIOUS_INJ_COUNT","NTFY_HIWY_MAINT","PED_COUNT","PED_DEATH_COUNT","PED_SUSP_SERIOUS_INJ_COUNT","PERSON_COUNT","POLICE_AGCY","POSSIBLE_INJ_COUNT","RDWY_SURF_TYPE_CD","RELATION_TO_ROAD","ROAD_CONDITION","ROADWAY_CLEARED","SCH_BUS_IND","SCH_ZONE_IND","SECONDARY_CRASH","SMALL_TRUCK_COUNT","SPEC_JURIS_CD","SUSP_MINOR_INJ_COUNT","SUSP_SERIOUS_INJ_COUNT","SUV_COUNT","TCD_FUNC_CD","TCD_TYPE","TFC_DETOUR_IND","TIME_OF_DAY","TOT_INJ_COUNT","TOTAL_UNITS","UNB_DEATH_COUNT","UNB_SUSP_SERIOUS_INJ_COUNT","UNBELTED_OCC_COUNT","UNK_INJ_DEG_COUNT","UNK_INJ_PER_COUNT","URBAN_RURAL","VAN_COUNT","VEHICLE_COUNT","WEATHER1","WEATHER2","WORK_ZONE_IND","WORK_ZONE_LOC","WORK_ZONE_TYPE","WORKERS_PRES","WZ_CLOSE_DETOUR","WZ_FLAGGER","WZ_LAW_OFFCR_IND","WZ_LN_CLOSURE","WZ_MOVING","WZ_OTHER","WZ_SHLDER_MDN","WZ_WORKERS_INJ_KILLED"
"2023054012","1650","3","0","0","0","0","0","0","0","0","5","0","","67","06","2023","5","39.9534","-75.1531","1648","06","0","0","1","0","0","0","0","0","","0","0","0","16","1","1","00","N","0","39 57:12.100","","00","75 09:11.100","3","0","0","0","67301","0","0","0","N","0","0","0","6","67301","0","","1","01","","N","N","N","0","","1","0","0","0","0","","1623","1","3","0","0","0","0","0","2","0","3","03","03","N","","","","","","","","","","",""
"2023054014","1322","0","0","0","0","0","0","0","0","0","4","0","","67","06","2023","7","40.1206","-75.0272","1310","06","0","0","0","0","0","0","0","0","","0","0","0","13","1","1","00","N","0","40 07:14.250","","00","75 01:37.930","3","0","0","0","67301","0","0","0","N","0","0","0","2","67301","0","","1","01","","N","N","N","0","","1","0","1","0","0","","1307","1","2","0","0","0","0","0","2","1","2","03","03","N","","","","","","","","","","",""
"2023061816","0355","3","0","0","0","0","0","0","0","0","5","0","","67","06","2023","7","39.9715","-75.1257","0355","06","0","0","0","0","0","0","0","0","","0","0","0","03","3","0","00","N","2","39 58:17.280","3","00","75 07:32.680","0","0","0","0","67301","0","0","0","N","0","0","0","1","67301","0","","6","01","0515","N","N","N","1","","0","0","0","0","0","Y","0337","0","4","0","0","0","0","0","2","0","4","03","","N","","","","","","","","","","",""
"2023080473","1819","1","0","0","0","0","0","0","0","0","5","0","","67","08","2023","3","39.935","-75.2352","1819","06","0","0","0","0","0","0","0","0","","0","0","0","18","1","1","01","","0","39 56:06.028","","00","75 14:06.874","3","0","0","0","67301","0","0","0","N","0","0","0","1","67301","0","","1","01","","N","N","N","0","","1","0","2","3","2","","1819","1","3","0","0","1","0","0","2","0","3","03","03","N","","","","","","","","","","",""
"2023080406","0357","1","0","0","0","0","0","0","0","0","1","1","","67","07","2023","2","40.0192","-75.0455","0346","06","0","0","0","0","0","1","0","0","","0","1","0","03","3","2","00","N","0","40 01:09.227","","00","75 02:43.740","3","0","0","0","67301","0","0","0","N","0","0","0","4","68K01","0","","1","01","","N","N","N","0","","1","0","1","0","0","","0344","2","3","0","0","1","1","0","2","0","3","03","","N","","","","","","","","","","",""
"2023053830","0005","2","0","0","0","0","0","0","0","0","1","0","","67","06","2023","5","39.9546","-75.2068","0004","06","0","0","0","0","0","0","0","0","","0","0","0","00","3","1","00","N","1","39 57:16.689","4","00","75 12:24.334","8","0","0","0","67301","0","0","0","N","0","0","0","1","67301","0","","6","01","0313","N","N","N","0","","0","0","0","0","0","N","0003","1","2","0","0","1","1","0","2","0","2","03","03","N","","","","","","","","","","",""
"2023080167","2109","3","0","0","0","0","0","0","0","0","1","0","","67","08","2023","7","39.9904","-75.2496","2107","06","0","0","0","0","0","0","0","0","","0","0","0","21","3","1","00","N","2","39 59:25.183","2","03","75 14:59.188","3","0","0","0","67301","0","0","0","N","0","0","0","4","46104","0","","1","01","2201","N","N","Y","0","","1","0","0","3","2","Y","2106","1","3","0","0","0","0","0","2","0","3","03","","N","","","","","","","","","","",""
"2023053827","2320","1","0","0","0","0","0","0","0","0","4","0","","67","06","2023","3","39.9562","-75.1941","2315","06","0","0","0","0","0","0","0","0","","0","0","0","22","3","0","01","","1","39 57:22.143","2","00","75 11:38.865","0","0","0","0","67301","0","0","0","N","0","0","0","2","67301","0","","1","01","0010","N","N","N","0","","0","0","1","3","2","N","2200","0","2","0","0","0","0","0","2","0","2","03","03","N","","","","","","","","","","",""
"2023063654","0052","1","0","0","0","0","0","0","0","0","5","0","","67","06","2023","7","39.9151","-75.1897","0052","06","0","0","0","0","0","0","0","0","","0","0","0","00","3","0","00","N","2","39 54:54.200","4","03","75 11:22.900","9","0","0","0","67301","0","0","0","N","0","0","0","5","67501","0","","1","09","0122","N","N","N","0","","0","0","0","0","0","Y","0050","0","2","0","0","0","0","1","2","0","2","04","","N","","","","","","","","","","",""
"2023055512","1359","1","0","0","0","0","0","0","0","0","4","0","","67","06","2023","1","39.9661","-75.2185","1359","06","0","0","0","0","0","0","1","0","","0","0","0","13","1","1","01","","0","39 57:58.075","","00","75 13:06.614","3","0","0","0","67301","0","0","0","N","0","0","0","2","67301","0","","1","01","","N","N","N","0","","1","0","2","3","2","","1357","1","3","0","0","0","0","0","2","0","3","03","03","N","","","","","","","","","","",""
"2023054509","1649","1","0","0","0","0","0","0","0","0","5","0","","67","06","2023","7","39.9672","-75.1944","1646","06","0","0","0","0","0","0","0","0","","0","0","0","16","1","1","00","N","2","39 58:01.990","4","00","75 11:39.830","3","0","0","0","67301","0","0","0","N","0","0","0","4","67301","0","","6","01","2110","N","N","N","0","","1","0","2","0","0","Y","1645","1","3","0","0","0","0","0","2","0","3","03","","N","","","","","","","","","","",""
"2023058866","1415","0","0","0","0","0","0","0","0","0","8","0","","67","06","2023","4","39.9493","-75.1642","1415","06","0","0","0","0","0","0","0","0","","0","0","0","14","1","1","01","","0","39 56:57.599","","00","75 09:51.029","2","0","0","0","67301","1","0","1","N","1","0","1","2","67301","0","","1","99","","N","N","N","0","","0","1","1","3","2","","1415","1","2","0","0","1","0","0","2","0","1","03","03","N","","","","","","","","","","",""
"2023077446","1005","0","0","0","0","0","0","2","0","0","1","2","","67","08","2023","4","39.917","-75.173","1000","06","0","0","0","0","0","1","1","0","","0","0","0","10","1","6","01","","0","39 55:01.171","","00","75 10:22.889","8","0","0","0","67301","0","0","0","N","0","0","0","8","67508","0","","1","01","","N","N","N","0","","0","0","0","3","2","","1000","6","2","0","0","0","6","0","2","0","2","03","03","N","","","","","","","","","","",""
"2023080471","1545","1","0","0","0","0","0","0","0","0","5","0","","67","09","2023","6","39.969","-75.1599","1545","06","0","0","0","0","0","0","0","0","","0","0","0","10","1","1","00","N","9","39 58:08.536","","00","75 09:35.658","3","0","0","0","67301","0","0","0","N","0","0","0","1","67301","0","","1","99","","N","N","N","0","","1","0","0","0","0","","1049","1","2","0","0","0","0","0","2","0","2","03","03","N","","","","","","","","","","",""
"2023054816","0335","1","0","0","0","0","0","0","0","0","4","0","","67","06","2023","5","40.0241","-75.1306","0327","06","0","0","0","0","1","0","0","0","","0","0","0","03","3","1","01","","0","40 01:27.009","","00","75 07:49.352","3","0","0","0","67301","0","0","0","N","0","0","0","5","67301","0","","1","01","","N","N","N","0","","1","0","1","3","2","","0325","1","2","0","0","0","0","0","2","0","2","03","03","N","","","","","","","","","","",""
"2023053724","0947","1","0","1","0","0","0","0","0","0","4","0","","67","06","2023","3","40.0991","-74.9869","0938","06","0","0","0","0","0","0","1","0","","0","0","0","09","1","1","01","","2","40 05:56.927","7","02","74 59:12.712","2","0","0","0","67301","0","0","0","N","0","0","0","3","67301","0","","1","01","1235","N","N","N","0","","0","1","1","3","2","Y","0934","1","3","0","0","0","0","0","2","1","3","03","03","N","","","","","","","","","","",""
"2023080981","0333","1","0","0","0","0","0","0","0","0","5","0","","67","09","2023","3","40.0151","-75.1499","0329","06","0","0","0","0","0","0","0","0","","0","0","0","03","3","0","00","N","0","40 00:54.386","","00","75 08:59.488","9","0","0","0","67301","0","0","0","N","0","0","0","1","67301","0","","1","01","","N","N","N","0","","0","0","1","0","0","","0325","0","2","0","0","0","0","1","2","0","2","03","03","N","","","","","","","","","","",""
"2023054018","2202","2","0","0","0","0","0","0","0","0","1","0","","67","06","2023","3","39.9777","-75.2355","2150","06","0","0","0","0","0","0","0","0","","0","0","0","21","3","0","00","N","0","39 58:39.800","","00","75 14:07.800","0","0","0","0","67301","0","0","0","N","0","0","0","1","67301","0","","6","01","","N","N","N","1","","0","0","2","0","0","","2150","0","5","0","0","1","0","0","2","0","5","03","03","N","","","","","","","","","","",""
"2023080985","0838","1","0","0","0","0","0","0","0","0","8","0","","67","09","2023","4","40.0111","-75.1641","0838","06","0","0","0","0","0","0","1","0","","0","0","0","08","1","1","01","","0","40 00:40.112","","00","75 09:51.160","3","0","0","0","67301","1","0","0","N","1","0","0","2","67301","0","","1","01","","N","N","N","0","","1","0","0","3","2","","0820","1","2","0","0","0","0","0","2","0","1","03","","N","","","","","","","","","","",""
"2023055412","1250","0","0","0","0","0","0","0","0","0","1","0","","67","06","2023","7","40.0222","-75.0393","1250","06","0","0","0","0","0","0","0","0","","0","0","0","12","1","0","00","N","1","40 01:19.930","2","00","75 02:21.530","0","0","0","0","67301","0","0","0","N","0","0","0","5","67301","0","","1","01","1330","N","N","N","0","","0","0","2","0","0","N","1250","0","3","0","0","0","0","0","2","1","3","03","03","N","","","","","","","","","","",""
"2023057720","0131","3","0","0","0","0","0","0","0","0","5","0","","67","06","2023","2","40.0261","-75.0508","0125","06","0","0","0","0","0","0","0","0","","0","0","0","01","3","0","00","N","0","40 01:33.800","","00","75 03:02.700","0","0","0","0","67301","0","0","0","N","0","0","0","1","67301","0","","6","01","","N","N","N","0","","0","0","1","0","0","","0103","0","4","0","0","0","0","0","2","0","4","03","03","N","","","","","","","","","","",""
"2023055509","1635","0","0","0","0","0","0","0","0","0","1","0","","67","06","2023","2","39.9055","-75.1944","1635","06","0","0","0","0","0","0","1","0","","0","0","0","15","1","1","00","Y","1","39 54:19.643","3","00","75 11:39.760","8","0","0","0","67301","0","0","0","N","0","0","0","3","67301","0","","1","01","0145","N","N","N","0","","0","0","2","3","2","N","1525","1","3","0","0","0","1","0","2","1","3","03","03","N","","","","","","","","","","",""
"2023060390","0254","1","0","0","0","0","0","0","0","0","7","0","","67","06","2023","7","40.0376","-75.0126","0251","06","0","0","0","0","0","0","0","0","","0","0","0","02","3","0","00","N","0","40 02:15.204","","00","75 00:45.447","0","0","0","0","67301","0","0","0","N","0","0","0","1","68K01","0","","3","09","","N","N","N","0","","0","0","0","0","0","","0250","0","1","0","0","0","0","0","2","0","1","07","","N","","","","","","","","","","",""
"2023057073","1420","1","0","0","0","0","0","1","0","0","4","1","","67","06","2023","4","40.0291","-75.0899","1410","06","0","0","0","0","0","0","0","0","","0","0","0","14","1","2","01","","0","40 01:44.832","","00","75 05:23.716","8","0","0","0","67301","0","0","0","N","0","0","0","4","67508","0","","1","01","","N","N","Y","0","","0","0","0","3","2","","1410","2","2","0","0","1","2","0","2","0","2","03","03","N","","","","","","","","","","",""
"2023056416","0847","1","0","0","1","0","0","0","0","0","8","0","","67","06","2023","5","39.9524","-75.2029","0846","06","0","0","0","0","0","0","0","0","","0","0","0","08","1","1","02","","2","39 57:08.524","2","00","75 12:10.605","3","0","0","0","67301","1","0","0","N","0","0","0","2","67504","0","","1","01","0100","N","N","N","0","","1","0","0","0","0","Y","0845","1","2","0","0","0","0","0","2","0","1","03","03","N","","","","","","","","","","",""
"2023055407","1041","2","0","0","0","0","0","0","0","0","1","0","","67","06","2023","4","40.0785","-75.0867","1041","06","0","0","0","0","0","0","0","1","","0","0","0","12","1","2","00","N","0","40 04:42.620","","00","75 05:12.273","4","0","0","0","67301","0","0","0","N","0","0","0","2","67301","2","","1","99","","N","N","N","0","","0","0","0","0","0","","1245","2","2","0","0","0","0","0","2","0","2","99","03","N","","","","","","","","","","",""
"2023079735","1106","0","0","0","1","0","1","0","0","0","8","0","","67","08","2023","4","40.0158","-75.1411","1106","06","0","0","0","0","0","0","0","0","","0","0","0","11","1","1","01","","0","40 00:56.908","","00","75 08:28.024","2","0","0","0","67301","1","0","1","N","0","0","0","2","67301","0","","1","01","","N","N","N","0","","0","1","0","3","2","","1100","1","2","0","0","1","0","0","2","1","1","03","03","N","","","","","","","","","","",""
"2023081394","0422","1","0","0","0","0","0","0","0","0","7","0","","67","09","2023","4","40.0719","-74.9811","0418","06","0","0","0","0","0","0","0","0","","0","0","0","04","3","0","02","","0","40 04:18.787","","00","74 58:51.881","0","0","0","0","67301","0","0","0","N","0","0","0","0","67301","0","","5","09","","N","N","N","0","","0","0","0","3","3","","0400","0","1","0","0","0","0","0","2","0","1","07","07","N","","","","","","","","","","",""
"2023080502","1202","0","0","0","0","0","0","0","0","0","4","1","","67","09","2023","3","40.0209","-75.1401","1159","06","0","0","0","0","0","0","1","0","","0","1","0","11","1","1","01","","2","40 01:15.118","3","00","75 08:24.475","3","0","0","0","67301","0","0","0","N","0","0","0","4","67301","0","","1","01","1251","N","N","N","1","","1","0","1","3","2","Y","1155","1","3","0","0","0","0","0","2","0","3","03","03","N","","","","","","","","","","",""
"2023054506","1729","1","0","0","0","0","0","0","0","0","4","0","","67","06","2023","7","39.9292","-75.2292","1724","06","0","0","0","0","0","0","0","0","","0","0","0","17","1","1","02","","0","39 55:44.965","","00","75 13:45.235","8","0","0","1","67301","0","0","0","N","0","0","0","4","67301","0","","1","01","","N","N","N","0","","0","0","1","3","2","","1721","1","3","0","0","1","1","3","2","0","3","03","03","N","","","","","","","","","","",""
"2023081714","1631","1","0","0","0","0","0","0","0","0","4","0","","67","09","2023","7","40.0116","-75.163","1630","06","0","0","0","0","0","0","0","1","","0","0","0","21","3","1","01","","9","40 00:42.048","","00","75 09:46.973","3","0","0","0","67301","0","0","0","N","0","0","0","2","67301","0","","1","01","","N","N","N","1","","1","0","0","3","3","","2100","1","2","0","0","0","0","1","2","0","2","03","","N","","","","","","","","","","",""
"2023055722","1307","1","0","0","0","0","0","0","0","0","4","1","","67","06","2023","6","39.9707","-75.1541","1300","06","0","0","0","0","0","1","0","0","","0","0","0","12","1","1","01","","0","39 58:14.993","","00","75 09:14.758","3","0","0","0","67301","0","0","0","N","0","0","0","3","67301","0","","1","09","","N","N","N","1","","1","0","0","1","2","","1259","1","2","0","0","0","0","0","2","0","2","07","","N","","","","","","","","","","",""
"2023054811","0125","1","0","0","0","0","0","0","0","0","5","0","","67","06","2023","2","39.9262","-75.2351","0120","06","0","0","0","0","0","0","0","0","","0","0","0","01","3","1","00","N","2","39 55:34.303","5","00","75 14:06.225","3","0","0","0","67301","0","0","0","N","0","0","0","1","67301","0","","6","01","0100","N","N","N","0","","1","0","0","0","0","Y","0117","1","2","0","0","0","0","0","2","1","2","03","03","N","","","","","","","","","","",""
"2023080511","1246","0","0","0","0","0","0","0","0","0","8","0","","67","09","2023","6","40.0239","-75.1691","1245","06","0","0","0","0","0","0","0","0","","0","0","0","12","1","1","01","","0","40 01:25.928","","00","75 10:08.849","3","0","0","0","67301","1","0","0","N","1","0","0","1","67301","0","","1","01","","N","N","N","0","","1","0","0","3","3","","1240","1","2","0","0","0","0","0","2","0","1","03","","N","","","","","","","","","","",""
"2023064644","1023","2","0","0","0","0","0","0","0","0","4","0","","67","06","2023","6","40.0153","-75.1983","1015","06","0","0","0","0","0","0","1","0","","0","0","0","10","1","0","02","","0","40 00:54.961","","00","75 11:54.056","0","0","0","0","67301","0","0","0","N","0","0","0","2","67301","0","","1","09","","N","N","N","0","","0","0","0","3","3","","1010","0","2","0","0","0","0","0","2","0","2","04","07","N","","","","","","","","","","",""
"2023053740","0059","3","0","0","0","0","0","0","0","0","5","0","","67","06","2023","4","40.0373","-75.137","0059","06","0","0","0","0","0","0","0","0","","0","0","0","00","3","0","00","N","0","40 02:14.357","","00","75 08:13.081","0","0","0","0","67301","0","0","0","N","0","0","0","1","67301","0","","6","01","","N","N","N","0","","0","0","0","0","0","","0050","0","3","0","0","1","0","0","2","0","3","03","03","N","","","","","","","","","","",""
"2023081074","2022","1","0","0","0","0","0","0","0","0","4","0","","67","09","2023","5","39.888","-75.2034","2022","06","0","0","0","0","0","0","0","0","","0","0","0","20","3","2","00","N","1","39 53:16.904","1","03","75 12:12.370","8","0","0","0","67301","0","0","0","N","0","0","0","4","68K01","0","","1","01","2025","N","N","N","0","","0","0","1","0","0","N","2022","2","2","0","0","0","2","0","2","0","2","03","","N","","","","","","","","","","",""
"2023055190","0223","1","0","0","0","0","0","0","0","0","5","0","","67","06","2023","4","40.0526","-75.0806","0216","06","0","0","0","0","0","0","0","0","","0","0","0","01","3","0","00","N","0","40 03:09.400","","00","75 04:50.100","0","0","0","0","67301","0","0","0","N","0","0","0","1","67301","0","","6","01","","N","N","N","0","","0","0","1","0","0","","0158","0","3","0","0","1","0","0","2","1","3","03","03","N","","","","","","","","","","",""
"2023056460","0647","1","0","0","0","0","0","0","0","0","1","0","55","67","06","2023","5","39.9829","-75.099","0642","06","0","0","0","0","0","0","0","1","","0","0","0","06","1","0","00","N","0","39 58:58.313","","00","75 05:56.249","0","0","0","0","67301","0","0","0","N","0","0","0","2","68K01","0","","1","01","","N","N","N","0","","0","0","1","0","0","","0639","0","2","0","0","0","0","0","2","0","2","03","","Y","4","1","N","Y","","N","Y","","","","N"
"2023054888","1840","0","0","0","0","0","0","0","0","0","4","0","","67","06","2023","7","40.0673","-75.0088","1837","06","0","0","1","0","0","0","0","0","","0","0","0","18","1","0","01","","0","40 04:02.363","","00","75 00:31.848","9","0","0","0","67301","0","0","0","N","0","0","0","3","67301","0","","1","01","","N","N","N","0","","0","0","2","3","3","","1825","0","2","0","0","0","0","3","2","0","2","03","03","N","","","","","","","","","","",""
"2023053722","1716","1","0","0","0","0","0","0","0","0","1","0","","67","06","2023","4","40.0748","-75.0347","1708","06","0","0","0","0","0","0","0","0","","0","0","0","17","1","0","00","Y","0","40 04:29.115","","00","75 02:04.814","0","0","0","0","67301","0","0","0","N","0","0","0","2","67301","0","","1","01","","N","N","N","0","","0","0","1","3","2","","1705","0","2","0","0","0","0","0","2","0","2","03","03","N","","","","","","","","","","",""
"2023054253","0734","2","0","0","0","0","0","0","0","0","1","0","","67","06","2023","5","40.0365","-75.1452","0733","06","0","0","0","0","0","0","0","0","","0","0","0","07","1","0","00","N","0","40 02:11.530","","00","75 08:42.619","0","0","0","0","67301","0","0","0","N","0","0","0","1","67301","0","","1","01","","N","N","N","0","","0","0","1","0","0","","0711","0","3","0","0","0","0","0","2","0","3","03","03","N","","","","","","","","","","",""
"2023075497","1229","1","0","0","0","0","0","0","0","0","7","0","","67","06","2023","5","40.0432","-75.0029","1224","06","0","0","0","0","0","0","0","0","","0","0","0","12","1","0","00","N","1","40 02:35.674","1","00","75 00:10.569","0","0","0","0","67301","0","0","0","N","0","0","0","1","68K01","0","","2","01","1320","N","N","N","0","","0","0","0","0","0","N","1219","0","1","0","0","1","0","0","2","0","1","03","","N","","","","","","","","","","",""
"2023061146","","0","0","0","0","0","0","0","0","0","1","0","","67","06","2023","5","40.0486","-75.0056","","06","0","0","0","0","0","0","0","0","","0","0","0","19","1","0","00","N","0","40 02:55.000","","00","75 00:20.200","0","0","0","0","67301","0","0","0","N","0","0","0","1","00000","0","","6","01","","","","N","1","","0","0","0","0","0","","1901","0","2","0","0","0","0","0","2","1","2","03","03","N","","","","","","","","","","",""
"2023054401","2339","2","0","0","0","0","0","0","0","0","4","0","","67","06","2023","1","40.0207","-75.1486","2339","06","0","0","1","0","0","0","0","0","","0","0","0","23","3","2","02","","0","40 01:14.374","","00","75 08:55.521","3","0","0","0","67301","0","0","0","N","0","0","0","3","67301","0","","1","01","","N","N","N","0","","2","0","0","0","0","","2339","2","2","0","0","3","0","0","2","0","2","03","03","N","","","","","","","","","","",""
"2023055197","1320","1","0","0","0","0","0","0","0","0","8","0","","67","06","2023","6","40.0213","-75.1495","1315","06","0","0","0","0","0","1","0","0","","0","0","0","13","1","1","00","N","0","40 01:16.500","","07","75 08:58.100","3","0","0","0","67301","1","0","0","N","1","0","0","2","67301","0","","1","09","","N","N","N","0","","1","0","0","0","0","","1310","1","2","0","0","1","0","0","2","0","1","07","04","N","","","","","","","","","","",""
"2023057707","0136","0","0","0","0","0","0","0","0","0","4","0","","67","06","2023","1","40.0584","-75.1492","0136","06","0","0","0","0","0","0","1","0","","0","0","0","01","3","3","05","","2","40 03:30.348","1","00","75 08:57.260","3","0","0","0","67301","0","0","0","N","0","0","0","3","67301","0","","1","01","0320","N","N","N","0","","3","0","2","3","2","Y","0135","3","2","0","0","0","0","0","2","0","2","03","03","N","","","","","","","","","","",""
"2023057676","1006","1","0","0","1","0","0","0","0","0","8","0","","67","06","2023","7","39.9358","-75.1618","1002","06","0","0","0","0","0","1","0","0","","0","0","0","10","1","1","01","","0","39 56:09.016","","00","75 09:42.382","3","0","0","0","67301","1","0","0","N","0","0","0","2","67301","0","","1","01","","N","N","N","0","","1","0","0","3","2","","1001","1","2","0","0","0","0","0","2","0","1","03","03","N","","","","","","","","","","",""
"2023080619","0917","1","0","0","0","0","0","0","0","0","5","0","","67","09","2023","4","39.9151","-75.1898","0917","06","0","0","0","0","0","0","0","0","","0","0","0","09","1","1","00","N","2","39 54:54.500","4","08","75 11:23.100","3","0","0","0","67301","0","0","0","N","0","0","0","1","67501","0","","1","01","0955","N","N","N","0","","1","0","0","0","0","N","0917","1","2","0","0","0","0","0","2","0","2","03","03","N","","","","","","","","","","",""
"2023057774","0900","1","0","0","0","0","0","0","0","0","7","0","","67","06","2023","1","40.0257","-75.1693","0855","06","0","0","0","0","0","0","0","0","","0","0","0","08","1","0","00","N","0","40 01:32.680","","00","75 10:09.650","9","0","0","0","67301","0","0","0","N","0","0","0","1","67301","0","","4","01","","N","N","N","0","","0","0","0","0","0","","0850","0","1","0","0","0","0","1","2","0","1","03","03","N","","","","","","","","","","",""
"2023083062","1346","0","0","0","0","0","0","0","0","0","7","0","","67","09","2023","2","40.0777","-75.0859","1335","06","0","0","0","0","0","0","0","0","","0","0","0","13","1","1","00","N","0","40 04:39.810","","00","75 05:09.096","3","0","0","0","67301","0","0","0","N","0","0","0","1","67301","0","","5","01","","N","N","N","0","","1","0","1","0","0","","1316","1","1","0","0","0","0","0","2","0","1","04","04","N","","","","","","","","","","",""
"2023082783","1853","0","0","0","0","0","0","0","0","0","7","0","","67","09","2023","1","40.0861","-75.0599","1847","06","0","1","0","0","0","0","0","0","","0","0","0","18","4","1","00","N","0","40 05:09.931","","00","75 03:35.772","8","0","0","0","67301","0","0","0","N","0","0","0","2","67301","0","","5","09","","N","N","N","0","","0","0","1","0","0","","1845","1","1","0","0","0","1","0","2","0","1","07","07","N","","","","","","","","","","",""
"2023081067","1706","0","0","0","0","0","0","0","0","0","1","0","","67","09","2023","4","40.0308","-75.0218","1634","06","0","0","0","0","0","1","0","0","","0","0","0","16","1","0","00","N","0","40 01:50.969","","00","75 01:18.580","0","0","0","0","67301","0","0","0","N","0","0","0","2","68K01","0","","1","01","","N","N","N","0","","0","0","2","0","0","","1631","0","2","0","0","0","0","0","2","0","2","03","03","N","","","","","","","","","","",""
"2023081491","1711","1","0","0","0","0","0","0","0","0","5","1","","67","09","2023","3","39.9521","-75.1686","1710","06","0","0","0","0","0","1","0","0","","0","1","0","08","1","1","00","N","0","39 57:07.600","","00","75 10:07.050","8","0","0","0","67301","0","0","0","N","0","0","0","2","67301","0","","1","01","","N","N","N","0","","0","0","0","0","0","","0800","1","2","0","0","0","1","0","2","0","2","03","03","N","","","","","","","","","","",""
"2023054515","0455","3","0","0","0","0","0","0","0","0","1","0","","67","06","2023","1","40.0612","-75.1371","0453","06","0","0","0","0","0","0","0","0","","0","0","0","02","3","0","00","N","0","40 03:40.366","","00","75 08:13.534","0","0","0","0","67301","0","0","0","N","0","0","0","1","67301","0","","6","01","","N","N","N","1","","0","0","0","0","0","","0259","0","4","0","0","0","0","0","2","0","4","03","03","N","","","","","","","","","","",""
"2023081709","0138","0","0","0","0","0","0","0","0","0","2","0","","67","09","2023","6","39.9412","-75.2094","0138","06","0","0","0","0","0","0","0","0","","0","0","0","01","3","0","01","","0","39 56:28.421","","00","75 12:33.827","0","0","0","0","67301","0","0","0","N","0","0","0","1","67301","0","","1","01","","N","N","N","0","","0","0","2","3","2","","0138","0","2","0","0","1","0","0","2","0","2","03","03","N","","","","","","","","","","",""
"2023055892","1817","1","0","0","0","0","0","0","0","0","1","0","","67","06","2023","7","39.9552","-75.1864","1815","06","0","0","0","0","0","0","0","0","","0","0","0","18","1","1","00","N","1","39 57:18.694","3","00","75 11:11.003","3","0","0","0","67301","0","0","0","N","0","0","0","4","67507","0","","1","01","1845","N","N","Y","0","","1","0","2","0","0","N","1810","1","3","0","0","3","0","0","2","0","3","03","","N","","","","","","","","","","",""
"2023057758","1249","1","0","0","0","0","0","0","0","0","7","0","","67","06","2023","1","40.0074","-75.1494","1231","06","0","0","0","0","0","0","0","0","","0","0","0","12","1","0","01","","0","40 00:26.474","","00","75 08:57.865","0","0","0","0","67301","0","0","0","N","0","0","0","1","67301","0","","4","01","","N","N","N","0","","0","0","0","3","3","","1225","0","1","0","0","1","0","0","2","0","1","03","","N","","","","","","","","","","",""
"2023057761","2345","1","0","0","0","0","0","0","0","0","4","0","","67","06","2023","4","39.9879","-75.1234","2330","06","0","0","0","0","0","1","0","0","","0","0","0","20","8","0","01","","0","39 59:16.556","","00","75 07:24.022","9","0","0","1","67301","0","0","0","N","0","0","0","2","67301","0","","1","99","","N","N","N","0","","0","0","0","3","2","","2030","0","2","0","0","0","0","2","2","0","2","99","98","N","","","","","","","","","","",""
"2023083173","1020","0","0","0","0","0","0","0","0","0","8","0","","67","09","2023","2","40.0508","-75.0655","1010","06","0","0","0","0","0","0","0","0","","0","0","0","20","1","1","01","","9","40 03:02.927","","00","75 03:55.700","3","0","0","0","67301","1","0","0","N","1","0","0","2","67301","0","","1","99","","N","N","N","0","","1","0","1","9","1","","2010","1","2","0","0","0","0","1","2","0","1","98","98","N","","","","","","","","","","",""