"CRN","ARRIVAL_TM","AUTOMOBILE_COUNT","BELTED_DEATH_COUNT","BELTED_SUSP_SERIOUS_INJ_COUNT","BICYCLE_COUNT","BICYCLE_DEATH_COUNT","BICYCLE_SUSP_SERIOUS_INJ_COUNT","BUS_COUNT","CHLDPAS_DEATH_COUNT","CHLDPAS_SUSP_SERIOUS_INJ_COUNT","COLLISION_TYPE","COMM_VEH_COUNT","CONS_ZONE_SPD_LIM","COUNTY","CRASH_MONTH","CRASH_YEAR","DAY_OF_WEEK","DEC_LAT","DEC_LONG","DISPATCH_TM","DISTRICT","DRIVER_COUNT_16YR","DRIVER_COUNT_17YR","DRIVER_COUNT_18YR","DRIVER_COUNT_19YR","DRIVER_COUNT_20YR","DRIVER_COUNT_50_64YR","DRIVER_COUNT_65_74YR","DRIVER_COUNT_75PLUS","EST_HRS_CLOSED","FATAL_COUNT","HEAVY_TRUCK_COUNT","HORSE_BUGGY_COUNT","HOUR_OF_DAY","ILLUMINATION","INJURY_COUNT","INTERSECT_TYPE","INTERSECTION_RELATED","LANE_CLOSED","LATITUDE","LN_CLOSE_DIR","LOCATION_TYPE","LONGITUDE","MAX_SEVERITY_LEVEL","MCYCLE_DEATH_COUNT","MCYCLE_SUSP_SERIOUS_INJ_COUNT","MOTORCYCLE_COUNT","MUNICIPALITY","NONMOTR_COUNT","NONMOTR_DEATH_COUNT","NONMOTR_SUSP_SERIOUS_INJ_COUNT","NTFY_HIWY_MAINT","PED_COUNT","PED_DEATH_COUNT","PED_SUSP_SERIOUS_INJ_COUNT","PERSON_COUNT","POLICE_AGCY","POSSIBLE_INJ_COUNT","RDWY_SURF_TYPE_CD","RELATION_TO_ROAD","ROAD_CONDITION","ROADWAY_CLEARED","SCH_BUS_IND","SCH_ZONE_IND","SECONDARY_CRASH","SMALL_TRUCK_COUNT","SPEC_JURIS_CD","SUSP_MINOR_INJ_COUNT","SUSP_SERIOUS_INJ_COUNT","SUV_COUNT","TCD_FUNC_CD","TCD_TYPE","TFC_DETOUR_IND","TIME_OF_DAY","TOT_INJ_COUNT","TOTAL_UNITS","UNB_DEATH_COUNT","UNB_SUSP_SERIOUS_INJ_COUNT","UNBELTED_OCC_COUNT","UNK_INJ_DEG_COUNT","UNK_INJ_PER_COUNT","URBAN_RURAL","VAN_COUNT","VEHICLE_COUNT","WEATHER1","WEATHER2","WORK_ZONE_IND","WORK_ZONE_LOC","WORK_ZONE_TYPE","WORKERS_PRES","WZ_CLOSE_DETOUR","WZ_FLAGGER","WZ_LAW_OFFCR_IND","WZ_LN_CLOSURE","WZ_MOVING","WZ_OTHER","WZ_SHLDER_MDN","WZ_WORKERS_INJ_KILLED"
"2023065210","0420","1","0","0","0","0","0","0","0","0","4","0","","67","07","2023","1","39.9764","-75.1513","0411","06","0","0","0","0","0","0","0","0","","0","0","0","02","3","1","01","","0","39 58:34.993","","00","75 09:04.712","3","0","0","0","67301","0","0","0","N","0","0","0","2","67301","0","","1","01","","N","N","N","0","","1","0","0","3","2","","0215","1","2","0","0","0","0","1","2","0","2","03","03","N","","","","","","","","","","",""
"2023065940","1555","0","0","0","0","0","0","0","0","0","4","0","","67","07","2023","6","40.0323","-75.0309","1555","06","0","0","0","0","0","0","0","0","","0","0","0","15","1","1","01","","0","40 01:56.357","","00","75 01:51.292","3","0","0","0","67301","0","0","0","N","0","0","0","2","67301","0","","1","01","","N","N","N","0","","1","0","3","3","2","","1544","1","3","0","0","0","0","1","2","0","3","03","","N","","","","","","","","","","",""
"2023066160","0712","0","0","0","0","0","0","0","0","0","8","0","","67","07","2023","3","39.954","-75.2424","0709","06","0","0","0","0","0","0","0","0","","0","0","0","07","1","1","01","","0","39 57:14.324","","00","75 14:32.758","3","0","0","0","67301","1","0","0","N","1","0","0","2","67301","0","","1","09","","N","N","N","0","","1","0","1","2","3","","0709","1","2","0","0","0","0","0","2","0","1","07","","N","","","","","","","","","","",""
"2023060091","0438","0","0","0","0","0","0","0","0","0","5","0","","67","07","2023","6","40.0387","-75.0761","0432","06","0","0","0","0","0","0","0","0","","0","0","0","04","3","0","00","N","0","40 02:19.400","","00","75 04:34.000","0","0","0","0","67301","0","0","0","N","0","0","0","1","67301","0","","6","01","","N","N","N","0","","0","0","2","0","0","","0431","0","2","0","0","0","0","0","2","0","2","03","","N","","","","","","","","","","",""
"2023088622","0124","1","0","0","0","0","0","0","0","0","1","0","","67","09","2023","6","39.947","-75.188","0115","06","0","0","0","0","0","0","0","0","","0","0","0","01","3","1","00","N","1","39 56:49.162","4","00","75 11:16.668","3","0","0","0","67301","0","0","0","N","0","0","0","2","68K01","0","","1","01","0140","N","N","N","0","","1","0","1","0","0","N","0115","1","2","0","0","0","0","0","2","0","2","03","","N","","","","","","","","","","",""
"2023062856","0758","2","0","0","0","0","0","0","0","0","4","0","","67","07","2023","1","40.0491","-75.0961","0758","06","0","0","0","0","0","0","0","0","","0","0","0","04","5","0","00","N","0","40 02:56.828","","00","75 05:45.820","9","0","0","0","67301","0","0","0","N","0","0","0","1","67301","0","","6","99","","N","N","N","0","","0","0","0","0","0","","0459","0","2","0","0","0","0","1","2","0","2","04","07","N","","","","","","","","","","",""
"2023069268","0337","2","0","0","0","0","0","0","0","0","4","0","","67","08","2023","7","39.9704","-75.1482","0335","06","0","0","0","0","0","0","0","0","","0","0","0","03","3","0","01","","0","39 58:13.350","","00","75 08:53.456","0","0","0","0","67301","0","0","0","N","0","0","0","2","67301","0","","1","01","","N","N","N","0","","0","0","0","3","2","","0326","0","2","0","0","1","0","0","2","0","2","03","03","N","","","","","","","","","","",""
"2023096119","0235","1","0","0","0","0","0","0","0","0","7","0","","67","10","2023","4","40.0474","-75.1422","0231","06","0","0","1","0","0","0","0","0","","0","0","0","02","3","5","00","Y","2","40 02:50.656","6","00","75 08:31.942","2","0","0","0","67301","0","0","0","N","0","0","0","5","67301","0","","5","01","0621","N","N","N","0","","2","3","0","2","2","Y","0230","5","1","0","0","2","0","0","2","0","1","03","03","N","","","","","","","","","","",""
"2023069125","0150","1","0","0","0","0","0","0","0","0","4","0","","67","08","2023","7","39.9505","-75.2269","0145","06","0","0","0","0","0","0","0","0","","0","0","0","01","3","0","01","","1","39 57:01.670","3","00","75 13:36.676","0","0","0","0","67301","0","0","0","N","0","0","0","2","67301","0","","1","01","0324","N","N","N","0","","0","0","0","3","2","N","0130","0","2","0","0","0","0","0","2","1","2","03","03","N","","","","","","","","","","",""
"2023093569","0548","2","0","0","0","0","0","0","0","0","5","1","","67","10","2023","4","39.9755","-75.1948","0543","06","0","0","0","0","0","1","0","0","","0","1","0","05","3","1","00","N","1","39 58:31.786","3","00","75 11:41.121","3","0","0","0","67301","0","0","0","N","0","0","0","3","68K01","0","","1","01","0630","N","N","N","0","","1","0","0","0","0","N","0541","1","3","0","0","0","0","0","2","0","3","03","","N","","","","","","","","","","",""
"2023075229","2023","0","0","0","0","0","0","0","0","0","4","0","","67","08","2023","6","39.9908","-75.1309","2017","06","0","0","0","0","0","0","0","0","","0","0","0","20","3","4","01","","0","39 59:26.997","","00","75 07:51.248","3","0","0","0","67301","0","0","0","N","0","0","0","8","67301","0","","1","01","","N","N","N","0","","4","0","2","3","2","","2012","4","2","0","0","0","0","0","2","0","2","03","03","N","","","","","","","","","","",""
"2023095331","0109","0","0","0","0","0","0","0","0","0","8","0","","67","10","2023","3","40.0435","-75.1034","0106","06","0","0","0","0","0","0","0","0","","0","0","0","01","3","1","00","N","0","40 02:36.598","","00","75 06:12.297","3","0","0","0","67301","1","0","0","N","1","0","0","2","67301","0","","6","01","","N","N","N","0","","1","0","1","0","0","","0105","1","2","0","0","0","0","1","2","0","1","03","","N","","","","","","","","","","",""
"2023097775","2305","2","0","0","0","0","0","0","0","0","1","0","","67","10","2023","7","40.0437","-75.003","2303","06","0","0","0","0","0","0","0","0","","0","0","0","22","3","0","00","N","0","40 02:37.466","","00","75 00:10.658","0","0","0","0","67301","0","0","0","N","0","0","0","2","68K01","0","","1","09","","N","N","Y","0","","0","0","0","0","0","","2257","0","2","0","0","0","0","0","2","0","2","07","07","N","","","","","","","","","","",""
"2023073506","0351","1","0","0","0","0","0","0","0","0","7","0","","67","08","2023","2","39.9796","-75.2318","0350","06","0","0","0","0","0","0","0","0","","0","0","0","03","3","0","00","N","0","39 58:46.503","","00","75 13:54.654","0","0","0","0","67301","0","0","0","N","0","0","0","1","67301","0","","4","01","","N","N","N","0","","0","0","0","0","0","","0330","0","1","0","0","1","0","0","2","0","1","03","03","N","","","","","","","","","","",""
"2023067317","1640","1","0","0","0","0","0","0","0","0","4","0","","67","07","2023","1","39.9571","-75.149","1629","06","0","0","0","1","0","0","0","0","","0","0","0","14","1","1","02","","0","39 57:25.413","","00","75 08:56.318","3","0","0","0","67301","0","0","0","N","0","0","0","3","67301","0","","1","01","","N","N","N","0","","1","0","1","0","0","","1430","1","2","0","0","0","0","1","2","0","2","03","03","N","","","","","","","","","","",""
"2023074433","2325","0","0","0","0","0","0","0","0","0","5","0","","67","07","2023","4","39.9649","-75.1373","2318","06","0","0","0","0","0","0","0","0","","0","0","0","23","3","5","00","N","0","39 58:01.047","","00","75 08:01.054","4","0","0","0","67301","0","0","0","N","0","0","0","6","68K01","3","","1","01","","N","N","N","0","","0","0","1","0","0","","2315","5","2","0","0","1","2","0","2","1","2","03","03","N","","","","","","","","","","",""
"2023062862","1212","1","0","0","0","0","0","0","0","0","4","0","","67","07","2023","1","39.892","-75.2349","1212","06","0","0","0","0","0","0","0","0","","0","0","0","12","1","3","00","N","0","39 53:31.071","","00","75 14:05.796","3","0","0","0","67301","0","0","0","N","0","0","0","4","67301","0","","1","01","","N","N","N","0","","3","0","1","0","0","","1200","3","2","0","0","4","0","1","2","0","2","03","","N","","","","","","","","","","",""
"2023066269","1905","0","0","0","0","0","0","0","0","0","8","0","","67","07","2023","3","39.9545","-75.1561","1904","06","0","0","0","0","0","0","1","0","","0","0","0","03","8","1","01","","0","39 57:16.126","","00","75 09:21.908","3","0","0","0","67301","1","0","0","N","1","0","0","2","67301","0","","2","99","","N","N","Y","0","","1","0","1","0","0","","0300","1","2","0","0","0","0","0","2","0","1","03","03","N","","","","","","","","","","",""
"2023094111","0828","0","0","0","0","0","0","0","0","0","1","0","","67","10","2023","3","40.0499","-74.9941","0812","06","0","0","0","0","0","0","0","0","","0","0","0","08","1","0","00","N","2","40 02:59.505","2","00","74 59:38.889","0","0","0","0","67301","0","0","0","N","0","0","0","4","68K01","0","","1","01","0929","N","N","N","2","","0","0","1","0","0","N","0810","0","3","0","0","0","0","0","2","0","3","03","03","N","","","","","","","","","","",""
"2023088651","0208","1","0","0","0","0","0","0","0","0","7","0","","67","09","2023","1","40.0383","-75.0106","0208","06","0","0","1","0","0","0","0","0","","0","0","0","02","3","1","00","N","2","40 02:17.816","2","00","75 00:38.238","8","0","0","0","67301","0","0","0","N","0","0","0","2","68K01","0","","2","09","0248","N","N","N","0","","0","0","0","0","0","N","0203","1","1","0","0","0","1","0","2","0","1","07","","N","","","","","","","","","","",""
"2023061126","2126","2","0","0","0","0","0","0","0","0","1","0","","67","07","2023","1","39.9312","-75.1442","2125","06","0","0","0","0","0","2","0","0","","0","0","0","21","3","2","02","","1","39 55:52.177","5","02","75 08:38.983","3","0","0","0","67301","0","0","0","N","0","0","0","3","67301","0","","1","01","2230","N","N","N","0","","2","0","0","3","2","N","2123","2","3","0","0","1","0","0","2","1","3","03","03","N","","","","","","","","","","",""
"2023065586","1552","0","0","0","0","0","0","0","0","0","7","0","","67","07","2023","2","39.9451","-75.1565","1549","06","0","0","0","0","0","0","0","0","","0","0","0","15","1","0","00","N","1","39 56:42.420","1","00","75 09:23.460","0","0","0","0","67301","0","0","0","N","0","0","0","1","67301","0","","5","01","0125","N","N","N","0","","0","0","0","0","0","N","1545","0","1","0","0","0","0","0","2","1","1","03","03","N","","","","","","","","","","",""
"2023061792","1900","1","0","0","0","0","0","0","0","0","4","0","","67","07","2023","3","40.0319","-75.0206","1900","06","0","0","0","0","0","0","0","0","","0","0","0","17","1","0","00","N","0","40 01:54.682","","07","75 01:13.991","9","0","0","0","67301","0","0","0","N","0","0","0","2","67301","0","","1","99","","N","N","N","0","","0","0","1","0","0","","1710","0","2","0","0","0","0","1","2","0","2","03","03","N","","","","","","","","","","",""
"2023062861","0110","1","0","0","0","0","0","0","0","0","7","0","","67","07","2023","7","39.9225","-75.219","0110","06","0","0","0","0","0","0","0","0","","0","0","0","00","3","2","00","N","0","39 55:20.997","","00","75 13:08.240","2","0","0","0","67301","0","0","0","N","0","0","0","2","67301","0","","1","01","","N","N","N","0","","1","1","0","0","0","","0050","2","1","0","1","2","0","0","2","0","1","03","03","N","","","","","","","","","","",""
"2023064021","1324","0","0","0","0","0","0","0","0","0","8","0","","67","07","2023","3","39.9626","-75.1631","1321","06","0","0","0","0","0","1","0","0","","0","0","0","13","1","1","02","","0","39 57:45.414","","00","75 09:47.231","3","0","0","0","67301","1","0","0","N","1","0","0","2","67301","0","","1","01","","N","N","N","0","","1","0","1","3","2","","1315","1","2","0","0","0","0","0","2","0","1","03","03","N","","","","","","","","","","",""
"2023066274","1633","0","0","0","0","0","0","0","0","0","4","0","","67","07","2023","3","39.9802","-75.241","1631","06","0","0","0","0","0","0","0","0","","0","0","0","15","1","0","01","","0","39 58:48.802","","00","75 14:27.682","9","0","0","0","67301","0","0","0","N","0","0","0","2","67301","0","","1","09","","N","N","Y","0","","0","0","2","3","3","","1533","0","2","0","0","1","0","2","2","0","2","07","","N","","","","","","","","","","",""
"2023063272","1335","1","0","1","0","0","0","0","0","0","4","0","","67","07","2023","4","39.9399","-75.1697","1323","06","0","0","0","0","0","0","0","1","","0","0","0","13","1","2","01","","0","39 56:23.760","","00","75 10:10.763","2","0","0","0","67301","0","0","0","N","0","0","0","2","67301","0","","1","01","","N","N","N","0","","1","1","2","3","3","","1318","2","3","0","0","0","0","0","2","0","3","03","","N","","","","","","","","","","",""
"2023062178","1610","1","0","0","0","0","0","0","0","0","5","0","","67","07","2023","4","39.9021","-75.2288","1601","06","0","0","0","0","0","0","0","0","","0","0","0","12","1","1","00","N","1","39 54:07.516","2","00","75 13:43.708","8","0","0","0","67301","0","0","0","N","0","0","0","2","67301","0","","1","99","9999","N","N","N","0","","0","0","1","0","0","N","1219","1","2","0","0","0","1","1","2","0","2","03","03","N","","","","","","","","","","",""
"2023065589","1847","2","0","0","0","0","0","0","0","0","4","0","","67","07","2023","1","39.9453","-75.2295","1845","06","0","0","0","0","0","0","1","0","","0","0","0","18","1","2","01","","0","39 56:43.086","","00","75 13:46.506","4","0","0","0","67301","0","0","0","N","0","0","0","4","67301","2","","1","01","","N","N","N","0","","0","0","1","3","2","","1843","2","3","0","0","0","0","0","2","0","3","03","","N","","","","","","","","","","",""
"2023067772","0337","3","0","0","0","0","0","0","0","0","3","0","","67","07","2023","2","39.9421","-75.2167","0324","06","0","0","0","0","0","0","0","0","","0","0","0","03","3","0","00","N","0","39 56:31.450","","00","75 13:00.211","9","0","0","0","67301","0","0","0","N","0","0","0","1","67301","0","","6","01","","N","N","N","0","","0","0","0","0","0","","0323","0","3","0","0","0","0","1","2","0","3","03","03","N","","","","","","","","","","",""
"2023088456","1832","0","0","0","0","0","0","0","0","0","4","0","","67","10","2023","4","39.9604","-75.2411","1832","06","0","0","0","1","0","1","0","0","","0","0","0","18","1","4","02","","0","39 57:37.599","","00","75 14:27.886","3","0","0","0","67301","0","0","0","N","0","0","0","7","67301","0","","1","01","","N","N","N","0","","4","0","2","2","2","","1825","4","2","0","0","0","0","0","2","0","2","03","03","N","","","","","","","","","","",""
"2023064909","0145","1","0","0","0","0","0","0","0","0","5","0","","67","07","2023","5","39.9256","-75.1782","0145","06","0","0","0","0","0","0","0","0","","0","0","0","01","3","0","00","N","0","39 55:32.160","","00","75 10:41.420","9","0","0","0","67301","0","0","0","N","0","0","0","1","67301","0","","1","09","","N","N","Y","0","","0","0","1","0","0","","0144","0","2","0","0","0","0","1","2","0","2","03","03","N","","","","","","","","","","",""
"2023075419","1133","1","0","0","0","0","0","0","0","0","4","0","","67","07","2023","4","40.0079","-75.154","1125","06","0","0","0","0","0","0","0","0","","0","0","0","11","1","0","01","","0","40 00:28.590","","00","75 09:14.461","9","0","0","0","67301","0","0","0","N","0","0","0","2","67301","0","","1","01","","N","N","N","0","","0","0","0","3","3","","1125","0","2","0","0","0","0","1","2","0","2","04","04","N","","","","","","","","","","",""
"2023068353","1237","3","0","0","0","0","0","0","0","0","1","0","","67","07","2023","2","40.0476","-75.1683","1233","06","0","0","0","0","0","1","0","0","","0","0","0","12","1","1","00","N","0","40 02:51.489","","00","75 10:06.024","3","0","0","0","67301","0","0","0","N","0","0","0","1","67301","0","","1","01","","N","N","N","0","","1","0","1","0","0","","1232","1","4","0","0","1","0","0","2","0","4","03","","N","","","","","","","","","","",""
"2023063410","1952","1","0","0","0","0","0","0","0","0","3","0","","67","07","2023","2","39.9554","-75.1557","1950","06","0","0","0","0","0","0","0","0","","0","0","0","19","1","1","00","N","0","39 57:19.400","","00","75 09:20.600","3","0","0","0","67301","0","0","0","N","0","0","0","4","67301","0","","6","01","","N","N","N","0","","1","0","1","0","0","","1938","1","2","0","0","2","0","0","2","0","2","03","03","N","","","","","","","","","","",""
"2023062717","1845","1","0","0","0","0","0","0","0","0","8","0","","67","07","2023","6","40.0283","-75.215","1830","06","0","0","0","0","0","0","0","0","","0","0","0","01","6","1","01","","0","40 01:41.959","","00","75 12:54.132","2","0","0","0","67301","1","0","1","N","1","0","1","2","67301","0","","1","99","","N","N","N","0","","0","1","0","3","3","","0100","1","2","0","0","0","0","1","2","0","1","03","03","N","","","","","","","","","","",""
"2023063630","1245","0","0","0","0","0","0","0","0","0","4","0","","67","07","2023","2","39.9615","-75.1517","1237","06","0","0","0","0","0","0","0","0","","0","0","0","12","1","1","01","","0","39 57:41.631","","00","75 09:06.337","3","0","0","0","67301","0","0","0","N","0","0","0","2","67301","0","","4","01","","N","N","N","0","","1","0","1","3","1","","1223","1","2","0","0","0","0","0","2","1","2","03","03","N","","","","","","","","","","",""
"2023060330","0835","2","0","0","0","0","0","0","0","0","4","0","","67","07","2023","5","39.9672","-75.2056","0830","06","0","0","0","0","0","1","0","0","","0","0","0","08","1","0","01","","0","39 58:01.833","","00","75 12:20.294","0","0","0","0","67301","0","0","0","N","0","0","0","2","67301","0","","1","01","","N","N","N","0","","0","0","0","3","2","","0825","0","2","0","0","1","0","0","2","0","2","03","03","N","","","","","","","","","","",""
"2023087585","1648","1","0","0","0","0","0","0","0","0","5","0","","67","09","2023","4","39.8864","-75.2143","1643","06","0","0","0","0","0","0","1","0","","0","0","0","16","1","9","00","N","1","39 53:11.014","1","00","75 12:51.601","8","0","0","0","67301","0","0","0","N","0","0","0","11","68K01","0","","1","01","1750","N","N","N","1","","0","0","1","0","0","N","1640","9","3","0","0","0","9","0","2","0","3","03","","N","","","","","","","","","","",""
"2023070856","1126","2","0","0","0","0","0","0","0","0","4","0","","67","08","2023","4","39.9568","-75.2114","1126","06","0","0","0","0","0","0","0","0","","0","0","0","11","1","0","01","","1","39 57:24.367","3","00","75 12:40.942","0","0","0","0","67301","0","0","0","N","0","0","0","2","67301","0","","1","01","1200","N","N","N","0","","0","0","0","3","2","N","1100","0","2","0","0","2","0","0","2","0","2","10","","N","","","","","","","","","","",""
"2023069992","0120","0","0","0","0","0","0","0","0","0","8","0","","67","08","2023","2","39.9442","-75.1772","0118","06","0","0","0","0","0","0","0","0","","0","0","0","01","3","1","01","","0","39 56:39.121","","00","75 10:37.818","3","0","0","0","67301","1","0","0","N","1","0","0","2","67301","0","","1","09","","N","N","N","0","","1","0","0","3","3","","0115","1","2","0","0","0","0","0","2","0","1","07","07","N","","","","","","","","","","",""
"2023070760","2245","0","0","0","0","0","0","0","0","0","5","0","","67","08","2023","4","40.0247","-75.0545","2245","06","0","0","0","0","0","0","1","0","","0","0","0","16","1","1","01","","0","40 01:28.770","","00","75 03:16.227","8","0","0","0","67301","0","0","0","N","0","0","0","3","67301","0","","1","09","","N","N","N","0","","0","0","2","3","2","","1615","1","2","0","0","2","1","0","2","0","2","04","04","N","","","","","","","","","","",""
"2023071137","0305","0","0","0","0","0","0","0","0","0","6","0","","67","08","2023","2","39.9964","-75.1135","0305","06","0","0","0","0","0","1","0","0","","0","0","0","03","8","0","05","","0","39 59:47.175","","01","75 06:48.425","0","0","0","0","67301","0","0","0","N","0","0","0","3","67301","0","","1","99","","N","N","N","0","","0","0","1","3","2","","0305","0","2","0","0","0","0","0","2","1","2","03","03","N","","","","","","","","","","",""
"2023069744","2358","1","0","0","0","0","0","0","0","0","4","0","","67","08","2023","1","39.9449","-75.1484","2353","06","0","0","0","0","0","0","0","0","","0","0","0","23","3","1","01","","0","39 56:41.782","","00","75 08:54.322","3","0","0","0","67301","0","0","0","N","0","0","0","3","67301","0","","1","01","","N","N","N","0","","1","0","1","3","2","","2340","1","2","0","0","0","0","0","2","0","2","03","03","N","","","","","","","","","","",""
"2023072244","2333","1","0","0","0","0","0","0","0","0","8","0","","67","08","2023","5","40.0359","-75.0424","2317","06","0","0","0","0","0","0","0","0","","0","0","0","21","3","1","01","","0","40 02:09.385","","00","75 02:32.575","3","0","0","0","67301","1","0","0","N","1","0","0","2","67301","0","","1","01","","N","N","N","0","","1","0","0","3","2","","2110","1","2","0","0","0","0","0","2","0","1","03","03","N","","","","","","","","","","",""
"2023094252","2200","1","0","0","0","0","0","0","0","0","7","0","","67","10","2023","1","39.9808","-75.2526","2156","06","0","0","0","0","0","0","0","0","","0","0","0","21","3","1","02","","0","39 58:50.753","","00","75 15:09.183","4","0","0","0","67301","0","0","0","N","0","0","0","3","67301","1","","5","01","","N","N","N","0","","0","0","0","3","3","","2155","1","1","0","0","0","0","0","2","0","1","03","03","N","","","","","","","","","","",""
"2023088834","2140","1","0","0","0","0","0","0","0","0","5","0","","67","10","2023","4","40.1055","-75.0322","2140","06","0","0","0","0","0","0","0","0","","0","0","0","21","3","1","00","N","0","40 06:19.768","","07","75 01:55.788","3","0","0","0","67301","0","0","0","N","0","0","0","3","67301","0","","1","01","","N","N","N","0","","1","0","1","0","0","","2138","1","2","0","0","0","0","0","2","0","2","03","03","N","","","","","","","","","","",""
"2023061533","2110","2","0","0","0","0","0","0","0","0","4","0","","67","07","2023","7","39.9543","-75.2281","2110","06","0","0","0","0","0","0","0","0","","0","0","0","21","3","1","01","","0","39 57:15.418","","00","75 13:41.167","3","0","0","0","67301","0","0","0","N","0","0","0","3","67301","0","","1","01","","N","N","Y","0","","1","0","1","3","3","","2110","1","3","0","0","0","0","0","2","0","3","03","98","N","","","","","","","","","","",""
"2023067216","0420","1","0","0","0","0","0","0","0","0","7","0","","67","07","2023","2","39.9589","-75.1375","0416","06","0","0","0","0","0","0","0","0","","0","0","0","04","3","0","00","N","0","39 57:32.039","","00","75 08:15.167","9","0","0","0","67301","0","0","0","N","0","0","0","1","67301","0","","9","01","","N","N","N","0","","0","0","0","0","0","N","0414","0","1","0","0","0","0","1","2","0","1","03","","N","","","","","","","","","","",""
"2023066271","0341","2","0","0","0","0","0","0","0","0","4","0","","67","07","2023","3","40.0334","-75.186","0341","06","0","0","0","0","0","0","0","0","","0","0","0","03","3","0","00","N","1","40 02:00.123","6","00","75 11:09.588","9","0","0","0","67301","0","0","0","N","0","0","0","1","67301","0","","6","01","0200","N","N","N","0","","0","0","0","0","0","N","0341","0","3","0","0","0","0","1","2","1","3","03","03","N","","","","","","","","","","",""
"2023088691","1032","1","0","0","0","0","0","0","0","0","7","0","","67","10","2023","3","39.9803","-75.1044","1023","06","0","0","0","0","0","0","0","0","","0","0","0","10","1","1","00","N","1","39 58:49.130","1","00","75 06:15.733","3","0","0","0","67301","0","0","0","N","0","0","0","1","68K01","0","","2","01","1035","N","N","N","0","","1","0","0","0","0","Y","1022","1","1","0","0","0","0","0","2","0","1","03","","N","","","","","","","","","","",""
"2023061799","1935","1","0","0","1","0","0","0","0","0","8","0","","67","07","2023","3","39.9339","-75.1947","1934","06","0","0","0","0","0","1","0","0","","0","0","0","19","1","1","00","N","0","39 56:02.030","","00","75 11:41.070","4","0","0","0","67301","1","0","0","N","0","0","0","2","67301","1","","1","01","","N","N","N","0","","0","0","0","0","0","","1932","1","2","0","0","0","0","0","2","0","1","03","03","N","","","","","","","","","","",""
"2023059894","0036","0","0","0","0","0","0","0","0","0","5","0","","67","07","2023","3","39.9575","-75.23","0035","06","0","0","0","0","0","0","0","0","","0","0","0","00","3","0","00","N","1","39 57:27.078","4","00","75 13:48.055","9","0","0","0","67301","0","0","0","N","0","0","0","1","67301","0","","6","01","0050","N","N","N","0","","0","0","0","0","0","Y","0030","0","2","0","0","0","0","1","2","1","2","03","03","N","","","","","","","","","","",""
"2023061822","1120","0","0","0","0","0","0","0","0","0","4","0","","67","07","2023","7","39.9878","-75.1432","1115","06","0","0","0","0","0","0","0","1","","0","0","0","10","1","2","01","","0","39 59:16.000","","00","75 08:35.437","8","0","0","0","67301","0","0","0","N","0","0","0","3","67301","0","","1","01","","N","N","N","0","","0","0","0","3","2","","1056","2","2","0","0","0","2","0","2","2","2","03","03","N","","","","","","","","","","",""
"2023062185","0006","0","0","0","0","0","0","0","0","0","4","0","","67","07","2023","6","39.9848","-75.2298","0003","06","0","0","0","0","0","0","0","0","","0","0","0","22","3","0","00","N","0","39 59:05.300","","00","75 13:47.400","9","0","0","0","67301","0","0","0","N","0","0","0","1","67301","0","","4","01","","N","N","N","0","","0","0","1","0","0","","2200","0","2","0","0","1","0","1","2","1","2","03","03","N","","","","","","","","","","",""
"2023059900","0752","1","0","0","0","0","0","0","0","0","4","0","","67","07","2023","5","40.0264","-75.1172","0748","06","0","0","0","0","0","0","0","0","","0","0","0","07","1","0","01","","1","40 01:34.996","1","00","75 07:01.756","0","0","0","0","67301","0","0","0","N","0","0","0","3","67301","0","","1","01","0815","N","N","N","0","","0","0","2","3","2","Y","0744","0","3","0","0","0","0","0","2","0","3","03","03","N","","","","","","","","","","",""
"2023066157","0723","0","0","0","0","0","0","0","0","0","8","0","","67","07","2023","3","39.9434","-75.1707","0723","06","0","0","0","0","0","0","0","0","","0","0","0","06","1","1","00","N","0","39 56:36.260","","00","75 10:14.660","3","0","0","0","67301","1","0","0","N","1","0","0","2","67301","0","","1","01","","N","N","N","0","","1","0","1","0","0","","0621","1","2","0","0","0","0","1","2","0","1","03","03","N","","","","","","","","","","",""
"2023064026","0840","1","0","0","0","0","0","0","0","0","4","0","","67","07","2023","2","39.9898","-75.1588","0837","06","0","0","0","0","0","0","0","0","","0","0","0","08","1","5","01","","0","39 59:23.243","","00","75 09:31.636","3","0","0","0","67301","0","0","0","N","0","0","0","5","67301","0","","1","01","","N","N","N","0","","5","0","1","3","2","","0820","5","3","0","0","0","0","0","2","1","3","03","03","N","","","","","","","","","","",""
"2023064429","1707","1","0","0","0","0","0","0","0","0","4","0","","67","07","2023","3","39.9616","-75.1518","1702","06","0","0","0","0","0","0","0","0","","0","0","0","16","1","6","01","","0","39 57:41.644","","00","75 09:06.411","3","0","0","0","67301","0","0","0","N","0","0","0","10","67301","4","","1","01","","N","N","N","0","","2","0","1","2","2","","1614","6","2","0","0","3","0","0","2","0","2","03","03","N","","","","","","","","","","",""
"2023087086","1148","0","0","0","0","0","0","0","0","0","1","0","","67","09","2023","1","39.9579","-75.163","1135","06","0","0","0","0","0","1","0","0","","0","0","0","11","1","3","00","N","0","39 57:28.525","","00","75 09:46.655","8","0","0","0","67301","0","0","0","N","0","0","0","6","68K01","0","","1","01","","N","N","N","1","","0","0","1","0","0","","1133","3","2","0","0","0","3","0","2","0","2","04","07","N","","","","","","","","","","",""