"CRN","ARRIVAL_TM","AUTOMOBILE_COUNT","BELTED_DEATH_COUNT","BELTED_SUSP_SERIOUS_INJ_COUNT","BICYCLE_COUNT","BICYCLE_DEATH_COUNT","BICYCLE_SUSP_SERIOUS_INJ_COUNT","BUS_COUNT","CHLDPAS_DEATH_COUNT","CHLDPAS_SUSP_SERIOUS_INJ_COUNT","COLLISION_TYPE","COMM_VEH_COUNT","CONS_ZONE_SPD_LIM","COUNTY","CRASH_MONTH","CRASH_YEAR","DAY_OF_WEEK","DEC_LAT","DEC_LONG","DISPATCH_TM","DISTRICT","DRIVER_COUNT_16YR","DRIVER_COUNT_17YR","DRIVER_COUNT_18YR","DRIVER_COUNT_19YR","DRIVER_COUNT_20YR","DRIVER_COUNT_50_64YR","DRIVER_COUNT_65_74YR","DRIVER_COUNT_75PLUS","EST_HRS_CLOSED","FATAL_COUNT","HEAVY_TRUCK_COUNT","HORSE_BUGGY_COUNT","HOUR_OF_DAY","ILLUMINATION","INJURY_COUNT","INTERSECT_TYPE","INTERSECTION_RELATED","LANE_CLOSED","LATITUDE","LN_CLOSE_DIR","LOCATION_TYPE","LONGITUDE","MAX_SEVERITY_LEVEL","MCYCLE_DEATH_COUNT","MCYCLE_SUSP_SERIOUS_INJ_COUNT","MOTORCYCLE_COUNT","MUNICIPALITY","NONMOTR_COUNT","NONMOTR_DEATH_COUNT","NONMOTR_SUSP_SERIOUS_INJ_COUNT","NTFY_HIWY_MAINT","PED_COUNT","PED_DEATH_COUNT","PED_SUSP_SERIOUS_INJ_COUNT","PERSON_COUNT","POLICE_AGCY","POSSIBLE_INJ_COUNT","RDWY_SURF_TYPE_CD","RELATION_TO_ROAD","ROAD_CONDITION","ROADWAY_CLEARED","SCH_BUS_IND","SCH_ZONE_IND","SECONDARY_CRASH","SMALL_TRUCK_COUNT","SPEC_JURIS_CD","SUSP_MINOR_INJ_COUNT","SUSP_SERIOUS_INJ_COUNT","SUV_COUNT","TCD_FUNC_CD","TCD_TYPE","TFC_DETOUR_IND","TIME_OF_DAY","TOT_INJ_COUNT","TOTAL_UNITS","UNB_DEATH_COUNT","UNB_SUSP_SERIOUS_INJ_COUNT","UNBELTED_OCC_COUNT","UNK_INJ_DEG_COUNT","UNK_INJ_PER_COUNT","URBAN_RURAL","VAN_COUNT","VEHICLE_COUNT","WEATHER1","WEATHER2","WORK_ZONE_IND","WORK_ZONE_LOC","WORK_ZONE_TYPE","WORKERS_PRES","WZ_CLOSE_DETOUR","WZ_FLAGGER","WZ_LAW_OFFCR_IND","WZ_LN_CLOSURE","WZ_MOVING","WZ_OTHER","WZ_SHLDER_MDN","WZ_WORKERS_INJ_KILLED"
"2023016075","1605","0","0","0","0","0","0","0","0","0","8","0","","67","02","2023","5","39.9709","-75.1553","1557","06","0","0","0","0","0","0","0","0","","0","0","0","15","1","1","00","N","0","39 58:15.064","","00","75 09:18.905","8","0","0","0","67301","1","0","0","N","1","0","0","2","67301","0","","1","09","","N","N","N","0","","0","0","1","3","2","","1555","1","2","0","0","0","1","0","2","0","1","07","07","N","","","","","","","","","","",""
"2023016471","2120","2","0","0","0","0","0","0","0","0","4","0","","67","02","2023","7","40.0327","-75.1065","2116","06","0","0","0","0","0","1","0","0","","0","0","0","20","3","1","00","N","0","40 01:57.645","","07","75 06:23.413","3","0","0","0","67301","0","0","0","N","0","0","0","3","67301","0","","1","01","","N","N","N","0","","1","0","0","0","0","","2058","1","2","0","0","1","0","0","2","0","2","03","03","N","","","","","","","","","","",""
"2023000786","1555","0","0","0","1","0","0","0","0","0","8","0","","67","01","2023","2","40.0532","-75.0595","1549","06","0","0","0","0","0","0","0","0","","0","0","0","13","1","1","00","N","0","40 03:11.500","","00","75 03:34.090","3","0","0","0","67301","1","0","0","N","0","0","0","2","67301","0","","1","01","","N","N","N","0","","1","0","1","0","0","","1330","1","2","0","0","0","0","0","2","0","1","04","04","N","","","","","","","","","","",""
"2023022350","2325","1","0","0","0","0","0","0","0","0","5","0","","67","01","2023","2","39.9992","-75.1953","2319","06","0","0","0","0","0","1","0","0","","0","0","0","23","3","2","00","N","0","39 59:57.200","","00","75 11:43.057","8","0","0","0","67301","0","0","0","N","0","0","0","2","68K01","0","","1","01","","N","N","N","0","","0","0","1","0","0","","2312","2","2","0","0","0","2","0","2","0","2","03","03","N","","","","","","","","","","",""
"2023009028","0221","1","0","0","0","0","0","0","0","0","7","0","","67","01","2023","1","39.9801","-75.2052","0221","06","0","0","0","0","0","0","0","0","","0","0","0","02","3","0","00","N","0","39 58:48.199","","00","75 12:18.567","0","0","0","0","67301","0","0","0","N","0","0","0","2","68K01","0","","3","09","","N","N","N","0","","0","0","0","0","0","","0216","0","1","0","0","0","0","0","2","0","1","07","","N","","","","","","","","","","",""
"2023001664","0041","1","0","0","0","0","0","0","0","0","7","0","","67","01","2023","2","39.9172","-75.2463","0041","06","0","0","0","0","0","0","0","0","","0","0","0","23","3","0","01","","1","39 55:01.859","1","00","75 14:46.691","0","0","0","0","67301","0","0","0","N","0","0","0","1","67301","0","","4","01","0100","N","N","N","0","","0","0","0","3","2","N","2307","0","1","0","0","1","0","0","2","0","1","03","03","N","","","","","","","","","","",""
"2023016763","1519","2","0","0","0","0","0","0","0","0","5","0","","67","02","2023","7","39.9496","-75.1842","1515","06","0","0","0","0","0","0","0","0","","0","0","0","15","1","0","00","Y","1","39 56:58.432","3","00","75 11:03.281","9","0","0","0","67301","0","0","0","N","0","0","0","2","68K01","0","","1","01","1539","N","N","N","0","","0","0","0","0","0","N","1503","0","2","0","0","0","0","1","2","0","2","03","","N","","","","","","","","","","",""
"2023016064","1254","1","0","0","0","0","0","0","0","0","4","1","","67","02","2023","4","40.0235","-75.2186","1251","06","0","0","0","0","0","0","0","0","","0","1","0","12","1","0","01","","0","40 01:24.628","","01","75 13:07.014","0","0","0","0","67301","0","0","0","N","0","0","0","1","67301","0","","1","01","","N","N","N","0","","0","0","1","3","3","","1235","0","4","0","0","0","0","0","2","1","4","03","","N","","","","","","","","","","",""
"2023001520","2220","1","0","0","0","0","0","0","0","0","5","0","","67","01","2023","3","40.0829","-75.2062","2200","06","0","0","0","0","0","0","0","0","","0","0","0","21","3","0","00","N","0","40 04:58.340","","00","75 12:22.363","0","0","0","0","67301","0","0","0","N","0","0","0","2","67301","0","","1","09","","N","N","N","0","","0","0","1","0","0","","2120","0","2","0","0","1","0","0","2","0","2","03","","N","","","","","","","","","","",""
"2023003272","1637","1","0","0","0","0","0","0","0","0","4","0","","67","01","2023","5","39.954","-75.23","1637","06","0","0","0","0","0","0","0","0","","0","0","0","16","4","2","01","","0","39 57:14.385","","00","75 13:47.978","3","0","0","0","67301","0","0","0","N","0","0","0","2","67301","0","","1","09","","N","N","N","0","","1","0","1","3","2","","1635","2","2","0","0","0","1","0","2","0","2","04","04","N","","","","","","","","","","",""
"2023020480","1212","0","0","0","0","0","0","0","0","0","7","0","","67","02","2023","1","39.8988","-75.1791","1204","06","0","0","0","0","0","0","0","0","","0","0","0","12","1","0","00","N","0","39 53:55.851","","00","75 10:44.715","0","0","0","0","67301","0","0","0","Y","0","0","0","1","68K01","0","","4","01","","N","N","N","0","","0","0","1","0","0","","1200","0","1","0","0","0","0","0","2","0","1","03","","N","","","","","","","","","","",""
"2023001919","1750","1","0","0","0","0","0","0","0","0","4","0","","67","01","2023","4","39.9563","-75.2115","1741","06","0","0","0","0","0","0","0","0","","0","0","0","15","1","2","02","","0","39 57:22.755","","00","75 12:41.259","8","0","0","0","67301","0","0","0","N","0","0","0","3","67301","0","","1","01","","N","N","N","0","","0","0","1","3","3","","1500","2","2","0","0","0","2","0","2","0","2","03","03","N","","","","","","","","","","",""
"2023001675","1243","0","0","0","0","0","0","0","0","0","4","0","","67","01","2023","4","40.0207","-75.1486","1238","06","0","0","0","0","0","2","0","0","","0","0","0","12","1","0","02","","0","40 01:14.374","","00","75 08:55.521","0","0","0","0","67301","0","0","0","N","0","0","0","2","67301","0","","1","01","","N","N","N","1","","0","0","1","0","0","","1222","0","2","0","0","1","0","0","2","0","2","04","04","N","","","","","","","","","","",""
"2023016924","2350","1","0","0","0","0","0","1","0","0","1","1","","67","02","2023","7","40.0362","-75.0647","2342","06","0","0","0","0","0","1","0","0","","0","0","0","23","3","2","00","N","0","40 02:10.402","","00","75 03:52.905","4","0","0","0","67301","0","0","0","N","0","0","0","2","67508","2","","1","01","","N","N","N","0","","0","0","0","0","0","","2340","2","2","0","0","0","0","0","2","0","2","03","03","N","","","","","","","","","","",""
"2023001674","0845","2","0","0","0","0","0","0","0","0","4","0","","67","01","2023","4","40.0107","-75.1513","0840","06","0","0","0","0","0","0","0","0","","0","0","0","08","1","2","01","","0","40 00:38.617","","00","75 09:04.835","3","0","0","0","67301","0","0","0","N","0","0","0","2","67301","0","","1","09","","N","N","N","0","","2","0","0","3","2","","0815","2","2","0","0","0","0","0","2","0","2","03","03","N","","","","","","","","","","",""
"2023000627","2330","2","0","0","0","0","0","0","0","0","4","0","","67","01","2023","1","40.0506","-75.1421","2328","06","0","0","0","0","0","0","0","0","","0","0","0","23","3","1","01","","0","40 03:02.085","","00","75 08:31.586","3","0","0","0","67301","0","0","0","N","0","0","0","2","67301","0","","1","01","","N","N","N","0","","1","0","0","3","2","","2315","1","2","0","0","0","0","0","2","0","2","03","","N","","","","","","","","","","",""
"2023011075","0224","0","0","0","0","0","0","0","0","0","7","0","","67","01","2023","7","39.9741","-75.2567","0224","06","0","0","0","0","0","0","0","0","","0","0","0","02","3","0","00","N","0","39 58:26.690","","00","75 15:24.290","0","0","0","0","67301","0","0","0","N","0","0","0","1","67301","0","","4","01","","N","N","N","1","","0","0","0","0","0","","0219","0","1","0","0","1","0","0","2","0","1","03","03","N","","","","","","","","","","",""
"2023000619","0141","1","0","0","0","0","0","0","0","0","4","0","","67","01","2023","1","40.0561","-75.064","0139","06","0","0","0","0","0","0","0","0","","0","0","0","01","3","4","01","","1","40 03:21.873","5","00","75 03:50.497","3","0","0","0","67301","0","0","0","N","0","0","0","6","67301","0","","1","09","0251","N","N","N","0","","3","0","0","3","2","N","0130","4","2","0","0","0","1","1","2","1","2","07","05","N","","","","","","","","","","",""
"2023004012","2113","1","0","0","0","0","0","0","0","0","4","0","","67","01","2023","5","39.9533","-75.1838","2113","06","0","0","0","0","0","0","0","0","","0","0","0","20","3","1","01","","1","39 57:11.997","3","03","75 11:01.475","3","0","0","0","67301","0","0","0","N","0","0","0","2","67301","0","","1","09","2120","N","N","N","0","","1","0","1","3","2","N","2059","1","2","0","0","0","0","0","2","0","2","07","","N","","","","","","","","","","",""
"2023002517","0545","0","0","0","0","0","0","0","0","0","4","0","","67","01","2023","6","40.1068","-74.9991","0530","06","0","0","0","0","0","1","0","0","","0","0","0","05","3","1","01","","2","40 06:24.440","2","00","74 59:56.740","3","0","0","0","67301","0","0","0","N","0","0","0","3","67301","0","","1","01","0645","N","N","Y","2","","1","0","1","3","2","Y","0500","1","3","0","0","0","0","0","2","0","3","03","","N","","","","","","","","","","",""
"2023020751","2055","1","0","0","0","0","0","0","0","0","7","0","","67","03","2023","6","39.9037","-75.1982","2045","06","0","0","0","0","0","0","0","0","","0","0","0","20","3","0","00","N","0","39 54:13.456","","00","75 11:53.505","9","0","0","0","67301","0","0","0","N","0","0","0","1","67301","0","","5","09","","N","N","N","0","","0","0","0","0","0","","2037","0","1","0","0","0","0","1","2","0","1","07","07","N","","","","","","","","","","",""
"2023017834","1625","0","0","0","0","0","0","0","0","0","6","1","","67","02","2023","3","40.0547","-74.984","1608","06","0","0","0","0","0","1","0","0","","0","0","0","15","1","0","00","N","1","40 03:16.768","4","00","74 59:02.277","0","0","0","0","67301","0","0","0","N","0","0","0","2","67301","0","","1","01","1700","N","N","N","0","","0","0","1","0","0","N","1530","0","2","0","0","0","0","0","2","1","2","03","03","N","","","","","","","","","","",""
"2023016913","1221","0","0","0","0","0","0","0","0","0","4","1","","67","02","2023","2","40.0228","-75.0346","1209","06","0","0","0","0","0","1","0","0","","0","1","0","12","1","1","02","","2","40 01:22.186","7","00","75 02:04.680","3","0","0","0","67301","0","0","0","N","0","0","0","2","67301","0","","1","01","1239","N","N","N","0","","1","0","1","3","3","Y","1203","1","2","0","0","0","0","0","2","0","2","03","","N","","","","","","","","","","",""
"2023016302","1700","0","0","0","0","0","0","0","0","0","8","0","","67","02","2023","7","40.0743","-75.0348","1658","06","1","0","0","0","0","0","0","0","","0","0","0","16","1","1","02","","0","40 04:28.071","","00","75 02:05.821","3","0","0","0","67301","1","0","0","N","1","0","0","2","67301","0","","1","01","","N","N","N","0","","1","0","1","3","2","","1641","1","2","0","0","0","0","0","2","0","1","03","","N","","","","","","","","","","",""
"2023009366","0141","1","0","0","0","0","0","0","0","0","7","0","","67","01","2023","1","39.9807","-75.2061","0136","06","0","0","0","0","0","0","0","0","","0","0","0","01","3","0","00","N","2","39 58:50.488","3","00","75 12:22.091","0","0","0","0","67301","0","0","0","N","0","0","0","2","68K01","0","","3","09","0157","N","N","N","0","","0","0","0","0","0","Y","0136","0","1","0","0","0","0","0","2","0","1","07","","N","","","","","","","","","","",""
"2023020859","2116","1","0","0","0","0","0","0","0","0","7","0","","67","01","2023","4","39.978","-75.1109","2102","06","0","0","0","0","0","1","0","0","","0","0","0","20","3","0","00","N","0","39 58:40.868","","00","75 06:39.392","0","0","0","0","67301","0","0","0","N","0","0","0","1","68K01","0","","2","09","","N","N","N","0","","0","0","0","0","0","","2051","0","1","0","0","0","0","0","2","0","1","07","04","N","","","","","","","","","","",""
"2023020490","1148","1","0","0","0","0","0","0","0","0","5","0","","67","02","2023","7","39.9019","-75.1517","1146","06","0","0","0","0","1","0","0","0","","0","0","0","11","1","0","00","N","1","39 54:06.826","2","00","75 09:06.171","0","0","0","0","67301","0","0","0","N","0","0","0","1","68K01","0","","4","01","1231","N","N","N","0","","0","0","0","0","0","N","1144","0","2","0","0","0","0","0","2","0","2","03","","N","","","","","","","","","","",""
"2023006308","0505","2","0","0","0","0","0","0","0","0","5","0","","67","01","2023","3","39.9963","-75.1148","0505","06","0","0","0","0","0","0","0","0","","0","0","0","04","3","0","00","N","2","39 59:46.690","1","00","75 06:53.330","0","0","0","0","67301","0","0","0","N","0","0","0","1","67301","0","","6","01","0520","N","N","N","0","","0","0","1","0","0","N","0455","0","3","0","0","1","0","0","2","0","3","03","","N","","","","","","","","","","",""
"2023003134","2029","1","0","0","0","0","0","0","0","0","1","0","","67","01","2023","6","40.0673","-75.1564","2027","06","0","0","0","0","0","1","0","0","","0","0","0","20","3","1","00","N","0","40 04:02.130","","00","75 09:22.920","3","0","0","0","67301","0","0","0","N","0","0","0","3","67301","0","","1","01","","N","N","N","0","","1","0","1","0","0","","2000","1","2","0","0","0","0","0","2","0","2","03","03","N","","","","","","","","","","",""
"2023022366","1800","0","0","0","0","0","0","0","0","0","8","0","","67","02","2023","3","39.9931","-75.1484","1740","06","0","0","0","0","0","0","0","0","","0","0","0","15","1","1","00","N","9","39 59:35.327","","00","75 08:54.334","3","0","0","0","67301","1","0","0","N","1","0","0","1","67301","0","","1","09","","N","N","N","0","","1","0","0","0","0","","1500","1","2","0","0","0","0","0","2","0","1","03","","N","","","","","","","","","","",""
"2023006901","1105","2","0","0","0","0","0","0","0","0","4","0","","67","01","2023","2","39.9573","-75.1441","1100","06","0","0","0","0","0","0","0","0","","0","0","0","10","8","0","05","","0","39 57:26.412","","02","75 08:38.875","0","0","0","0","67301","0","0","0","N","0","0","0","2","67301","0","","1","01","","N","N","N","0","","0","0","0","3","2","","1054","0","2","0","0","1","0","0","2","0","2","03","","N","","","","","","","","","","",""
"2023002294","0430","1","0","0","0","0","0","0","0","0","5","0","","67","01","2023","5","39.963","-75.236","0421","06","0","0","0","0","0","0","0","0","","0","0","0","04","3","0","00","N","0","39 57:46.710","","00","75 14:09.630","0","0","0","0","67301","0","0","0","N","0","0","0","1","67301","0","","6","09","","N","N","N","0","","0","0","0","0","0","","0411","0","2","0","0","0","0","0","2","1","2","05","05","N","","","","","","","","","","",""
"2023001913","0742","1","0","0","0","0","0","0","0","0","5","0","","67","01","2023","1","40.0467","-75.0151","0736","06","0","0","0","0","0","0","0","0","","0","0","0","06","5","0","00","N","0","40 02:48.065","","00","75 00:54.316","0","0","0","0","67301","0","0","0","N","0","0","0","1","67301","0","","6","01","","N","N","N","0","","0","0","1","0","0","","0625","0","2","0","0","1","0","0","2","0","2","03","03","N","","","","","","","","","","",""
"2023003830","0548","2","0","0","0","0","0","0","0","0","4","0","","67","01","2023","7","39.9535","-75.2067","0546","06","0","0","0","0","0","0","0","0","","0","0","0","05","5","0","01","","0","39 57:12.420","","00","75 12:24.004","9","0","0","0","67301","0","0","0","N","0","0","0","2","67504","0","","1","01","","N","N","N","0","","0","0","0","3","3","","0544","0","2","0","0","1","0","1","2","0","2","03","03","N","","","","","","","","","","",""
"2023000629","2052","1","0","0","0","0","0","0","0","0","1","0","","67","01","2023","2","39.979","-75.1579","2048","06","0","0","0","0","0","0","0","0","","0","0","0","20","3","0","00","N","1","39 58:44.481","2","00","75 09:28.320","0","0","0","0","67301","0","0","0","N","0","0","0","2","67505","0","","1","09","2120","N","N","N","1","","0","0","0","0","0","N","2042","0","2","0","0","0","0","0","2","0","2","07","04","N","","","","","","","","","","",""
"2023020689","1740","2","0","0","0","0","0","0","0","0","4","0","","67","03","2023","6","40.0361","-75.194","1740","06","0","0","0","0","0","1","0","0","","0","0","0","17","4","2","01","","0","40 02:09.952","","00","75 11:38.274","3","0","0","0","67301","0","0","0","N","0","0","0","4","67301","1","","1","09","","N","N","N","0","","1","0","0","3","2","","1730","2","2","0","0","0","0","0","2","0","2","07","07","N","","","","","","","","","","",""
"2023020754","1511","2","0","0","0","0","0","0","0","0","4","0","","67","03","2023","6","39.9186","-75.2259","1509","06","0","0","0","0","0","0","0","0","","0","0","0","14","1","1","01","","0","39 55:06.796","","00","75 13:33.067","3","0","0","0","67301","0","0","0","N","0","0","0","4","67301","0","","1","01","","N","N","N","0","","1","0","0","3","2","","1417","1","2","0","0","0","0","0","2","0","2","03","03","N","","","","","","","","","","",""
"2023003279","1545","1","0","0","0","0","0","0","0","0","1","0","","67","01","2023","2","40.0158","-75.1411","1531","06","0","0","0","0","0","2","0","0","","0","0","0","15","1","0","01","","0","40 00:56.908","","00","75 08:28.024","0","0","0","0","67301","0","0","0","N","0","0","0","2","67301","0","","1","01","","N","N","N","1","","0","0","0","3","2","","1530","0","2","0","0","0","0","0","2","0","2","04","","N","","","","","","","","","","",""
"2023002295","0154","0","0","0","0","0","0","0","0","0","7","0","","67","01","2023","5","40.0071","-75.1315","0153","06","0","0","0","0","0","0","0","0","","0","0","0","01","3","0","00","N","0","40 00:25.600","","00","75 07:53.480","0","0","0","0","67301","0","0","0","N","0","0","0","1","67301","0","","4","09","","N","N","N","0","","0","0","1","0","0","","0153","0","1","0","0","0","0","0","2","0","1","03","03","N","","","","","","","","","","",""
"2023016076","1609","0","0","0","0","0","0","0","0","0","6","0","","67","02","2023","4","40.0204","-75.1628","1609","06","0","0","0","0","0","1","0","0","","0","0","0","16","1","1","00","N","0","40 01:13.352","","00","75 09:46.013","3","0","0","0","67301","0","0","0","N","0","0","0","4","67301","0","","1","01","","N","N","N","0","","1","0","3","0","0","","1605","1","3","0","0","0","0","0","2","0","3","03","03","N","","","","","","","","","","",""
"2023016217","2200","0","0","0","0","0","0","0","0","0","2","0","","67","02","2023","5","40.0861","-75.2119","2151","06","0","0","1","0","0","0","0","0","","0","0","0","21","3","1","05","","1","40 05:09.747","7","00","75 12:42.989","3","0","0","0","67301","0","0","0","N","0","0","0","2","67301","0","","1","09","2200","N","N","N","0","","1","0","2","3","2","N","2136","1","2","0","0","0","0","0","2","0","2","03","98","N","","","","","","","","","","",""
"2023003277","1335","1","0","0","0","0","0","0","0","0","7","0","","67","01","2023","3","39.9715","-75.1676","1327","06","0","0","0","0","0","0","0","0","","0","0","0","13","1","0","02","","0","39 58:17.463","","00","75 10:03.502","0","0","0","0","67301","0","0","0","N","0","0","0","1","67301","0","","5","09","","N","N","N","0","","0","0","0","3","3","","1315","0","1","0","0","1","0","0","2","0","1","07","07","N","","","","","","","","","","",""
"2023020423","0622","1","0","0","0","0","0","1","0","0","5","1","","67","02","2023","6","39.9389","-75.1985","0613","06","0","0","0","0","0","1","0","0","","0","0","0","05","1","0","00","N","0","39 56:20.136","","00","75 11:54.486","0","0","0","0","67301","0","0","0","N","0","0","0","2","67301","0","","1","01","","N","N","N","0","","0","0","0","0","0","","0500","0","2","0","0","0","0","0","2","0","2","03","","N","","","","","","","","","","",""
"2023000787","1915","1","0","0","0","0","0","0","0","0","8","0","","67","01","2023","1","39.9622","-75.2023","1913","06","0","0","0","0","0","0","0","0","","0","0","0","17","3","1","02","","0","39 57:44.013","","00","75 12:08.272","2","0","0","0","67301","1","0","1","N","1","0","1","2","67301","0","","1","01","","N","N","N","0","","0","1","0","0","0","","1742","1","2","0","0","1","0","0","2","0","1","03","","N","","","","","","","","","","",""
"2023007773","1802","2","0","0","0","0","0","0","0","0","1","0","","67","01","2023","5","40.0258","-75.0283","1734","06","0","0","0","0","0","0","0","0","","0","0","0","17","3","1","00","N","1","40 01:32.728","2","00","75 01:42.006","3","0","0","0","67301","0","0","0","N","0","0","0","4","68K01","0","","1","01","1917","N","N","N","0","","1","0","1","0","0","N","1732","1","4","0","0","0","0","0","2","1","4","07","","N","","","","","","","","","","",""
"2023020523","0128","1","0","0","0","0","0","0","0","0","7","0","","67","03","2023","6","40.0255","-75.0967","0123","06","0","0","0","0","0","0","0","0","","0","0","0","01","3","0","00","N","2","40 01:31.840","6","00","75 05:48.180","9","0","0","0","67301","0","0","0","N","0","0","0","1","67301","0","","2","01","0219","N","N","N","0","","0","0","0","0","0","Y","0120","0","1","0","0","0","0","1","2","0","1","03","03","N","","","","","","","","","","",""
"2023020986","2024","2","0","0","0","0","0","0","0","0","1","0","","67","03","2023","6","39.9468","-75.1423","2000","06","0","0","0","1","1","0","0","0","","0","0","0","19","3","0","00","N","0","39 56:48.538","","00","75 08:32.411","0","0","0","0","67301","0","0","0","N","0","0","0","2","68K01","0","","1","09","","N","N","N","0","","0","0","0","0","0","","1950","0","2","0","0","0","0","0","2","0","2","07","07","N","","","","","","","","","","",""
"2023014832","1813","1","0","0","0","0","0","0","0","0","1","0","","67","01","2023","2","39.897","-75.1892","1802","06","0","1","0","0","0","1","0","0","","0","0","0","17","3","0","00","N","1","39 53:49.148","1","03","75 11:21.189","0","0","0","0","67301","0","0","0","N","0","0","0","4","68K01","0","","1","01","1816","N","N","N","0","","0","0","2","0","0","N","1755","0","3","0","0","0","0","0","2","0","3","03","03","N","","","","","","","","","","",""
"2023019847","0304","1","0","0","0","0","0","0","0","0","6","0","","67","03","2023","5","39.9535","-75.1853","0255","06","0","0","0","0","0","1","0","0","","0","0","0","02","3","0","01","","0","39 57:12.684","","00","75 11:06.982","0","0","0","0","67301","0","0","0","N","0","0","0","3","67507","0","","1","01","","N","N","N","0","","0","0","1","2","2","","0232","0","2","0","0","0","0","0","2","0","2","03","08","N","","","","","","","","","","",""
"2023016887","1817","2","0","0","0","0","0","0","0","0","1","0","","67","02","2023","6","39.9578","-75.1408","1808","06","0","0","0","0","0","0","0","0","","0","0","0","18","3","0","00","N","1","39 57:28.146","1","00","75 08:26.716","0","0","0","0","67301","0","0","0","N","0","0","0","3","68K01","0","","1","01","1830","N","N","N","0","","0","0","0","0","0","N","1807","0","2","0","0","0","0","0","2","0","2","03","","N","","","","","","","","","","",""
"2023017632","1620","0","0","0","0","0","0","1","0","0","4","0","","67","02","2023","7","39.9194","-75.1504","1600","06","0","0","0","0","0","0","0","0","","0","0","0","16","1","1","01","","0","39 55:09.735","","00","75 09:01.594","8","0","0","0","67301","0","0","0","N","0","0","0","2","67508","0","","1","01","","N","N","N","0","","0","0","1","3","2","Y","1600","1","2","0","0","1","1","0","2","0","2","03","03","N","","","","","","","","","","",""
"2023004552","0309","1","0","0","0","0","0","0","0","0","8","0","","67","01","2023","1","39.9524","-75.1549","0305","06","0","0","0","0","0","0","0","0","","0","0","0","03","3","1","01","","0","39 57:08.535","","00","75 09:17.776","2","0","0","0","67301","1","0","1","N","1","0","1","2","67301","0","","4","09","","N","N","N","0","","0","1","0","3","2","","0300","1","2","0","0","1","0","0","2","0","1","03","03","N","","","","","","","","","","",""
"2023002520","2018","3","0","0","0","0","0","0","0","0","1","0","","67","01","2023","7","40.0054","-75.1521","2018","06","0","0","0","0","0","0","1","0","","0","0","0","20","3","1","00","Y","1","40 00:19.499","2","00","75 09:07.529","3","0","0","0","67301","0","0","0","N","0","0","0","5","67505","0","","1","01","2100","N","N","N","0","","1","0","1","3","2","N","2018","1","4","0","0","0","0","0","2","0","4","03","03","N","","","","","","","","","","",""
"2023003273","1310","1","0","0","0","0","0","0","0","0","4","0","","67","01","2023","6","39.9587","-75.2394","1248","06","0","0","0","0","0","1","0","0","","0","0","0","12","1","1","01","","2","39 57:31.262","7","00","75 14:21.875","3","0","0","0","67301","0","0","0","N","0","0","0","3","67301","0","","1","01","1405","N","N","N","0","","1","0","1","3","2","Y","1247","1","2","0","0","0","0","0","2","0","2","03","03","N","","","","","","","","","","",""
"2023011869","1538","2","0","0","0","0","0","0","0","0","1","0","","67","01","2023","6","39.9131","-75.1724","1538","06","0","0","0","0","0","0","0","0","","0","0","0","13","1","1","01","","0","39 54:46.993","","00","75 10:20.708","2","0","0","0","67301","0","0","0","N","0","0","0","3","67301","0","","1","01","","N","N","N","0","","0","1","0","3","2","","1330","1","2","0","1","3","0","2","2","0","2","03","","N","","","","","","","","","","",""
"2023017519","0853","2","0","0","0","0","0","0","0","0","5","1","","67","02","2023","3","39.9629","-75.1591","0853","06","0","0","0","0","0","0","0","0","","0","1","0","08","1","1","00","N","0","39 57:46.600","","00","75 09:32.700","3","0","0","0","67301","0","0","0","N","0","0","0","1","67301","0","","6","01","","N","N","N","0","","1","0","1","0","0","","0817","1","4","0","0","0","0","0","2","0","4","03","03","N","","","","","","","","","","",""
"2023018109","0933","2","0","0","0","0","0","0","0","0","4","0","","67","02","2023","2","40.0026","-75.1677","0930","06","0","0","0","0","0","0","0","0","","0","0","0","09","1","1","00","Y","0","40 00:09.450","","00","75 10:03.690","3","0","0","0","67301","0","0","0","N","0","0","0","3","67301","0","","1","01","","N","N","N","0","","1","0","0","3","3","","0915","1","2","0","0","0","0","0","2","0","2","03","03","N","","","","","","","","","","",""
"2023015960","0535","0","0","0","0","0","0","0","0","0","8","1","","67","02","2023","5","39.9519","-75.1598","0522","06","0","0","0","0","0","0","0","0","","0","1","0","05","3","1","01","","0","39 57:06.984","","00","75 09:35.699","4","0","0","0","67301","1","0","0","N","1","0","0","2","67301","1","","1","01","","N","N","N","0","","0","0","0","3","2","","0520","1","2","0","0","0","0","0","2","0","1","03","","N","","","","","","","","","","",""
"2023017291","0004","2","0","0","0","0","0","0","0","0","4","0","","67","02","2023","7","40.0314","-75.0847","0004","06","0","0","0","0","0","0","0","0","","0","0","0","20","3","1","05","","9","40 01:53.177","","00","75 05:05.070","3","0","0","0","67301","0","0","0","N","0","0","0","2","67301","0","","1","01","","N","N","N","0","","1","0","0","0","0","","2035","1","2","0","0","0","0","1","2","0","2","03","","N","","","","","","","","","","",""
"2023016851","1819","1","0","0","0","0","0","0","0","0","7","0","","67","01","2023","3","39.9279","-75.1959","1808","06","0","0","0","0","0","0","0","0","","0","0","0","18","3","0","00","Y","1","39 55:40.485","4","00","75 11:45.108","0","0","0","0","67301","0","0","0","N","0","0","0","1","68K01","0","","2","09","1825","N","N","N","0","","0","0","0","0","0","N","1807","0","1","0","0","0","0","0","2","0","1","03","","N","","","","","","","","","","",""