"CRN","ARRIVAL_TM","AUTOMOBILE_COUNT","BELTED_DEATH_COUNT","BELTED_SUSP_SERIOUS_INJ_COUNT","BICYCLE_COUNT","BICYCLE_DEATH_COUNT","BICYCLE_SUSP_SERIOUS_INJ_COUNT","BUS_COUNT","CHLDPAS_DEATH_COUNT","CHLDPAS_SUSP_SERIOUS_INJ_COUNT","COLLISION_TYPE","COMM_VEH_COUNT","CONS_ZONE_SPD_LIM","COUNTY","CRASH_MONTH","CRASH_YEAR","DAY_OF_WEEK","DEC_LAT","DEC_LONG","DISPATCH_TM","DISTRICT","DRIVER_COUNT_16YR","DRIVER_COUNT_17YR","DRIVER_COUNT_18YR","DRIVER_COUNT_19YR","DRIVER_COUNT_20YR","DRIVER_COUNT_50_64YR","DRIVER_COUNT_65_74YR","DRIVER_COUNT_75PLUS","EST_HRS_CLOSED","FATAL_COUNT","HEAVY_TRUCK_COUNT","HORSE_BUGGY_COUNT","HOUR_OF_DAY","ILLUMINATION","INJURY_COUNT","INTERSECT_TYPE","INTERSECTION_RELATED","LANE_CLOSED","LATITUDE","LN_CLOSE_DIR","LOCATION_TYPE","LONGITUDE","MAX_SEVERITY_LEVEL","MCYCLE_DEATH_COUNT","MCYCLE_SUSP_SERIOUS_INJ_COUNT","MOTORCYCLE_COUNT","MUNICIPALITY","NONMOTR_COUNT","NONMOTR_DEATH_COUNT","NONMOTR_SUSP_SERIOUS_INJ_COUNT","NTFY_HIWY_MAINT","PED_COUNT","PED_DEATH_COUNT","PED_SUSP_SERIOUS_INJ_COUNT","PERSON_COUNT","POLICE_AGCY","POSSIBLE_INJ_COUNT","RDWY_SURF_TYPE_CD","RELATION_TO_ROAD","ROAD_CONDITION","ROADWAY_CLEARED","SCH_BUS_IND","SCH_ZONE_IND","SECONDARY_CRASH","SMALL_TRUCK_COUNT","SPEC_JURIS_CD","SUSP_MINOR_INJ_COUNT","SUSP_SERIOUS_INJ_COUNT","SUV_COUNT","TCD_FUNC_CD","TCD_TYPE","TFC_DETOUR_IND","TIME_OF_DAY","TOT_INJ_COUNT","TOTAL_UNITS","UNB_DEATH_COUNT","UNB_SUSP_SERIOUS_INJ_COUNT","UNBELTED_OCC_COUNT","UNK_INJ_DEG_COUNT","UNK_INJ_PER_COUNT","URBAN_RURAL","VAN_COUNT","VEHICLE_COUNT","WEATHER1","WEATHER2","WORK_ZONE_IND","WORK_ZONE_LOC","WORK_ZONE_TYPE","WORKERS_PRES","WZ_CLOSE_DETOUR","WZ_FLAGGER","WZ_LAW_OFFCR_IND","WZ_LN_CLOSURE","WZ_MOVING","WZ_OTHER","WZ_SHLDER_MDN","WZ_WORKERS_INJ_KILLED"
"2023016864","0709","0","0","0","0","0","0","0","0","0","7","0","","67","02","2023","7","39.954","-75.1416","0700","06","0","0","0","0","0","0","0","0","","0","0","0","07","1","1","00","N","2","39 57:14.236","2","00","75 08:29.717","8","0","0","0","67301","0","0","0","N","0","0","0","1","68K01","0","","4","01","0829","N","N","N","0","","0","0","1","0","0","N","0700","1","1","0","0","1","1","0","2","0","1","03","","N","","","","","","","","","","",""
"2023016304","1327","0","0","0","0","0","0","0","0","0","8","0","","67","02","2023","6","40.0345","-75.0481","1319","06","0","0","0","0","0","0","0","0","","0","0","0","11","1","1","01","","0","40 02:04.145","","00","75 02:53.325","3","0","0","0","67301","1","0","0","N","1","0","0","2","67301","0","","1","09","","N","N","N","0","","1","0","1","9","3","","1150","1","2","0","0","0","0","0","2","0","1","07","04","N","","","","","","","","","","",""
"2023004891","0920","2","0","0","0","0","0","0","0","0","1","0","","67","01","2023","5","39.9712","-75.1577","0916","06","0","0","0","0","0","0","0","0","","0","0","0","09","1","1","00","Y","0","39 58:16.197","","00","75 09:27.626","4","0","0","0","67301","0","0","0","N","0","0","0","4","67301","1","","1","01","","N","N","N","0","","0","0","0","3","2","","0907","1","2","0","0","1","0","0","2","0","2","03","03","N","","","","","","","","","","",""
"2023012384","2020","1","0","0","0","0","0","0","0","0","4","0","","67","01","2023","4","40.0213","-75.1224","2020","06","0","0","0","0","0","1","0","0","","0","0","0","22","3","1","01","","0","40 01:16.715","","00","75 07:20.686","3","0","0","0","67301","0","0","0","N","0","0","0","2","67301","0","","1","09","","N","Y","N","0","","1","0","1","3","3","","2229","1","2","0","0","0","0","1","2","0","2","07","","N","","","","","","","","","","",""
"2023002122","1145","2","0","0","0","0","0","1","0","0","4","1","","67","01","2023","1","39.9517","-75.2369","1135","06","0","0","0","0","0","1","0","0","","0","0","0","11","1","1","01","","2","39 57:06.123","1","00","75 14:12.685","8","0","0","0","67301","0","0","0","N","0","0","0","3","67508","0","","1","98","9999","N","N","Y","0","","0","0","0","3","2","N","1135","1","3","0","0","2","1","0","2","0","3","99","98","N","","","","","","","","","","",""
"2023021758","1245","1","0","0","0","0","0","0","0","0","1","0","","67","03","2023","7","39.9996","-75.1905","1245","06","0","0","0","0","0","0","0","0","","0","0","0","10","1","1","03","","9","39 59:58.649","","00","75 11:26.101","3","0","0","0","67301","0","0","0","N","0","0","0","2","67301","0","","1","01","","N","N","N","0","","1","0","1","0","0","","1050","1","2","0","0","0","0","0","2","0","2","03","","N","","","","","","","","","","",""
"2023002385","0459","2","0","1","0","0","0","0","0","0","2","0","","67","01","2023","6","40.0533","-75.1614","0456","06","0","0","0","0","0","0","0","0","","0","0","0","04","3","1","00","N","0","40 03:11.900","","00","75 09:41.180","2","0","0","0","67301","0","0","0","N","0","0","0","1","67301","0","","6","09","","N","N","N","0","","0","1","0","0","0","","0450","1","2","0","0","0","0","0","2","0","2","03","","N","","","","","","","","","","",""
"2023004551","0030","1","0","0","0","0","0","0","0","0","7","0","","67","01","2023","1","39.9517","-75.1628","0021","06","0","0","0","0","0","0","0","0","","0","0","0","00","3","3","00","N","1","39 57:06.000","1","00","75 09:46.000","3","0","0","0","67301","0","0","0","N","0","0","0","3","67301","0","","4","09","0259","N","N","N","0","","3","0","0","0","0","N","0021","3","1","0","0","0","0","0","2","0","1","07","07","N","","","","","","","","","","",""
"2023021704","2000","1","0","0","0","0","0","0","0","0","7","0","","67","03","2023","7","40.0315","-75.0919","1956","06","0","0","0","0","0","0","0","0","","0","0","0","19","3","1","00","N","2","40 01:53.520","3","00","75 05:30.860","3","0","0","0","67301","0","0","0","N","0","0","0","1","67301","0","","4","01","2100","N","N","N","0","","1","0","0","0","0","N","1955","1","1","0","0","1","0","0","2","0","1","03","","N","","","","","","","","","","",""
"2023016022","0733","0","0","0","0","0","0","0","0","0","5","1","","67","01","2023","5","39.9356","-75.1997","0714","06","0","0","0","0","0","1","0","0","","0","1","0","07","1","0","00","N","2","39 56:08.019","4","00","75 11:59.064","0","0","0","0","67301","0","0","0","N","0","0","0","2","68K01","0","","1","01","0745","N","N","N","0","","0","0","1","0","0","N","0712","0","2","0","0","0","0","0","2","0","2","03","03","N","","","","","","","","","","",""
"2023017518","1740","0","0","0","0","0","0","0","0","0","8","0","","67","02","2023","3","40.0729","-75.0759","1733","06","0","0","0","0","0","1","0","0","","0","0","0","17","1","1","01","","0","40 04:22.410","","00","75 04:33.193","2","0","0","0","67301","1","0","1","N","1","0","1","2","67301","0","","1","09","","N","N","N","0","","0","1","0","3","2","","1710","1","2","0","0","0","0","0","2","1","1","04","04","N","","","","","","","","","","",""
"2023016422","0854","1","0","0","0","0","0","1","0","0","1","1","","67","01","2023","5","39.9798","-75.2047","0854","06","0","0","0","0","0","0","0","0","","0","0","0","08","1","1","00","N","2","39 58:47.157","3","00","75 12:16.961","4","0","0","0","67301","0","0","0","N","0","0","0","4","68K01","1","","1","01","0902","Y","N","N","1","","0","0","0","0","0","N","0854","1","4","0","0","0","0","0","2","1","4","03","03","N","","","","","","","","","","",""
"2023016747","0049","2","0","0","0","0","0","0","0","0","1","0","","67","02","2023","4","39.8763","-75.2573","0027","06","0","0","0","0","0","0","0","0","","0","0","0","00","2","0","00","N","0","39 52:34.563","","00","75 15:26.192","0","0","0","0","67301","0","0","0","N","0","0","0","2","68K01","0","","1","01","","N","N","N","0","","0","0","0","0","0","","0016","0","2","0","0","0","0","0","2","0","2","03","","N","","","","","","","","","","",""
"2023017769","0152","1","0","0","0","0","0","0","0","0","7","0","","67","02","2023","2","40.0402","-75.0063","0132","06","0","0","0","0","0","0","0","0","","0","0","0","01","3","0","00","N","1","40 02:24.645","2","00","75 00:22.564","9","0","0","0","67301","0","0","0","N","0","0","0","1","68K01","0","","5","01","0240","N","N","N","0","","0","0","0","0","0","Y","0132","0","1","0","0","0","0","1","2","0","1","03","03","N","","","","","","","","","","",""
"2023002722","1035","1","0","0","0","0","0","0","0","0","2","0","","67","01","2023","4","39.9931","-75.1196","1031","06","0","0","0","0","0","0","0","0","","0","0","0","10","1","3","00","N","2","39 59:35.100","5","01","75 07:10.700","3","0","0","0","67301","0","0","0","N","0","0","0","3","67301","0","","1","01","1300","N","N","N","0","","3","0","1","0","0","Y","1030","3","2","0","0","0","0","0","2","0","2","03","","N","","","","","","","","","","",""
"2023002042","1430","2","0","0","0","0","0","0","0","0","4","0","","67","01","2023","5","39.9261","-75.2424","1430","06","0","0","0","0","0","1","0","0","","0","0","0","14","1","0","01","","0","39 55:33.920","","00","75 14:32.499","0","0","0","0","67301","0","0","0","N","0","0","0","2","67301","0","","1","01","","N","N","N","0","","0","0","0","3","2","","1415","0","2","0","0","0","0","0","2","0","2","03","03","N","","","","","","","","","","",""
"2023021525","0056","0","0","0","0","0","0","0","0","0","7","0","","67","02","2023","1","39.9327","-75.2","0047","06","0","0","0","0","0","0","0","0","","0","0","0","00","3","0","00","N","1","39 55:57.660","4","00","75 12:00.145","0","0","0","0","67301","0","0","0","N","0","0","0","1","68K01","0","","4","01","0115","N","N","N","0","","0","0","1","0","0","N","0046","0","1","0","0","0","0","0","2","0","1","03","","N","","","","","","","","","","",""
"2023020902","1205","1","0","0","0","0","0","0","0","0","1","0","","67","01","2023","3","39.9561","-75.1929","1159","06","0","0","0","0","0","1","0","0","","0","0","0","13","1","1","00","Y","0","39 57:21.901","","00","75 11:34.455","3","0","0","0","67301","0","0","0","N","0","0","0","2","67301","0","","1","01","","N","N","N","0","","1","0","1","3","2","","1330","1","2","0","0","2","0","0","2","0","2","03","03","N","","","","","","","","","","",""
"2023002906","1446","1","0","0","0","0","0","0","0","0","5","0","","67","01","2023","1","39.9105","-75.1579","1446","06","0","0","0","0","0","1","0","0","","0","0","0","14","1","0","07","","0","39 54:37.700","","08","75 09:28.400","0","0","0","0","67301","0","0","0","N","0","0","0","5","67501","0","","1","01","","N","N","N","0","","0","0","1","3","8","","1445","0","2","0","0","0","0","0","2","0","2","03","03","N","","","","","","","","","","",""
"2023009801","1037","1","0","0","0","0","0","0","0","0","7","0","","67","01","2023","7","39.8921","-75.2224","1013","06","0","0","0","0","0","0","0","0","","0","0","0","10","1","1","00","N","0","39 53:31.546","","02","75 13:20.638","3","0","0","0","67301","0","0","0","N","0","0","0","1","68K01","0","","4","01","","N","N","N","0","","1","0","0","0","0","","1009","1","1","0","0","0","0","0","2","0","1","03","","N","","","","","","","","","","",""
"2023003122","1545","1","0","0","0","0","0","0","0","0","5","0","","67","01","2023","2","39.8905","-75.2207","1535","06","0","0","0","0","0","0","0","0","","0","0","0","15","1","4","07","","2","39 53:25.838","2","08","75 13:14.353","8","0","0","0","67301","0","0","0","Y","0","0","0","4","68K01","0","","7","01","1600","N","N","N","0","","0","0","1","0","0","Y","1526","4","2","0","0","0","4","0","2","0","2","03","","N","","","","","","","","","","",""
"2023021735","1520","0","0","0","0","0","0","0","0","0","8","0","","67","03","2023","3","39.9566","-75.2317","1520","06","0","0","0","0","0","0","0","0","","0","0","0","15","1","1","01","","0","39 57:23.587","","00","75 13:54.001","3","0","0","0","67301","1","0","0","N","1","0","0","2","67301","0","","1","01","","N","N","N","0","","1","0","1","3","3","","1520","1","2","0","0","1","0","0","2","0","1","03","03","N","","","","","","","","","","",""
"2023013086","1114","1","0","0","0","0","0","0","0","0","1","0","","67","01","2023","7","40.0347","-75.0186","1058","06","0","1","0","0","0","1","0","0","","0","0","0","10","1","3","00","N","1","40 02:04.848","1","03","75 01:07.134","8","0","0","0","67301","0","0","0","N","0","0","0","3","68K01","0","","1","01","1145","N","N","N","0","","0","0","1","0","0","N","1052","3","2","0","0","0","3","0","2","0","2","03","","N","","","","","","","","","","",""
"2023016728","0357","0","0","0","0","0","0","0","0","0","7","0","","67","02","2023","1","40.0217","-75.0394","0346","06","0","0","0","0","1","0","0","0","","0","0","0","03","3","1","00","N","1","40 01:17.955","2","00","75 02:21.951","8","0","0","0","67301","0","0","0","N","0","0","0","1","68K01","0","","4","01","0500","N","N","N","0","","0","0","1","0","0","N","0340","1","1","0","0","0","1","0","2","0","1","03","","N","","","","","","","","","","",""
"2023016891","1608","2","0","0","0","0","0","0","0","0","1","0","","67","02","2023","7","39.9731","-75.1937","1608","06","0","0","0","0","0","1","0","0","","0","0","0","16","1","0","00","N","0","39 58:23.257","","00","75 11:37.434","0","0","0","0","67301","0","0","0","N","0","0","0","2","68K01","0","","1","01","","N","N","N","0","","0","0","0","0","0","","1608","0","2","0","0","0","0","0","2","0","2","03","","N","","","","","","","","","","",""
"2023006310","2115","1","0","0","0","0","0","0","0","0","4","0","","67","01","2023","3","39.9946","-75.0945","2109","06","0","0","0","0","0","0","0","0","","0","0","0","21","3","1","01","","0","39 59:40.673","","00","75 05:40.311","3","0","0","0","67301","0","0","0","N","0","0","0","5","67301","0","","1","01","","N","N","N","0","","1","0","2","3","2","","2100","1","3","0","0","0","0","2","2","0","3","03","03","N","","","","","","","","","","",""
"2023003140","1853","0","0","0","0","0","0","0","0","0","4","0","","67","01","2023","4","40.0095","-75.1528","1853","06","0","0","0","0","0","0","0","0","","0","0","0","18","3","0","01","","0","40 00:34.088","","00","75 09:10.435","0","0","0","0","67301","0","0","0","N","0","0","0","3","67301","0","","1","01","","N","N","N","0","","0","0","2","3","2","","1852","0","2","0","0","0","0","0","2","0","2","03","03","N","","","","","","","","","","",""
"2023021937","1535","2","0","0","0","0","0","0","0","0","1","0","","67","02","2023","6","39.9502","-75.1417","1458","06","0","0","0","0","1","1","0","0","","0","0","0","14","1","0","00","N","1","39 57:00.787","2","00","75 08:30.105","0","0","0","0","67301","0","0","0","N","0","0","0","3","68K01","0","","1","01","1619","N","N","N","1","","0","0","0","0","0","N","1455","0","3","0","0","0","0","0","2","0","3","03","03","N","","","","","","","","","","",""
"2023016444","1806","0","0","0","0","0","0","0","0","0","1","0","","67","02","2023","5","39.9766","-75.1971","1802","06","0","0","0","0","0","2","0","0","","0","0","0","17","3","1","00","N","0","39 58:35.907","","00","75 11:49.409","4","0","0","0","67301","0","0","0","N","0","0","0","2","68K01","1","","1","09","","N","N","N","1","","0","0","1","0","0","","1758","1","2","0","0","0","0","0","2","0","2","03","03","N","","","","","","","","","","",""
"2023016742","0714","0","0","0","0","0","0","0","0","0","1","0","","67","02","2023","3","40.0096","-75.2057","0654","06","0","0","0","0","0","1","0","0","","0","0","0","06","5","0","00","N","1","40 00:34.619","4","00","75 12:20.344","0","0","0","0","67301","0","0","0","N","0","0","0","3","68K01","0","","1","01","0725","N","N","N","0","","0","0","1","0","0","N","0649","0","2","0","0","0","0","0","2","1","2","04","","N","","","","","","","","","","",""
"2023002041","2153","1","0","0","0","0","0","0","0","0","4","0","","67","01","2023","4","39.928","-75.2193","2153","06","0","0","0","0","0","0","0","0","","0","0","0","21","3","2","01","","0","39 55:40.869","","00","75 13:09.477","3","0","0","0","67301","0","0","0","N","0","0","0","3","67301","0","","1","01","","N","N","N","1","","2","0","0","3","2","","2152","2","2","0","0","0","0","1","2","0","2","03","04","N","","","","","","","","","","",""
"2023001910","0613","1","0","0","0","0","0","0","0","0","1","0","","67","01","2023","4","39.9055","-75.1943","0608","06","0","0","0","0","0","1","0","0","","0","0","0","05","3","2","00","Y","0","39 54:19.815","","00","75 11:39.414","3","0","0","0","67301","0","0","0","N","0","0","0","2","67301","0","","1","01","","N","N","N","1","","2","0","0","3","2","","0535","2","2","0","0","0","0","0","2","0","2","03","03","N","","","","","","","","","","",""
"2023003123","1750","1","0","0","0","0","0","0","0","0","7","0","","67","01","2023","2","39.9251","-75.147","1747","06","0","0","0","0","0","1","0","0","","0","0","0","17","3","1","00","N","1","39 55:30.383","1","03","75 08:49.145","4","0","0","0","67301","0","0","0","N","0","0","0","1","68K01","1","","3","09","1830","N","N","N","0","","0","0","0","0","0","N","1745","1","1","0","0","0","0","0","2","0","1","07","","N","","","","","","","","","","",""
"2023001671","1738","1","0","0","0","0","0","0","0","0","6","0","","67","01","2023","3","40.0192","-75.1909","1728","06","0","0","0","0","0","0","0","0","","0","0","0","17","3","0","00","N","1","40 01:09.051","1","00","75 11:27.097","9","0","0","0","67301","0","0","0","N","0","0","0","4","67301","0","","1","09","1805","N","N","N","0","","0","0","1","0","0","N","1706","0","2","0","0","4","0","4","2","0","2","04","04","N","","","","","","","","","","",""
"2023017295","1340","0","0","0","0","0","0","0","0","0","8","0","","67","02","2023","1","39.9856","-75.1037","1335","06","0","0","0","0","0","1","0","0","","0","0","0","13","1","1","01","","0","39 59:07.982","","00","75 06:13.424","8","0","0","0","67301","1","0","0","N","1","0","0","2","67301","0","","1","01","","N","N","N","0","","0","0","1","0","0","","1330","1","2","0","0","0","1","0","2","0","1","03","03","N","","","","","","","","","","",""
"2023016552","1255","1","0","0","0","0","0","0","0","0","7","0","","67","02","2023","6","40.0357","-75.0167","1250","06","0","0","0","1","0","0","0","0","","0","0","0","09","1","0","00","N","0","40 02:08.472","","00","75 01:00.253","0","0","0","0","67301","0","0","0","N","0","0","0","1","68K01","0","","4","09","","N","N","N","0","","0","0","0","0","0","","0958","0","1","0","0","0","0","0","2","0","1","07","07","N","","","","","","","","","","",""
"2023017115","0242","1","0","0","0","0","0","0","0","0","7","0","","67","02","2023","7","39.9936","-75.0845","0238","06","0","0","0","0","0","0","0","0","","0","0","0","02","3","1","00","N","1","39 59:37.057","1","00","75 05:04.322","8","0","0","0","67301","0","0","0","N","0","0","0","1","68K01","0","","4","01","0306","N","N","N","0","","0","0","0","0","0","N","0237","1","1","0","0","0","1","0","2","0","1","03","","N","","","","","","","","","","",""
"2023017205","1750","1","0","0","0","0","0","0","0","0","6","0","","67","02","2023","5","39.9915","-75.2266","1745","06","0","0","0","0","0","0","0","0","","0","0","0","17","4","1","01","","0","39 59:29.482","","00","75 13:35.641","3","0","0","0","67301","0","0","0","N","0","0","0","2","67301","0","","1","09","","N","N","N","0","","1","0","1","3","2","","1735","1","2","0","0","0","0","0","2","0","2","07","","N","","","","","","","","","","",""
"2023017627","0401","2","0","0","0","0","0","0","0","0","4","0","","67","02","2023","7","40.0179","-75.1493","0357","06","0","0","1","0","0","0","0","0","","0","0","0","03","3","1","01","","2","40 01:04.807","2","00","75 08:57.222","3","0","0","0","67301","0","0","0","N","0","0","0","3","67301","0","","1","01","0800","N","N","N","0","","1","0","0","3","2","Y","0356","1","2","0","0","0","0","1","2","0","2","03","","N","","","","","","","","","","",""
"2023016580","1258","0","0","0","0","0","0","0","0","0","5","1","","67","02","2023","1","40.0764","-75.207","1228","06","0","0","0","0","0","0","0","0","","0","1","0","11","1","0","00","N","0","40 04:34.888","","00","75 12:25.157","0","0","0","0","67301","0","0","0","N","0","0","0","2","67301","0","","1","01","","N","N","N","0","","0","0","1","0","0","","1127","0","2","0","0","0","0","0","2","0","2","03","03","N","","","","","","","","","","",""
"2023021715","0727","0","0","0","0","0","0","0","0","0","8","0","","67","01","2023","3","39.9266","-75.2356","0723","06","0","0","0","0","0","1","0","0","","0","0","0","07","1","1","01","","0","39 55:35.885","","00","75 14:08.106","4","0","0","0","67301","1","0","0","N","1","0","0","2","67301","1","","1","09","","N","N","N","0","","0","0","1","3","3","","0715","1","2","0","0","0","0","0","2","0","1","07","","N","","","","","","","","","","",""
"2023003651","1235","1","0","0","0","0","0","0","0","0","4","0","","67","01","2023","3","","","1233","06","0","0","0","0","0","1","0","1","","0","0","0","12","1","0","01","","0","","","00","","0","0","0","0","67301","0","0","0","N","0","0","0","2","67301","0","","1","09","","N","N","N","0","","0","0","1","3","3","","1230","0","2","0","0","0","0","0","1","0","2","07","","N","","","","","","","","","","",""
"2023002036","0817","2","0","0","0","0","0","0","0","0","5","0","","67","01","2023","1","39.9165","-75.1628","0816","06","0","0","0","0","0","0","0","0","","0","0","0","08","1","0","00","N","2","39 54:59.430","1","00","75 09:46.040","0","0","0","0","67301","0","0","0","N","0","0","0","1","67301","0","","6","09","0900","N","N","N","0","","0","0","0","0","0","Y","0811","0","3","0","0","0","0","0","2","1","3","03","","N","","","","","","","","","","",""
"2023005429","0224","3","0","0","0","0","0","0","0","0","5","0","","67","01","2023","7","40.015","-75.1345","0224","06","0","0","0","0","0","0","1","0","","0","0","0","02","3","3","00","N","0","40 00:53.840","","00","75 08:04.260","2","0","0","0","67301","0","0","0","N","0","0","0","3","67301","0","","6","01","","N","N","N","1","","2","1","2","0","0","","0224","3","6","0","0","0","0","0","2","0","6","03","03","N","","","","","","","","","","",""
"2023001669","1840","2","0","0","0","0","0","0","0","0","4","0","","67","01","2023","4","39.9884","-75.1854","1838","06","0","0","0","0","0","0","0","0","","0","0","0","18","3","1","01","","0","39 59:18.387","","00","75 11:07.371","3","0","0","0","67301","0","0","0","N","0","0","0","7","67301","0","","1","09","","N","N","Y","0","","1","0","2","3","3","","1801","1","4","0","0","0","0","2","2","0","4","03","03","N","","","","","","","","","","",""
"2023016717","1440","1","0","0","0","0","0","0","0","0","1","0","","67","01","2023","3","39.9445","-75.1915","1416","06","0","0","0","0","0","0","1","0","","0","0","0","13","1","0","00","N","0","39 56:40.300","","00","75 11:29.571","0","0","0","0","67301","0","0","0","N","0","0","0","3","68K01","0","","1","01","","N","N","N","0","","0","0","1","0","0","","1344","0","2","0","0","0","0","0","2","0","2","06","","N","","","","","","","","","","",""
"2023017521","0502","0","0","0","0","0","0","0","0","0","7","0","","67","02","2023","3","40.0364","-75.1552","0454","06","0","0","0","0","0","0","0","0","","0","0","0","04","3","0","00","N","0","40 02:11.110","","00","75 09:18.600","9","0","0","0","67301","0","0","0","N","0","0","0","2","67301","0","","2","09","","N","N","N","0","","0","0","1","0","0","","0453","0","1","0","0","0","0","2","2","0","1","07","","N","","","","","","","","","","",""
"2023016860","0833","1","0","0","0","0","0","0","0","0","7","0","","67","02","2023","4","39.9941","-75.1989","0825","06","0","0","0","0","0","0","0","0","","0","0","0","08","1","1","00","N","2","39 59:38.685","4","00","75 11:55.999","8","0","0","0","67301","0","0","0","N","0","0","0","1","68K01","0","","4","01","0911","N","N","N","0","","0","0","0","0","0","N","0825","1","1","0","0","1","1","0","2","0","1","03","","N","","","","","","","","","","",""
"2023017207","2330","2","0","0","0","0","0","0","0","0","4","0","","67","02","2023","2","40.0331","-75.116","2330","06","0","0","0","0","0","0","0","0","","0","0","0","22","3","0","00","N","0","40 01:59.258","","00","75 06:57.623","0","0","0","0","67301","0","0","0","N","0","0","0","1","67301","0","","1","01","","N","N","N","0","","0","0","0","0","0","","2200","0","2","0","0","0","0","0","2","0","2","03","","N","","","","","","","","","","",""
"2023006518","0500","0","0","0","0","0","0","0","0","0","5","0","","67","01","2023","1","39.95","-75.1417","0449","06","0","0","0","0","0","1","0","0","","0","0","0","04","3","3","00","N","2","39 56:59.859","2","00","75 08:30.271","3","0","0","0","67301","0","0","0","N","0","0","0","3","68K01","1","","2","09","0530","N","N","Y","0","","2","0","2","0","0","N","0438","3","2","0","0","1","0","0","2","0","2","03","","N","","","","","","","","","","",""
"2023011188","1528","0","0","0","0","0","0","0","0","0","7","0","","67","02","2023","4","39.9233","-75.2205","1523","06","0","0","0","0","0","0","0","0","","0","0","0","15","1","1","02","","0","39 55:23.710","","00","75 13:13.713","3","0","0","0","67301","0","0","0","N","0","0","0","3","67301","0","","4","01","","N","N","Y","1","","1","0","1","3","2","","1500","1","2","0","0","0","0","0","2","0","2","03","03","N","","","","","","","","","","",""
"2023006175","0659","2","0","0","0","0","0","0","0","0","4","0","","67","01","2023","1","39.981","-75.2066","0657","06","0","0","0","0","0","0","0","0","","0","0","0","06","3","1","00","N","0","39 58:51.705","","00","75 12:23.801","2","0","0","0","67301","1","0","1","N","1","0","1","2","68K01","0","","1","09","","N","N","N","0","","0","1","0","0","0","","0648","1","3","0","0","0","0","0","2","0","2","05","05","N","","","","","","","","","","",""
"2023001663","0728","0","0","0","0","0","0","0","0","0","4","0","","67","01","2023","4","40.0824","-74.9818","0726","06","0","0","0","0","0","0","0","0","","0","0","0","07","1","4","01","","1","40 04:56.485","1","00","74 58:54.541","3","0","0","0","67301","0","0","0","N","0","0","0","5","67301","0","","1","09","0020","N","N","N","0","","4","0","2","3","3","Y","0720","4","2","0","0","5","0","0","2","0","2","07","07","N","","","","","","","","","","",""
"2023020898","0407","1","0","0","0","0","0","0","0","0","4","1","","67","02","2023","2","39.9333","-75.2157","0404","06","0","0","0","0","0","0","0","0","","0","0","0","04","8","0","00","N","0","39 55:59.943","","00","75 12:56.442","9","0","0","0","67301","0","0","0","N","0","0","0","1","67301","0","","2","99","","N","N","N","0","","0","0","0","0","0","","0400","0","3","0","0","0","0","1","2","0","3","03","","N","","","","","","","","","","",""
"2023001673","0605","0","0","0","0","0","0","0","0","0","8","0","","67","01","2023","4","40.0223","-75.162","0601","06","0","0","0","0","0","1","0","0","","0","0","0","06","3","2","01","","0","40 01:20.289","","00","75 09:43.290","3","0","0","0","67301","2","0","0","N","2","0","0","3","67301","0","","1","09","","N","N","N","0","","2","0","1","3","2","","0601","2","3","0","0","0","0","0","2","0","1","04","04","N","","","","","","","","","","",""
"2023018086","0318","1","0","0","0","0","0","0","0","0","5","0","","67","01","2023","1","40.0348","-75.0184","0318","06","0","0","0","0","0","1","0","0","","0","0","0","03","3","0","00","N","0","40 02:05.446","","00","75 01:06.166","0","0","0","0","67301","0","0","0","N","0","0","0","2","68K01","0","","1","09","","N","N","N","0","","0","0","1","0","0","","0304","0","2","0","0","0","0","0","2","0","2","03","03","N","","","","","","","","","","",""
"2023016746","2034","2","0","0","0","0","0","0","0","0","1","0","","67","02","2023","3","39.9424","-75.1937","2021","06","0","1","0","0","0","0","0","0","","0","0","0","20","3","3","00","N","1","39 56:32.669","4","00","75 11:37.185","4","0","0","0","67301","0","0","0","N","0","0","0","5","68K01","3","","1","01","2100","N","N","N","0","","0","0","0","0","0","N","2017","3","2","0","0","3","0","0","2","0","2","03","","N","","","","","","","","","","",""
"2023016802","0900","0","0","0","0","0","0","1","0","0","4","1","","67","02","2023","6","39.9627","-75.2039","0837","06","0","0","0","0","0","0","0","0","","0","0","0","08","1","1","01","","1","39 57:45.818","4","00","75 12:14.114","3","0","0","0","67301","0","0","0","N","0","0","0","2","67301","0","","1","09","0030","Y","N","N","0","","1","0","1","3","3","N","0803","1","2","0","0","0","0","0","2","0","2","07","07","N","","","","","","","","","","",""
"2023018055","0206","0","0","0","0","0","0","0","0","0","7","0","","67","02","2023","5","39.9368","-75.1992","0155","06","0","0","0","0","0","0","0","0","","0","0","0","01","3","0","00","N","1","39 56:12.478","4","00","75 11:57.071","0","0","0","0","67301","0","0","0","N","0","0","0","1","68K01","0","","5","01","0204","N","N","N","0","","0","0","1","0","0","N","0138","0","1","0","0","0","0","0","2","0","1","03","03","N","","","","","","","","","","",""