"CRN","ARRIVAL_TM","AUTOMOBILE_COUNT","BELTED_DEATH_COUNT","BELTED_SUSP_SERIOUS_INJ_COUNT","BICYCLE_COUNT","BICYCLE_DEATH_COUNT","BICYCLE_SUSP_SERIOUS_INJ_COUNT","BUS_COUNT","CHLDPAS_DEATH_COUNT","CHLDPAS_SUSP_SERIOUS_INJ_COUNT","COLLISION_TYPE","COMM_VEH_COUNT","CONS_ZONE_SPD_LIM","COUNTY","CRASH_MONTH","CRASH_YEAR","DAY_OF_WEEK","DEC_LAT","DEC_LONG","DISPATCH_TM","DISTRICT","DRIVER_COUNT_16YR","DRIVER_COUNT_17YR","DRIVER_COUNT_18YR","DRIVER_COUNT_19YR","DRIVER_COUNT_20YR","DRIVER_COUNT_50_64YR","DRIVER_COUNT_65_74YR","DRIVER_COUNT_75PLUS","EST_HRS_CLOSED","FATAL_COUNT","HEAVY_TRUCK_COUNT","HORSE_BUGGY_COUNT","HOUR_OF_DAY","ILLUMINATION","INJURY_COUNT","INTERSECT_TYPE","INTERSECTION_RELATED","LANE_CLOSED","LATITUDE","LN_CLOSE_DIR","LOCATION_TYPE","LONGITUDE","MAX_SEVERITY_LEVEL","MCYCLE_DEATH_COUNT","MCYCLE_SUSP_SERIOUS_INJ_COUNT","MOTORCYCLE_COUNT","MUNICIPALITY","NONMOTR_COUNT","NONMOTR_DEATH_COUNT","NONMOTR_SUSP_SERIOUS_INJ_COUNT","NTFY_HIWY_MAINT","PED_COUNT","PED_DEATH_COUNT","PED_SUSP_SERIOUS_INJ_COUNT","PERSON_COUNT","POLICE_AGCY","POSSIBLE_INJ_COUNT","RDWY_SURF_TYPE_CD","RELATION_TO_ROAD","ROAD_CONDITION","ROADWAY_CLEARED","SCH_BUS_IND","SCH_ZONE_IND","SECONDARY_CRASH","SMALL_TRUCK_COUNT","SPEC_JURIS_CD","SUSP_MINOR_INJ_COUNT","SUSP_SERIOUS_INJ_COUNT","SUV_COUNT","TCD_FUNC_CD","TCD_TYPE","TFC_DETOUR_IND","TIME_OF_DAY","TOT_INJ_COUNT","TOTAL_UNITS","UNB_DEATH_COUNT","UNB_SUSP_SERIOUS_INJ_COUNT","UNBELTED_OCC_COUNT","UNK_INJ_DEG_COUNT","UNK_INJ_PER_COUNT","URBAN_RURAL","VAN_COUNT","VEHICLE_COUNT","WEATHER1","WEATHER2","WORK_ZONE_IND","WORK_ZONE_LOC","WORK_ZONE_TYPE","WORKERS_PRES","WZ_CLOSE_DETOUR","WZ_FLAGGER","WZ_LAW_OFFCR_IND","WZ_LN_CLOSURE","WZ_MOVING","WZ_OTHER","WZ_SHLDER_MDN","WZ_WORKERS_INJ_KILLED"
"2023016421","2053","2","0","0","0","0","0","0","0","0","1","0","","67","01","2023","4","40.05","-74.9923","2040","06","0","1","0","0","0","0","0","0","","0","0","0","20","3","1","00","N","0","40 03:00.004","","00","74 59:32.276","8","0","0","0","67301","0","0","0","N","0","0","0","2","68K01","0","","4","09","","N","N","N","0","","0","0","0","0","0","","2040","1","2","0","0","0","1","1","2","0","2","07","","N","","","","","","","","","","",""
"2023000620","0032","1","0","0","0","0","0","0","0","0","2","0","","67","01","2023","2","40.0465","-75.0832","0024","06","0","0","0","0","0","0","0","0","","0","0","0","00","3","0","00","N","0","40 02:47.350","","00","75 04:59.530","9","0","0","0","67301","0","0","0","N","0","0","0","1","67301","0","","6","01","","N","N","N","0","","0","0","1","0","0","","0000","0","2","0","0","0","0","1","2","0","2","03","03","N","","","","","","","","","","",""
"2023020531","1032","1","0","0","0","0","0","1","0","0","2","1","","67","02","2023","4","40.0633","-75.1701","1013","06","0","0","0","0","0","0","0","0","","0","0","0","10","1","0","00","Y","0","40 03:47.836","","00","75 10:12.270","9","0","0","0","67301","0","0","0","N","0","0","0","2","67508","0","","1","01","","N","N","N","0","","0","0","0","0","0","","1000","0","2","0","0","1","0","1","2","0","2","03","03","N","","","","","","","","","","",""
"2023002724","1835","1","0","0","0","0","0","0","0","0","8","0","","67","01","2023","5","39.9973","-75.1804","1835","06","0","0","0","0","0","0","0","0","","0","0","0","18","3","1","00","N","0","39 59:50.189","","00","75 10:49.482","8","0","0","0","67301","1","0","0","N","1","0","0","3","67301","0","","1","09","","N","N","N","0","","0","0","0","0","0","","1810","1","2","0","0","0","1","0","2","0","1","07","07","N","","","","","","","","","","",""
"2023017165","2347","1","0","0","0","0","0","0","0","0","7","0","","67","02","2023","7","39.9608","-75.1818","2340","06","0","0","0","0","0","1","0","0","","0","0","0","23","3","1","00","N","0","39 57:38.994","","00","75 10:54.415","3","0","0","0","67301","0","0","0","N","0","0","0","1","68K01","0","","2","01","","N","N","N","0","","1","0","0","0","0","","2332","1","1","0","0","0","0","0","2","0","1","03","03","N","","","","","","","","","","",""
"2023016578","0822","1","0","0","0","0","0","0","0","0","4","1","","67","02","2023","5","40.0564","-75.0282","0822","06","0","0","0","0","0","0","0","0","","0","1","0","06","1","1","01","","0","40 03:22.942","","00","75 01:41.453","4","0","0","0","67301","0","0","0","N","0","0","0","2","67301","1","","1","01","","N","N","N","0","","0","0","0","3","2","","0653","1","2","0","0","0","0","0","2","0","2","03","03","N","","","","","","","","","","",""
"2023016716","1521","0","0","0","0","0","0","0","0","0","1","0","","67","01","2023","1","39.9598","-75.1776","1519","06","0","0","0","0","0","0","0","0","","0","0","0","15","1","0","00","N","1","39 57:35.448","4","00","75 10:39.325","0","0","0","0","67301","0","0","0","N","0","0","0","8","68K01","0","","1","01","1545","N","N","N","0","","0","0","2","0","0","N","1517","0","2","0","0","0","0","0","2","0","2","03","","N","","","","","","","","","","",""
"2023009298","2200","2","0","0","0","0","0","0","0","0","1","0","","67","01","2023","5","40.0434","-75.1912","2200","06","0","0","0","0","0","0","0","0","","0","0","0","21","3","2","01","","0","40 02:36.207","","00","75 11:28.334","8","0","0","0","67301","0","0","0","N","0","0","0","3","67301","0","","1","01","","N","N","N","0","","0","0","0","3","2","","2153","2","2","0","0","0","2","1","2","0","2","03","","N","","","","","","","","","","",""
"2023008244","0928","1","0","0","0","0","0","0","0","0","4","0","","67","01","2023","3","40.0439","-75.0731","0927","06","0","0","0","0","0","0","0","0","","0","0","0","09","1","1","00","N","2","40 02:38.151","2","00","75 04:23.300","3","0","0","0","67301","0","0","0","N","0","0","0","2","67301","0","","1","01","1000","N","N","N","0","","1","0","1","0","0","N","0925","1","2","0","0","2","0","0","2","0","2","03","03","N","","","","","","","","","","",""
"2023026152","1316","1","0","0","0","0","0","0","0","0","5","0","","67","03","2023","5","40.0095","-75.0651","1303","06","0","0","0","0","0","0","1","0","","0","0","0","13","1","2","00","N","0","40 00:34.344","","00","75 03:54.470","3","0","0","0","67301","0","0","0","N","0","0","0","3","68K01","1","","1","01","","N","N","N","0","","1","0","1","0","0","","1301","2","3","0","0","0","0","0","2","1","3","03","03","N","","","","","","","","","","",""
"2023020690","2342","2","0","0","0","0","0","0","0","0","4","0","","67","03","2023","6","40.0721","-75.1928","2333","06","0","0","0","0","0","0","1","0","","0","0","0","22","3","0","01","","0","40 04:19.649","","00","75 11:34.162","0","0","0","0","67301","0","0","0","N","0","0","0","1","67301","0","","1","09","","N","N","N","0","","0","0","0","3","3","","2215","0","2","0","0","0","0","0","2","0","2","07","07","N","","","","","","","","","","",""
"2023021730","0717","3","0","0","0","0","0","0","0","0","5","0","","67","03","2023","3","39.9294","-75.1696","0715","06","0","0","0","0","0","0","0","0","","0","0","0","07","1","0","00","N","0","39 55:45.830","","00","75 10:10.640","0","0","0","0","67301","0","0","0","N","0","0","0","1","67301","0","","1","01","","N","N","N","0","","0","0","0","0","0","","0700","0","3","0","0","0","0","0","2","0","3","03","03","N","","","","","","","","","","",""
"2023002291","2338","1","0","0","0","0","0","0","0","0","1","0","","67","01","2023","5","39.9054","-75.1735","2333","06","0","0","0","0","0","0","0","0","","0","0","0","23","3","0","05","","0","39 54:19.500","","00","75 10:24.761","9","0","0","0","67301","0","0","0","N","0","0","0","2","67301","0","","1","09","","N","N","N","0","","0","0","1","3","2","","2320","0","2","0","0","0","0","1","2","0","2","03","03","N","","","","","","","","","","",""
"2023002386","1203","2","0","0","0","0","0","0","0","0","4","0","","67","01","2023","5","39.9868","-75.2568","1153","06","0","0","0","0","0","0","0","0","","0","0","0","10","1","2","02","","0","39 59:12.346","","00","75 15:24.418","3","0","0","0","67301","0","0","0","N","0","0","0","4","67301","1","","1","01","","N","N","N","0","","1","0","0","3","3","","1005","2","2","0","0","0","0","0","2","0","2","04","","N","","","","","","","","","","",""
"2023008552","2352","1","0","0","0","0","0","0","0","0","4","0","","67","01","2023","3","39.9777","-75.251","2351","06","0","0","1","0","0","0","0","0","","0","0","0","23","3","2","01","","2","39 58:39.831","6","00","75 15:03.524","8","0","0","0","67301","0","0","0","N","0","0","0","2","67301","0","","1","01","0205","N","N","N","0","","0","0","1","3","3","N","2350","2","2","0","0","0","2","0","2","0","2","03","03","N","","","","","","","","","","",""
"2023011066","2244","2","0","0","0","0","0","0","0","0","5","0","","67","01","2023","1","40.0189","-75.0599","2224","06","0","0","0","0","0","0","0","0","","0","0","0","22","3","0","00","N","1","40 01:07.870","1","00","75 03:35.590","0","0","0","0","67301","0","0","0","N","0","0","0","1","67301","0","","6","01","1044","N","N","N","2","","0","0","2","0","0","N","2210","0","6","0","0","1","0","0","2","0","6","03","03","N","","","","","","","","","","",""
"2023009074","1851","2","0","0","0","0","0","0","0","0","4","0","","67","01","2023","1","39.9738","-75.2452","1847","06","0","0","0","0","0","0","0","0","","0","0","0","18","3","0","01","","0","39 58:25.594","","00","75 14:43.063","0","0","0","0","67301","0","0","0","N","0","0","0","2","67301","0","","1","09","","N","N","N","0","","0","0","0","3","2","","1845","0","2","0","0","0","0","0","2","0","2","07","07","N","","","","","","","","","","",""
"2023012996","1912","1","0","0","0","0","0","0","0","0","5","0","","67","02","2023","4","39.9887","-75.0893","1908","06","0","0","0","0","0","0","0","0","","0","0","0","19","3","1","00","N","0","39 59:19.357","","00","75 05:21.506","3","0","0","0","67301","0","0","0","N","0","0","0","1","67301","0","","6","01","","N","N","N","0","","1","0","2","0","0","","1908","1","3","0","0","0","0","0","2","0","3","03","03","N","","","","","","","","","","",""
"2023026525","1623","2","0","0","0","0","0","0","0","0","4","0","","67","03","2023","4","39.8854","-75.2437","1616","06","0","0","0","0","0","0","0","0","","0","0","0","16","1","1","00","N","1","39 53:07.294","2","00","75 14:37.302","4","0","0","0","67301","0","0","0","N","0","0","0","3","68K01","1","","1","01","1700","N","N","N","0","","0","0","0","0","0","N","1615","1","2","0","0","0","0","0","2","0","2","03","03","N","","","","","","","","","","",""
"2023011085","1430","2","0","0","0","0","0","0","0","0","4","0","","67","01","2023","4","40.0094","-75.1594","1430","06","0","0","0","0","0","0","0","0","","0","0","0","21","3","1","01","","0","40 00:33.940","","00","75 09:33.714","8","0","0","0","67301","0","0","0","N","0","0","0","3","67301","0","","1","99","","N","N","N","0","","0","0","0","3","3","","2150","1","2","0","0","1","1","1","2","0","2","03","03","N","","","","","","","","","","",""
"2023026155","0114","1","0","0","0","0","0","0","0","0","5","0","","67","03","2023","6","39.9766","-75.196","0110","06","0","0","0","0","0","0","0","0","","0","0","0","01","3","1","00","N","0","39 58:35.678","","00","75 11:45.663","8","0","0","0","67301","0","0","0","Y","0","0","0","1","68K01","0","","4","01","","N","N","N","0","","0","0","0","0","0","","0106","1","2","0","0","0","1","0","2","0","2","03","","N","","","","","","","","","","",""
"2023007300","0041","0","0","0","0","0","0","0","0","0","1","0","","67","01","2023","1","40.0444","-75.0726","0041","06","0","1","0","0","0","0","0","0","","0","0","0","00","3","1","01","","2","40 02:39.831","5","00","75 04:21.681","8","0","0","0","67301","0","0","0","N","0","0","0","2","67301","0","","1","01","0310","N","N","N","0","","0","0","1","3","1","Y","0040","1","2","0","0","1","1","0","2","1","2","03","03","N","","","","","","","","","","",""
"2023011192","1530","0","0","0","0","0","0","0","0","0","8","0","","67","02","2023","4","39.9955","-75.1789","1524","06","0","0","0","0","0","0","0","1","","0","0","0","15","1","1","01","","0","39 59:43.671","","00","75 10:44.100","3","0","0","0","67301","1","0","0","N","1","0","0","2","67301","0","","1","01","","N","N","N","0","","1","0","1","3","2","","1521","1","2","0","0","1","0","0","2","0","1","03","03","N","","","","","","","","","","",""
"2023007514","1520","0","0","0","0","0","0","0","0","0","8","0","","67","01","2023","1","39.9527","-75.1913","1520","06","0","0","0","0","0","1","0","0","","0","0","0","15","1","1","00","N","0","39 57:09.759","","00","75 11:28.725","3","0","0","0","67301","1","0","0","N","1","0","0","2","67504","0","","1","09","","N","N","N","1","","1","0","0","0","0","","1519","1","2","0","0","0","0","0","2","0","1","04","07","N","","","","","","","","","","",""
"2023009403","1140","2","0","0","0","0","0","0","0","0","4","0","","67","01","2023","3","39.9709","-75.1557","1137","06","0","0","0","0","0","1","0","0","","0","0","0","11","1","1","01","","0","39 58:15.708","","00","75 09:20.380","3","0","0","0","67301","0","0","0","N","0","0","0","4","67301","0","","1","01","","N","N","N","0","","1","0","0","3","2","","1137","1","2","0","0","0","0","0","2","0","2","03","03","N","","","","","","","","","","",""
"2023026268","2115","1","0","0","0","0","0","0","0","0","5","0","","67","03","2023","3","39.9213","-75.2422","2054","06","0","0","0","0","0","0","0","0","","0","0","0","20","3","0","00","N","0","39 55:16.560","","00","75 14:32.060","9","0","0","0","67301","0","0","0","N","0","0","0","1","67301","0","","6","01","","N","N","N","0","","0","0","0","0","0","","2019","0","2","0","0","0","0","1","2","1","2","03","03","N","","","","","","","","","","",""
"2023013468","2341","2","0","0","0","0","0","0","0","0","4","0","","67","01","2023","6","40.0122","-75.0695","2310","06","0","0","0","0","0","0","0","0","","0","0","0","23","3","0","03","","1","40 00:43.749","2","00","75 04:10.065","9","0","0","0","67301","0","0","0","N","0","0","0","2","67508","0","","1","01","9999","N","N","N","0","","0","0","0","0","0","N","2305","0","2","0","0","1","0","1","2","0","2","03","03","N","","","","","","","","","","",""
"2023001132","0915","2","0","0","0","0","0","0","0","0","5","0","","67","01","2023","1","39.9908","-75.1602","0912","06","0","0","0","0","0","0","0","0","","0","0","0","08","1","0","00","N","0","39 59:27.010","","00","75 09:36.720","0","0","0","0","67301","0","0","0","N","0","0","0","1","67301","0","","6","01","","N","N","N","0","","0","0","3","0","0","","0832","0","5","0","0","0","0","0","2","0","5","03","03","N","","","","","","","","","","",""
"2023003934","0118","1","0","0","0","0","0","0","0","0","2","0","","67","01","2023","6","40.0442","-75.1436","0111","06","0","0","0","0","0","0","0","0","","0","0","0","01","3","2","00","N","0","40 02:39.069","","00","75 08:37.018","3","0","0","0","67301","0","0","0","N","0","0","0","2","67301","0","","4","09","","N","N","N","0","","2","0","0","0","0","","0110","2","2","0","0","0","0","0","2","1","2","07","07","N","","","","","","","","","","",""
"2023009017","1114","0","0","0","0","0","0","0","0","0","1","0","","67","01","2023","1","39.9003","-75.1569","1114","06","0","0","0","0","0","3","0","0","","0","0","0","11","1","0","00","N","0","39 54:01.237","","03","75 09:24.739","0","0","0","0","67301","0","0","0","N","0","0","0","6","68K01","0","","1","01","","N","N","N","0","","0","0","3","0","0","","1108","0","3","0","0","0","0","0","2","0","3","03","","N","","","","","","","","","","",""
"2023003141","1525","0","0","0","0","0","0","0","0","0","1","0","","67","01","2023","5","40.0205","-75.1924","1512","06","0","0","0","0","0","0","1","0","","0","0","0","14","1","0","01","","0","40 01:13.617","","00","75 11:32.867","9","0","0","0","67301","0","0","0","N","0","0","0","2","67301","0","","1","01","","N","N","N","0","","0","0","2","3","2","","1430","0","2","0","0","0","0","1","2","0","2","04","04","N","","","","","","","","","","",""
"2023009638","0024","1","0","0","0","0","0","0","0","0","4","0","","67","01","2023","7","39.9513","-75.1551","0024","06","0","0","0","0","0","1","0","0","","0","0","0","00","3","2","01","","0","39 57:04.605","","00","75 09:18.331","3","0","0","0","67301","0","0","0","N","0","0","0","8","67301","0","","1","01","","N","N","N","1","","2","0","1","3","2","","0023","2","3","0","0","0","0","0","2","0","3","03","","N","","","","","","","","","","",""
"2023011071","1200","1","0","0","0","0","0","0","0","0","4","0","","67","01","2023","4","39.9402","-75.168","1200","06","0","0","0","0","0","0","0","0","","0","0","0","13","1","1","01","","0","39 56:24.863","","00","75 10:04.641","8","0","0","0","67301","0","0","0","N","0","0","0","2","67301","0","","1","01","","N","N","N","1","","0","0","0","3","2","","1300","1","2","0","0","0","1","0","2","0","2","03","03","N","","","","","","","","","","",""
"2023015963","0530","1","0","0","0","0","0","0","0","0","8","0","","67","01","2023","2","40.0547","-75.0048","0524","06","0","0","0","0","0","1","0","0","","0","0","0","05","3","1","01","","0","40 03:17.072","","00","75 00:17.300","4","0","0","0","67301","1","0","0","N","1","0","0","2","67301","1","","1","09","","N","N","N","0","","0","0","0","3","2","","0520","1","2","0","0","0","0","0","2","0","1","07","07","N","","","","","","","","","","",""
"2023010643","0817","1","0","0","0","0","0","0","0","0","1","0","","67","01","2023","2","40.0016","-75.195","0817","06","0","0","0","0","1","1","1","0","","0","0","0","08","1","0","00","N","1","40 00:05.845","3","00","75 11:41.826","0","0","0","0","67301","0","0","0","N","0","0","0","4","68K01","0","","1","01","0900","N","N","N","1","","0","0","2","0","0","N","0816","0","4","0","0","0","0","0","2","0","4","03","","N","","","","","","","","","","",""
"2023020521","1827","2","0","0","0","0","0","0","0","0","1","0","","67","01","2023","2","40.0552","-75.1806","1827","06","0","0","0","0","0","2","1","0","","0","0","0","18","3","1","00","Y","0","40 03:18.636","","00","75 10:50.172","3","0","0","0","67301","0","0","0","N","0","0","0","3","67301","0","","1","09","","N","N","N","0","","1","0","1","3","2","","1827","1","3","0","0","1","0","0","2","0","3","07","04","N","","","","","","","","","","",""
"2023011444","2049","0","0","0","1","0","0","0","0","0","8","0","","67","02","2023","4","39.9592","-75.202","2043","06","0","0","0","0","0","0","1","0","","0","0","0","20","3","1","01","","0","39 57:33.044","","00","75 12:07.081","3","0","0","0","67301","1","0","0","N","0","0","0","2","67301","0","","1","01","","N","N","N","1","","1","0","0","3","2","","2038","1","2","0","0","0","0","0","2","0","1","03","","N","","","","","","","","","","",""
"2023011537","1654","1","0","0","0","0","0","0","0","0","1","0","","67","01","2023","2","39.9738","-75.2582","1642","06","0","0","0","0","0","0","0","0","","0","0","0","14","1","3","01","","0","39 58:25.593","","00","75 15:29.649","8","0","0","0","67301","0","0","0","N","0","0","0","3","67301","0","","1","09","","N","N","N","0","","0","0","0","3","2","","1458","3","2","0","0","0","3","0","2","1","2","07","04","N","","","","","","","","","","",""
"2023008150","1248","0","0","0","0","0","0","0","0","0","8","0","","67","01","2023","1","39.9858","-75.1645","1246","06","0","0","0","0","0","0","0","0","","0","0","0","21","3","1","01","","0","39 59:08.710","","00","75 09:52.318","3","0","0","0","67301","1","0","0","N","1","0","0","2","67301","0","","1","09","","N","N","N","0","","1","0","0","3","2","","2146","1","2","0","0","0","0","0","2","0","1","03","07","N","","","","","","","","","","",""
"2023009395","0725","0","0","0","0","0","0","0","0","0","8","0","","67","01","2023","6","40.1063","-75.0332","0721","06","0","0","0","0","0","0","0","0","","0","0","0","07","1","1","02","","0","40 06:22.714","","00","75 01:59.579","3","0","0","0","67301","1","0","0","N","1","0","0","2","67301","0","","1","01","","N","N","N","0","","1","0","1","0","0","","0720","1","2","0","0","0","0","0","2","0","1","03","","N","","","","","","","","","","",""
"2023010184","2031","1","0","0","0","0","0","0","0","0","1","0","","67","01","2023","1","40.0126","-75.1408","2028","06","0","0","0","0","0","0","0","0","","0","0","0","20","3","1","01","","0","40 00:45.377","","00","75 08:26.717","3","0","0","0","67301","0","0","0","N","0","0","0","2","67301","0","","1","01","","N","N","N","0","","1","0","1","3","3","","2027","1","2","0","0","1","0","0","2","0","2","03","03","N","","","","","","","","","","",""
"2023007436","1932","0","0","0","0","0","0","0","0","0","7","0","","67","01","2023","1","40.0177","-75.2021","1927","06","0","0","0","0","0","0","0","0","","0","0","0","19","3","0","02","","1","40 01:03.738","3","00","75 12:07.491","9","0","0","0","67301","0","0","0","N","0","0","0","1","67301","0","","4","09","1950","N","N","N","0","","0","0","1","0","0","Y","1920","0","1","0","0","0","0","1","2","0","1","07","06","N","","","","","","","","","","",""
"2023008144","0455","0","0","0","0","0","0","0","0","0","0","0","","67","01","2023","1","40.0581","-75.0371","0448","06","0","0","0","0","0","0","0","0","","0","0","0","04","3","0","00","N","0","40 03:29.165","","00","75 02:13.539","0","0","0","0","67301","0","0","0","N","0","0","0","2","67301","0","","1","01","","N","N","N","0","","0","0","1","0","0","","0444","0","1","0","0","0","0","0","2","0","1","03","03","N","","","","","","","","","","",""
"2023011535","0658","2","0","0","0","0","0","0","0","0","4","0","","67","01","2023","2","39.9525","-75.2303","0653","06","0","0","0","0","0","1","0","0","","0","0","0","06","5","1","02","","0","39 57:08.866","","00","75 13:49.105","3","0","0","0","67301","0","0","0","N","0","0","0","3","67301","0","","1","01","","N","N","N","0","","1","0","0","3","3","","0651","1","2","0","0","0","0","0","2","0","2","03","03","N","","","","","","","","","","",""
"2023002051","0736","2","0","0","0","0","0","0","0","0","1","0","","67","01","2023","3","39.9702","-75.1303","0731","06","0","0","0","0","0","0","0","0","","0","0","0","05","1","0","00","N","1","39 58:12.649","3","00","75 07:49.000","9","0","0","0","67301","0","0","0","N","0","0","0","1","67301","0","","6","01","0200","N","N","N","0","","0","0","3","0","0","N","0515","0","5","0","0","0","0","1","2","0","5","03","","N","","","","","","","","","","",""
"2023003142","1335","0","0","0","0","0","0","0","0","0","8","0","","67","01","2023","6","40.0039","-75.1707","1331","06","0","0","0","0","0","0","0","0","","0","0","0","11","1","1","01","","0","40 00:14.005","","00","75 10:14.509","4","0","0","0","67301","1","0","0","N","1","0","0","2","67301","1","","1","01","","N","N","N","0","","0","0","1","3","2","","1105","1","2","0","0","0","0","0","2","0","1","03","03","N","","","","","","","","","","",""
"2023006309","1144","2","0","0","0","0","0","0","0","0","4","0","","67","01","2023","3","40.0003","-75.1065","1133","06","0","0","0","0","0","1","0","0","","0","0","0","11","1","1","05","","0","40 00:01.147","","01","75 06:23.257","8","0","0","0","67301","0","0","0","N","0","0","0","2","67301","0","","1","09","","N","N","N","0","","0","0","0","3","2","","1127","1","2","0","0","2","1","0","2","0","2","07","07","N","","","","","","","","","","",""
"2023020904","0810","1","0","0","0","0","0","1","0","0","1","1","","67","02","2023","3","39.9486","-75.2049","0810","06","0","0","0","0","0","0","0","0","","0","0","0","07","5","0","00","N","0","39 56:54.817","","00","75 12:17.780","9","0","0","0","67301","0","0","0","N","0","0","0","3","67301","0","","1","09","","N","N","N","0","","0","0","0","0","0","","0715","0","2","0","0","0","0","3","2","0","2","04","","N","","","","","","","","","","",""
"2023007821","0457","0","0","0","0","0","0","0","0","0","7","0","","67","01","2023","6","40.0348","-75.0184","0451","06","0","0","0","0","0","0","0","0","","0","0","0","04","3","0","00","N","1","40 02:05.372","1","03","75 01:06.295","0","0","0","0","67301","0","0","0","N","0","0","0","1","68K01","0","","3","09","0505","N","N","N","0","","0","0","1","0","0","N","0449","0","1","0","0","0","0","0","2","0","1","04","","N","","","","","","","","","","",""
"2023012389","1500","0","0","0","0","0","0","0","0","0","8","0","","67","01","2023","3","39.9688","-75.1362","1457","06","0","0","0","0","0","0","0","0","","0","0","0","14","1","1","01","","0","39 58:08.111","","01","75 08:10.324","4","0","0","0","67301","1","0","0","N","1","0","0","2","67301","1","","1","01","","N","N","N","0","","0","0","0","3","2","","1443","1","2","0","0","0","0","0","2","1","1","03","03","N","","","","","","","","","","",""
"2023019383","2110","1","0","0","0","0","0","0","0","0","8","0","","67","01","2023","7","40.0446","-75.0547","2056","06","0","0","0","0","0","0","1","0","","0","0","0","20","3","1","01","","0","40 02:40.636","","00","75 03:16.819","3","0","0","0","67301","1","0","0","N","1","0","0","2","67301","0","","1","01","","N","N","N","0","","1","0","0","3","1","","2054","1","2","0","0","0","0","0","2","0","1","03","03","N","","","","","","","","","","",""
"2023011054","1700","1","0","0","0","0","0","0","0","0","4","0","","67","01","2023","3","40.0673","-75.0088","1657","06","0","0","0","0","0","0","0","0","","0","0","0","16","1","0","01","","0","40 04:02.789","","00","75 00:32.080","0","0","0","0","67301","0","0","0","N","0","0","0","2","67301","0","","1","09","","N","N","N","0","","0","0","1","3","3","","1605","0","2","0","0","0","0","0","2","0","2","07","","N","","","","","","","","","","",""
"2023007084","1554","2","0","0","0","0","0","0","0","0","5","0","","67","01","2023","5","39.9907","-75.1224","1554","06","0","0","0","0","0","0","0","0","","0","0","0","15","1","1","00","N","0","39 59:26.550","","00","75 07:20.660","4","0","0","0","67301","0","0","0","N","0","0","0","1","67301","1","","6","09","","N","N","N","0","","0","0","0","0","0","","1530","1","2","0","0","0","0","0","2","0","2","07","07","N","","","","","","","","","","",""
"2023013502","2218","3","0","0","0","0","0","0","0","0","1","0","35","67","01","2023","5","39.955","-75.1464","2218","06","0","0","0","0","0","1","0","0","","0","0","0","22","3","0","00","N","2","39 57:18.000","3","03","75 08:47.200","0","0","0","0","67301","0","0","0","N","0","0","0","3","67501","0","","1","01","2305","N","N","Y","0","","0","0","0","0","0","N","2218","0","3","0","0","0","0","0","2","0","3","03","03","Y","3","1","N","","","N","Y","","","","N"
"2023002606","1319","1","0","0","0","0","0","0","0","0","5","0","","67","01","2023","7","39.9075","-75.1431","1317","06","0","0","0","0","0","0","0","0","","0","0","0","13","1","0","00","N","2","39 54:27.000","3","03","75 08:35.000","0","0","0","0","67301","0","0","0","N","0","0","0","2","67501","0","","1","01","1425","N","N","N","0","","0","0","1","3","8","N","1315","0","2","0","0","0","0","0","2","0","2","03","","N","","","","","","","","","","",""
"2023002290","2115","1","0","0","0","0","0","0","0","0","7","0","","67","01","2023","5","40.0402","-75.0594","2107","06","0","0","0","0","0","0","0","0","","0","0","0","21","3","0","00","N","0","40 02:24.643","","00","75 03:33.969","0","0","0","0","67301","0","0","0","N","0","0","0","1","67301","0","","4","01","","N","N","N","0","","0","0","0","0","0","","2106","0","1","0","0","0","0","0","2","0","1","03","03","N","","","","","","","","","","",""
"2023007299","1850","3","0","0","0","0","0","0","0","0","4","0","","67","01","2023","7","40.0446","-75.0547","1848","06","0","0","0","0","1","2","0","0","","0","0","0","18","3","2","01","","1","40 02:40.636","2","00","75 03:16.819","8","0","0","0","67301","0","0","0","N","0","0","0","5","67301","0","","1","01","1930","N","N","N","0","","0","0","1","3","2","Y","1848","2","4","0","0","0","2","1","2","0","4","03","03","N","","","","","","","","","","",""
"2023007705","1523","1","0","0","0","0","0","0","0","0","4","0","","67","01","2023","6","40.0451","-75.0252","1507","06","0","0","0","0","0","0","0","2","","0","0","0","13","1","1","01","","0","40 02:42.287","","00","75 01:30.827","3","0","0","0","67301","0","0","0","N","0","0","0","3","67301","0","","1","01","","N","N","N","0","","1","0","1","3","3","","1357","1","2","0","0","0","0","0","2","0","2","03","","N","","","","","","","","","","",""
"2023007852","1319","1","0","0","0","0","0","0","0","0","4","0","","67","01","2023","1","39.9324","-75.2246","1319","06","0","0","0","0","0","1","0","0","","0","0","0","13","1","2","01","","0","39 55:56.749","","00","75 13:28.517","3","0","0","0","67301","0","0","0","N","0","0","0","3","67301","0","","1","01","","N","N","N","0","","1","0","1","3","2","","1318","2","2","0","0","0","1","0","2","0","2","03","","N","","","","","","","","","","",""
"2023025125","0545","1","0","0","0","0","0","0","0","0","7","0","","67","03","2023","7","39.9499","-75.1911","0540","06","0","0","0","0","0","0","0","0","","0","0","0","05","3","0","00","N","0","39 56:59.480","","00","75 11:27.810","0","0","0","0","67301","0","0","0","N","0","0","0","2","67504","0","","5","01","","N","N","N","0","","0","0","0","0","0","","0535","0","1","0","0","0","0","0","2","0","1","03","03","N","","","","","","","","","","",""