"CRN","ARRIVAL_TM","AUTOMOBILE_COUNT","BELTED_DEATH_COUNT","BELTED_SUSP_SERIOUS_INJ_COUNT","BICYCLE_COUNT","BICYCLE_DEATH_COUNT","BICYCLE_SUSP_SERIOUS_INJ_COUNT","BUS_COUNT","CHLDPAS_DEATH_COUNT","CHLDPAS_SUSP_SERIOUS_INJ_COUNT","COLLISION_TYPE","COMM_VEH_COUNT","CONS_ZONE_SPD_LIM","COUNTY","CRASH_MONTH","CRASH_YEAR","DAY_OF_WEEK","DEC_LAT","DEC_LONG","DISPATCH_TM","DISTRICT","DRIVER_COUNT_16YR","DRIVER_COUNT_17YR","DRIVER_COUNT_18YR","DRIVER_COUNT_19YR","DRIVER_COUNT_20YR","DRIVER_COUNT_50_64YR","DRIVER_COUNT_65_74YR","DRIVER_COUNT_75PLUS","EST_HRS_CLOSED","FATAL_COUNT","HEAVY_TRUCK_COUNT","HORSE_BUGGY_COUNT","HOUR_OF_DAY","ILLUMINATION","INJURY_COUNT","INTERSECT_TYPE","INTERSECTION_RELATED","LANE_CLOSED","LATITUDE","LN_CLOSE_DIR","LOCATION_TYPE","LONGITUDE","MAX_SEVERITY_LEVEL","MCYCLE_DEATH_COUNT","MCYCLE_SUSP_SERIOUS_INJ_COUNT","MOTORCYCLE_COUNT","MUNICIPALITY","NONMOTR_COUNT","NONMOTR_DEATH_COUNT","NONMOTR_SUSP_SERIOUS_INJ_COUNT","NTFY_HIWY_MAINT","PED_COUNT","PED_DEATH_COUNT","PED_SUSP_SERIOUS_INJ_COUNT","PERSON_COUNT","POLICE_AGCY","POSSIBLE_INJ_COUNT","RDWY_SURF_TYPE_CD","RELATION_TO_ROAD","ROAD_CONDITION","ROADWAY_CLEARED","SCH_BUS_IND","SCH_ZONE_IND","SECONDARY_CRASH","SMALL_TRUCK_COUNT","SPEC_JURIS_CD","SUSP_MINOR_INJ_COUNT","SUSP_SERIOUS_INJ_COUNT","SUV_COUNT","TCD_FUNC_CD","TCD_TYPE","TFC_DETOUR_IND","TIME_OF_DAY","TOT_INJ_COUNT","TOTAL_UNITS","UNB_DEATH_COUNT","UNB_SUSP_SERIOUS_INJ_COUNT","UNBELTED_OCC_COUNT","UNK_INJ_DEG_COUNT","UNK_INJ_PER_COUNT","URBAN_RURAL","VAN_COUNT","VEHICLE_COUNT","WEATHER1","WEATHER2","WORK_ZONE_IND","WORK_ZONE_LOC","WORK_ZONE_TYPE","WORKERS_PRES","WZ_CLOSE_DETOUR","WZ_FLAGGER","WZ_LAW_OFFCR_IND","WZ_LN_CLOSURE","WZ_MOVING","WZ_OTHER","WZ_SHLDER_MDN","WZ_WORKERS_INJ_KILLED"
"2023008941","0529","0","0","0","0","0","0","0","0","0","4","0","","67","01","2023","4","40.0216","-75.0632","0528","06","0","0","0","0","0","2","0","0","","0","0","0","05","3","0","01","","1","40 01:17.657","2","00","75 03:47.976","0","0","0","0","67301","0","0","0","N","0","0","0","2","67301","0","","1","01","0545","N","N","N","0","","0","0","2","3","3","N","0524","0","2","0","0","0","0","0","2","0","2","03","","N","","","","","","","","","","",""
"2023012110","1932","0","0","0","0","0","0","0","0","0","4","0","","67","02","2023","4","40.0292","-75.1746","1930","06","0","0","0","0","0","0","0","0","","0","0","0","18","3","0","01","","0","40 01:45.227","","00","75 10:28.439","0","0","0","0","67301","0","0","0","N","0","0","0","2","67301","0","","1","01","","N","N","N","1","","0","0","1","3","2","","1840","0","2","0","0","0","0","0","2","0","2","03","","N","","","","","","","","","","",""
"2023012376","1905","0","0","0","0","0","0","0","0","0","4","0","","67","01","2023","5","39.9941","-75.1611","1857","06","0","0","0","0","0","0","0","0","","0","0","0","18","3","1","01","","0","39 59:38.914","","00","75 09:39.909","3","0","0","0","67301","0","0","0","N","0","0","0","2","67301","0","","1","09","","N","N","N","0","","1","0","1","3","2","","1855","1","2","0","0","0","0","1","2","0","2","07","04","N","","","","","","","","","","",""
"2023011073","1655","0","0","0","0","0","0","0","0","0","4","0","","67","01","2023","7","39.9497","-75.227","1652","06","0","0","0","0","0","0","0","0","","0","0","0","16","1","0","01","","0","39 56:58.861","","00","75 13:37.260","0","0","0","0","67301","0","0","0","N","0","0","0","2","67301","0","","1","01","","N","N","N","0","","0","0","1","3","3","","1644","0","2","0","0","1","0","0","2","1","2","03","03","N","","","","","","","","","","",""
"2023009399","1809","0","0","0","0","0","0","0","0","0","8","0","","67","01","2023","4","39.9526","-75.19","1809","06","0","0","0","0","0","0","1","0","","0","0","0","18","3","1","01","","1","39 57:09.205","4","00","75 11:24.106","2","0","0","0","67301","1","0","1","N","1","0","1","2","67301","0","","1","09","1930","N","N","N","1","","0","1","0","3","2","N","1807","1","2","0","0","0","0","0","2","0","1","07","07","N","","","","","","","","","","",""
"2023026851","1029","3","0","0","0","0","0","0","0","0","4","0","","67","03","2023","2","39.9798","-75.1666","1029","06","0","0","0","0","0","0","0","0","","0","0","0","10","1","0","00","N","0","39 58:47.335","","00","75 09:59.915","9","0","0","0","67301","0","0","0","N","0","0","0","1","67301","0","","6","09","","N","N","N","0","","0","0","0","0","0","","1029","0","3","0","0","0","0","1","2","0","3","07","04","N","","","","","","","","","","",""
"2023009299","0738","0","0","0","0","0","0","0","0","0","4","0","","67","01","2023","4","40.0096","-75.0641","0738","06","0","0","0","0","0","0","0","0","","0","0","0","07","1","3","02","","0","40 00:34.496","","07","75 03:50.887","4","0","0","0","67301","0","0","0","N","0","0","0","5","67301","3","","1","01","","N","N","N","1","","0","0","1","3","2","","0720","3","2","0","0","0","0","1","2","0","2","03","","N","","","","","","","","","","",""
"2023026540","1310","0","0","0","0","0","0","0","0","0","7","0","","67","03","2023","3","40.0257","-75.0175","1304","06","0","0","0","0","0","0","0","0","","0","0","0","12","1","0","00","N","0","40 01:32.630","","07","75 01:03.140","0","0","0","0","67301","0","0","0","N","0","0","0","3","67301","0","","5","01","","N","N","N","1","","0","0","0","0","0","","1240","0","1","0","0","0","0","0","2","0","1","03","03","N","","","","","","","","","","",""
"2023011074","0730","1","0","0","0","0","0","0","0","0","4","0","","67","01","2023","2","39.9525","-75.2387","0730","06","0","0","0","0","0","0","0","0","","0","0","0","07","3","0","01","","0","39 57:08.989","","00","75 14:19.262","0","0","0","0","67301","0","0","0","N","0","0","0","2","67301","0","","1","01","","N","N","N","0","","0","0","2","3","3","","0729","0","3","0","0","0","0","0","2","0","3","03","03","N","","","","","","","","","","",""
"2023022119","1725","1","0","0","0","0","0","0","0","0","8","0","","67","03","2023","1","40.0668","-75.0158","1715","06","0","0","1","0","0","0","0","0","","0","0","0","17","1","1","00","N","0","40 04:00.570","","00","75 00:57.030","2","0","0","0","67301","1","0","1","N","1","0","1","2","67301","0","","1","01","","N","N","N","0","","0","1","0","0","0","","1714","1","2","0","0","0","0","0","2","0","1","03","03","N","","","","","","","","","","",""
"2023003274","2041","2","0","0","0","0","0","0","0","0","4","0","","67","01","2023","6","39.9412","-75.2094","2039","06","0","0","0","1","0","0","0","0","","0","0","0","20","3","3","01","","1","39 56:28.421","3","00","75 12:33.827","2","0","0","0","67301","0","0","0","N","0","0","0","3","67301","0","","1","01","2120","N","N","N","0","","2","1","0","3","2","N","2037","3","2","0","0","0","0","0","2","0","2","03","03","N","","","","","","","","","","",""
"2023011058","1542","1","0","0","0","0","0","0","0","0","4","0","","67","01","2023","1","39.9434","-75.2323","1542","06","0","0","0","0","0","0","0","0","","0","0","0","15","1","0","01","","0","39 56:36.138","","00","75 13:56.392","9","0","0","0","67301","0","0","0","N","0","0","0","2","67301","0","","1","09","","N","N","N","0","","0","0","1","3","2","","1530","0","2","0","0","0","0","1","2","0","2","04","07","N","","","","","","","","","","",""
"2023007200","1704","4","0","0","0","0","0","0","0","0","1","0","","67","01","2023","7","39.9075","-75.1425","1701","06","0","0","0","0","0","0","0","1","","0","0","0","17","4","1","00","N","1","39 54:27.100","4","03","75 08:32.900","8","0","0","0","67301","0","0","0","N","0","0","0","7","67501","0","","1","01","1715","N","N","Y","0","","0","0","0","3","8","N","1701","1","4","0","0","0","1","0","2","0","4","03","03","N","","","","","","","","","","",""
"2023026631","1710","1","0","0","0","0","0","0","0","0","8","0","","67","03","2023","3","39.9507","-75.1628","1705","06","0","0","0","0","0","0","0","0","","0","0","0","17","8","1","01","","0","39 57:02.583","","00","75 09:46.067","3","0","0","0","67301","1","0","0","N","1","0","0","2","67301","0","","9","01","","N","N","N","0","","1","0","0","3","1","","1700","1","2","0","0","1","0","0","2","0","1","03","","N","","","","","","","","","","",""
"2023007165","1930","1","0","0","0","0","0","0","0","0","6","0","","67","01","2023","6","39.9291","-75.2382","1922","06","0","0","0","0","0","0","0","0","","0","0","0","17","3","0","00","N","0","39 55:44.680","","00","75 14:17.380","0","0","0","0","67301","0","0","0","N","0","0","0","1","67301","0","","6","01","","N","N","Y","0","","0","0","1","0","0","","1734","0","2","0","0","1","0","0","2","0","2","03","03","N","","","","","","","","","","",""
"2023008149","1720","1","0","0","0","0","0","0","0","0","4","0","","67","01","2023","2","39.9582","-75.2291","1715","06","0","0","0","0","0","1","0","0","","0","0","0","16","3","2","01","","0","39 57:29.437","","00","75 13:44.774","3","0","0","0","67301","0","0","0","N","0","0","0","2","67301","1","","1","09","","N","N","N","0","","1","0","1","3","3","","1655","2","2","0","0","0","0","0","2","0","2","07","04","N","","","","","","","","","","",""
"2023007424","1630","0","0","0","0","0","0","0","0","0","1","0","","67","01","2023","7","40.0341","-75.1829","1618","06","0","0","0","0","0","0","0","1","","0","0","0","16","1","3","01","","0","40 02:02.643","","00","75 10:58.487","4","0","0","0","67301","0","0","0","N","0","0","0","4","67301","3","","1","01","","N","N","N","0","","0","0","2","3","2","","1600","3","2","0","0","0","0","1","2","0","2","04","","N","","","","","","","","","","",""
"2023007173","1340","1","0","0","0","0","0","0","0","0","4","0","","67","01","2023","7","40.0324","-75.1354","1340","06","0","0","0","0","0","0","0","0","","0","0","0","11","1","0","02","","0","40 01:56.553","","00","75 08:07.368","9","0","0","0","67301","0","0","0","N","0","0","0","2","67301","0","","1","01","","N","N","N","0","","0","0","1","3","3","","1150","0","2","0","0","1","0","2","2","0","2","04","","N","","","","","","","","","","",""
"2023012742","0759","1","0","0","0","0","0","0","0","0","5","0","","67","02","2023","5","40.0229","-75.0374","0754","06","0","0","0","1","0","0","0","0","","0","0","0","07","1","0","00","N","0","40 01:22.438","","00","75 02:14.501","0","0","0","0","67301","0","0","0","N","0","0","0","2","67301","0","","1","01","","N","N","N","0","","0","0","0","0","0","","0723","0","2","0","0","2","0","0","2","1","2","03","03","N","","","","","","","","","","",""
"2023024353","1251","1","0","0","0","0","0","1","0","0","5","1","","67","02","2023","2","40.0016","-75.1528","1247","06","0","0","0","0","0","0","0","0","","0","0","0","12","1","2","01","","0","40 00:05.705","","00","75 09:10.074","4","0","0","0","67301","0","0","0","N","0","0","0","3","67508","2","","1","01","","N","N","N","0","","0","0","0","3","2","","1247","2","2","0","0","1","0","0","2","0","2","03","03","N","","","","","","","","","","",""
"2023007303","0041","1","0","0","0","0","0","0","0","0","4","0","","67","01","2023","1","39.9546","-75.2064","0036","06","0","0","0","0","0","0","0","0","","0","0","0","00","3","1","01","","0","39 57:16.536","","00","75 12:23.138","4","0","0","0","67301","0","0","0","N","0","0","0","2","67301","1","","1","01","","N","N","N","0","","0","0","1","3","2","","0034","1","2","0","0","0","0","1","2","0","2","03","03","N","","","","","","","","","","",""
"2023021642","0240","0","0","0","0","0","0","0","0","0","7","0","","67","02","2023","7","39.9124","-75.1487","0235","06","0","0","0","0","0","0","0","0","","0","0","0","02","2","0","00","N","1","39 54:44.487","2","02","75 08:55.302","0","0","0","0","67301","0","0","0","N","0","0","0","1","68K01","0","","5","01","0300","N","N","N","0","","0","0","1","0","0","Y","0228","0","1","0","0","0","0","0","2","0","1","03","","N","","","","","","","","","","",""
"2023013743","1615","0","0","0","0","0","0","0","0","0","8","0","","67","01","2023","4","39.9502","-75.2372","1615","06","0","0","0","0","0","0","0","0","","0","0","0","17","8","1","01","","0","39 57:00.752","","00","75 14:13.837","8","0","0","0","67301","1","0","0","N","1","0","0","2","67301","0","","1","09","","N","N","N","0","","0","0","0","3","2","","1750","1","2","0","0","0","1","0","2","0","1","07","","N","","","","","","","","","","",""
"2023015179","0224","2","0","0","0","0","0","0","0","0","4","0","","67","01","2023","1","40.0131","-75.1077","0221","06","0","0","0","0","0","0","0","0","","0","0","0","02","3","0","01","","0","40 00:47.246","","00","75 06:27.701","0","0","0","0","67301","0","0","0","N","0","0","0","2","67301","0","","1","01","","N","N","N","0","","0","0","0","3","3","","0220","0","2","0","0","2","0","0","2","0","2","03","03","N","","","","","","","","","","",""
"2023011779","0244","4","0","0","0","0","0","0","0","0","5","0","","67","01","2023","6","39.9385","-75.1644","0241","06","0","0","0","0","0","0","0","0","","0","0","0","02","3","0","00","N","2","39 56:18.460","1","00","75 09:51.930","0","0","0","0","67301","0","0","0","N","0","0","0","1","67301","0","","6","01","0430","N","N","N","0","","0","0","1","0","0","Y","0240","0","5","0","0","1","0","0","2","0","5","03","","N","","","","","","","","","","",""
"2023025499","0811","2","0","0","0","0","0","0","0","0","2","0","","67","03","2023","1","39.9391","-75.1586","0811","06","0","0","0","0","0","0","1","0","","0","0","0","07","1","1","02","","1","39 56:20.735","6","00","75 09:31.072","3","0","0","0","67301","0","0","0","N","0","0","0","2","67301","0","","1","01","0855","N","N","N","0","","1","0","0","0","0","N","0750","1","2","0","0","0","0","0","2","0","2","03","","N","","","","","","","","","","",""
"2023011189","2118","2","0","0","0","0","0","0","0","0","4","0","","67","01","2023","6","40.0609","-75.1641","2117","06","0","0","0","0","0","0","0","0","","0","0","0","21","4","1","01","","0","40 03:39.269","","00","75 09:50.875","3","0","0","0","67301","0","0","0","N","0","0","0","3","67301","0","","1","01","","N","N","N","0","","1","0","1","3","2","","2117","1","3","0","0","2","0","0","2","0","3","03","03","N","","","","","","","","","","",""
"2023026543","1423","1","0","0","0","0","0","0","0","0","4","0","","67","03","2023","3","39.9982","-75.1012","1410","06","0","0","0","0","0","0","0","0","","0","0","0","13","1","2","01","","1","39 59:53.480","4","00","75 06:04.492","3","0","0","0","67301","1","0","0","N","1","0","0","3","67301","0","","1","01","1505","N","N","N","0","","2","0","1","3","2","Y","1343","2","3","0","0","1","0","0","2","0","2","03","98","N","","","","","","","","","","",""
"2023011538","1852","1","0","0","0","0","0","0","0","0","4","0","","67","01","2023","3","39.9963","-75.1854","1852","06","0","0","0","0","0","0","0","0","","0","0","0","18","3","0","01","","0","39 59:46.663","","00","75 11:07.303","0","0","0","0","67301","0","0","0","N","0","0","0","2","67301","0","","1","09","","N","N","N","0","","0","0","2","3","2","","1840","0","3","0","0","1","0","0","2","0","3","07","04","N","","","","","","","","","","",""
"2023009590","0838","2","0","0","0","0","0","0","0","0","5","0","","67","01","2023","6","39.9346","-75.1812","0836","06","0","0","0","0","0","0","0","0","","0","0","0","08","3","0","00","N","0","39 56:04.720","","00","75 10:52.330","9","0","0","0","67301","0","0","0","N","0","0","0","1","67301","0","","6","01","","N","N","Y","0","","0","0","1","0","0","","0827","0","3","0","0","0","0","1","2","0","3","03","","N","","","","","","","","","","",""
"2023007297","2020","1","0","0","0","0","0","0","0","0","4","0","","67","01","2023","6","40.078","-75.0862","2020","06","0","0","0","0","0","0","0","0","","0","0","0","18","3","1","02","","0","40 04:40.758","","00","75 05:10.164","3","0","0","0","67301","0","0","0","N","0","0","0","2","67301","0","","1","01","","N","N","N","0","","1","0","1","0","0","","1847","1","2","0","0","0","0","1","2","0","2","04","","N","","","","","","","","","","",""
"2023011009","2103","0","0","0","0","0","0","0","0","0","7","0","","67","01","2023","2","39.9923","-75.2013","2102","06","0","0","0","0","0","0","1","0","","0","0","0","21","3","2","00","N","0","39 59:32.366","","00","75 12:04.809","3","0","0","0","67301","0","0","0","N","0","0","0","2","68K01","0","","2","01","","N","N","N","0","","2","0","1","0","0","","2101","2","1","0","0","1","0","0","2","0","1","03","","N","","","","","","","","","","",""
"2023003132","1510","1","0","0","0","0","0","0","0","0","1","0","","67","01","2023","3","39.9439","-75.1515","1500","06","0","0","0","0","0","0","0","0","","0","0","0","14","1","0","00","N","0","39 56:37.920","","00","75 09:05.430","0","0","0","0","67301","0","0","0","N","0","0","0","2","67301","0","","1","09","","N","N","N","0","","0","0","1","0","0","","1435","0","2","0","0","0","0","0","2","0","2","07","","N","","","","","","","","","","",""
"2023009019","1731","0","0","0","0","0","0","0","0","0","1","0","","67","01","2023","6","40.0228","-75.0368","1714","06","0","0","0","0","0","2","0","0","","0","0","0","17","3","1","00","N","0","40 01:22.054","","00","75 02:12.658","8","0","0","0","67301","0","0","0","N","0","0","0","3","68K01","0","","1","01","","N","N","N","0","","0","0","2","0","0","","1709","1","2","0","0","0","1","0","2","0","2","03","","N","","","","","","","","","","",""
"2023001135","1735","1","0","0","0","0","0","0","0","0","4","0","","67","01","2023","1","40.0287","-75.1736","1715","06","0","0","0","0","0","1","0","0","","0","0","0","17","3","1","01","","0","40 01:43.216","","00","75 10:24.975","4","0","0","0","67301","0","0","0","N","0","0","0","2","67301","1","","1","01","","N","N","Y","0","","0","0","1","3","3","","1707","1","2","0","0","0","0","0","2","0","2","03","03","N","","","","","","","","","","",""
"2023021784","1020","1","0","0","0","0","0","1","0","0","4","1","","67","02","2023","6","39.9604","-75.2411","1010","06","0","0","0","0","0","0","1","0","","0","0","0","10","1","1","01","","0","39 57:37.599","","00","75 14:27.886","8","0","0","0","67301","0","0","0","N","0","0","0","2","67508","0","","1","01","","N","N","N","0","","0","0","0","3","2","","1010","1","2","0","0","1","1","1","2","0","2","03","03","N","","","","","","","","","","",""
"2023011090","2127","1","0","0","0","0","0","0","0","0","4","0","","67","01","2023","1","40.0079","-75.1723","2123","06","0","0","0","0","0","0","0","0","","0","0","0","21","3","0","01","","1","40 00:28.314","4","00","75 10:20.141","0","0","0","0","67301","0","0","0","N","0","0","0","2","67301","0","","1","01","2250","N","N","N","1","","0","0","0","3","2","N","2122","0","2","0","0","1","0","0","2","0","2","03","","N","","","","","","","","","","",""
"2023008557","1715","0","0","0","0","0","0","0","0","0","4","0","","67","01","2023","7","40.0203","-75.1628","1714","06","0","0","0","0","0","0","2","0","","0","0","0","17","4","1","02","","1","40 01:13.127","6","00","75 09:46.089","3","0","0","0","67301","0","0","0","N","0","0","0","3","67301","0","","1","01","1745","N","N","N","0","","1","0","2","0","0","Y","1709","1","2","0","0","0","0","0","2","0","2","03","03","N","","","","","","","","","","",""
"2023011077","1230","2","0","0","0","0","0","0","0","0","4","0","","67","01","2023","3","39.9777","-75.2264","1230","06","0","0","0","0","0","1","0","0","","0","0","0","12","1","4","02","","0","39 58:39.691","","00","75 13:35.033","3","0","0","0","67301","0","0","0","N","0","0","0","4","67301","0","","1","09","","N","N","N","0","","4","0","0","3","3","","1230","4","3","0","0","0","0","0","2","1","3","07","07","N","","","","","","","","","","",""
"2023009401","0023","1","0","0","0","0","0","0","0","0","6","0","","67","01","2023","5","39.9608","-75.2441","0015","06","0","0","0","0","0","0","0","0","","0","0","0","23","3","1","00","N","2","39 57:38.923","3","00","75 14:38.651","8","0","0","0","67301","0","0","0","N","0","0","0","2","67301","0","","6","01","0119","N","N","N","0","","0","0","2","0","0","Y","2315","1","3","0","0","0","1","1","2","0","3","03","03","N","","","","","","","","","","",""
"2023008942","1430","0","0","0","0","0","0","0","0","0","8","0","","67","01","2023","6","39.9848","-75.2372","1430","06","0","0","0","0","0","0","0","0","","0","0","0","19","3","1","05","","0","39 59:05.457","","00","75 14:14.047","8","0","0","0","67301","1","0","0","N","1","0","0","2","67301","0","","1","99","","N","N","N","0","","0","0","0","3","2","","1930","1","2","0","0","0","1","0","2","0","1","99","","N","","","","","","","","","","",""
"2023025514","0420","0","0","0","0","0","0","0","0","0","7","0","","67","03","2023","1","39.9212","-75.2466","0415","06","0","0","0","0","0","0","0","0","","0","0","0","04","3","1","00","N","0","39 55:16.364","","00","75 14:47.755","3","0","0","0","67301","0","0","0","N","0","0","0","1","67301","0","","5","01","","N","N","N","0","","1","0","1","0","0","","0410","1","1","0","0","0","0","0","2","0","1","03","03","N","","","","","","","","","","",""
"2023015780","1310","0","0","0","0","0","0","0","0","0","7","0","","67","01","2023","2","39.9011","-75.1744","1303","06","0","0","0","0","0","1","0","0","","0","0","0","12","1","1","00","N","0","39 54:03.958","","00","75 10:27.845","8","0","0","0","67301","0","0","0","N","0","0","0","1","67301","0","","4","01","","N","N","N","0","","0","0","1","0","0","","1254","1","1","0","0","0","1","0","2","0","1","03","03","N","","","","","","","","","","",""
"2023011076","0521","0","0","0","0","0","0","0","0","0","4","0","","67","01","2023","4","39.9866","-75.2455","0514","06","0","0","0","0","0","1","0","0","","0","0","0","05","3","0","01","","0","39 59:11.835","","00","75 14:43.799","0","0","0","0","67301","0","0","0","N","0","0","0","2","67301","0","","1","01","","N","N","N","0","","0","0","2","3","2","","0510","0","2","0","0","0","0","0","2","0","2","04","","N","","","","","","","","","","",""
"2023012613","1910","0","0","0","0","0","0","0","0","0","7","0","","67","02","2023","4","40.0263","-75.0692","1907","06","0","0","0","0","0","0","0","0","","0","0","0","19","3","0","00","N","0","40 01:34.739","","00","75 04:09.137","9","0","0","0","67301","0","0","0","N","0","0","0","1","67301","0","","4","01","","N","N","N","0","","0","0","1","0","0","","1905","0","1","0","0","0","0","1","2","0","1","03","03","N","","","","","","","","","","",""
"2023006911","0118","2","0","0","0","0","0","0","0","0","4","0","","67","01","2023","6","40.0672","-75.1552","0114","06","0","0","0","0","0","0","0","0","","0","0","0","01","3","1","01","","0","40 04:01.909","","00","75 09:18.835","8","0","0","0","67301","0","0","0","N","0","0","0","2","67301","0","","1","09","","N","N","N","0","","0","0","0","3","3","","0105","1","2","0","0","0","1","1","2","0","2","07","","N","","","","","","","","","","",""
"2023003662","2115","2","0","0","0","0","0","0","0","0","4","0","","67","01","2023","7","40.0159","-75.1296","2115","06","0","0","0","0","0","0","0","0","","0","0","0","20","3","1","01","","0","40 00:57.340","","00","75 07:46.520","4","0","0","0","67301","0","0","0","N","0","0","0","2","67301","1","","1","01","","N","N","N","0","","0","0","0","3","2","","2012","1","2","0","0","0","0","1","2","0","2","03","","N","","","","","","","","","","",""
"2023002878","0239","1","0","0","0","0","0","0","0","0","1","0","","67","01","2023","6","40.0441","-75.0535","0234","06","0","0","0","0","0","0","0","0","","0","0","0","22","3","1","00","N","0","40 02:38.606","","00","75 03:12.692","4","0","0","0","67301","0","0","0","N","0","0","0","2","67301","1","","1","01","","N","N","N","0","","0","0","0","0","0","","2200","1","2","0","0","1","0","0","2","1","2","03","03","N","","","","","","","","","","",""
"2023020266","0815","0","0","0","0","0","0","1","0","0","8","1","","67","01","2023","6","40.0261","-75.1475","0745","06","0","0","0","0","0","0","0","0","","0","0","0","07","3","1","01","","0","40 01:33.889","","00","75 08:51.258","8","0","0","0","67301","1","0","0","N","1","0","0","2","67508","0","","1","01","","N","N","Y","0","","0","0","0","3","2","","0745","1","2","0","0","0","1","0","2","0","1","03","03","N","","","","","","","","","","",""
"2023003278","1436","1","0","0","0","0","0","0","0","0","4","0","","67","01","2023","3","39.995","-75.171","1425","06","0","0","0","0","0","0","0","0","","0","0","0","14","1","2","01","","0","39 59:41.913","","00","75 10:15.517","3","0","0","0","67301","0","0","0","N","0","0","0","2","67301","0","","1","09","","N","N","N","0","","2","0","2","3","3","","1410","2","3","0","0","0","0","0","2","0","3","04","04","N","","","","","","","","","","",""
"2023010180","2250","1","0","0","0","0","0","0","0","0","1","0","","67","01","2023","1","40.0522","-75.1758","2250","06","0","0","0","0","0","0","1","0","","0","0","0","21","3","1","01","","0","40 03:08.041","","00","75 10:32.943","4","0","0","0","67301","0","0","0","N","0","0","0","3","67301","1","","1","01","","N","N","N","0","","0","0","1","3","2","","2140","1","2","0","0","0","0","2","2","0","2","03","03","N","","","","","","","","","","",""
"2023007305","2150","0","0","0","0","0","0","0","0","0","8","0","","67","01","2023","6","39.964","-75.2444","2150","06","0","0","0","0","0","0","0","0","","0","0","0","20","3","1","01","","0","39 57:50.536","","00","75 14:39.757","3","0","0","0","67301","1","0","0","N","1","0","0","2","67301","0","","1","01","","N","N","N","0","","1","0","1","3","3","","2030","1","2","0","0","0","0","0","2","0","1","03","","N","","","","","","","","","","",""
"2023025910","2255","1","0","0","0","0","0","0","0","0","1","0","","67","01","2023","1","40.0026","-75.1608","2255","06","0","0","0","0","0","1","0","0","","0","0","0","22","3","0","02","","0","40 00:09.425","","00","75 09:39.049","0","0","0","0","67301","0","0","0","N","0","0","0","2","67301","0","","1","01","","N","N","N","0","","0","0","1","3","2","","2253","0","2","0","0","1","0","0","2","0","2","03","","N","","","","","","","","","","",""
"2023009066","1645","1","0","0","0","0","0","0","0","0","2","0","","67","01","2023","3","39.9284","-75.1962","1640","06","0","0","0","0","0","0","1","0","","0","0","0","16","1","1","00","N","0","39 55:42.380","","00","75 11:46.230","3","0","0","0","67301","0","0","0","N","0","0","0","4","67301","0","","1","01","","N","N","N","0","","1","0","1","0","0","","1639","1","2","0","0","3","0","0","2","0","2","03","03","N","","","","","","","","","","",""
"2023011542","1521","2","0","0","0","0","0","0","0","0","4","0","","67","01","2023","4","40.0082","-75.1068","1521","06","0","0","1","0","0","0","0","0","","0","0","0","15","1","1","01","","0","40 00:29.616","","00","75 06:24.354","4","0","0","0","67301","0","0","0","N","0","0","0","2","67301","1","","1","09","","N","N","N","0","","0","0","0","3","3","","1521","1","2","0","0","1","0","0","2","0","2","07","07","N","","","","","","","","","","",""
"2023025565","1220","1","0","0","0","0","0","0","0","0","4","1","","67","02","2023","7","39.977","-75.1194","1216","06","0","0","0","0","0","1","0","0","","0","1","0","12","1","0","00","N","1","39 58:37.294","1","07","75 07:09.895","0","0","0","0","67301","0","0","0","N","0","0","0","3","67301","0","","1","01","1315","N","N","N","0","","0","0","0","0","0","N","1215","0","2","0","0","0","0","0","2","0","2","03","03","N","","","","","","","","","","",""
"2023001134","1610","0","0","0","0","0","0","0","0","0","5","0","","67","01","2023","1","40.0249","-75.1671","1610","06","0","0","0","0","0","1","0","0","","0","0","0","16","1","2","00","N","0","40 01:29.780","","00","75 10:01.560","3","0","0","0","67301","0","0","0","N","0","0","0","3","67301","1","","1","01","","N","N","N","0","","1","0","2","0","0","","1610","2","2","0","0","2","0","0","2","0","2","03","","N","","","","","","","","","","",""
"2023002591","2359","0","0","0","0","0","0","0","0","0","8","0","","67","01","2023","6","40.0296","-75.104","2351","06","0","0","0","0","0","0","0","0","","0","0","0","20","3","1","01","","0","40 01:46.488","","00","75 06:14.359","8","0","0","0","67301","1","0","0","N","1","0","0","2","67301","0","","1","01","","N","N","N","0","","0","0","0","3","5","","2030","1","2","0","0","0","1","0","2","0","1","03","04","N","","","","","","","","","","",""
"2023001667","0616","1","0","0","0","0","0","0","0","0","4","0","","67","01","2023","4","40.0265","-75.0422","0613","06","0","0","0","0","0","1","0","0","","0","0","0","06","3","3","01","","0","40 01:35.410","","00","75 02:31.776","3","0","0","0","67301","0","0","0","N","0","0","0","3","67301","0","","1","01","","N","N","Y","0","","3","0","1","3","3","","0608","3","2","0","0","0","0","0","2","0","2","03","03","N","","","","","","","","","","",""
"2023008246","0930","2","0","0","0","0","0","0","0","0","4","0","","67","01","2023","3","40.0448","-75.1817","0900","06","0","0","0","0","0","0","0","0","","0","0","0","09","1","0","01","","0","40 02:41.350","","00","75 10:54.103","9","0","0","0","67301","0","0","0","N","0","0","0","3","67301","0","","1","01","","N","N","N","0","","0","0","0","3","3","","0900","0","2","0","0","0","0","2","2","0","2","03","","N","","","","","","","","","","",""