"CRN","ARRIVAL_TM","AUTOMOBILE_COUNT","BELTED_DEATH_COUNT","BELTED_SUSP_SERIOUS_INJ_COUNT","BICYCLE_COUNT","BICYCLE_DEATH_COUNT","BICYCLE_SUSP_SERIOUS_INJ_COUNT","BUS_COUNT","CHLDPAS_DEATH_COUNT","CHLDPAS_SUSP_SERIOUS_INJ_COUNT","COLLISION_TYPE","COMM_VEH_COUNT","CONS_ZONE_SPD_LIM","COUNTY","CRASH_MONTH","CRASH_YEAR","DAY_OF_WEEK","DEC_LAT","DEC_LONG","DISPATCH_TM","DISTRICT","DRIVER_COUNT_16YR","DRIVER_COUNT_17YR","DRIVER_COUNT_18YR","DRIVER_COUNT_19YR","DRIVER_COUNT_20YR","DRIVER_COUNT_50_64YR","DRIVER_COUNT_65_74YR","DRIVER_COUNT_75PLUS","EST_HRS_CLOSED","FATAL_COUNT","HEAVY_TRUCK_COUNT","HORSE_BUGGY_COUNT","HOUR_OF_DAY","ILLUMINATION","INJURY_COUNT","INTERSECT_TYPE","INTERSECTION_RELATED","LANE_CLOSED","LATITUDE","LN_CLOSE_DIR","LOCATION_TYPE","LONGITUDE","MAX_SEVERITY_LEVEL","MCYCLE_DEATH_COUNT","MCYCLE_SUSP_SERIOUS_INJ_COUNT","MOTORCYCLE_COUNT","MUNICIPALITY","NONMOTR_COUNT","NONMOTR_DEATH_COUNT","NONMOTR_SUSP_SERIOUS_INJ_COUNT","NTFY_HIWY_MAINT","PED_COUNT","PED_DEATH_COUNT","PED_SUSP_SERIOUS_INJ_COUNT","PERSON_COUNT","POLICE_AGCY","POSSIBLE_INJ_COUNT","RDWY_SURF_TYPE_CD","RELATION_TO_ROAD","ROAD_CONDITION","ROADWAY_CLEARED","SCH_BUS_IND","SCH_ZONE_IND","SECONDARY_CRASH","SMALL_TRUCK_COUNT","SPEC_JURIS_CD","SUSP_MINOR_INJ_COUNT","SUSP_SERIOUS_INJ_COUNT","SUV_COUNT","TCD_FUNC_CD","TCD_TYPE","TFC_DETOUR_IND","TIME_OF_DAY","TOT_INJ_COUNT","TOTAL_UNITS","UNB_DEATH_COUNT","UNB_SUSP_SERIOUS_INJ_COUNT","UNBELTED_OCC_COUNT","UNK_INJ_DEG_COUNT","UNK_INJ_PER_COUNT","URBAN_RURAL","VAN_COUNT","VEHICLE_COUNT","WEATHER1","WEATHER2","WORK_ZONE_IND","WORK_ZONE_LOC","WORK_ZONE_TYPE","WORKERS_PRES","WZ_CLOSE_DETOUR","WZ_FLAGGER","WZ_LAW_OFFCR_IND","WZ_LN_CLOSURE","WZ_MOVING","WZ_OTHER","WZ_SHLDER_MDN","WZ_WORKERS_INJ_KILLED"
"2023002043","1338","1","0","0","0","0","0","0","0","0","8","0","","67","01","2023","5","40.0809","-75.1722","1328","06","0","0","0","0","0","1","0","0","","0","0","0","13","1","1","00","N","0","40 04:51.236","","07","75 10:19.800","3","0","0","0","67301","1","0","0","N","1","0","0","2","67301","0","","3","01","","N","N","N","0","","1","0","0","0","0","","1327","1","2","0","0","1","0","0","2","0","1","03","","N","","","","","","","","","","",""
"2023010160","1917","1","0","0","0","0","0","0","0","0","5","0","","67","01","2023","1","39.9738","-75.1188","1911","06","0","0","0","0","0","0","0","0","","0","0","0","19","2","0","00","N","0","39 58:25.792","","00","75 07:07.768","9","0","0","0","67301","0","0","0","N","0","0","0","2","68K01","0","","1","09","","N","N","N","0","","0","0","1","0","0","","1908","0","2","0","0","0","0","1","2","0","2","07","","N","","","","","","","","","","",""
"2023011783","0112","2","0","0","0","0","0","0","0","0","1","0","","67","02","2023","6","39.9607","-75.235","0112","06","0","0","0","0","0","0","0","0","","0","0","0","00","3","1","00","N","1","39 57:38.680","2","00","75 14:05.940","8","0","0","0","67301","0","0","0","N","0","0","0","2","67301","0","","1","01","0200","N","N","N","0","","0","0","0","3","7","N","0050","1","2","0","0","0","1","1","2","0","2","03","03","N","","","","","","","","","","",""
"2023009808","2227","1","0","0","0","0","0","0","0","0","6","0","","67","01","2023","7","40.0491","-75.0028","2209","06","0","0","0","1","0","0","1","0","","0","0","0","21","3","4","00","N","2","40 02:56.850","4","02","75 00:09.901","8","0","0","0","67301","0","0","0","N","0","0","0","5","68K01","0","","1","01","2315","N","N","N","0","","0","0","1","0","0","N","2156","4","2","0","0","3","4","0","2","0","2","03","03","N","","","","","","","","","","",""
"2023011080","0905","1","0","0","0","0","0","1","0","0","5","1","","67","01","2023","6","39.9955","-75.1822","0853","06","0","0","0","0","0","1","0","0","","0","0","0","08","1","0","00","N","0","39 59:43.790","","00","75 10:55.890","0","0","0","0","67301","0","0","0","N","0","0","0","9","67301","0","","6","01","","Y","N","N","1","","0","0","0","0","0","","0825","0","3","0","0","1","0","0","2","0","3","03","03","N","","","","","","","","","","",""
"2023009543","1505","1","0","0","0","0","0","0","0","0","7","0","","67","01","2023","5","40.0444","-75.0026","1505","06","0","0","0","0","0","0","0","0","","0","0","0","14","1","0","00","N","0","40 02:39.835","","00","75 00:09.526","0","0","0","0","67301","0","0","0","N","0","0","0","1","68K01","0","","2","01","","N","N","N","0","","0","0","0","0","0","","1455","0","1","0","0","0","0","0","2","0","1","03","","N","","","","","","","","","","",""
"2023009639","0559","0","0","0","0","0","0","0","0","0","8","0","","67","01","2023","5","39.9619","-75.1583","0558","06","0","0","0","0","0","0","0","1","","0","0","0","05","3","1","00","N","0","39 57:42.954","","00","75 09:30.050","3","0","0","0","67301","1","0","0","N","1","0","0","2","67301","0","","1","01","","N","N","N","0","","1","0","0","0","0","","0558","1","2","0","0","0","0","0","2","1","1","03","03","N","","","","","","","","","","",""
"2023015184","1224","0","0","0","0","0","0","1","0","0","7","1","25","67","01","2023","1","40.0204","-75.1544","1211","06","0","0","0","0","0","1","0","0","","0","0","0","11","1","0","07","","0","40 01:13.514","","02","75 09:15.784","0","0","0","0","67301","0","0","0","N","0","0","0","1","67301","0","","5","01","","N","N","N","0","","0","0","0","0","0","","1158","0","1","0","0","0","0","0","2","0","1","03","","Y","4","1","N","N","N","N","N","N","Y","N","N"
"2023014291","0007","2","0","0","0","0","0","0","0","0","4","0","","67","02","2023","6","39.9912","-75.1819","0003","06","0","0","0","0","0","1","0","0","","0","0","0","00","3","0","00","N","2","39 59:28.414","3","00","75 10:54.920","0","0","0","0","67301","0","0","0","N","0","0","0","1","67301","0","","1","01","0020","N","N","N","0","","0","0","0","3","2","N","0001","0","2","0","0","0","0","0","2","0","2","03","03","N","","","","","","","","","","",""
"2023015370","1952","0","0","0","0","0","0","0","0","0","4","0","","67","02","2023","1","40.0295","-75.1467","1946","06","1","0","0","0","0","0","0","0","","0","0","0","19","3","0","01","","0","40 01:46.206","","00","75 08:48.166","9","0","0","0","67301","0","0","0","N","0","0","0","1","67301","0","","1","09","","N","N","N","0","","0","0","2","0","0","","1945","0","2","0","0","0","0","1","2","0","2","07","07","N","","","","","","","","","","",""
"2023015367","1650","1","0","0","0","0","0","0","0","0","4","1","","67","02","2023","1","39.9753","-75.2455","1650","06","0","0","0","0","0","0","0","0","","0","1","0","16","1","2","01","","0","39 58:31.077","","00","75 14:44.180","3","0","0","0","67301","0","0","0","N","0","0","0","8","67301","0","","1","09","","Y","N","N","0","","2","0","0","3","2","","1648","2","2","0","0","0","0","0","2","0","2","07","07","N","","","","","","","","","","",""
"2023013904","0815","2","0","0","0","0","0","0","0","0","5","1","","67","02","2023","2","39.9989","-75.1954","0812","06","0","0","0","0","0","1","0","0","","0","1","0","08","1","0","00","N","1","39 59:55.956","4","00","75 11:43.566","0","0","0","0","67301","0","0","0","N","0","0","0","4","68K01","0","","1","01","0915","N","N","N","0","","0","0","0","0","0","N","0811","0","4","0","0","0","0","0","2","1","4","03","03","N","","","","","","","","","","",""
"2023014856","0841","1","0","0","0","0","0","0","0","0","8","0","","67","02","2023","3","39.9629","-75.1914","0838","06","0","0","0","0","0","0","0","0","","0","0","0","08","1","1","01","","1","39 57:46.535","3","00","75 11:28.992","8","0","0","0","67301","1","0","0","N","1","0","0","2","67507","0","","1","01","0900","N","N","N","0","","0","0","0","3","2","Y","0835","1","2","0","0","0","1","0","2","0","1","03","","N","","","","","","","","","","",""
"2023000239","0105","1","0","0","0","0","0","0","0","0","4","1","","67","01","2023","2","39.9851","-75.1564","0103","06","0","0","0","0","0","0","0","0","","0","0","0","01","3","0","00","N","0","39 59:06.488","","07","75 09:23.020","0","0","0","0","67301","0","0","0","N","0","0","0","3","67505","0","","1","01","","N","N","N","0","","0","0","0","0","0","","0100","0","2","0","0","2","0","0","2","1","2","03","03","N","","","","","","","","","","",""
"2023011059","0814","1","0","0","0","0","0","0","0","0","7","0","","67","01","2023","3","39.936","-75.2138","0814","06","0","0","0","0","0","0","0","0","","0","0","0","08","1","2","02","","0","39 56:09.536","","01","75 12:49.678","3","0","0","0","67301","0","0","0","N","0","0","0","2","67301","0","","5","09","","N","N","N","0","","2","0","0","3","3","","0800","2","1","0","0","0","0","0","2","0","1","07","07","N","","","","","","","","","","",""
"2023014059","0900","1","0","0","0","0","0","0","0","0","6","2","","67","02","2023","2","40.0108","-75.1629","0845","06","0","0","0","0","0","0","0","0","","0","2","0","08","1","1","00","N","0","40 00:38.716","","00","75 09:46.321","3","0","0","0","67301","0","0","0","N","0","0","0","2","67301","0","","6","01","","N","N","N","0","","1","0","0","0","0","","0830","1","3","0","0","0","0","0","2","0","3","03","03","N","","","","","","","","","","",""
"2023015364","0750","2","0","0","0","0","0","1","0","0","5","1","","67","02","2023","3","40.0084","-75.0704","0740","06","0","1","0","0","0","1","0","0","","0","0","0","07","1","4","00","N","2","40 00:30.170","5","00","75 04:13.437","4","0","0","0","67301","0","0","0","N","0","0","0","6","67301","1","","1","01","0925","Y","N","N","0","","0","0","0","0","0","Y","0730","4","3","0","0","1","3","0","2","0","3","03","03","N","","","","","","","","","","",""
"2023001912","0548","2","0","0","0","0","0","0","0","0","4","0","","67","01","2023","5","40.0394","-75.0774","0546","06","0","0","0","0","0","2","0","0","","0","0","0","05","3","2","01","","0","40 02:22.048","","00","75 04:38.765","3","0","0","0","67301","0","0","0","N","0","0","0","3","67301","0","","1","09","","N","N","N","0","","2","0","0","3","2","","0546","2","2","0","0","0","0","0","2","0","2","03","","N","","","","","","","","","","",""
"2023009379","0026","1","0","0","0","0","0","0","0","0","7","0","","67","01","2023","1","39.96","-75.1792","0023","06","0","0","0","0","0","0","0","0","","0","0","0","00","3","0","00","N","2","39 57:36.167","4","00","75 10:45.206","0","0","0","0","67301","0","0","0","N","0","0","0","1","68K01","0","","2","09","0100","N","N","N","0","","0","0","0","0","0","Y","0021","0","1","0","0","0","0","0","2","0","1","07","","N","","","","","","","","","","",""
"2023015955","1839","1","0","0","0","0","0","0","0","0","4","0","","67","02","2023","6","39.9192","-75.1911","1834","06","0","0","0","0","0","0","0","0","","0","0","0","18","3","2","00","N","1","39 55:09.080","2","99","75 11:28.016","3","0","0","0","67301","0","0","0","N","0","0","0","2","67301","0","","1","01","0010","N","N","N","0","","2","0","1","0","0","N","1814","2","2","0","0","0","0","0","2","0","2","03","03","N","","","","","","","","","","",""
"2023015962","1859","1","0","0","1","0","0","0","0","0","8","0","","67","01","2023","2","40.0499","-75.0342","1852","06","0","0","0","0","0","0","0","0","","0","0","0","23","3","1","00","N","0","40 02:59.513","","00","75 02:02.996","8","0","0","0","67301","1","0","0","N","0","0","0","2","67301","0","","1","01","","N","N","N","0","","0","0","0","0","0","","2330","1","2","0","0","0","1","1","2","0","1","03","03","N","","","","","","","","","","",""
"2023015458","1215","1","0","0","0","0","0","0","0","0","1","0","","67","02","2023","4","40.1052","-75.0328","1210","06","0","0","0","0","0","1","2","0","","0","0","0","11","1","3","02","","1","40 06:18.580","4","00","75 01:58.246","3","0","0","0","67301","0","0","0","N","0","0","0","4","67301","0","","1","01","1255","N","N","N","0","","3","0","2","3","2","N","1154","3","3","0","0","0","0","0","2","0","3","03","","N","","","","","","","","","","",""
"2023013739","1054","1","0","0","0","0","0","0","0","0","4","0","","67","01","2023","2","40.0581","-75.1743","1053","06","0","0","0","0","0","1","0","0","","0","0","0","13","1","2","01","","0","40 03:29.309","","00","75 10:27.487","8","0","0","0","67301","0","0","0","N","0","0","0","3","67301","0","","1","99","","N","N","N","0","","0","0","0","3","2","","1330","2","2","0","0","0","2","1","2","1","2","99","98","N","","","","","","","","","","",""
"2023011185","0720","0","0","0","0","0","0","0","0","0","8","0","","67","01","2023","7","39.9287","-75.1834","0715","06","0","0","0","0","0","0","0","0","","0","0","0","07","3","1","00","N","0","39 55:43.170","","00","75 11:00.240","2","0","0","0","67301","1","0","1","N","1","0","1","1","67301","0","","1","01","","N","N","N","0","","0","1","0","3","3","","0700","1","2","0","0","0","0","0","2","0","1","03","03","N","","","","","","","","","","",""
"2023011545","1332","2","0","0","0","0","0","0","0","0","2","0","","67","01","2023","7","40.0139","-75.0973","1326","06","0","0","1","0","0","1","0","0","","0","0","0","13","1","2","00","N","2","40 00:49.895","5","03","75 05:50.356","2","0","0","0","67301","0","0","0","N","0","0","0","3","67301","0","","1","01","1550","N","N","N","0","","1","1","0","0","0","Y","1326","2","2","0","0","0","0","0","2","0","2","03","03","N","","","","","","","","","","",""
"2023015965","1725","0","0","0","0","0","0","0","0","0","8","0","","67","02","2023","4","40.0643","-74.9838","1715","06","0","0","0","0","0","1","0","0","","0","0","0","17","1","1","00","N","1","40 03:51.454","2","00","74 59:01.615","2","0","0","0","67301","1","0","1","N","1","0","1","2","67301","0","","1","01","0100","N","N","N","0","","0","1","1","3","8","N","1710","1","2","0","0","0","0","0","2","0","1","03","03","N","","","","","","","","","","",""
"2023014294","1843","2","0","0","0","0","0","0","0","0","1","0","","67","02","2023","3","39.9878","-75.1411","1842","06","0","0","0","0","0","0","0","0","","0","0","0","18","3","0","00","N","0","39 59:16.150","","00","75 08:28.090","0","0","0","0","67301","0","0","0","N","0","0","0","1","67301","0","","1","01","","N","N","N","0","","0","0","0","0","0","","1842","0","2","0","0","1","0","0","2","0","2","03","03","N","","","","","","","","","","",""
"2023014500","0446","2","0","0","0","0","0","0","0","0","4","0","","67","02","2023","5","40.0174","-75.057","0441","06","0","0","0","0","0","0","0","0","","0","0","0","04","3","0","00","N","0","40 01:02.600","","00","75 03:25.230","9","0","0","0","67301","0","0","0","N","0","0","0","1","67301","0","","6","01","","N","N","N","0","","0","0","0","3","3","","0439","0","2","0","0","1","0","1","2","0","2","03","","N","","","","","","","","","","",""
"2023015976","0247","1","0","0","0","0","0","0","0","0","7","0","","67","02","2023","6","39.9827","-75.227","0245","06","0","0","0","0","0","0","0","0","","0","0","0","02","3","0","02","","0","39 58:57.545","","00","75 13:37.336","9","0","0","0","67301","0","0","0","N","0","0","0","1","67301","0","","5","09","","N","N","N","0","","0","0","0","3","2","","0200","0","1","0","0","1","0","1","2","0","1","03","03","N","","","","","","","","","","",""
"2023015917","1745","0","0","0","0","0","0","0","0","0","1","0","","67","02","2023","4","40.0327","-75.021","1723","06","0","0","0","0","0","0","1","0","","0","0","0","16","1","0","00","N","0","40 01:57.817","","00","75 01:15.548","0","0","0","0","67301","0","0","0","N","0","0","0","2","68K01","0","","1","01","","N","N","N","0","","0","0","1","0","0","","1654","0","2","0","0","0","0","0","2","1","2","03","","N","","","","","","","","","","",""
"2023015655","1521","1","0","0","0","0","0","0","0","0","8","0","","67","02","2023","3","40.0312","-75.1458","1521","06","0","0","0","0","1","0","0","0","","0","0","0","15","1","1","01","","0","40 01:52.420","","00","75 08:44.761","3","0","0","0","67301","1","0","0","N","1","0","0","2","67301","0","","1","01","","N","N","N","0","","1","0","0","3","2","","1520","1","2","0","0","0","0","0","2","0","1","03","","N","","","","","","","","","","",""
"2023000622","0057","1","0","0","0","0","0","0","0","0","7","0","","67","01","2023","1","40.06","-75.1909","0055","06","0","0","0","0","0","0","0","0","","0","0","0","00","3","0","00","N","0","40 03:36.027","","00","75 11:27.287","9","0","0","0","67301","0","0","0","N","0","0","0","1","67301","0","","5","09","","N","N","N","0","","0","0","0","0","0","","0054","0","1","0","0","0","0","1","2","0","1","03","03","N","","","","","","","","","","",""
"2023001920","0900","0","0","0","0","0","0","0","0","0","7","1","","67","01","2023","4","39.9925","-75.086","0835","06","0","0","0","0","0","1","0","0","","0","1","0","07","5","1","00","N","2","39 59:32.950","6","01","75 05:09.580","2","0","0","0","67301","0","0","0","N","0","0","0","1","67301","0","","1","09","1300","N","N","N","0","","0","1","0","0","0","Y","0700","1","1","0","1","1","0","0","2","0","1","03","","N","","","","","","","","","","",""
"2023014503","0758","1","0","0","0","0","0","0","0","0","4","0","","67","02","2023","1","40.0267","-75.0563","0753","06","1","0","0","0","0","0","0","0","","0","0","0","07","3","1","02","","0","40 01:36.217","","00","75 03:22.736","3","0","0","0","67301","0","0","0","N","0","0","0","2","67301","0","","1","09","","N","N","N","0","","1","0","1","0","0","","0748","1","2","0","0","0","0","0","2","0","2","07","07","N","","","","","","","","","","",""
"2023015162","1626","1","0","0","0","0","0","0","0","0","7","0","","67","02","2023","3","39.8992","-75.1666","1620","06","0","0","0","0","0","0","0","0","","0","0","0","16","1","0","00","N","1","39 53:56.944","1","00","75 09:59.688","0","0","0","0","67301","0","0","0","N","0","0","0","2","68K01","0","","4","01","1700","N","N","N","0","","0","0","0","0","0","N","1617","0","1","0","0","0","0","0","2","0","1","03","03","N","","","","","","","","","","",""
"2023011429","0022","2","0","0","0","0","0","0","0","0","1","0","","67","01","2023","1","39.8988","-75.1697","0012","06","0","0","0","0","0","1","0","0","","0","0","0","00","3","0","00","N","0","39 53:55.616","","00","75 10:10.969","0","0","0","0","67301","0","0","0","N","0","0","0","2","68K01","0","","1","01","","N","N","N","0","","0","0","0","0","0","","0010","0","2","0","0","0","0","0","2","0","2","03","","N","","","","","","","","","","",""
"2023011051","2228","2","0","0","0","0","0","0","0","0","2","0","30","67","01","2023","1","40.0389","-75.0071","2221","06","0","0","0","0","0","0","0","0","","0","0","0","22","3","0","00","N","2","40 02:20.100","1","00","75 00:25.603","0","0","0","0","67301","0","0","0","N","0","0","0","1","67301","0","","6","01","2316","N","N","N","0","","0","0","0","3","8","Y","2200","0","2","0","0","0","0","0","2","0","2","03","03","Y","3","1","Y","N","N","Y","Y","N","N","N","N"
"2023010149","2019","0","0","0","0","0","0","0","0","0","5","1","","67","01","2023","5","40.0277","-75.0248","1959","06","0","0","0","0","0","0","0","0","","0","1","0","18","2","0","00","N","0","40 01:39.670","","00","75 01:29.230","0","0","0","0","67301","0","0","0","N","0","0","0","2","68K01","0","","1","09","","N","N","N","1","","0","0","0","0","0","","1838","0","2","0","0","0","0","0","2","0","2","07","","N","","","","","","","","","","",""
"2023009555","1737","1","0","0","0","0","0","0","0","0","1","0","","67","01","2023","2","39.9829","-75.2081","1733","06","0","0","0","0","0","0","0","0","","0","0","0","17","3","0","00","N","0","39 58:58.568","","00","75 12:29.044","0","0","0","0","67301","0","0","0","N","0","0","0","2","68K01","0","","1","01","","N","N","N","0","","0","0","1","0","0","","1731","0","2","0","0","0","0","0","2","0","2","03","","N","","","","","","","","","","",""
"2023009069","1345","2","0","0","0","0","0","1","0","0","4","1","","67","01","2023","3","39.9653","-75.2255","1344","06","0","0","1","0","0","1","0","0","","1","0","0","13","1","4","01","","0","39 57:55.055","","00","75 13:31.731","1","0","0","0","67301","0","0","0","N","0","0","0","6","67301","0","2","1","01","","N","N","N","0","0","1","3","0","3","2","","1344","4","3","1","3","4","0","0","2","0","3","03","03","N","","","","","","","","","","",""
"2023010163","2132","1","0","0","0","0","0","0","0","0","1","0","","67","01","2023","1","39.9755","-75.1157","2117","06","0","0","0","0","0","0","0","0","","0","0","0","21","2","0","00","N","0","39 58:31.703","","00","75 06:56.400","0","0","0","0","67301","0","0","0","N","0","0","0","2","68K01","0","","1","09","","N","N","N","0","","0","0","1","0","0","","2113","0","2","0","0","0","0","0","2","0","2","07","","N","","","","","","","","","","",""
"2023011052","0356","0","0","0","0","0","0","0","0","0","7","0","","67","01","2023","3","40.0306","-75.0229","0354","06","0","0","0","0","0","1","0","0","","0","0","0","03","3","0","00","N","0","40 01:50.156","","07","75 01:22.361","0","0","0","0","67301","0","0","0","N","0","0","0","4","67301","0","","5","01","","N","N","N","0","","0","0","0","0","0","","0345","0","1","0","0","0","0","0","2","1","1","03","03","N","","","","","","","","","","",""
"2023009369","0230","0","0","0","0","0","0","0","0","0","7","0","","67","01","2023","2","39.9358","-75.1998","0215","06","0","0","0","0","0","1","0","0","","0","0","0","02","3","1","00","N","2","39 56:08.737","3","00","75 11:59.224","8","0","0","0","67301","0","0","0","N","0","0","0","1","68K01","0","","2","01","0400","N","N","N","1","","0","0","0","0","0","N","0210","1","1","0","0","0","1","0","2","0","1","03","","N","","","","","","","","","","",""
"2023010179","2020","1","0","0","0","0","0","0","0","0","2","0","","67","01","2023","1","40.0488","-75.1828","2016","06","0","0","0","0","0","1","0","0","","0","1","0","20","3","0","00","N","0","40 02:55.847","","00","75 10:58.055","0","0","0","0","67301","0","0","0","N","0","0","0","1","67301","0","","2","01","","N","N","N","0","","0","0","0","0","0","","2016","0","2","0","0","0","0","0","2","0","2","03","03","N","","","","","","","","","","",""
"2023010169","1447","1","0","0","0","0","0","0","0","0","5","1","","67","01","2023","2","40.0317","-75.0215","1422","06","0","0","0","0","0","0","0","0","","0","1","0","14","1","1","00","N","1","40 01:53.951","1","03","75 01:17.350","3","0","0","0","67301","0","0","0","N","0","0","0","4","68K01","0","","1","09","1535","N","N","N","1","","1","0","0","0","0","N","1419","1","3","0","0","1","0","0","2","0","3","07","","N","","","","","","","","","","",""
"2023010159","1739","2","0","0","0","0","0","0","0","0","1","0","","67","01","2023","1","39.9678","-75.1313","1729","06","0","0","1","0","0","0","0","0","","0","0","0","17","3","0","00","N","0","39 58:04.258","","00","75 07:52.841","0","0","0","0","67301","0","0","0","N","0","0","0","2","68K01","0","","1","09","","N","N","N","0","","0","0","0","0","0","","1729","0","2","0","0","0","0","0","2","0","2","07","07","N","","","","","","","","","","",""
"2023009052","0711","1","0","0","0","0","0","0","0","0","4","0","","67","01","2023","6","39.9794","-75.1634","0700","06","0","0","0","0","0","0","0","0","","0","0","0","06","1","1","01","N","2","39 58:45.851","1","00","75 09:48.406","4","0","0","0","67301","0","0","0","N","0","0","0","6","67505","1","","1","01","0745","N","N","N","0","","0","0","1","3","3","N","0650","1","2","0","0","0","0","0","2","0","2","03","03","N","","","","","","","","","","",""
"2023009560","1219","0","0","0","0","0","0","0","0","0","7","0","","67","01","2023","3","39.8865","-75.2065","1215","06","0","0","1","0","0","0","0","0","","0","0","0","12","1","1","00","N","1","39 53:11.416","2","00","75 12:23.351","3","0","0","0","67301","0","0","0","N","0","0","0","1","68K01","0","","4","01","1315","N","N","N","1","","1","0","0","0","0","N","1212","1","1","0","0","1","0","0","2","0","1","03","","N","","","","","","","","","","",""
"2023002052","1358","0","0","0","1","0","0","0","0","0","8","0","","67","01","2023","3","39.9763","-75.1394","1356","06","0","0","0","0","0","0","0","0","","0","0","0","13","1","1","01","","0","39 58:34.838","","00","75 08:21.883","3","0","0","0","67301","1","0","0","N","0","0","0","2","67301","0","","1","09","","N","N","N","1","","1","0","0","3","3","","1350","1","2","0","0","0","0","0","2","0","1","04","07","N","","","","","","","","","","",""
"2023002289","0025","3","0","0","0","0","0","0","0","0","1","0","","67","01","2023","4","39.9169","-75.1916","0022","06","0","0","0","0","0","0","0","0","","0","0","0","23","3","1","00","N","1","39 55:00.777","2","00","75 11:29.738","4","0","0","0","67301","0","0","0","N","0","0","0","3","67301","1","","1","09","0045","N","N","N","0","","0","0","0","0","0","N","2350","1","3","0","0","0","0","0","2","0","3","03","03","N","","","","","","","","","","",""
"2023009075","2030","2","0","0","0","0","0","1","0","0","6","1","","67","01","2023","3","39.9603","-75.2248","2030","06","0","0","0","0","0","1","0","0","","0","0","0","20","3","1","00","N","0","39 57:37.156","","00","75 13:29.255","3","0","0","0","67301","0","0","0","N","0","0","0","4","67301","0","","1","01","","N","N","N","0","","1","0","0","0","0","","2030","1","3","0","0","1","0","0","2","0","3","03","03","N","","","","","","","","","","",""
"2023010158","1739","1","0","0","0","0","0","0","0","0","1","0","","67","01","2023","1","39.9684","-75.1295","1729","06","0","0","0","0","0","0","0","0","","0","0","0","17","3","0","00","N","1","39 58:06.185","2","00","75 07:46.365","0","0","0","0","67301","0","0","0","N","0","0","0","2","68K01","0","","1","09","0030","N","N","N","0","","0","0","1","0","0","N","1725","0","2","0","0","0","0","0","2","0","2","07","07","N","","","","","","","","","","",""
"2023009778","0747","1","0","0","0","0","0","0","0","0","4","0","","67","01","2023","5","39.9733","-75.1205","0720","06","0","0","0","0","0","0","0","0","","0","0","0","07","1","0","00","N","0","39 58:24.059","","00","75 07:13.824","0","0","0","0","67301","0","0","0","N","0","0","0","2","68K01","0","","1","01","","N","N","N","0","","0","0","0","0","0","","0717","0","2","0","0","0","0","0","2","1","2","03","","N","","","","","","","","","","",""
"2023011440","1310","1","0","0","0","0","0","0","0","0","4","1","","67","02","2023","4","40.038","-75.068","1306","06","0","0","0","0","0","1","0","0","","0","1","0","13","1","1","01","","1","40 02:16.937","2","00","75 04:04.982","3","0","0","0","67301","0","0","0","N","0","0","0","2","67301","0","","1","01","0100","N","N","N","0","","1","0","0","3","2","N","1300","1","2","0","0","0","0","0","2","0","2","03","","N","","","","","","","","","","",""
"2023009586","0057","1","0","0","0","0","0","0","0","0","7","0","","67","01","2023","7","40.0831","-74.9675","0057","06","0","0","0","0","0","0","0","0","","0","0","0","00","3","1","00","N","1","40 04:59.010","3","00","74 58:03.147","3","0","0","0","67301","0","0","0","N","0","0","0","1","67301","0","","2","01","0040","N","N","N","0","","1","0","0","0","0","N","0043","1","1","0","0","1","0","0","2","0","1","03","03","N","","","","","","","","","","",""
"2023002037","1700","0","0","0","0","0","0","0","0","0","0","0","","67","01","2023","1","39.9217","-75.1493","1657","06","0","0","0","0","0","0","0","0","","0","0","0","16","1","1","00","N","0","39 55:18.285","","00","75 08:57.454","8","0","0","1","67301","0","0","0","N","0","0","0","1","67301","0","","1","01","","N","N","N","0","","0","0","0","0","0","","1622","1","1","0","0","0","1","0","2","0","1","03","","N","","","","","","","","","","",""
"2023010178","2057","0","0","0","0","0","0","0","0","0","8","0","","67","01","2023","1","40.0565","-75.0752","2055","06","0","0","0","0","0","0","0","0","","0","0","0","20","3","1","00","N","0","40 03:23.339","","07","75 04:30.675","3","0","0","0","67301","1","0","0","N","1","0","0","2","67301","0","","4","01","","N","N","N","0","","1","0","1","0","0","","2050","1","2","0","0","0","0","0","2","0","1","03","","N","","","","","","","","","","",""
"2023009302","0025","1","0","0","0","0","0","0","0","0","7","0","","67","01","2023","2","40.0039","-75.1523","0020","06","0","0","0","1","0","0","0","0","","1","0","0","00","3","0","00","N","0","40 00:14.042","","00","75 09:08.261","1","0","0","0","67301","0","0","0","N","0","0","0","1","67301","0","2","4","01","","N","N","N","0","0","0","0","0","0","0","","0020","0","1","0","0","0","0","0","2","0","1","03","03","N","","","","","","","","","","",""
"2023011049","2042","1","0","0","0","0","0","0","0","0","1","0","","67","01","2023","3","40.1103","-74.994","2032","06","0","0","0","0","0","1","0","0","","0","0","0","20","3","0","00","N","0","40 06:37.076","","00","74 59:38.377","9","0","0","0","67301","0","0","0","N","0","0","0","2","67301","0","","1","01","","N","N","N","0","","0","0","1","0","0","","2009","0","2","0","0","1","0","1","2","0","2","03","03","N","","","","","","","","","","",""
"2023011409","0007","2","0","0","0","0","0","0","0","0","1","0","","67","01","2023","2","39.8987","-75.1709","0007","06","0","0","0","0","0","1","0","0","","0","0","0","23","3","2","00","N","0","39 53:55.375","","00","75 10:15.182","8","0","0","0","67301","0","0","0","N","0","0","0","2","68K01","0","","1","01","","N","N","N","0","","0","0","0","0","0","","2305","2","2","0","0","0","2","0","2","0","2","03","","N","","","","","","","","","","",""