"CRN","ARRIVAL_TM","AUTOMOBILE_COUNT","BELTED_DEATH_COUNT","BELTED_SUSP_SERIOUS_INJ_COUNT","BICYCLE_COUNT","BICYCLE_DEATH_COUNT","BICYCLE_SUSP_SERIOUS_INJ_COUNT","BUS_COUNT","CHLDPAS_DEATH_COUNT","CHLDPAS_SUSP_SERIOUS_INJ_COUNT","COLLISION_TYPE","COMM_VEH_COUNT","CONS_ZONE_SPD_LIM","COUNTY","CRASH_MONTH","CRASH_YEAR","DAY_OF_WEEK","DEC_LAT","DEC_LONG","DISPATCH_TM","DISTRICT","DRIVER_COUNT_16YR","DRIVER_COUNT_17YR","DRIVER_COUNT_18YR","DRIVER_COUNT_19YR","DRIVER_COUNT_20YR","DRIVER_COUNT_50_64YR","DRIVER_COUNT_65_74YR","DRIVER_COUNT_75PLUS","EST_HRS_CLOSED","FATAL_COUNT","HEAVY_TRUCK_COUNT","HORSE_BUGGY_COUNT","HOUR_OF_DAY","ILLUMINATION","INJURY_COUNT","INTERSECT_TYPE","INTERSECTION_RELATED","LANE_CLOSED","LATITUDE","LN_CLOSE_DIR","LOCATION_TYPE","LONGITUDE","MAX_SEVERITY_LEVEL","MCYCLE_DEATH_COUNT","MCYCLE_SUSP_SERIOUS_INJ_COUNT","MOTORCYCLE_COUNT","MUNICIPALITY","NONMOTR_COUNT","NONMOTR_DEATH_COUNT","NONMOTR_SUSP_SERIOUS_INJ_COUNT","NTFY_HIWY_MAINT","PED_COUNT","PED_DEATH_COUNT","PED_SUSP_SERIOUS_INJ_COUNT","PERSON_COUNT","POLICE_AGCY","POSSIBLE_INJ_COUNT","RDWY_SURF_TYPE_CD","RELATION_TO_ROAD","ROAD_CONDITION","ROADWAY_CLEARED","SCH_BUS_IND","SCH_ZONE_IND","SECONDARY_CRASH","SMALL_TRUCK_COUNT","SPEC_JURIS_CD","SUSP_MINOR_INJ_COUNT","SUSP_SERIOUS_INJ_COUNT","SUV_COUNT","TCD_FUNC_CD","TCD_TYPE","TFC_DETOUR_IND","TIME_OF_DAY","TOT_INJ_COUNT","TOTAL_UNITS","UNB_DEATH_COUNT","UNB_SUSP_SERIOUS_INJ_COUNT","UNBELTED_OCC_COUNT","UNK_INJ_DEG_COUNT","UNK_INJ_PER_COUNT","URBAN_RURAL","VAN_COUNT","VEHICLE_COUNT","WEATHER1","WEATHER2","WORK_ZONE_IND","WORK_ZONE_LOC","WORK_ZONE_TYPE","WORKERS_PRES","WZ_CLOSE_DETOUR","WZ_FLAGGER","WZ_LAW_OFFCR_IND","WZ_LN_CLOSURE","WZ_MOVING","WZ_OTHER","WZ_SHLDER_MDN","WZ_WORKERS_INJ_KILLED"
"2023001670","1528","1","0","0","0","0","0","0","0","0","7","0","","67","01","2023","3","40.0193","-75.191","1523","06","0","0","0","0","0","0","0","0","","0","0","0","15","1","1","00","N","0","40 01:09.501","","00","75 11:27.702","3","0","0","0","67301","0","0","0","N","0","0","0","1","67301","0","","5","09","","N","N","N","0","","1","0","0","0","0","","1511","1","1","0","0","0","0","0","2","0","1","07","","N","","","","","","","","","","",""
"2023001519","1552","0","0","0","0","0","0","0","0","0","1","2","","67","01","2023","3","39.9128","-75.1404","1536","06","0","0","0","0","0","0","0","0","","0","1","0","15","1","0","00","N","1","39 54:45.986","3","07","75 08:25.499","0","0","0","0","67301","0","0","0","N","0","0","0","2","67301","0","","1","09","1830","N","N","N","1","","0","0","0","0","0","Y","1536","0","2","0","0","0","0","0","2","0","2","04","04","N","","","","","","","","","","",""
"2023001278","0315","1","0","0","1","0","1","0","0","0","8","0","","67","01","2023","1","39.9478","-75.1712","0310","06","0","0","0","0","0","1","0","0","","0","0","0","02","3","1","01","","0","39 56:51.996","","00","75 10:16.250","2","0","0","0","67301","1","0","1","N","0","0","0","2","67301","0","","1","01","","N","N","N","0","","0","1","0","3","2","","0245","1","2","0","0","0","0","1","2","0","1","03","03","N","","","","","","","","","","",""
"2023011434","1735","0","0","0","0","0","0","0","0","0","1","0","","67","01","2023","2","39.9254","-75.1937","1722","06","0","0","0","0","0","1","0","0","","0","0","0","17","3","2","00","N","1","39 55:33.485","3","00","75 11:39.218","4","0","0","0","67301","0","0","0","N","0","0","0","4","68K01","2","","1","09","1827","N","N","N","0","","0","0","2","0","0","N","1720","2","2","0","0","0","0","0","2","0","2","03","","N","","","","","","","","","","",""
"2023010248","1728","0","0","0","0","0","0","1","0","0","1","1","","67","01","2023","2","40.0071","-75.2137","1702","06","0","0","0","0","0","0","0","0","","0","0","0","16","3","3","01","","0","40 00:25.579","","00","75 12:49.382","8","0","0","0","67301","0","0","0","N","0","0","0","5","67508","0","","1","09","","N","N","N","0","","0","0","0","3","2","","1657","3","3","0","0","0","3","0","2","0","3","07","07","N","","","","","","","","","","",""
"2023011021","0342","1","0","0","0","0","0","0","0","0","7","0","","67","01","2023","1","39.9842","-75.2083","0339","06","0","0","0","0","1","0","0","0","","0","0","0","03","3","1","00","N","1","39 59:02.991","3","00","75 12:29.996","2","0","0","0","67301","0","0","0","N","0","0","0","1","68K01","0","","2","01","0445","N","N","N","0","","0","1","0","0","0","Y","0338","1","1","0","0","0","0","0","2","0","1","03","03","N","","","","","","","","","","",""
"2023001507","1820","1","0","0","0","0","0","0","0","0","7","0","","67","01","2023","2","39.9517","-75.1415","1806","06","0","0","0","0","0","0","0","0","","0","0","0","17","3","0","07","","1","39 57:06.151","3","02","75 08:29.297","0","0","0","0","67301","0","0","0","N","0","0","0","1","68K01","0","","3","01","1820","N","N","N","0","","0","0","0","0","0","N","1756","0","1","0","0","0","0","0","2","0","1","03","","N","","","","","","","","","","",""
"2023010154","0106","2","0","0","0","0","0","0","0","0","1","0","","67","01","2023","7","39.9624","-75.1397","0057","06","0","0","0","0","0","0","0","0","","0","0","0","00","3","1","00","N","0","39 57:44.468","","00","75 08:23.096","4","0","0","0","67301","0","0","0","N","0","0","0","3","68K01","1","","1","01","","N","N","N","0","","0","0","0","0","0","","0057","1","2","0","0","0","0","0","2","0","2","03","","N","","","","","","","","","","",""
"2023010144","0339","2","0","0","0","0","0","0","0","0","4","0","","67","01","2023","1","39.9827","-75.2078","0339","06","0","0","0","0","1","0","0","0","","0","0","0","03","3","0","00","N","2","39 58:57.683","4","00","75 12:28.088","0","0","0","0","67301","0","0","0","N","0","0","0","3","68K01","0","","1","09","0430","N","N","N","0","","0","0","0","0","0","N","0322","0","2","0","0","0","0","0","2","0","2","03","07","N","","","","","","","","","","",""
"2023011748","0232","1","0","0","0","0","0","0","0","0","7","0","","67","01","2023","2","39.9955","-75.1977","0225","06","0","0","0","0","0","1","0","0","","0","0","0","02","3","0","00","N","1","39 59:43.679","3","00","75 11:51.863","9","0","0","0","67301","0","0","0","N","0","0","0","1","68K01","0","","5","09","0310","N","N","N","0","","0","0","0","0","0","Y","0224","0","1","0","0","0","0","1","2","0","1","03","","N","","","","","","","","","","",""
"2023009394","0913","0","0","0","0","0","0","0","0","0","8","0","","67","01","2023","6","39.92","-75.1706","0859","06","0","0","0","0","0","0","0","0","","0","0","0","07","1","1","00","N","9","39 55:12.106","","00","75 10:14.022","8","0","0","0","67301","1","0","0","N","1","0","0","2","67301","0","","6","01","","N","Y","N","0","","0","0","1","0","0","","0745","1","2","0","0","0","1","0","2","0","1","03","","N","","","","","","","","","","",""
"2023002046","1630","1","0","0","0","0","0","0","0","0","4","0","","67","01","2023","5","39.9498","-75.2072","1630","06","0","0","0","0","0","0","0","0","","0","0","0","16","1","1","00","N","0","39 56:59.231","","00","75 12:25.992","8","0","0","0","67301","0","0","0","N","0","0","0","2","67301","0","","6","01","","N","N","N","0","","0","0","0","0","0","","1619","1","2","0","0","0","1","1","2","1","2","03","03","N","","","","","","","","","","",""
"2023001131","0320","1","0","0","0","0","0","0","0","0","4","0","","67","01","2023","1","40.0263","-75.1602","0315","06","0","0","0","0","0","0","0","0","","0","0","0","03","3","0","00","N","1","40 01:34.641","1","00","75 09:36.839","9","0","0","0","67301","0","0","0","N","0","0","0","1","67301","0","","6","01","0515","N","N","N","0","","0","0","1","0","0","N","0300","0","2","0","0","0","0","1","2","0","2","03","03","N","","","","","","","","","","",""
"2023011061","0330","0","0","0","0","0","0","0","0","0","8","1","","67","01","2023","5","40.0351","-75.0695","0321","06","0","0","0","0","0","1","0","0","","0","1","0","03","3","1","01","","2","40 02:06.425","1","00","75 04:10.216","2","0","0","0","67301","1","0","1","N","1","0","1","2","67301","0","","1","09","0440","N","N","N","0","","0","1","0","3","2","N","0315","1","2","0","0","0","0","0","2","0","1","07","","N","","","","","","","","","","",""
"2023011534","2105","0","0","0","0","0","0","0","0","0","8","0","","67","01","2023","2","40.1025","-75.0287","2102","06","0","0","0","0","0","0","0","0","","0","0","0","20","3","1","01","","0","40 06:08.948","","00","75 01:43.450","3","0","0","0","67301","1","0","0","N","1","0","0","2","67301","0","","1","01","","N","N","N","0","","1","0","0","3","2","","2050","1","2","0","0","0","0","0","2","0","1","03","03","N","","","","","","","","","","",""
"2023009640","1426","1","0","0","0","0","0","0","0","0","4","0","","67","01","2023","7","40.1237","-75.0274","1410","06","0","0","0","0","0","0","0","0","","0","0","0","13","1","3","01","","0","40 07:25.485","","00","75 01:38.510","3","0","0","0","67301","0","0","0","N","0","0","0","3","67301","0","","1","01","","N","N","N","0","","2","0","1","3","3","","1330","3","2","0","0","0","1","0","2","0","2","03","","N","","","","","","","","","","",""
"2023011543","1117","0","0","0","0","0","0","0","0","0","1","0","","67","01","2023","1","40.0104","-75.0989","1117","06","0","0","0","0","0","1","0","0","","0","0","0","10","1","2","00","N","0","40 00:37.280","","00","75 05:56.160","2","0","0","0","67301","0","0","0","N","0","0","0","3","67301","1","","1","01","","N","N","N","0","","0","1","1","0","0","","1055","2","2","0","0","0","0","1","2","0","2","03","04","N","","","","","","","","","","",""
"2023009591","2317","1","0","0","0","0","0","0","0","0","5","1","","67","01","2023","1","40.0184","-75.125","2311","06","0","0","0","0","0","0","0","0","","0","1","0","21","3","1","00","N","0","40 01:06.210","","00","75 07:30.060","2","0","0","0","67301","0","0","0","N","0","0","0","1","67301","0","","6","09","","N","N","N","0","","0","1","0","0","0","","2148","1","2","0","0","0","0","0","2","0","2","07","07","N","","","","","","","","","","",""
"2023000626","0548","3","0","0","0","0","0","0","0","0","4","0","","67","01","2023","1","40.0568","-75.1398","0545","06","0","0","0","0","0","0","0","0","","0","0","0","05","3","0","00","N","0","40 03:24.527","","00","75 08:23.267","9","0","0","0","67301","0","0","0","N","0","0","0","2","67301","0","","1","09","","N","N","Y","0","","0","0","0","0","0","","0538","0","4","0","0","0","0","1","2","0","4","03","03","N","","","","","","","","","","",""
"2023024155","2321","1","0","0","0","0","0","0","0","0","5","0","","67","02","2023","1","40.0399","-75.0067","2223","06","0","0","0","0","0","1","0","0","","0","0","0","22","3","1","00","N","1","40 02:23.689","2","00","75 00:24.135","8","0","0","0","67301","0","0","0","N","0","0","0","2","68K01","0","","1","09","1145","N","N","N","1","","0","0","0","0","0","N","2245","1","2","0","0","0","1","0","2","0","2","07","","N","","","","","","","","","","",""
"2023015074","0916","2","0","0","0","0","0","0","0","0","4","0","","67","02","2023","2","40.0638","-75.1475","0916","06","0","0","0","0","0","0","1","0","","0","0","0","08","1","0","01","","0","40 03:49.831","","00","75 08:50.873","0","0","0","0","67301","0","0","0","N","0","0","0","2","67301","0","","1","01","","N","N","N","0","","0","0","1","3","3","","0841","0","3","0","0","0","0","0","2","0","3","03","04","N","","","","","","","","","","",""
"2023028838","1030","1","0","0","0","0","0","0","0","0","4","0","","67","03","2023","5","40.0449","-75.2312","1023","06","0","0","0","0","0","0","1","0","","0","0","0","10","1","0","05","","0","40 02:41.776","","00","75 13:52.297","9","0","0","0","67301","0","0","0","N","0","0","0","3","67301","0","","1","01","","N","N","N","0","","0","0","1","0","0","","1013","0","2","0","0","0","0","1","2","0","2","03","03","N","","","","","","","","","","",""
"2023013963","0235","0","0","0","0","0","0","0","0","0","4","0","","67","02","2023","2","39.9455","-75.1717","0231","06","0","0","0","0","0","1","0","0","","0","0","0","02","3","2","01","","0","39 56:43.651","","00","75 10:18.048","3","0","0","0","67301","0","0","0","N","0","0","0","2","67301","0","","1","01","","N","N","N","0","","2","0","1","3","2","","0226","2","2","0","0","0","0","0","2","1","2","03","03","N","","","","","","","","","","",""
"2023015310","1213","1","0","0","0","0","0","0","0","0","5","0","","67","02","2023","4","39.9571","-75.1444","1203","06","0","0","0","0","0","1","0","0","","0","0","0","12","1","1","07","","0","39 57:25.710","","08","75 08:39.698","3","0","0","0","67301","0","0","0","N","0","0","0","2","68K01","0","","1","01","","N","N","N","0","","1","0","1","0","0","","1200","1","2","0","0","0","0","0","2","0","2","03","03","N","","","","","","","","","","",""
"2023019929","1755","0","0","0","0","0","0","0","0","0","1","0","","67","03","2023","4","39.8992","-75.1659","1751","06","1","0","0","0","0","0","1","0","","0","0","0","17","3","0","00","N","1","39 53:57.255","1","00","75 09:57.158","0","0","0","0","67301","0","0","0","N","0","0","0","2","68K01","0","","1","01","0040","N","N","N","0","","0","0","2","0","0","N","1744","0","2","0","0","0","0","0","2","0","2","03","03","N","","","","","","","","","","",""
"2023019756","0030","2","0","0","0","0","0","0","0","0","5","0","","67","02","2023","1","39.9588","-75.169","0018","06","0","0","0","0","0","0","0","0","","0","0","0","00","3","3","00","N","1","39 57:31.589","4","00","75 10:08.325","8","0","0","0","67301","0","0","0","N","0","0","0","3","68K01","0","","1","01","0054","N","N","N","0","","0","0","0","0","0","N","0017","3","2","0","0","0","3","0","2","0","2","03","03","N","","","","","","","","","","",""
"2023013740","1100","1","0","0","0","0","0","0","0","0","4","0","","67","02","2023","2","39.9592","-75.2311","1051","06","0","0","0","0","0","0","0","1","","0","0","0","11","1","1","01","","0","39 57:33.174","","00","75 13:51.928","3","0","0","0","67301","0","0","0","N","0","0","0","2","67301","0","","1","01","","N","N","N","0","","1","0","1","3","2","","1115","1","2","0","0","0","0","1","2","0","2","03","03","N","","","","","","","","","","",""
"2023014286","2137","2","0","0","0","0","0","0","0","0","4","0","","67","02","2023","6","39.9523","-75.2164","2137","06","0","0","0","0","0","0","0","0","","0","0","0","21","3","3","01","","0","39 57:08.297","","00","75 12:58.892","3","0","0","0","67301","0","0","0","N","0","0","0","5","67301","0","","1","01","","N","N","N","0","","3","0","3","3","3","","2137","3","5","0","0","0","0","0","2","0","5","03","","N","","","","","","","","","","",""
"2023012740","1620","1","0","0","0","0","0","0","0","0","1","0","","67","02","2023","1","39.9688","-75.16","1620","06","0","0","0","0","0","0","1","0","","0","0","0","15","1","0","00","Y","0","39 58:07.609","","00","75 09:35.860","9","0","0","0","67301","0","0","0","N","0","0","0","2","67301","0","","1","01","","N","N","N","0","","0","0","1","3","2","","1500","0","2","0","0","0","0","1","2","0","2","03","","N","","","","","","","","","","",""
"2023015078","0820","4","0","0","0","0","0","0","0","0","1","0","","67","02","2023","1","39.9484","-75.2376","0813","06","0","0","0","0","0","0","1","0","","0","0","0","08","3","0","00","N","0","39 56:54.110","","00","75 14:15.200","9","0","0","0","67301","0","0","0","N","0","0","0","3","67301","0","","1","09","","N","N","N","0","","0","0","1","0","0","","0812","0","5","0","0","0","0","1","2","0","5","07","07","N","","","","","","","","","","",""
"2023011533","1200","1","0","0","0","0","0","0","0","0","4","0","","67","02","2023","5","40.0415","-75.0879","1148","06","0","0","0","0","0","0","0","0","","0","0","0","11","1","0","01","","0","40 02:29.342","","00","75 05:16.357","0","0","0","0","67301","0","0","0","N","0","0","0","2","67301","0","","1","01","","N","N","N","0","","0","0","1","3","1","","1143","0","2","0","0","0","0","0","2","0","2","03","03","N","","","","","","","","","","",""
"2023011627","1725","1","0","0","0","0","0","0","0","0","1","0","","67","02","2023","6","39.9554","-75.1882","1718","06","0","0","0","0","0","1","0","0","","0","0","0","17","4","0","02","","1","39 57:19.527","2","00","75 11:17.811","0","0","0","0","67301","0","0","0","N","0","0","0","2","67507","0","","1","01","1740","N","N","N","0","","0","0","1","3","2","Y","1718","0","2","0","0","2","0","0","2","0","2","03","03","N","","","","","","","","","","",""
"2023018187","1512","2","0","0","0","0","0","0","0","0","4","0","","67","02","2023","6","40.0142","-75.1415","1509","06","0","0","0","0","0","0","0","0","","0","0","0","14","1","2","02","","0","40 00:51.170","","00","75 08:29.259","3","0","0","0","67301","0","0","0","N","0","0","0","5","67301","0","","1","01","","N","N","N","0","","2","0","0","3","3","","1447","2","2","0","0","0","0","0","2","0","2","03","","N","","","","","","","","","","",""
"2023027659","1821","1","0","0","0","0","0","0","0","0","1","1","","67","03","2023","6","40.0169","-75.1516","1816","06","0","0","0","0","0","0","0","0","","0","1","0","18","4","2","01","","2","40 01:01.213","3","00","75 09:05.545","4","0","0","0","67301","0","0","0","N","0","0","0","2","67301","2","","2","01","1952","N","N","N","0","","0","0","0","3","2","Y","1815","2","2","0","0","1","0","0","2","0","2","03","","N","","","","","","","","","","",""
"2023014088","1401","1","0","0","0","0","0","0","0","0","1","0","","67","02","2023","7","39.907","-75.1393","1400","06","0","0","0","0","0","0","1","1","","0","0","0","14","1","3","00","N","1","39 54:25.200","4","03","75 08:21.500","3","0","0","0","67301","0","0","0","N","0","0","0","4","67501","0","","1","01","1430","N","N","N","0","","1","0","2","3","8","N","1400","3","3","0","0","0","2","0","2","0","3","03","03","N","","","","","","","","","","",""
"2023012378","1130","1","0","0","0","0","0","0","0","0","4","0","","67","01","2023","5","39.9876","-75.1839","1119","06","0","0","1","0","0","0","0","0","","0","0","0","11","1","1","01","","1","39 59:15.514","4","00","75 11:02.112","3","0","0","0","67301","0","0","0","N","0","0","0","2","67301","0","","1","01","1157","N","N","N","0","","1","0","1","3","3","N","1101","1","2","0","0","0","0","0","2","0","2","03","","N","","","","","","","","","","",""
"2023010079","2212","4","0","0","0","0","0","0","0","0","4","0","","67","01","2023","4","39.9541","-75.2025","2211","06","0","0","0","0","0","0","0","0","","0","0","0","22","3","1","01","","0","39 57:14.854","","00","75 12:09.291","8","0","0","0","67301","0","0","0","N","0","0","0","2","67504","0","","1","09","","N","N","N","0","","0","0","1","3","2","","2210","1","5","0","0","0","1","0","2","0","5","07","07","N","","","","","","","","","","",""
"2023010042","1643","1","0","0","0","0","0","0","0","0","5","0","","67","01","2023","2","39.9777","-75.1502","1640","06","0","0","0","0","0","1","0","0","","0","0","0","16","1","0","00","N","0","39 58:39.700","","00","75 09:00.600","0","0","0","0","67301","0","0","0","N","0","0","0","1","67505","0","","6","01","","","","N","1","","0","0","0","0","0","","1638","0","2","0","0","0","0","0","2","0","2","03","","N","","","","","","","","","","",""
"2023009589","0302","1","0","0","0","0","0","0","0","0","6","0","","67","01","2023","7","40.079","-74.9893","0257","06","0","0","0","0","0","0","0","0","","0","0","0","02","3","1","00","N","0","40 04:44.510","","00","74 59:21.370","4","0","0","0","67301","0","0","0","N","0","0","0","1","67301","1","","6","01","","N","N","N","2","","0","0","0","0","0","","0250","1","3","0","0","1","0","0","2","0","3","03","03","N","","","","","","","","","","",""
"2023015181","1945","0","0","0","0","0","0","0","0","0","4","0","","67","01","2023","5","39.987","-75.1224","1917","06","0","0","0","0","0","1","0","0","","0","0","0","18","3","0","05","","0","39 59:13.332","","00","75 07:20.471","0","0","0","0","67301","0","0","0","N","0","0","0","2","67301","0","","1","01","","N","N","N","0","","0","0","2","3","2","","1816","0","2","0","0","2","0","0","2","0","2","98","03","N","","","","","","","","","","",""
"2023017926","0937","2","0","0","0","0","0","0","0","0","5","0","","67","02","2023","4","40.0179","-75.1251","0936","06","0","0","1","0","0","0","0","0","","0","0","0","08","3","0","00","N","0","40 01:04.480","","00","75 07:30.450","0","0","0","0","67301","0","0","0","N","0","0","0","2","67301","0","","1","01","","N","N","N","0","","0","0","0","0","0","","0847","0","2","0","0","1","0","0","2","0","2","03","03","N","","","","","","","","","","",""
"2023018190","1044","1","0","0","0","0","0","0","0","0","4","1","","67","02","2023","2","39.992","-75.1402","1041","06","0","0","0","0","0","0","0","0","","0","1","0","10","1","0","01","","2","39 59:31.690","4","00","75 08:24.720","0","0","0","0","67301","0","0","0","N","0","0","0","2","67301","0","","1","01","0100","N","N","N","0","","0","0","0","3","2","Y","1035","0","2","0","0","1","0","0","2","0","2","03","03","N","","","","","","","","","","",""
"2023019730","0323","1","0","0","0","0","0","0","0","0","7","0","","67","02","2023","1","39.8908","-75.2391","0251","06","0","0","0","0","0","0","0","0","","0","0","0","02","3","0","00","N","0","39 53:26.780","","00","75 14:20.737","0","0","0","0","67301","0","0","0","N","0","0","0","1","68K01","0","","4","01","","N","N","N","0","","0","0","0","0","0","","0249","0","1","0","0","0","0","0","2","0","1","03","03","N","","","","","","","","","","",""
"2023019683","1003","0","0","0","0","0","0","0","0","0","5","1","","67","01","2023","6","40.0035","-75.0774","0955","06","0","0","0","0","0","0","0","0","","0","1","0","09","1","1","07","","1","40 00:12.647","2","02","75 04:38.645","8","0","0","0","67301","0","0","0","N","0","0","0","4","68K01","0","","7","01","1022","N","N","N","0","","0","0","1","3","8","N","0955","1","2","0","0","3","1","0","2","0","2","03","04","N","","","","","","","","","","",""
"2023016073","1801","1","0","0","0","0","0","0","0","0","4","0","","67","02","2023","6","39.9762","-75.161","1801","06","0","0","0","0","0","0","1","0","","0","0","0","17","3","0","01","","0","39 58:34.232","","00","75 09:39.464","0","0","0","0","67301","0","0","0","N","0","0","0","2","67301","0","","1","01","","N","N","N","0","","0","0","1","3","3","","1740","0","2","0","0","0","0","0","2","0","2","03","","N","","","","","","","","","","",""
"2023021709","1905","0","0","0","0","0","0","0","0","0","8","0","","67","03","2023","1","40.0859","-75.0383","1901","06","0","0","0","0","0","1","0","0","","1","0","0","19","3","0","00","N","2","40 05:09.372","7","00","75 02:17.946","1","0","0","0","67301","1","1","0","N","1","1","0","2","67301","0","2","1","01","2008","N","N","N","0","0","0","0","1","0","0","Y","1900","0","2","0","0","0","0","0","2","0","1","03","03","N","","","","","","","","","","",""
"2023020697","1210","1","0","0","0","0","0","0","0","0","4","0","","67","02","2023","1","40.0145","-75.1311","1210","06","0","0","0","0","0","0","0","0","","0","0","0","23","3","3","05","","0","40 00:52.264","","00","75 07:52.028","3","0","0","0","67301","0","0","0","N","0","0","0","4","67301","0","","1","01","","N","N","N","0","","3","0","0","9","2","","2330","3","2","0","0","1","0","0","2","1","2","03","03","N","","","","","","","","","","",""
"2023014737","1710","1","0","0","0","0","0","0","0","0","4","0","","67","02","2023","1","39.9493","-75.1572","1710","06","0","0","0","0","0","1","0","0","","0","0","0","16","1","2","01","","0","39 56:57.327","","00","75 09:26.036","2","0","0","0","67301","0","0","0","N","0","0","0","3","67301","0","","1","09","","N","N","N","0","","1","1","1","3","2","","1607","2","2","0","0","1","0","0","2","0","2","07","04","N","","","","","","","","","","",""
"2023026163","2317","1","0","0","0","0","0","0","0","0","7","0","","67","03","2023","6","40.0326","-75.021","2313","06","0","0","0","0","1","0","0","0","","0","0","0","23","3","1","00","N","0","40 01:57.483","","00","75 01:15.739","8","0","0","0","67301","0","0","0","N","0","0","0","1","68K01","0","","4","09","","N","N","N","0","","0","0","0","0","0","","2312","1","1","0","0","0","1","0","2","0","1","07","","N","","","","","","","","","","",""
"2023012392","1605","0","0","0","0","0","0","0","0","0","5","0","","67","02","2023","4","40.0038","-75.1808","1600","06","0","0","0","0","0","1","0","0","","0","0","0","14","1","1","00","N","0","40 00:13.747","","00","75 10:51.010","3","0","0","0","67301","0","0","0","N","0","0","0","2","67301","0","","1","01","","N","N","N","0","","1","0","2","0","0","","1415","1","2","0","0","0","0","0","2","0","2","03","","N","","","","","","","","","","",""
"2023007301","0144","2","0","0","0","0","0","0","0","0","4","0","","67","01","2023","1","40.038","-75.0887","0140","06","0","0","0","0","0","0","0","0","","0","0","0","01","3","0","03","","0","40 02:16.791","","00","75 05:19.252","0","0","0","0","67301","0","0","0","N","0","0","0","2","67301","0","","1","01","","N","N","N","0","","0","0","0","3","2","","0137","0","2","0","0","0","0","0","2","0","2","03","03","N","","","","","","","","","","",""
"2023019689","1817","0","0","0","0","0","0","0","0","0","4","0","","67","01","2023","1","39.8909","-75.2218","1805","06","0","0","0","0","0","0","0","0","","0","0","0","18","3","1","00","N","0","39 53:27.243","","00","75 13:18.601","8","0","0","0","67301","0","0","0","N","0","0","0","3","68K01","0","","1","01","","N","N","N","0","","0","0","1","3","8","","1801","1","2","0","0","0","1","1","2","0","2","03","04","N","","","","","","","","","","",""
"2023011064","1830","0","0","0","0","0","0","0","0","0","8","0","","67","01","2023","7","40.04","-75.0496","1830","06","0","0","0","0","0","0","0","0","","0","0","0","12","1","1","00","N","0","40 02:23.970","","00","75 02:58.460","8","0","0","0","67301","1","0","0","N","1","0","0","2","67301","0","","1","99","","N","N","N","0","","0","0","1","0","0","","1257","1","2","0","0","1","1","0","2","0","1","03","03","N","","","","","","","","","","",""
"2023024863","0715","0","0","0","0","0","0","2","0","0","1","2","","67","02","2023","6","40.081","-75.0283","0640","06","0","0","0","0","0","1","0","0","","0","0","0","06","1","1","00","N","0","40 04:51.735","","00","75 01:41.988","4","0","0","0","67301","0","0","0","N","0","0","0","4","67508","1","","1","01","","N","N","N","0","","0","0","1","0","0","","0630","1","3","0","0","1","0","1","2","0","3","03","03","N","","","","","","","","","","",""
"2023011441","2343","2","0","0","0","0","0","0","0","0","4","0","","67","01","2023","1","40.1343","-75.0091","2332","06","0","0","0","0","0","0","0","0","","0","0","0","23","3","1","01","","0","40 08:03.571","","00","75 00:32.634","3","0","0","0","67301","0","0","0","N","0","0","0","3","67301","0","","1","01","","N","N","N","0","","1","0","0","3","2","","2315","1","2","0","0","0","0","0","2","0","2","03","03","N","","","","","","","","","","",""
"2023019291","0001","1","0","0","0","0","0","0","0","0","5","0","","67","01","2023","5","39.9507","-75.1413","0001","06","0","0","0","0","0","0","0","0","","0","0","0","00","3","0","00","N","0","39 57:02.415","","02","75 08:28.652","0","0","0","0","67301","0","0","0","N","0","0","0","4","68K01","0","","1","01","","N","N","N","0","","0","0","1","0","0","","0001","0","2","0","0","0","0","0","2","0","2","03","","N","","","","","","","","","","",""
"2023011536","0953","2","0","0","0","0","0","0","0","0","4","0","","67","01","2023","2","39.96","-75.2371","0953","06","0","0","0","0","0","0","0","0","","0","0","0","09","1","0","01","","0","39 57:35.845","","00","75 14:13.635","0","0","0","0","67301","0","0","0","N","0","0","0","2","67301","0","","1","01","","N","N","N","0","","0","0","0","3","2","","0945","0","2","0","0","0","0","0","2","0","2","03","","N","","","","","","","","","","",""
"2023009953","0808","1","0","0","0","0","0","0","0","0","4","0","","67","01","2023","5","40.0092","-75.1511","0807","06","0","0","0","0","0","0","0","0","","0","0","0","08","1","1","01","","0","40 00:33.325","","00","75 09:04.460","3","0","0","0","67301","0","0","0","N","0","0","0","3","67301","0","","1","01","","N","N","N","0","","1","0","1","3","2","","0807","1","2","0","0","0","0","0","2","0","2","03","03","N","","","","","","","","","","",""
"2023011780","2333","1","0","0","0","0","0","0","0","0","6","0","","67","01","2023","3","39.921","-75.2289","2333","06","0","0","0","0","0","0","1","0","","0","0","0","23","3","1","01","","1","39 55:15.752","7","00","75 13:44.116","3","0","0","0","67301","0","0","0","N","0","0","0","2","67301","0","","1","01","0111","N","N","N","1","","1","0","0","3","2","N","2323","1","2","0","0","0","0","1","2","0","2","03","03","N","","","","","","","","","","",""
"2023011541","0935","1","0","0","0","0","0","0","0","0","4","1","","67","01","2023","6","39.9989","-75.1052","0931","06","0","0","0","0","0","0","0","0","","0","1","0","09","1","1","01","","0","39 59:55.880","","00","75 06:18.695","4","0","0","0","67301","0","0","0","N","0","0","0","3","67301","1","","1","09","","N","N","N","0","","0","0","0","3","2","","0914","1","2","0","0","3","0","0","2","0","2","04","04","N","","","","","","","","","","",""