"CRN","ARRIVAL_TM","AUTOMOBILE_COUNT","BELTED_DEATH_COUNT","BELTED_SUSP_SERIOUS_INJ_COUNT","BICYCLE_COUNT","BICYCLE_DEATH_COUNT","BICYCLE_SUSP_SERIOUS_INJ_COUNT","BUS_COUNT","CHLDPAS_DEATH_COUNT","CHLDPAS_SUSP_SERIOUS_INJ_COUNT","COLLISION_TYPE","COMM_VEH_COUNT","CONS_ZONE_SPD_LIM","COUNTY","CRASH_MONTH","CRASH_YEAR","DAY_OF_WEEK","DEC_LAT","DEC_LONG","DISPATCH_TM","DISTRICT","DRIVER_COUNT_16YR","DRIVER_COUNT_17YR","DRIVER_COUNT_18YR","DRIVER_COUNT_19YR","DRIVER_COUNT_20YR","DRIVER_COUNT_50_64YR","DRIVER_COUNT_65_74YR","DRIVER_COUNT_75PLUS","EST_HRS_CLOSED","FATAL_COUNT","HEAVY_TRUCK_COUNT","HORSE_BUGGY_COUNT","HOUR_OF_DAY","ILLUMINATION","INJURY_COUNT","INTERSECT_TYPE","INTERSECTION_RELATED","LANE_CLOSED","LATITUDE","LN_CLOSE_DIR","LOCATION_TYPE","LONGITUDE","MAX_SEVERITY_LEVEL","MCYCLE_DEATH_COUNT","MCYCLE_SUSP_SERIOUS_INJ_COUNT","MOTORCYCLE_COUNT","MUNICIPALITY","NONMOTR_COUNT","NONMOTR_DEATH_COUNT","NONMOTR_SUSP_SERIOUS_INJ_COUNT","NTFY_HIWY_MAINT","PED_COUNT","PED_DEATH_COUNT","PED_SUSP_SERIOUS_INJ_COUNT","PERSON_COUNT","POLICE_AGCY","POSSIBLE_INJ_COUNT","RDWY_SURF_TYPE_CD","RELATION_TO_ROAD","ROAD_CONDITION","ROADWAY_CLEARED","SCH_BUS_IND","SCH_ZONE_IND","SECONDARY_CRASH","SMALL_TRUCK_COUNT","SPEC_JURIS_CD","SUSP_MINOR_INJ_COUNT","SUSP_SERIOUS_INJ_COUNT","SUV_COUNT","TCD_FUNC_CD","TCD_TYPE","TFC_DETOUR_IND","TIME_OF_DAY","TOT_INJ_COUNT","TOTAL_UNITS","UNB_DEATH_COUNT","UNB_SUSP_SERIOUS_INJ_COUNT","UNBELTED_OCC_COUNT","UNK_INJ_DEG_COUNT","UNK_INJ_PER_COUNT","URBAN_RURAL","VAN_COUNT","VEHICLE_COUNT","WEATHER1","WEATHER2","WORK_ZONE_IND","WORK_ZONE_LOC","WORK_ZONE_TYPE","WORKERS_PRES","WZ_CLOSE_DETOUR","WZ_FLAGGER","WZ_LAW_OFFCR_IND","WZ_LN_CLOSURE","WZ_MOVING","WZ_OTHER","WZ_SHLDER_MDN","WZ_WORKERS_INJ_KILLED"
"2023007091","1950","2","0","0","0","0","0","0","0","0","5","0","","67","01","2023","7","39.9812","-75.1591","1949","06","0","0","0","0","0","0","0","0","","0","0","0","19","3","0","00","N","2","39 58:52.200","2","00","75 09:32.700","9","0","0","0","67301","0","0","0","N","0","0","0","1","67505","0","","6","01","2115","N","N","N","0","","0","0","1","0","0","Y","1948","0","3","0","0","0","0","1","2","0","3","03","03","N","","","","","","","","","","",""
"2023007865","2058","0","0","0","1","0","0","0","0","0","8","0","","67","01","2023","7","39.9502","-75.2432","2056","06","0","0","0","0","0","1","0","0","","0","0","0","20","3","1","01","","0","39 57:00.619","","00","75 14:35.638","3","0","0","0","67301","1","0","0","N","0","0","0","2","67301","0","","1","01","","N","N","N","0","","1","0","1","0","0","","2056","1","2","0","0","0","0","0","2","0","1","03","03","N","","","","","","","","","","",""
"2023020208","2104","2","0","0","0","0","0","0","0","0","5","0","","67","03","2023","4","39.959","-75.171","2047","06","0","0","0","0","0","0","0","0","","0","0","0","20","3","1","00","N","0","39 57:32.463","","00","75 10:15.535","4","0","0","0","67301","0","0","0","N","0","0","0","3","68K01","1","","1","01","","N","N","N","0","","0","0","0","0","0","","2042","1","3","0","0","0","0","1","2","0","3","03","","N","","","","","","","","","","",""
"2023018406","2130","2","0","0","0","0","0","0","0","0","1","0","","67","01","2023","7","39.9773","-75.1996","2116","06","0","0","0","0","0","0","0","0","","0","0","0","21","3","1","00","N","0","39 58:38.158","","00","75 11:58.577","4","0","0","0","67301","0","0","0","N","0","0","0","2","68K01","1","","1","01","","N","N","N","0","","0","0","0","0","0","","2115","1","2","0","0","0","0","0","2","0","2","03","03","N","","","","","","","","","","",""
"2023020128","1100","1","0","0","0","0","0","0","0","0","1","0","","67","03","2023","4","39.9363","-75.1421","1054","06","0","0","0","0","0","2","0","0","","0","0","0","10","1","0","00","N","0","39 56:10.835","","00","75 08:31.488","9","0","0","0","67301","0","0","0","N","0","0","0","2","67301","0","","1","01","","N","N","N","0","","0","0","1","0","0","","1040","0","2","0","0","0","0","2","2","0","2","03","","N","","","","","","","","","","",""
"2023018729","1045","1","0","0","0","0","0","1","0","0","4","1","","67","02","2023","2","39.9976","-75.1468","1034","06","0","0","0","0","0","0","1","0","","0","0","0","10","1","3","05","","0","39 59:51.511","","00","75 08:48.429","3","0","0","0","67301","0","0","0","N","0","0","0","6","67508","2","","1","01","","N","N","N","0","","1","0","1","1","3","","1025","3","3","0","0","2","0","3","2","0","3","03","03","N","","","","","","","","","","",""
"2023014183","0820","1","0","0","0","0","0","0","0","0","1","0","","67","02","2023","2","39.9472","-75.1877","0806","06","0","0","0","0","0","0","0","0","","0","0","0","08","1","1","06","","1","39 56:46.326","3","02","75 11:20.973","8","0","0","0","67301","0","0","0","N","0","0","0","2","68K01","0","","1","01","0840","N","N","N","0","","0","0","1","0","0","N","0803","1","2","0","0","0","1","0","2","0","2","03","","N","","","","","","","","","","",""
"2023014739","1709","1","0","0","0","0","0","0","0","0","7","0","","67","02","2023","1","40.1008","-75.0069","1702","06","0","0","0","0","0","0","0","0","","0","0","0","15","1","1","00","N","0","40 06:02.809","","00","75 00:24.686","2","0","0","0","67301","0","0","0","N","0","0","0","2","67301","0","","5","01","","N","N","N","0","","0","1","0","0","0","","1501","1","1","0","1","1","0","0","2","0","1","07","07","N","","","","","","","","","","",""
"2023019701","1920","2","0","0","0","0","0","0","0","0","5","1","","67","02","2023","7","39.8951","-75.2174","1901","06","0","0","0","0","0","0","0","0","","0","1","0","18","3","0","00","N","1","39 53:42.380","3","03","75 13:02.777","0","0","0","0","67301","0","0","0","N","0","0","0","3","68K01","0","","1","01","2055","N","N","N","0","","0","0","0","0","0","N","1855","0","3","0","0","0","0","0","2","0","3","03","","N","","","","","","","","","","",""
"2023018092","1045","0","0","0","0","0","0","0","0","0","7","1","","67","02","2023","3","39.959","-75.1574","1028","06","0","0","0","0","0","0","0","0","","0","1","0","10","1","0","00","N","2","39 57:32.400","4","01","75 09:26.510","0","0","0","0","67301","0","0","0","N","0","0","0","1","67301","0","","1","01","1154","N","N","N","0","","0","0","0","3","8","Y","1028","0","1","0","0","0","0","0","2","0","1","03","03","N","","","","","","","","","","",""
"2023019700","1345","1","0","0","0","0","0","0","0","0","5","0","","67","02","2023","7","40.003","-75.1944","1339","06","0","0","0","0","0","1","0","0","","0","0","0","13","1","1","00","N","1","40 00:10.849","4","00","75 11:39.930","3","0","0","0","67301","0","0","0","N","0","0","0","2","68K01","0","","1","01","0015","N","N","N","0","","1","0","0","0","0","N","1328","1","2","0","0","0","0","1","2","1","2","03","03","N","","","","","","","","","","",""
"2023018884","2120","2","0","0","0","0","0","0","0","0","1","0","","67","02","2023","2","39.9803","-75.1051","2112","06","0","0","0","0","1","0","0","0","","0","0","0","21","3","2","00","N","1","39 58:49.184","2","00","75 06:18.383","3","0","0","0","67301","1","0","0","N","1","0","0","2","68K01","0","","2","01","2149","N","N","N","0","","1","0","0","0","0","N","2111","2","3","0","0","0","1","0","2","0","2","03","","N","","","","","","","","","","",""
"2023018329","0249","2","0","0","0","0","0","0","0","0","7","0","","67","02","2023","6","39.9847","-75.1778","0248","06","0","0","0","0","0","0","0","0","","0","0","0","02","3","2","00","N","0","39 59:05.020","","00","75 10:40.040","3","0","0","0","67301","0","0","0","N","0","0","0","3","67301","0","","5","09","","N","N","N","0","","1","0","0","0","0","","0245","2","2","0","0","0","1","0","2","0","2","03","03","N","","","","","","","","","","",""
"2023014404","1724","0","0","0","0","0","0","0","0","0","2","0","","67","02","2023","7","40.062","-75.0848","1716","06","0","0","1","0","0","1","0","0","","0","0","0","16","1","1","01","","0","40 03:43.268","","00","75 05:05.293","4","0","0","0","67301","0","0","0","N","0","0","0","3","67301","1","","9","01","","N","N","N","0","","0","0","2","3","3","","1608","1","2","0","0","0","0","0","2","0","2","03","03","N","","","","","","","","","","",""
"2023015654","1131","1","0","1","0","0","0","0","0","1","1","0","","67","02","2023","1","39.9396","-75.1982","1130","06","0","0","0","0","0","0","0","0","","0","0","0","23","3","2","02","","9","39 56:22.681","","00","75 11:53.378","2","0","0","0","67301","0","0","0","N","0","0","0","3","67301","0","","1","09","","N","N","N","0","","0","2","1","3","2","","2330","2","2","0","0","1","0","1","2","0","2","07","07","N","","","","","","","","","","",""
"2023020217","0219","1","0","0","0","0","0","0","0","0","7","0","","67","02","2023","1","39.9536","-75.1418","0217","06","0","0","0","0","0","0","0","0","","0","0","0","01","3","0","00","N","0","39 57:13.030","","00","75 08:30.440","9","0","0","0","67301","0","0","0","N","0","0","0","1","67301","0","","5","01","","N","N","N","0","","0","0","0","0","0","","0153","0","1","0","0","0","0","1","2","0","1","03","","N","","","","","","","","","","",""
"2023018150","1445","1","0","0","0","0","0","0","0","0","1","0","","67","01","2023","3","40.0392","-75.0082","1418","06","0","0","0","0","0","0","0","0","","0","0","0","14","1","0","00","N","0","40 02:20.991","","00","75 00:29.580","0","0","0","0","67301","0","0","0","N","0","0","0","2","68K01","0","","1","01","","N","N","N","1","","0","0","0","0","0","","1414","0","2","0","0","0","0","0","2","0","2","03","03","N","","","","","","","","","","",""
"2023020419","2325","1","0","0","0","0","0","0","0","0","7","0","","67","03","2023","4","40.1002","-75.0193","2317","06","0","0","0","0","0","0","0","0","","0","0","0","22","3","0","00","N","0","40 06:00.560","","00","75 01:09.370","9","0","0","0","67301","0","0","0","N","0","0","0","1","67301","0","","5","01","","N","N","N","0","","0","0","0","0","0","","2212","0","1","0","0","0","0","1","2","0","1","03","03","N","","","","","","","","","","",""
"2023018371","1214","2","0","0","0","0","0","0","0","0","2","0","","67","01","2023","1","40.0025","-75.1945","1213","06","0","0","0","0","0","0","0","0","","0","0","0","12","1","2","00","N","2","40 00:09.087","4","00","75 11:40.108","3","0","0","0","67301","0","0","0","N","0","0","0","2","68K01","0","","1","01","1248","N","N","N","0","","2","0","0","0","0","N","1212","2","2","0","0","0","0","0","2","0","2","03","03","N","","","","","","","","","","",""
"2023020424","1537","1","0","0","0","0","0","0","0","0","2","0","","67","03","2023","5","40.035","-75.1755","1527","06","0","0","0","0","0","0","0","0","","0","0","0","15","1","1","00","N","0","40 02:06.140","","00","75 10:31.910","4","0","0","0","67301","0","0","0","N","0","0","0","2","67301","1","","1","01","","N","N","N","0","","0","0","0","0","0","","1500","1","2","0","0","0","0","0","2","0","1","04","","N","","","","","","","","","","",""
"2023019889","2326","1","0","0","0","0","0","0","0","0","7","0","","67","02","2023","3","40.0088","-75.2049","2316","06","0","0","0","0","0","0","0","0","","0","0","0","23","3","0","07","","2","40 00:31.678","4","02","75 12:17.723","0","0","0","0","67301","0","0","0","N","0","0","0","1","68K01","0","","4","01","2345","N","N","N","0","","0","0","0","0","0","N","2316","0","1","0","0","0","0","0","2","0","1","03","","N","","","","","","","","","","",""
"2023026550","2008","1","0","0","0","0","0","0","0","0","5","1","","67","03","2023","3","40.008","-75.1913","2000","06","0","1","0","0","0","1","0","0","","0","1","0","19","3","0","00","N","1","40 00:28.671","1","03","75 11:28.524","9","0","0","0","67301","0","0","0","N","0","0","0","4","67301","0","","1","01","2030","N","N","N","0","","0","0","2","0","0","Y","1930","0","4","0","0","0","0","1","2","0","4","03","03","N","","","","","","","","","","",""
"2023007423","0234","2","0","0","0","0","0","0","0","0","2","0","","67","01","2023","1","39.9311","-75.2176","0233","06","0","0","0","0","0","0","0","0","","0","0","0","02","3","0","01","","0","39 55:51.843","","00","75 13:03.826","9","0","0","0","67301","0","0","0","N","0","0","0","1","67301","0","","1","01","","N","N","N","0","","0","0","1","0","0","","0233","0","3","0","0","0","0","1","2","0","3","03","03","N","","","","","","","","","","",""
"2023007863","1949","1","0","0","0","0","0","0","0","0","7","0","","67","01","2023","2","40.0317","-75.0531","1949","06","0","0","0","0","0","0","1","0","","0","0","0","19","3","1","05","","0","40 01:54.420","","00","75 03:10.710","3","0","0","0","67301","0","0","0","N","0","0","0","1","67301","0","","3","09","","N","N","N","0","","1","0","0","3","2","","1920","1","1","0","0","0","0","0","2","0","1","03","03","N","","","","","","","","","","",""
"2023014043","1630","0","0","0","0","0","0","0","0","0","7","0","","67","01","2023","1","40.0308","-75.0218","1621","06","0","0","0","0","0","0","0","0","","0","0","0","16","1","1","00","N","1","40 01:50.851","2","00","75 01:18.629","8","0","0","0","67301","0","0","0","N","0","0","0","1","68K01","0","","3","09","1650","N","N","N","1","","0","0","0","0","0","N","1621","1","1","0","0","1","1","0","2","0","1","07","07","N","","","","","","","","","","",""
"2023014840","1146","0","0","0","0","0","0","0","0","0","5","1","","67","02","2023","5","39.9228","-75.1888","1146","06","0","0","0","0","0","1","0","0","","0","1","0","11","1","0","00","N","0","39 55:22.110","","01","75 11:19.500","0","0","0","0","67301","0","0","0","N","0","0","0","3","67301","0","","1","01","","N","N","N","1","","0","0","0","3","3","","1130","0","2","0","0","0","0","0","2","0","2","03","","N","","","","","","","","","","",""
"2023019884","1825","0","0","0","0","0","0","0","0","0","8","0","","67","02","2023","6","39.9541","-75.1897","1821","06","0","0","0","0","0","0","0","0","","0","0","0","18","3","1","01","","0","39 57:14.703","","99","75 11:23.007","8","0","0","0","67301","1","0","0","N","1","0","0","2","67504","0","","1","01","","N","N","N","0","","0","0","1","3","2","","1810","1","2","0","0","0","1","0","2","0","1","03","03","N","","","","","","","","","","",""
"2023019788","0708","1","0","0","0","0","0","0","0","0","1","0","","67","01","2023","3","40.0095","-75.0653","0649","06","0","0","0","0","0","0","0","0","","0","0","0","06","1","0","00","N","1","40 00:34.155","1","00","75 03:55.182","0","0","0","0","67301","0","0","0","N","0","0","0","2","68K01","0","","1","01","0700","N","N","N","0","","0","0","1","0","0","N","0646","0","2","0","0","0","0","0","2","0","2","03","03","N","","","","","","","","","","",""
"2023018553","0848","1","0","0","0","0","0","0","0","0","7","0","","67","02","2023","7","39.893","-75.2268","0819","06","0","0","0","0","0","0","0","0","","0","0","0","08","1","0","00","N","0","39 53:34.912","","02","75 13:36.370","0","0","0","0","67301","0","0","0","Y","0","0","0","2","68K01","0","","5","01","","N","N","N","0","","0","0","0","0","0","","0813","0","1","0","0","0","0","0","2","0","1","03","03","N","","","","","","","","","","",""
"2023018671","1755","2","0","0","0","0","0","0","0","0","4","0","","67","02","2023","6","39.9946","-75.0945","1741","06","0","0","0","0","0","0","0","0","","0","0","0","17","4","2","01","","9","39 59:40.935","","00","75 05:40.542","3","0","0","0","67301","0","0","0","N","0","0","0","2","67301","0","","1","01","","N","N","N","0","","2","0","0","3","2","","1732","2","2","0","0","0","0","0","2","0","2","03","03","N","","","","","","","","","","",""
"2023019110","0835","3","0","0","0","0","0","0","0","0","4","0","","67","02","2023","1","39.9857","-75.1639","0830","06","0","0","0","0","0","0","0","0","","0","0","0","07","1","0","00","N","0","39 59:08.430","","00","75 09:50.030","9","0","0","0","67301","0","0","0","N","0","0","0","1","67301","0","","1","01","","N","N","Y","0","","0","0","0","0","0","","0712","0","3","0","0","1","0","1","2","0","3","03","","N","","","","","","","","","","",""
"2023019806","0357","0","0","0","0","0","0","0","0","0","7","0","","67","02","2023","2","40.0398","-75.1551","0346","06","0","0","0","0","0","0","0","0","","0","0","0","03","3","0","00","N","2","40 02:23.361","6","00","75 09:18.344","0","0","0","0","67301","0","0","0","N","0","0","0","0","67301","0","","2","01","0508","N","N","N","0","","0","0","1","0","0","Y","0333","0","1","0","0","0","0","0","2","0","1","03","03","N","","","","","","","","","","",""
"2023020210","0644","1","0","0","0","0","0","0","0","0","1","0","","67","01","2023","3","39.9397","-75.1964","0644","06","0","0","0","0","0","1","0","0","","0","0","0","05","3","2","00","N","1","39 56:22.783","3","00","75 11:47.083","4","0","0","0","67301","0","0","0","N","0","0","0","2","68K01","1","","1","01","0700","N","N","N","0","","0","0","0","0","0","N","0543","2","2","0","0","0","1","0","2","0","2","03","","N","","","","","","","","","","",""
"2023026548","0858","0","0","0","0","0","0","0","0","0","4","1","","67","03","2023","3","40.0098","-75.1669","0858","06","0","0","0","0","0","0","1","0","","0","1","0","07","1","0","01","","0","40 00:35.518","","00","75 10:00.484","0","0","0","0","67301","0","0","0","N","0","0","0","2","67301","0","","1","01","","N","N","N","0","","0","0","1","3","2","","0750","0","2","0","0","0","0","0","2","0","2","03","03","N","","","","","","","","","","",""
"2023026852","1318","0","0","0","0","0","0","0","0","0","8","0","","67","03","2023","5","39.9756","-75.1563","1318","06","0","0","0","0","0","0","0","0","","0","0","0","13","1","1","02","","0","39 58:32.062","","00","75 09:22.744","3","0","0","0","67301","1","0","0","N","1","0","0","2","67301","0","","1","01","","N","N","N","0","","1","0","0","3","2","","1340","1","2","0","0","0","0","1","2","0","1","03","03","N","","","","","","","","","","",""
"2023025559","0835","2","0","0","0","0","0","0","0","0","2","0","","67","03","2023","7","40.0058","-75.0964","0835","06","0","0","0","0","0","0","0","0","","0","0","0","08","1","0","01","","0","40 00:21.036","","00","75 05:47.139","0","0","0","0","67301","0","0","0","N","0","0","0","2","67301","0","","1","01","","N","N","N","0","","0","0","0","3","2","","0835","0","2","0","0","1","0","0","2","0","2","03","03","N","","","","","","","","","","",""
"2023026636","0221","0","0","0","0","0","0","0","0","0","6","0","","67","01","2023","7","40.0126","-75.1609","0211","06","0","0","0","0","0","1","0","0","","0","0","0","02","3","1","01","","0","40 00:45.536","","00","75 09:39.438","8","0","0","0","67301","0","0","0","N","0","0","0","2","67301","0","","1","01","","N","N","N","0","","0","0","4","3","2","","0210","1","4","0","0","0","1","0","2","0","4","03","03","N","","","","","","","","","","",""
"2023015348","1520","1","0","0","0","0","0","0","0","0","1","0","","67","02","2023","3","39.9626","-75.1831","1505","06","0","0","0","0","0","0","1","1","","0","0","0","15","1","0","00","N","0","39 57:45.531","","00","75 10:59.206","0","0","0","0","67301","0","0","0","N","0","0","0","2","68K01","0","","1","01","","N","N","N","0","","0","0","1","0","0","","1503","0","2","0","0","0","0","0","2","0","2","03","03","N","","","","","","","","","","",""
"2023014844","1124","1","0","0","0","0","0","0","0","0","4","0","","67","02","2023","2","40.0729","-75.0759","1116","06","0","0","0","0","0","0","0","0","","0","0","0","10","1","1","01","","0","40 04:22.410","","00","75 04:33.193","8","0","0","0","67301","0","0","0","N","0","0","0","3","67301","0","","1","01","","N","N","N","0","","0","0","1","3","2","","1030","1","2","0","0","0","1","0","2","0","2","03","03","N","","","","","","","","","","",""
"2023019688","0909","0","0","0","0","0","0","0","0","0","5","0","","67","01","2023","1","40.0236","-75.0329","0906","06","0","0","0","0","0","0","0","0","","0","0","0","09","1","0","00","N","1","40 01:24.895","1","00","75 01:58.311","0","0","0","0","67301","0","0","0","N","0","0","0","5","68K01","0","","1","01","0911","N","N","N","0","","0","0","1","0","0","N","0905","0","2","0","0","0","0","0","2","0","2","03","","N","","","","","","","","","","",""
"2023020433","1308","1","0","0","0","0","0","0","0","0","4","1","","67","03","2023","4","40.0166","-75.1472","1307","06","0","0","0","0","0","1","0","0","","0","0","0","12","1","1","01","","0","40 00:59.817","","00","75 08:49.848","4","0","0","0","67301","0","0","0","N","0","0","0","2","67301","1","","1","01","","N","N","N","0","","0","0","0","3","2","","1200","1","2","0","0","0","0","0","2","0","2","03","03","N","","","","","","","","","","",""
"2023019940","1749","2","0","0","0","0","0","0","0","0","7","0","","67","03","2023","4","40.1043","-75.0281","1738","06","0","0","0","0","0","0","0","0","","0","0","0","17","4","1","00","N","2","40 06:15.643","2","00","75 01:41.099","3","0","0","0","67301","0","0","0","N","0","0","0","4","67301","0","","5","01","2104","N","N","Y","0","","1","0","0","0","0","Y","1730","1","2","0","0","0","0","0","2","0","2","03","","N","","","","","","","","","","",""
"2023019693","0426","1","0","0","0","0","0","0","0","0","1","1","","67","02","2023","4","39.8927","-75.235","0401","06","0","0","0","0","0","0","0","0","","0","1","0","03","3","0","00","N","0","39 53:33.641","","00","75 14:05.866","0","0","0","0","67301","0","0","0","N","0","0","0","2","68K01","0","","1","09","","N","N","N","0","","0","0","0","0","0","","0356","0","2","0","0","0","0","0","2","0","2","10","10","N","","","","","","","","","","",""
"2023018669","1631","0","0","0","0","0","0","1","0","0","4","1","","67","02","2023","4","40.0155","-75.0633","1628","06","0","1","0","0","0","0","0","0","","0","0","0","16","1","1","01","","0","40 00:55.959","","00","75 03:48.040","3","0","0","1","67301","0","0","0","N","0","0","0","6","67301","0","","1","01","","Y","N","N","0","","1","0","0","3","2","","1624","1","2","0","0","0","0","0","2","0","2","03","","N","","","","","","","","","","",""
"2023012608","1005","1","0","0","0","0","0","0","0","0","4","0","","67","02","2023","7","39.9505","-75.1489","0959","06","0","0","0","0","0","0","0","0","","0","0","0","09","1","0","01","","0","39 57:01.895","","00","75 08:56.077","0","0","0","0","67301","0","0","0","N","0","0","0","2","67301","0","","1","01","","N","N","N","0","","0","0","0","3","2","","0950","0","2","0","0","0","0","0","2","1","2","03","03","N","","","","","","","","","","",""
"2023016732","0817","4","0","0","0","0","0","0","0","0","1","0","","67","02","2023","2","40.0126","-75.0587","0726","06","0","0","0","0","0","0","0","0","","0","0","0","07","1","0","00","N","1","40 00:45.457","1","00","75 03:31.399","0","0","0","0","67301","0","0","0","N","0","0","0","6","68K01","0","","1","01","0835","N","N","N","0","","0","0","2","0","0","N","0723","0","6","0","0","0","0","0","2","0","6","03","","N","","","","","","","","","","",""
"2023021739","1605","3","0","0","0","0","0","0","0","0","5","0","","67","02","2023","2","39.9608","-75.2312","1605","06","0","1","0","0","0","0","0","0","","0","0","0","16","1","2","00","N","2","39 57:38.922","6","01","75 13:52.216","4","0","0","0","67301","0","0","0","N","0","0","0","2","67301","1","","6","01","0400","N","N","Y","1","","0","0","3","0","0","Y","1605","2","8","0","0","0","1","0","2","0","8","03","03","N","","","","","","","","","","",""
"2023012390","0005","1","0","0","0","0","0","0","0","0","4","0","","67","02","2023","5","39.9713","-75.1213","2359","06","0","0","0","0","0","0","0","0","","0","0","0","23","3","3","01","","0","39 58:16.610","","02","75 07:16.686","2","0","0","0","67301","0","0","0","N","0","0","0","3","67301","0","","1","01","","N","N","N","0","","2","1","1","3","2","","2350","3","2","0","0","0","0","0","2","0","2","03","03","N","","","","","","","","","","",""
"2023013346","2325","1","0","0","0","0","0","0","0","0","4","0","","67","02","2023","1","40.0473","-75.141","2324","06","0","0","0","0","0","0","0","0","","0","0","0","23","3","2","00","N","0","40 02:50.102","","00","75 08:27.608","3","0","0","0","67301","0","0","0","N","0","0","0","2","67301","0","","1","01","","N","N","Y","0","","2","0","1","0","0","","2322","2","2","0","0","0","0","0","2","0","2","03","03","N","","","","","","","","","","",""
"2023014494","0205","2","0","0","0","0","0","0","0","0","1","0","","67","02","2023","7","39.9552","-75.1775","0202","06","0","0","1","0","0","0","0","0","","0","0","0","01","3","1","00","N","0","39 57:18.684","","00","75 10:39.158","4","0","0","0","67301","0","0","0","N","0","0","0","3","67301","1","","1","01","","N","N","Y","0","","0","0","1","0","0","","0155","1","3","0","0","0","0","0","2","0","3","03","03","N","","","","","","","","","","",""
"2023014040","1513","2","0","0","0","0","0","0","0","0","1","0","","67","02","2023","6","39.9516","-75.1827","1504","06","0","0","0","0","0","0","1","0","","0","0","0","14","1","1","00","N","0","39 57:05.618","","00","75 10:57.721","4","0","0","0","67301","0","0","0","N","0","0","0","3","68K01","1","","1","01","","N","N","N","0","","0","0","0","0","0","","1453","1","2","0","0","0","0","0","2","0","2","03","","N","","","","","","","","","","",""
"2023015180","1835","0","0","0","0","0","0","0","0","0","8","0","","67","01","2023","4","39.9997","-75.099","1835","06","0","0","0","0","0","0","0","0","","0","0","0","17","3","1","01","","0","39 59:58.827","","00","75 05:56.359","8","0","0","0","67301","1","0","0","N","1","0","0","1","67301","0","","1","09","","N","N","N","0","","0","0","0","3","2","","1745","1","2","0","0","0","1","0","2","0","1","04","07","N","","","","","","","","","","",""
"2023014041","1646","2","0","0","0","0","0","0","0","0","1","0","","67","02","2023","6","39.9678","-75.1315","1631","06","0","0","0","0","0","1","0","0","","0","0","0","16","1","1","00","N","0","39 58:04.062","","00","75 07:53.491","8","0","0","0","67301","0","0","0","N","0","0","0","3","68K01","0","","1","01","","N","N","N","0","","0","0","1","0","0","","1630","1","3","0","0","0","1","0","2","0","3","03","03","N","","","","","","","","","","",""
"2023018326","1220","1","0","0","0","0","0","0","0","0","4","0","","67","02","2023","3","39.9542","-75.1464","1218","06","0","0","0","0","0","0","0","0","","0","0","0","12","1","1","01","","1","39 57:15.149","3","00","75 08:47.111","3","0","0","0","67301","0","0","0","N","0","0","0","2","67301","0","","1","01","1336","N","N","N","0","","1","0","1","3","2","N","1217","1","2","0","0","0","0","0","2","0","2","03","03","N","","","","","","","","","","",""
"2023019958","0900","0","0","0","0","0","0","0","0","0","4","0","","67","02","2023","7","39.9946","-75.0945","0851","06","0","0","0","0","0","0","1","0","","0","0","0","08","1","1","01","","0","39 59:40.935","","00","75 05:40.542","3","0","0","0","67301","0","0","0","N","0","0","0","2","67301","0","","1","01","","N","N","N","1","","1","0","1","3","1","","0827","1","2","0","0","0","0","0","2","0","2","03","","N","","","","","","","","","","",""
"2023019711","2356","0","0","0","0","0","0","0","0","0","5","0","","67","02","2023","4","39.9799","-75.1055","2350","06","0","0","0","0","0","0","0","0","","0","0","0","23","3","1","00","N","1","39 58:47.581","1","00","75 06:19.952","8","0","0","0","67301","0","0","0","N","0","0","0","1","68K01","0","","1","01","1209","N","N","N","0","","0","0","1","0","0","N","2339","1","2","0","0","0","1","0","2","0","2","03","","N","","","","","","","","","","",""
"2023014846","0425","1","0","0","0","0","0","0","0","0","4","0","","67","02","2023","2","40.0547","-75.0048","0415","06","0","0","0","0","0","0","0","0","","0","0","0","03","3","1","01","","1","40 03:17.072","4","00","75 00:17.300","3","0","0","0","67301","0","0","0","N","0","0","0","2","67301","0","","1","09","0020","N","N","N","0","","1","0","1","3","2","N","0300","1","2","0","0","0","0","0","2","0","2","03","03","N","","","","","","","","","","",""
"2023013131","1546","0","0","0","0","0","0","0","0","0","8","0","","67","02","2023","3","39.9662","-75.2364","1545","06","0","0","0","0","0","0","0","0","","0","0","0","15","1","1","00","N","0","39 57:58.200","","00","75 14:11.100","3","0","0","0","67301","1","0","0","N","1","0","0","2","67301","0","","1","01","","N","N","N","0","","1","0","0","0","0","","1500","1","2","0","0","0","0","0","2","0","1","03","03","N","","","","","","","","","","",""
"2023012612","2014","1","0","0","0","0","0","0","0","0","1","0","","67","02","2023","7","39.9402","-75.2364","2011","06","0","0","0","0","0","0","0","0","","0","0","0","20","3","0","00","N","0","39 56:24.745","","00","75 14:11.117","0","0","0","0","67301","0","0","0","N","0","0","0","2","67301","0","","1","01","","N","N","N","0","","0","0","1","0","0","","2004","0","2","0","0","1","0","0","2","0","2","03","03","N","","","","","","","","","","",""
"2023013344","1946","1","0","0","0","0","0","0","0","0","8","0","","67","02","2023","7","39.9898","-75.1255","1945","06","0","0","0","0","0","0","0","0","","1","0","0","19","3","0","01","N","0","39 59:23.480","","01","75 07:31.544","1","0","0","0","67301","1","1","0","N","1","1","0","2","67301","0","2","1","01","","N","N","N","0","0","0","0","0","3","2","","1945","0","2","0","0","0","0","0","2","0","1","03","","N","","","","","","","","","","",""