"CRN","ARRIVAL_TM","AUTOMOBILE_COUNT","BELTED_DEATH_COUNT","BELTED_SUSP_SERIOUS_INJ_COUNT","BICYCLE_COUNT","BICYCLE_DEATH_COUNT","BICYCLE_SUSP_SERIOUS_INJ_COUNT","BUS_COUNT","CHLDPAS_DEATH_COUNT","CHLDPAS_SUSP_SERIOUS_INJ_COUNT","COLLISION_TYPE","COMM_VEH_COUNT","CONS_ZONE_SPD_LIM","COUNTY","CRASH_MONTH","CRASH_YEAR","DAY_OF_WEEK","DEC_LAT","DEC_LONG","DISPATCH_TM","DISTRICT","DRIVER_COUNT_16YR","DRIVER_COUNT_17YR","DRIVER_COUNT_18YR","DRIVER_COUNT_19YR","DRIVER_COUNT_20YR","DRIVER_COUNT_50_64YR","DRIVER_COUNT_65_74YR","DRIVER_COUNT_75PLUS","EST_HRS_CLOSED","FATAL_COUNT","HEAVY_TRUCK_COUNT","HORSE_BUGGY_COUNT","HOUR_OF_DAY","ILLUMINATION","INJURY_COUNT","INTERSECT_TYPE","INTERSECTION_RELATED","LANE_CLOSED","LATITUDE","LN_CLOSE_DIR","LOCATION_TYPE","LONGITUDE","MAX_SEVERITY_LEVEL","MCYCLE_DEATH_COUNT","MCYCLE_SUSP_SERIOUS_INJ_COUNT","MOTORCYCLE_COUNT","MUNICIPALITY","NONMOTR_COUNT","NONMOTR_DEATH_COUNT","NONMOTR_SUSP_SERIOUS_INJ_COUNT","NTFY_HIWY_MAINT","PED_COUNT","PED_DEATH_COUNT","PED_SUSP_SERIOUS_INJ_COUNT","PERSON_COUNT","POLICE_AGCY","POSSIBLE_INJ_COUNT","RDWY_SURF_TYPE_CD","RELATION_TO_ROAD","ROAD_CONDITION","ROADWAY_CLEARED","SCH_BUS_IND","SCH_ZONE_IND","SECONDARY_CRASH","SMALL_TRUCK_COUNT","SPEC_JURIS_CD","SUSP_MINOR_INJ_COUNT","SUSP_SERIOUS_INJ_COUNT","SUV_COUNT","TCD_FUNC_CD","TCD_TYPE","TFC_DETOUR_IND","TIME_OF_DAY","TOT_INJ_COUNT","TOTAL_UNITS","UNB_DEATH_COUNT","UNB_SUSP_SERIOUS_INJ_COUNT","UNBELTED_OCC_COUNT","UNK_INJ_DEG_COUNT","UNK_INJ_PER_COUNT","URBAN_RURAL","VAN_COUNT","VEHICLE_COUNT","WEATHER1","WEATHER2","WORK_ZONE_IND","WORK_ZONE_LOC","WORK_ZONE_TYPE","WORKERS_PRES","WZ_CLOSE_DETOUR","WZ_FLAGGER","WZ_LAW_OFFCR_IND","WZ_LN_CLOSURE","WZ_MOVING","WZ_OTHER","WZ_SHLDER_MDN","WZ_WORKERS_INJ_KILLED"
"2023028635","1625","0","0","0","0","0","0","0","0","0","8","0","","67","03","2023","1","40.0351","-75.0709","1617","06","0","0","0","0","0","0","0","0","","0","0","0","20","6","1","05","","0","40 02:06.421","","00","75 04:15.407","3","0","0","0","67301","1","0","0","N","1","0","0","1","67301","0","","1","99","","N","N","N","0","","1","0","0","9","2","","2021","1","2","0","0","0","0","0","2","0","1","99","","N","","","","","","","","","","",""
"2023023941","1345","1","0","0","0","0","0","0","0","0","7","0","","67","02","2023","4","39.9164","-75.1475","1331","06","0","0","0","0","0","0","0","0","","0","0","0","13","1","0","00","N","1","39 54:58.943","1","00","75 08:50.945","0","0","0","0","67301","0","0","0","N","0","0","0","1","68K01","0","","2","01","1350","N","N","N","0","","0","0","0","0","0","N","1327","0","1","0","0","0","0","0","2","0","1","03","03","N","","","","","","","","","","",""
"2023007431","1724","1","0","0","0","0","0","0","0","0","1","0","","67","01","2023","2","40.007","-75.1714","1722","06","0","0","0","0","0","0","0","0","","0","0","0","17","3","3","00","N","0","40 00:25.290","","00","75 10:17.180","4","0","0","0","67301","0","0","0","N","0","0","0","3","67301","3","","1","01","","N","N","N","0","","0","0","1","0","0","","1722","3","2","0","0","3","0","0","2","0","2","03","","N","","","","","","","","","","",""
"2023012254","0322","1","0","0","0","0","0","0","0","0","7","0","","67","01","2023","2","39.9784","-75.2027","0319","06","0","0","0","0","0","0","0","0","","0","0","0","03","3","1","00","N","0","39 58:42.408","","00","75 12:09.665","8","0","0","0","67301","0","0","0","N","0","0","0","1","68K01","0","","4","09","","N","N","N","0","","0","0","0","0","0","","0319","1","1","0","0","0","1","0","2","0","1","07","04","N","","","","","","","","","","",""
"2023013094","2134","1","0","0","0","0","0","0","0","0","5","0","","67","01","2023","6","39.9583","-75.1654","2124","06","0","0","0","0","0","1","0","0","","0","0","0","21","3","0","00","N","1","39 57:29.943","4","00","75 09:55.276","9","0","0","0","67301","0","0","0","N","0","0","0","3","68K01","0","","1","01","2150","N","N","N","0","","0","0","0","3","8","N","2117","0","2","0","0","0","0","1","2","1","2","03","04","N","","","","","","","","","","",""
"2023005146","1935","2","0","0","0","0","0","0","0","0","4","0","","67","01","2023","7","39.9617","-75.2388","1935","06","0","0","0","0","0","0","1","0","","0","0","0","19","3","0","01","","0","39 57:42.035","","01","75 14:19.541","0","0","0","0","67301","0","0","0","N","0","0","0","2","67301","0","","1","01","","N","N","N","0","","0","0","0","3","2","","1930","0","2","0","0","0","0","0","2","0","2","03","03","N","","","","","","","","","","",""
"2023023192","1845","0","0","0","0","0","0","0","0","0","7","0","","67","03","2023","6","40.0101","-75.0724","1833","06","0","0","0","0","0","0","0","0","","0","1","0","16","1","0","00","N","2","40 00:36.340","6","00","75 04:20.610","0","0","0","0","67301","0","0","0","N","0","0","0","1","67301","0","","2","01","2215","N","N","N","0","","0","0","0","0","0","Y","1643","0","1","0","0","1","0","0","2","0","1","07","04","N","","","","","","","","","","",""
"2023007433","0300","1","0","0","0","0","0","0","0","0","5","0","","67","01","2023","4","40.0042","-75.1732","0257","06","0","0","0","0","0","0","0","0","","0","0","0","02","3","0","00","N","0","40 00:15.158","","00","75 10:23.438","0","0","0","0","67301","0","0","0","N","0","0","0","1","67301","0","","6","01","","N","N","N","0","","0","0","3","0","0","","0242","0","4","0","0","1","0","0","2","0","4","03","03","N","","","","","","","","","","",""
"2023006305","0500","3","0","0","0","0","0","0","0","0","4","0","","67","01","2023","6","39.9298","-75.1599","0456","06","0","0","0","0","0","2","0","0","","0","0","0","04","3","0","01","","0","39 55:47.294","","00","75 09:35.481","0","0","0","0","67301","0","0","0","N","0","0","0","2","67301","0","","1","01","","N","N","N","0","","0","0","0","3","3","","0455","0","3","0","0","0","0","0","2","0","3","07","07","N","","","","","","","","","","",""
"2023022922","1515","1","0","0","0","0","0","0","0","0","1","0","","67","03","2023","6","40.0703","-75.0095","1508","06","0","0","0","1","0","1","0","1","","0","0","0","14","1","1","00","N","1","40 04:12.909","3","00","75 00:34.071","8","0","0","0","67301","0","0","0","N","0","0","0","4","67301","0","","1","01","1715","N","N","N","0","","0","0","3","0","0","N","1442","1","4","0","0","0","1","0","2","0","4","03","03","N","","","","","","","","","","",""
"2023003143","0230","2","0","0","0","0","0","0","0","0","4","0","","67","01","2023","1","40.0318","-75.1791","0223","06","0","0","0","0","0","1","0","0","","0","0","0","02","3","0","00","N","0","40 01:54.654","","00","75 10:44.639","0","0","0","0","67301","0","0","0","N","0","0","0","2","67301","0","","1","01","","N","N","N","0","","0","0","0","0","0","","0220","0","2","0","0","2","0","0","2","0","2","03","03","N","","","","","","","","","","",""
"2023023953","1550","1","0","0","0","0","0","0","0","0","7","0","","67","02","2023","3","40.0231","-75.0346","1530","06","0","0","0","1","0","0","0","0","","0","0","0","15","1","1","00","N","0","40 01:23.194","","00","75 02:04.729","8","0","0","0","67301","0","0","0","Y","0","0","0","1","68K01","0","","7","01","","N","N","N","0","","0","0","0","0","0","","1528","1","1","0","0","0","1","0","2","0","1","04","","N","","","","","","","","","","",""
"2023004893","2005","1","0","0","0","0","0","0","0","0","1","0","","67","01","2023","3","39.9879","-75.1776","2004","06","0","0","0","0","0","0","0","0","","0","0","0","19","3","1","00","N","0","39 59:16.360","","00","75 10:39.530","3","0","0","0","67301","0","0","0","N","0","0","0","1","67301","0","","6","01","","N","N","N","0","","1","0","0","0","0","","1957","1","2","0","0","1","0","0","2","1","2","03","03","N","","","","","","","","","","",""
"2023024282","0248","1","0","2","0","0","0","0","0","0","5","0","","67","01","2023","7","40.0464","-75.0015","0241","06","0","0","0","0","0","2","0","0","","0","0","0","02","3","2","00","N","0","40 02:47.023","","00","75 00:05.236","2","0","0","0","67301","0","0","0","N","0","0","0","3","68K01","0","","1","01","","N","N","N","1","","0","2","0","0","0","","0241","2","2","0","0","0","0","0","2","0","2","03","","N","","","","","","","","","","",""
"2023005040","1832","1","0","0","0","0","0","0","0","0","8","0","","67","01","2023","7","40.0322","-75.1784","1830","06","0","0","0","0","0","0","0","0","","0","0","0","18","3","1","00","N","0","40 01:55.940","","00","75 10:42.410","8","0","0","0","67301","1","0","0","N","1","0","0","2","67301","0","","1","01","","N","N","N","0","","0","0","0","0","0","","1828","1","2","0","0","1","1","1","2","0","1","03","03","N","","","","","","","","","","",""
"2023024160","0309","1","0","0","0","0","0","0","0","0","7","1","","67","02","2023","6","40.0023","-75.0781","0259","06","0","0","0","0","0","0","0","0","","0","1","0","02","3","0","00","N","0","40 00:08.416","","03","75 04:41.148","0","0","0","0","67301","0","0","0","N","0","0","0","2","68K01","0","","3","01","","N","N","N","0","","0","0","0","0","0","","0257","0","2","0","0","2","0","0","2","0","2","03","03","N","","","","","","","","","","",""
"2023023053","1319","1","0","0","0","0","0","0","0","0","2","0","","67","03","2023","4","40.0269","-75.0593","1314","06","0","0","0","0","0","0","0","0","","0","0","0","13","1","1","01","","0","40 01:37.019","","00","75 03:33.635","8","0","0","0","67301","0","0","0","N","0","0","0","1","67301","0","","1","01","","N","N","N","0","","0","0","0","3","3","","1312","1","2","0","0","0","1","0","2","0","2","03","03","N","","","","","","","","","","",""
"2023014839","2136","2","0","0","0","0","0","0","0","0","4","0","","67","01","2023","4","39.9119","-75.1728","2130","06","0","0","0","0","0","0","0","0","","0","0","0","21","3","1","01","","0","39 54:42.724","","00","75 10:21.917","3","0","0","0","67301","0","0","0","N","0","0","0","2","67301","0","","1","01","","N","N","N","0","","1","0","0","3","2","","2110","1","2","0","0","0","0","0","2","0","2","03","03","N","","","","","","","","","","",""
"2023009297","0026","0","0","0","0","0","0","0","0","0","4","0","","67","01","2023","6","39.9423","-75.2338","0015","06","0","0","0","0","0","0","0","0","","0","0","0","00","3","0","01","","1","39 56:32.369","6","00","75 14:01.754","9","0","0","0","67301","0","0","0","N","0","0","0","2","67301","0","","1","01","0115","N","N","N","0","","0","0","2","3","2","N","0013","0","2","0","0","0","0","2","2","0","2","03","03","N","","","","","","","","","","",""
"2023011540","2214","1","0","0","0","0","0","0","0","0","4","0","","67","02","2023","4","39.9879","-75.1558","2213","06","0","0","0","0","0","0","0","0","","0","0","0","22","3","3","01","","2","39 59:16.284","7","00","75 09:20.883","3","0","0","0","67301","0","0","0","N","0","0","0","3","67301","0","","1","01","0045","N","N","N","0","","3","0","2","3","2","Y","2213","3","3","0","0","1","0","0","2","0","3","03","03","N","","","","","","","","","","",""
"2023011041","1953","1","0","0","0","0","0","0","0","0","4","0","","67","01","2023","2","40.0518","-75.0793","1951","06","0","0","0","0","0","1","0","0","","0","0","0","19","3","0","01","","0","40 03:06.609","","00","75 04:45.516","9","0","0","0","67301","0","0","0","N","0","0","0","2","67301","0","","1","01","","N","N","N","0","","0","0","1","3","3","","1948","0","2","0","0","0","0","1","2","0","2","03","03","N","","","","","","","","","","",""
"2023025127","2228","1","0","0","0","0","0","0","0","0","8","0","","67","03","2023","7","39.955","-75.2031","2228","06","0","0","0","0","0","0","0","0","","0","0","0","22","3","1","00","N","0","39 57:17.820","","00","75 12:11.070","8","0","0","0","67301","1","0","0","N","1","0","0","1","67504","0","","6","01","","N","N","N","0","","0","0","0","0","0","","2227","1","2","0","0","0","1","0","2","0","1","03","","N","","","","","","","","","","",""
"2023013129","1339","2","0","0","0","0","0","0","0","0","2","0","","67","02","2023","4","40.0188","-75.0494","1333","06","0","0","0","0","0","2","0","0","","0","0","0","13","1","2","00","N","1","40 01:07.819","4","00","75 02:57.941","4","0","0","0","67301","0","0","0","N","0","0","0","2","67301","1","","1","01","1600","N","N","N","0","","0","0","0","0","0","N","1320","2","2","0","0","0","1","0","2","0","2","03","","N","","","","","","","","","","",""
"2023014408","1215","1","0","0","0","0","0","0","0","0","3","0","","67","01","2023","1","39.9859","-75.2154","1215","06","0","0","0","0","0","0","0","0","","0","0","0","02","2","1","00","N","0","39 59:09.200","","00","75 12:55.300","3","0","0","0","67301","0","0","0","N","0","0","0","2","67301","0","","1","01","","N","N","N","0","","1","0","0","0","0","","0210","1","2","0","0","0","0","1","2","1","2","03","","N","","","","","","","","","","",""
"2023005033","0816","0","0","0","0","0","0","0","0","0","1","0","","67","01","2023","5","40.071","-75.2415","0812","06","0","0","0","0","0","1","0","1","","0","0","0","08","1","1","00","N","0","40 04:15.493","","00","75 14:29.278","3","0","0","0","67301","0","0","0","N","0","0","0","2","67301","0","","1","09","","N","N","N","0","","1","0","2","0","0","","0810","1","2","0","0","0","0","0","2","0","2","07","07","N","","","","","","","","","","",""
"2023003937","1627","0","0","0","0","0","0","0","0","0","8","0","","67","01","2023","3","40.0055","-75.1546","1625","06","0","0","0","0","0","1","0","0","","0","0","0","16","1","1","00","N","2","40 00:19.720","1","00","75 09:16.410","8","0","0","0","67301","1","0","0","N","1","0","0","2","67301","0","","1","01","1645","N","Y","N","1","","0","0","0","0","0","Y","1620","1","2","0","0","0","1","0","2","0","1","03","03","N","","","","","","","","","","",""
"2023024322","0206","2","0","0","0","0","0","0","0","0","5","0","","67","03","2023","7","40.0331","-75.1706","0200","06","0","0","0","0","0","0","0","0","","0","0","0","01","3","0","01","","0","40 01:59.260","","00","75 10:14.145","9","0","0","0","67301","0","0","0","N","0","0","0","2","67301","0","","1","09","","N","N","N","0","","0","0","0","3","2","","0145","0","2","0","0","0","0","1","2","0","2","04","","N","","","","","","","","","","",""
"2023006138","2116","1","0","0","0","0","0","0","0","0","7","0","","67","01","2023","6","39.8907","-75.2387","2059","06","0","0","0","0","0","0","0","0","","0","0","0","20","3","0","00","N","0","39 53:26.605","","00","75 14:19.353","0","0","0","0","67301","0","0","0","N","0","0","0","1","68K01","0","","3","01","","N","N","N","0","","0","0","0","0","0","","2054","0","1","0","0","0","0","0","2","0","1","03","","N","","","","","","","","","","",""
"2023006316","1613","0","0","0","0","0","0","0","0","0","6","0","","67","01","2023","2","40.0005","-75.1432","1610","06","0","0","0","0","0","0","0","0","","0","0","0","16","1","2","00","N","0","40 00:01.815","","00","75 08:35.566","3","0","0","0","67301","0","0","0","N","0","0","0","6","67301","0","","1","01","","N","N","N","0","","2","0","1","0","0","","1600","2","2","0","0","3","0","0","2","1","2","03","03","N","","","","","","","","","","",""
"2023005554","1759","0","0","0","0","0","0","0","0","0","5","0","","67","01","2023","1","39.9568","-75.2245","1758","06","0","0","1","0","0","0","0","0","","0","0","0","17","3","1","00","N","0","39 57:24.602","","00","75 13:28.073","3","0","0","0","67301","0","0","0","N","0","0","0","1","67301","0","","6","01","","N","N","N","0","","1","0","2","0","0","","1757","1","2","0","0","1","0","0","2","0","2","03","03","N","","","","","","","","","","",""
"2023015961","2000","4","0","0","0","0","0","0","0","0","2","0","","67","01","2023","4","40.0933","-74.9621","1955","06","0","0","0","0","0","1","0","0","","0","0","0","19","3","1","02","","0","40 05:36.345","","00","74 57:43.771","4","0","0","0","67301","0","0","0","N","0","0","0","5","67301","1","","1","01","","N","N","N","0","","0","0","1","3","2","","1950","1","5","0","0","0","0","0","2","0","5","03","04","N","","","","","","","","","","",""
"2023006902","2134","1","0","0","0","0","0","0","0","0","4","0","","67","01","2023","3","39.9571","-75.1511","2134","06","0","0","0","0","0","0","0","0","","0","0","0","21","3","0","05","","0","39 57:25.688","","02","75 09:03.847","0","0","0","0","67301","0","0","0","N","0","0","0","2","67301","0","","1","01","","N","N","N","0","","0","0","1","3","1","","2134","0","2","0","0","0","0","0","2","0","2","03","03","N","","","","","","","","","","",""
"2023004222","0109","2","0","0","0","0","0","0","0","0","1","0","","67","01","2023","4","40.0205","-75.1158","0109","06","0","0","0","0","0","0","0","0","","0","0","0","01","3","0","00","N","1","40 01:13.790","3","00","75 06:56.950","0","0","0","0","67301","0","0","0","N","0","0","0","1","67301","0","","1","01","0220","N","N","N","0","","0","0","1","0","0","N","0109","0","3","0","0","0","0","0","2","0","3","03","","N","","","","","","","","","","",""
"2023009637","1520","2","0","0","0","0","0","0","0","0","5","0","","67","01","2023","5","39.9511","-75.1552","1520","06","0","0","0","0","0","0","1","0","","0","0","0","12","1","0","00","N","0","39 57:03.900","","00","75 09:18.800","0","0","0","0","67301","0","0","0","N","0","0","0","2","67301","0","","6","09","","N","N","N","0","","0","0","0","0","0","","1230","0","2","0","0","2","0","0","2","0","2","07","07","N","","","","","","","","","","",""
"2023005369","2159","2","0","0","0","0","0","0","0","0","7","0","","67","01","2023","5","40.0385","-75.0099","2144","06","0","0","0","0","0","0","0","0","","0","0","0","21","3","0","00","N","0","40 02:18.718","","00","75 00:35.750","0","0","0","0","67301","0","0","0","N","0","0","0","2","68K01","0","","3","09","","N","N","N","0","","0","0","0","0","0","","2142","0","2","0","0","0","0","0","2","0","2","07","","N","","","","","","","","","","",""
"2023006649","1640","0","0","0","0","0","0","0","0","0","8","0","","67","01","2023","3","40.0486","-75.1449","1640","06","0","0","0","0","0","0","0","0","","0","0","0","16","3","1","01","","0","40 02:55.081","","00","75 08:41.593","8","0","0","0","67301","1","0","0","N","1","0","0","2","67301","0","","1","01","","N","N","N","0","","0","0","0","3","2","","1630","1","2","0","0","0","1","1","2","0","1","03","03","N","","","","","","","","","","",""
"2023005961","1245","0","0","0","0","0","0","0","0","0","1","0","","67","01","2023","3","39.9515","-75.2389","1242","06","0","0","0","0","0","0","0","0","","0","0","0","12","1","1","00","N","0","39 57:05.300","","00","75 14:20.000","4","0","0","0","67301","0","0","0","N","0","0","0","2","67301","1","","6","01","","N","N","Y","1","","0","0","1","0","0","","1242","1","2","0","0","1","0","0","2","0","2","05","03","N","","","","","","","","","","",""
"2023009071","0959","2","0","0","0","0","0","0","0","0","4","0","","67","01","2023","4","39.9993","-75.2082","0958","06","0","0","0","0","0","0","0","0","","0","0","0","09","1","0","00","N","0","39 59:57.420","","00","75 12:29.680","9","0","0","0","67301","0","0","0","N","0","0","0","2","67301","0","","1","01","","N","N","N","0","","0","0","1","0","0","","0941","0","3","0","0","1","0","1","2","0","3","04","04","N","","","","","","","","","","",""
"2023023056","0211","2","0","0","0","0","0","0","0","0","2","0","","67","03","2023","6","39.9429","-75.1967","0211","06","0","0","0","0","0","0","0","0","","0","0","0","21","3","1","00","N","9","39 56:34.501","","00","75 11:48.142","8","0","0","0","67301","0","0","0","N","0","0","0","2","67301","0","","1","09","","N","N","N","0","","0","0","0","0","0","","2110","1","2","0","0","0","1","1","2","0","2","07","07","N","","","","","","","","","","",""
"2023004888","0423","1","0","0","0","0","0","0","0","0","5","0","","67","01","2023","1","39.923","-75.2207","0420","06","0","0","0","0","0","0","0","0","","0","0","0","04","3","0","00","N","0","39 55:22.820","","00","75 13:14.350","0","0","0","0","67301","0","0","0","N","0","0","0","1","67301","0","","6","01","","N","N","N","0","","0","0","2","0","0","","0420","0","3","0","0","1","0","0","2","0","3","03","03","N","","","","","","","","","","",""
"2023005849","0827","2","0","0","0","0","0","0","0","0","1","0","","67","01","2023","2","40.0291","-75.1053","0808","06","0","0","0","0","0","1","0","0","","0","0","0","08","1","1","01","","0","40 01:44.795","","00","75 06:19.055","3","0","0","0","67301","0","0","0","N","0","0","0","3","67301","0","","1","01","","N","N","N","0","","1","0","0","3","2","","0806","1","3","0","0","1","0","0","2","1","3","03","03","N","","","","","","","","","","",""
"2023007434","1230","1","0","0","0","0","0","0","0","0","4","0","","67","01","2023","5","40.0037","-75.1689","1221","06","0","0","0","0","0","0","0","0","","0","0","0","12","1","0","05","","0","40 00:13.178","","00","75 10:08.095","0","0","0","0","67301","0","0","0","N","0","0","0","4","67301","0","","1","09","","N","N","N","0","","0","0","2","3","2","","1210","0","3","0","0","0","0","0","2","0","3","07","05","N","","","","","","","","","","",""
"2023015464","1940","0","0","0","0","0","0","0","0","0","8","0","","67","01","2023","4","39.994","-75.1302","1921","06","0","0","0","0","0","0","0","0","","0","0","0","13","1","1","01","","0","39 59:38.356","","00","75 07:48.759","3","0","0","0","67301","1","0","0","N","1","0","0","2","67301","0","","1","01","","N","N","N","1","","1","0","0","3","2","","1300","1","2","0","0","0","0","1","2","0","1","03","03","N","","","","","","","","","","",""
"2023023431","1750","1","0","0","0","0","0","0","0","0","1","0","","67","03","2023","3","40.0556","-74.9845","1737","06","0","0","0","0","0","0","0","0","","0","0","0","17","3","0","00","N","1","40 03:20.178","2","00","74 59:04.271","0","0","0","0","67301","0","0","0","N","0","0","0","3","68K01","0","","1","01","0040","N","N","N","0","","0","0","1","0","0","N","1734","0","3","0","0","0","0","0","2","1","3","03","03","N","","","","","","","","","","",""
"2023005421","1900","1","0","0","0","0","0","0","0","0","4","0","","67","01","2023","1","40.064","-74.9841","1849","06","0","0","0","0","0","0","0","0","","0","0","0","18","3","1","02","","0","40 03:50.574","","00","74 59:02.812","3","0","0","0","67301","0","0","0","N","0","0","0","2","67301","0","","1","01","","N","N","N","1","","1","0","0","0","0","","1849","1","2","0","0","1","0","0","2","0","2","03","03","N","","","","","","","","","","",""
"2023014287","1955","2","0","0","0","0","0","0","0","0","4","0","","67","01","2023","3","39.9766","-75.1701","1953","06","0","0","0","0","0","0","0","0","","0","0","0","19","3","0","01","","0","39 58:35.858","","00","75 10:12.224","0","0","0","0","67301","0","0","0","N","0","0","0","2","67301","0","","1","01","","N","N","N","0","","0","0","0","0","0","","1951","0","2","0","0","1","0","0","2","0","2","03","03","N","","","","","","","","","","",""
"2023023503","1734","1","0","0","0","0","0","0","0","0","5","1","","67","03","2023","7","39.9969","-75.1256","1734","06","0","0","0","0","0","1","0","0","","0","1","0","17","1","0","00","N","0","39 59:48.900","","00","75 07:32.300","0","0","0","0","67301","0","0","0","N","0","0","0","2","67301","0","","1","01","","N","N","N","0","","0","0","0","0","0","","1734","0","2","0","0","0","0","0","2","0","2","03","03","N","","","","","","","","","","",""
"2023002903","0930","2","0","0","0","0","0","0","0","0","4","0","","67","01","2023","2","39.9605","-75.188","0929","06","0","0","0","0","1","1","0","0","","0","0","0","09","1","0","02","","2","39 57:37.875","6","00","75 11:16.803","0","0","0","0","67301","0","0","0","N","0","0","0","2","67507","0","","1","01","1050","N","N","N","0","","0","0","0","3","3","Y","0929","0","2","0","0","0","0","0","2","0","2","03","","N","","","","","","","","","","",""
"2023007815","1746","2","0","0","0","0","0","0","0","0","5","0","","67","01","2023","5","40.039","-75.0087","1726","06","0","0","0","0","0","0","0","0","","0","0","0","16","3","2","00","N","0","40 02:20.356","","00","75 00:31.235","3","0","0","0","67301","0","0","0","Y","0","0","0","3","68K01","0","","1","09","","N","N","N","0","","2","0","0","0","0","","1633","2","2","0","0","0","0","0","2","0","2","07","","N","","","","","","","","","","",""
"2023012255","0453","1","0","0","0","0","0","0","0","0","7","0","","67","01","2023","4","39.9754","-75.1947","0448","06","0","0","0","0","0","0","0","0","","0","0","0","04","3","1","00","N","1","39 58:31.308","3","00","75 11:40.763","8","0","0","0","67301","0","0","0","N","0","0","0","2","68K01","0","","3","01","0545","N","N","N","0","","0","0","0","0","0","Y","0448","1","1","0","0","0","1","0","2","0","1","03","","N","","","","","","","","","","",""
"2023004818","1057","0","0","0","0","0","0","0","0","0","5","0","","67","01","2023","6","40.0958","-74.9593","1051","06","0","0","0","0","0","1","0","0","","0","0","0","10","1","1","00","N","0","40 05:44.843","","00","74 57:33.610","4","0","0","0","67301","0","0","0","N","0","0","0","2","67301","1","","1","09","","N","N","N","1","","0","0","1","0","0","","1045","1","2","0","0","0","0","0","2","0","2","04","04","N","","","","","","","","","","",""
"2023004562","0053","0","0","0","0","0","0","0","0","0","4","0","","67","01","2023","3","40.0242","-75.1328","0050","06","0","0","0","0","0","0","0","0","","0","0","0","23","3","0","01","","0","40 01:26.938","","00","75 07:59.494","9","0","0","0","67301","0","0","0","N","0","0","0","2","67301","0","","1","01","","N","N","N","0","","0","0","1","3","2","","2329","0","2","0","0","0","0","1","2","0","2","03","03","N","","","","","","","","","","",""
"2023005852","0011","1","0","0","0","0","0","0","0","0","7","0","","67","01","2023","3","40.0018","-75.1485","0009","06","0","0","0","0","0","0","0","0","","0","0","0","00","3","0","03","","0","40 00:06.375","","00","75 08:54.441","0","0","0","0","67301","0","0","0","N","0","0","0","1","67301","0","","4","01","","N","N","N","0","","0","0","0","0","0","","0009","0","1","0","0","1","0","0","2","0","1","03","03","N","","","","","","","","","","",""
"2023003536","2215","1","0","0","0","0","0","0","0","0","4","0","","67","01","2023","2","39.997","-75.1786","2214","06","0","0","0","0","0","0","0","0","","0","0","0","22","3","4","01","","0","39 59:49.352","","00","75 10:42.874","3","0","0","0","67301","0","0","0","N","0","0","0","4","67301","0","","1","01","","N","N","N","0","","1","0","1","3","2","","2214","4","2","0","0","0","3","0","2","0","2","03","03","N","","","","","","","","","","",""
"2023023942","0835","1","0","0","0","0","0","0","0","0","7","0","","67","02","2023","6","40.041","-75.0048","0828","06","0","0","0","0","0","0","0","0","","0","0","0","08","1","0","00","N","2","40 02:27.490","1","00","75 00:17.376","0","0","0","0","67301","0","0","0","N","0","0","0","1","68K01","0","","2","09","0843","N","N","N","0","","0","0","0","0","0","N","0828","0","1","0","0","0","0","0","2","0","1","07","","N","","","","","","","","","","",""
"2023003270","0825","1","0","0","0","0","0","0","0","0","4","0","","67","01","2023","1","39.9628","-75.1646","0820","06","0","0","0","0","0","0","0","0","","0","0","0","08","1","2","01","","1","39 57:46.089","3","00","75 09:52.678","3","0","0","0","67301","0","0","0","N","0","0","0","2","67301","0","","1","01","0845","N","N","N","0","","2","0","1","3","2","N","0810","2","2","0","0","0","0","0","2","0","2","03","03","N","","","","","","","","","","",""
"2023006538","0905","0","0","0","0","0","0","0","0","0","4","0","","67","01","2023","4","40.0561","-75.064","0903","06","0","0","0","0","0","0","0","0","","0","0","0","09","1","0","01","","0","40 03:21.873","","00","75 03:50.497","0","0","0","0","67301","0","0","0","N","0","0","0","4","67301","0","","1","01","","N","N","N","0","","0","0","2","3","2","","0902","0","2","0","0","2","0","0","2","0","2","03","03","N","","","","","","","","","","",""
"2023005039","0141","0","0","0","0","0","0","0","0","0","8","0","","67","01","2023","1","40.0358","-75.1253","0139","06","0","0","0","0","0","0","0","0","","0","0","0","01","3","1","00","N","0","40 02:08.726","","00","75 07:30.926","3","0","0","0","67301","1","0","0","N","1","0","0","2","67301","0","","1","01","","N","N","N","0","","1","0","1","0","0","","0134","1","2","0","0","1","0","0","2","0","1","03","","N","","","","","","","","","","",""
"2023024154","2326","1","0","0","0","0","0","0","0","0","7","0","","67","02","2023","7","40.0026","-75.1945","2314","06","0","0","0","0","0","0","0","0","","0","0","0","23","3","0","00","N","0","40 00:09.482","","00","75 11:40.044","9","0","0","0","67301","0","0","0","Y","0","0","0","1","68K01","0","","4","01","","N","N","N","0","","0","0","0","0","0","","2308","0","1","0","0","1","0","1","2","0","1","03","","N","","","","","","","","","","",""
"2023007167","0758","1","0","0","0","0","0","0","0","0","4","0","","67","01","2023","4","39.981","-75.2428","0756","06","0","0","0","0","0","0","0","0","","0","0","0","07","1","0","01","","0","39 58:51.762","","00","75 14:34.076","0","0","0","0","67301","0","0","0","N","0","0","0","2","67301","0","","1","01","","N","N","N","0","","0","0","1","3","2","","0730","0","2","0","0","0","0","0","2","0","2","03","","N","","","","","","","","","","",""