"CRN","ARRIVAL_TM","AUTOMOBILE_COUNT","BELTED_DEATH_COUNT","BELTED_SUSP_SERIOUS_INJ_COUNT","BICYCLE_COUNT","BICYCLE_DEATH_COUNT","BICYCLE_SUSP_SERIOUS_INJ_COUNT","BUS_COUNT","CHLDPAS_DEATH_COUNT","CHLDPAS_SUSP_SERIOUS_INJ_COUNT","COLLISION_TYPE","COMM_VEH_COUNT","CONS_ZONE_SPD_LIM","COUNTY","CRASH_MONTH","CRASH_YEAR","DAY_OF_WEEK","DEC_LAT","DEC_LONG","DISPATCH_TM","DISTRICT","DRIVER_COUNT_16YR","DRIVER_COUNT_17YR","DRIVER_COUNT_18YR","DRIVER_COUNT_19YR","DRIVER_COUNT_20YR","DRIVER_COUNT_50_64YR","DRIVER_COUNT_65_74YR","DRIVER_COUNT_75PLUS","EST_HRS_CLOSED","FATAL_COUNT","HEAVY_TRUCK_COUNT","HORSE_BUGGY_COUNT","HOUR_OF_DAY","ILLUMINATION","INJURY_COUNT","INTERSECT_TYPE","INTERSECTION_RELATED","LANE_CLOSED","LATITUDE","LN_CLOSE_DIR","LOCATION_TYPE","LONGITUDE","MAX_SEVERITY_LEVEL","MCYCLE_DEATH_COUNT","MCYCLE_SUSP_SERIOUS_INJ_COUNT","MOTORCYCLE_COUNT","MUNICIPALITY","NONMOTR_COUNT","NONMOTR_DEATH_COUNT","NONMOTR_SUSP_SERIOUS_INJ_COUNT","NTFY_HIWY_MAINT","PED_COUNT","PED_DEATH_COUNT","PED_SUSP_SERIOUS_INJ_COUNT","PERSON_COUNT","POLICE_AGCY","POSSIBLE_INJ_COUNT","RDWY_SURF_TYPE_CD","RELATION_TO_ROAD","ROAD_CONDITION","ROADWAY_CLEARED","SCH_BUS_IND","SCH_ZONE_IND","SECONDARY_CRASH","SMALL_TRUCK_COUNT","SPEC_JURIS_CD","SUSP_MINOR_INJ_COUNT","SUSP_SERIOUS_INJ_COUNT","SUV_COUNT","TCD_FUNC_CD","TCD_TYPE","TFC_DETOUR_IND","TIME_OF_DAY","TOT_INJ_COUNT","TOTAL_UNITS","UNB_DEATH_COUNT","UNB_SUSP_SERIOUS_INJ_COUNT","UNBELTED_OCC_COUNT","UNK_INJ_DEG_COUNT","UNK_INJ_PER_COUNT","URBAN_RURAL","VAN_COUNT","VEHICLE_COUNT","WEATHER1","WEATHER2","WORK_ZONE_IND","WORK_ZONE_LOC","WORK_ZONE_TYPE","WORKERS_PRES","WZ_CLOSE_DETOUR","WZ_FLAGGER","WZ_LAW_OFFCR_IND","WZ_LN_CLOSURE","WZ_MOVING","WZ_OTHER","WZ_SHLDER_MDN","WZ_WORKERS_INJ_KILLED"
"2023006200","2207","2","0","0","0","0","0","0","0","0","1","0","","67","01","2023","4","39.9787","-75.1578","2205","06","0","0","0","0","0","1","0","0","","0","0","0","22","3","3","01","","2","39 58:43.230","7","00","75 09:28.092","8","0","0","0","67301","0","0","0","N","0","0","0","4","67505","0","","1","01","2255","N","N","Y","0","","0","0","1","3","2","Y","2207","3","3","0","0","4","3","0","2","0","3","03","","N","","","","","","","","","","",""
"2023023877","1226","5","0","0","0","0","0","0","0","0","1","0","","67","03","2023","2","40.0875","-74.9861","1224","06","0","1","0","0","0","1","0","0","","0","0","0","12","1","1","00","N","0","40 05:15.026","","00","74 59:09.989","3","0","0","0","67301","0","0","0","N","0","0","0","2","67301","0","","1","01","","N","Y","N","0","","1","0","0","9","8","","1224","1","5","0","0","0","0","0","2","0","5","03","03","N","","","","","","","","","","",""
"2023002877","1616","0","0","0","0","0","0","0","0","0","4","0","","67","01","2023","1","40.1047","-75.032","1616","06","0","0","0","0","0","1","0","0","","0","0","0","16","1","0","00","N","0","40 06:16.900","","07","75 01:55.300","9","0","0","0","67301","0","0","0","N","0","0","0","5","67301","0","","1","01","","N","N","N","0","","0","0","2","0","0","","1600","0","2","0","0","0","0","4","2","0","2","03","","N","","","","","","","","","","",""
"2023003667","2122","1","0","0","0","0","0","0","0","0","7","0","","67","01","2023","2","40.0491","-75.1185","2122","06","0","0","0","0","0","0","0","0","","0","0","0","21","3","0","02","","0","40 02:56.587","","00","75 07:06.632","0","0","0","0","67301","0","0","0","N","0","0","0","1","67301","0","","5","01","","N","N","N","0","","0","0","0","3","3","","2120","0","1","0","0","0","0","0","2","0","1","03","","N","","","","","","","","","","",""
"2023003930","0920","1","0","0","0","0","0","0","0","0","1","0","","67","01","2023","4","40.0595","-75.052","0916","06","0","0","0","0","0","1","0","0","","0","0","0","09","1","1","01","","0","40 03:34.246","","00","75 03:07.165","3","0","0","0","67301","0","0","0","N","0","0","0","3","67301","0","","1","01","","N","N","N","1","","1","0","0","3","2","","0915","1","2","0","0","0","0","0","2","0","2","03","03","N","","","","","","","","","","",""
"2023006916","1830","6","0","0","0","0","0","0","0","0","5","0","","67","01","2023","3","39.9705","-75.1475","1827","06","0","0","0","0","0","0","0","0","","0","0","0","18","3","0","00","N","1","39 58:13.754","4","00","75 08:51.118","0","0","0","0","67301","0","0","0","N","0","0","0","2","67301","0","","6","01","1941","N","N","N","1","","0","0","1","0","0","N","1810","0","8","0","0","0","0","0","2","0","8","03","03","N","","","","","","","","","","",""
"2023006189","0903","0","0","0","0","0","0","0","0","0","7","0","","67","01","2023","4","40.0126","-75.1609","0903","06","0","0","0","0","0","0","0","0","","0","0","0","09","1","1","01","","0","40 00:45.376","","00","75 09:39.277","4","0","0","0","67301","0","0","0","N","0","0","0","1","67301","1","","4","01","","N","N","N","0","","0","0","1","3","2","","0900","1","1","0","0","0","0","0","2","0","1","03","03","N","","","","","","","","","","",""
"2023006540","0700","1","0","0","0","0","0","0","0","0","4","0","","67","01","2023","3","40.0586","-75.2341","0652","06","0","0","0","0","0","1","1","0","","0","0","0","06","1","2","01","","0","40 03:31.083","","00","75 14:02.820","8","0","0","0","67301","0","0","0","N","0","0","0","2","67301","0","","1","01","","N","N","N","0","","0","0","1","3","3","","0650","2","2","0","0","0","2","0","2","0","2","03","03","N","","","","","","","","","","",""
"2023008141","0035","3","0","0","0","0","0","0","0","0","5","0","","67","01","2023","7","39.9005","-75.2055","0015","06","1","0","0","0","0","1","0","0","","0","0","0","00","3","1","00","N","2","39 54:01.929","4","03","75 12:19.927","3","0","0","0","67301","0","0","0","N","0","0","0","7","67301","0","","1","01","0100","N","N","N","0","","1","0","2","0","0","Y","0010","1","6","0","0","0","0","0","2","1","6","03","03","N","","","","","","","","","","",""
"2023005575","0805","1","0","0","0","0","0","0","0","0","4","0","","67","01","2023","3","40.0077","-75.1515","0800","06","0","0","0","0","0","0","0","0","","0","0","0","08","1","0","01","","1","40 00:27.560","2","00","75 09:05.322","0","0","0","0","67301","0","0","0","N","0","0","0","2","67505","0","","1","01","0900","","","N","0","","0","0","1","3","2","N","0800","0","2","0","0","0","0","0","2","0","2","03","03","N","","","","","","","","","","",""
"2023005036","1906","1","0","0","0","0","0","0","0","0","2","0","","67","01","2023","7","39.9336","-75.2287","1906","06","0","0","0","0","0","0","0","0","","0","0","0","19","3","1","00","N","0","39 56:01.072","","00","75 13:43.360","3","0","0","0","67301","0","0","0","N","0","0","0","2","67301","0","","1","01","","N","N","N","0","","1","0","1","0","0","","1906","1","2","0","0","1","0","1","2","0","2","03","03","N","","","","","","","","","","",""
"2023004676","1735","0","0","0","0","0","0","0","0","0","4","0","","67","01","2023","6","40.0379","-75.1395","1731","06","0","0","0","0","0","0","0","0","","0","0","0","17","3","2","01","","0","40 02:16.410","","00","75 08:22.177","3","0","0","0","67301","0","0","0","N","0","0","0","4","67301","0","","1","01","","N","N","N","2","","2","0","0","3","1","","1730","2","2","0","0","0","0","0","2","0","2","03","03","N","","","","","","","","","","",""
"2023006539","1835","0","0","0","0","0","0","0","0","0","4","0","","67","01","2023","4","40.0453","-75.0742","1835","06","0","0","0","0","1","1","0","0","","0","0","0","18","3","0","01","","0","40 02:42.921","","00","75 04:27.238","0","0","0","0","67301","0","0","0","N","0","0","0","2","67301","0","","1","01","","N","N","N","0","","0","0","2","3","3","","1830","0","2","0","0","1","0","0","2","0","2","03","03","N","","","","","","","","","","",""
"2023006922","1941","1","0","0","0","0","0","0","0","0","8","0","","67","01","2023","4","39.9688","-75.1349","1938","06","0","0","0","0","0","0","0","0","","0","0","0","19","3","1","00","N","0","39 58:07.502","","00","75 08:05.728","3","0","0","0","67301","1","0","0","N","1","0","0","2","67301","0","","1","01","","N","N","N","0","","1","0","0","0","0","","1930","1","2","0","0","1","0","0","2","0","1","03","03","N","","","","","","","","","","",""
"2023003271","1143","2","0","0","0","0","0","0","0","0","5","0","","67","01","2023","2","40.0578","-75.1574","0913","06","0","0","0","0","0","0","0","0","","0","0","0","07","1","0","00","N","0","40 03:28.080","","00","75 09:26.720","0","0","0","0","67301","0","0","0","N","0","0","0","1","67301","0","","6","01","","N","N","N","0","","0","0","1","0","0","","0721","0","3","0","0","0","0","0","2","0","3","03","03","N","","","","","","","","","","",""
"2023006311","2036","0","0","0","0","0","0","0","0","0","8","0","","67","01","2023","2","39.9844","-75.1198","2014","06","0","0","0","0","0","0","0","0","","0","0","0","18","3","1","00","N","0","39 59:03.812","","00","75 07:11.419","2","0","0","0","67301","1","0","1","N","1","0","1","3","67301","0","","1","01","","N","N","N","0","","0","1","1","0","0","","1830","1","2","0","0","0","0","0","2","0","1","03","","N","","","","","","","","","","",""
"2023023193","1650","0","0","0","0","0","0","0","0","0","8","0","","67","03","2023","1","40.024","-75.0557","1640","06","0","0","0","0","0","0","0","0","","0","0","0","16","1","1","00","N","0","40 01:26.560","","00","75 03:20.460","3","0","0","0","67301","1","0","0","N","1","0","0","2","67301","0","","1","01","","N","N","N","0","","1","0","1","0","0","","1630","1","2","0","0","1","0","0","2","0","1","03","","N","","","","","","","","","","",""
"2023024325","0812","2","0","0","0","0","0","0","0","0","4","0","","67","03","2023","4","40.0332","-75.1864","0805","06","0","0","0","0","0","1","0","0","","0","0","0","07","1","4","02","","1","40 01:59.640","1","00","75 11:11.074","2","0","0","0","67301","0","0","0","N","0","0","0","4","67301","1","","1","01","0840","N","N","N","0","","1","1","0","0","0","N","0747","4","2","0","0","0","1","0","2","0","2","03","03","N","","","","","","","","","","",""
"2023023205","0855","1","0","0","0","0","0","1","0","0","4","1","","67","02","2023","6","40.0254","-75.1752","0835","06","0","0","0","0","0","1","0","0","","0","0","0","08","1","1","01","","0","40 01:31.598","","00","75 10:30.705","8","0","0","0","67301","0","0","0","N","0","0","0","2","67508","0","","1","01","","N","N","N","0","","0","0","0","3","3","","0830","1","2","0","0","1","1","1","2","0","2","03","03","N","","","","","","","","","","",""
"2023023196","1225","0","0","0","0","0","0","0","0","0","8","0","","67","03","2023","1","39.9972","-75.1193","1225","06","0","0","0","0","0","0","0","0","","0","0","0","12","1","2","02","","1","39 59:49.981","6","00","75 07:09.644","2","0","0","0","67301","2","0","1","N","2","0","1","3","67301","0","","1","01","1300","N","N","N","0","","1","1","1","3","2","Y","1212","2","3","0","0","0","0","0","2","0","1","03","03","N","","","","","","","","","","",""
"2023005378","1746","2","0","0","0","0","0","0","0","0","1","0","","67","01","2023","6","39.9948","-75.0837","1739","06","0","0","0","1","0","0","1","0","","0","0","0","17","3","4","00","N","1","39 59:41.268","1","00","75 05:01.201","4","0","0","0","67301","0","0","0","N","0","0","0","5","68K01","4","","1","01","1802","N","N","N","0","","0","0","1","0","0","N","1736","4","3","0","0","0","0","0","2","0","3","03","03","N","","","","","","","","","","",""
"2023023957","1316","1","0","0","0","0","0","0","0","0","7","0","","67","03","2023","4","39.9903","-75.0867","1254","06","0","0","0","0","0","1","0","0","","0","0","0","12","1","1","00","N","1","39 59:25.225","1","00","75 05:12.233","8","0","0","0","67301","0","0","0","N","0","0","0","1","68K01","0","","4","01","1350","N","N","N","0","","0","0","0","0","0","N","1248","1","1","0","0","1","1","0","2","0","1","03","03","N","","","","","","","","","","",""
"2023022654","2215","1","0","0","0","0","0","0","0","0","1","0","","67","03","2023","5","39.9084","-75.1933","2211","06","0","0","0","0","0","0","0","0","","0","0","0","22","3","1","00","N","0","39 54:30.262","","00","75 11:35.991","3","0","0","0","67301","0","0","0","N","0","0","0","2","67301","0","","1","01","","N","N","N","0","","1","0","1","0","0","","2210","1","2","0","0","0","0","0","2","0","2","03","03","N","","","","","","","","","","",""
"2023003534","0001","1","0","0","0","0","0","0","0","0","5","0","","67","01","2023","1","39.9632","-75.2222","2354","06","0","0","0","0","0","0","0","0","","0","0","0","20","3","0","00","N","0","39 57:47.340","","00","75 13:19.920","9","0","0","0","67301","0","0","0","N","0","0","0","1","67301","0","","6","01","","N","N","N","0","","0","0","1","0","0","","2020","0","2","0","0","0","0","1","2","0","2","03","","N","","","","","","","","","","",""
"2023007857","1751","1","0","0","0","0","0","0","0","0","8","0","","67","01","2023","7","40.0136","-75.0685","1751","06","1","0","0","0","0","0","0","0","","0","0","0","17","3","1","05","","0","40 00:48.913","","00","75 04:06.725","3","0","0","0","67301","1","0","0","N","1","0","0","2","67301","0","","1","01","","N","N","N","0","","1","0","0","3","2","","1745","1","2","0","0","0","0","0","2","0","1","03","03","N","","","","","","","","","","",""
"2023023052","1910","2","0","0","0","0","0","0","0","0","2","0","","67","03","2023","7","40.0147","-75.2058","1902","06","0","0","0","0","0","1","1","0","","0","0","0","18","3","2","02","","0","40 00:53.329","","00","75 12:22.905","3","0","0","0","67301","0","0","0","N","0","0","0","8","67301","1","","1","01","","N","N","N","0","","1","0","0","0","0","","1855","2","2","0","0","0","0","1","2","0","2","03","03","N","","","","","","","","","","",""
"2023007172","1022","2","0","0","0","0","0","0","0","0","4","0","","67","01","2023","5","39.9674","-75.2457","1022","06","0","0","0","0","0","0","0","0","","0","0","0","10","1","3","01","","0","39 58:02.462","","00","75 14:44.658","3","0","0","0","67301","0","0","0","N","0","0","0","3","67301","0","","1","09","","N","N","N","1","","3","0","2","3","2","","1021","3","5","0","0","0","0","0","2","0","5","07","07","N","","","","","","","","","","",""
"2023005844","0745","0","0","0","0","0","0","0","0","0","4","0","","67","01","2023","3","40.0631","-75.0866","0736","06","0","0","0","0","0","0","0","0","","0","0","0","07","1","0","02","","0","40 03:47.032","","07","75 05:11.714","0","0","0","0","67301","0","0","0","N","0","0","0","2","67301","0","","1","01","","N","N","N","0","","0","0","2","3","1","","0726","0","2","0","0","0","0","0","2","0","2","03","03","N","","","","","","","","","","",""
"2023007777","0021","1","0","0","0","0","0","0","0","0","7","0","","67","01","2023","1","40.0271","-75.0259","0021","06","0","0","0","0","0","0","0","0","","0","0","0","23","3","1","00","N","0","40 01:37.630","","00","75 01:33.074","3","0","0","0","67301","0","0","0","N","0","0","0","2","68K01","0","","3","09","","N","N","N","0","","1","0","0","0","0","","2331","1","1","0","0","0","0","0","2","0","1","07","","N","","","","","","","","","","",""
"2023006915","0600","1","0","0","0","0","0","0","0","0","5","0","","67","01","2023","3","39.9829","-75.1422","0551","06","0","0","0","0","0","2","0","0","","0","0","0","05","3","0","00","N","0","39 58:58.590","","00","75 08:31.890","0","0","0","0","67301","0","0","0","N","0","0","0","2","67301","0","","1","01","","N","N","N","0","","0","0","1","0","0","","0545","0","3","0","0","0","0","0","2","1","3","03","03","N","","","","","","","","","","",""
"2023005960","1645","3","0","0","0","0","0","0","0","0","4","0","","67","01","2023","2","39.9505","-75.2391","1645","06","0","0","0","0","0","0","0","0","","0","0","0","16","1","2","01","","2","39 57:01.659","6","00","75 14:20.864","3","0","0","0","67301","0","0","0","N","0","0","0","3","67301","0","","1","01","0652","N","N","N","0","","1","0","1","3","3","Y","1645","2","4","0","0","1","1","0","2","0","4","03","03","N","","","","","","","","","","",""
"2023004221","1037","1","0","0","0","0","0","0","0","0","1","0","","67","01","2023","4","40.037","-75.0557","1029","06","0","0","0","0","0","0","0","0","","0","0","0","06","5","0","00","N","0","40 02:13.230","","00","75 03:20.470","0","0","0","0","67301","0","0","0","N","0","0","0","1","67301","0","","6","01","","N","N","N","1","","0","0","0","0","0","","0644","0","2","0","0","1","0","0","2","0","2","03","03","N","","","","","","","","","","",""
"2023023625","1347","2","0","0","0","0","0","0","0","0","5","0","","67","03","2023","7","39.9989","-75.1568","1342","06","0","0","0","0","0","1","0","0","","0","0","0","13","1","0","01","","0","39 59:56.165","","00","75 09:24.476","0","0","0","0","67301","0","0","0","N","0","0","0","2","67301","0","","1","01","","N","N","N","0","","0","0","0","3","3","","1318","0","2","0","0","2","0","0","2","0","2","03","","N","","","","","","","","","","",""
"2023024786","0858","1","0","0","0","0","0","0","0","0","8","0","","67","03","2023","5","39.9235","-75.2271","0857","06","0","0","0","0","0","0","0","0","","0","0","0","08","1","1","00","N","0","39 55:24.630","","00","75 13:37.480","3","0","0","0","67301","1","0","0","N","1","0","0","2","67301","0","","1","01","","N","Y","N","0","","1","0","0","0","0","","0856","1","2","0","0","0","0","0","2","0","1","03","03","N","","","","","","","","","","",""
"2023023505","0522","0","0","0","0","0","0","0","0","0","4","0","","67","03","2023","1","40.0452","-75.1254","0519","06","0","0","0","0","0","0","0","0","","0","0","0","04","3","0","00","N","0","40 02:42.856","","00","75 07:31.451","9","0","0","0","67301","0","0","0","N","0","0","0","1","67301","0","","1","01","","N","N","N","0","","0","0","2","0","0","","0456","0","2","0","0","1","0","1","2","0","2","03","03","N","","","","","","","","","","",""
"2023006186","0325","0","0","0","0","0","0","0","0","0","8","0","","67","01","2023","4","39.9455","-75.2413","0312","06","0","0","0","0","0","0","0","0","","0","0","0","02","3","1","00","N","0","39 56:43.821","","00","75 14:28.583","3","0","0","0","67301","1","0","0","N","1","0","0","2","67301","0","","1","01","","N","N","N","0","","1","0","0","0","0","","0215","1","2","0","0","0","0","0","2","0","1","03","","N","","","","","","","","","","",""
"2023022668","0312","0","0","0","0","0","0","0","0","0","1","0","","67","03","2023","6","40.0019","-75.1555","0309","06","0","0","0","0","0","0","0","0","","0","0","0","03","3","0","00","N","2","40 00:06.945","6","00","75 09:19.793","9","0","0","0","67301","0","0","0","N","0","0","0","1","67301","0","","1","01","0420","N","N","N","0","","0","0","2","0","0","Y","0308","0","2","0","0","0","0","1","2","0","2","03","","N","","","","","","","","","","",""
"2023023959","0640","1","0","0","0","0","0","0","0","0","7","0","","67","03","2023","7","39.9604","-75.181","0640","06","0","0","0","0","0","0","0","0","","0","0","0","06","1","1","00","N","0","39 57:37.337","","02","75 10:51.682","3","0","0","0","67301","0","0","0","N","0","0","0","1","68K01","0","","4","09","","N","N","N","0","","1","0","0","0","0","","0640","1","1","0","0","0","0","0","2","0","1","03","","N","","","","","","","","","","",""
"2023003135","0405","1","0","0","0","0","0","0","0","0","2","0","","67","01","2023","7","40.0645","-75.1988","0403","06","0","0","0","0","0","0","0","0","","0","0","0","03","3","1","00","N","0","40 03:52.030","","00","75 11:55.540","8","0","0","0","67301","0","0","0","N","0","0","0","2","67301","0","","1","01","","N","N","N","0","","0","0","1","0","0","","0328","1","2","0","0","0","1","0","2","0","2","03","03","N","","","","","","","","","","",""
"2023004820","1447","1","0","0","0","0","0","0","0","0","5","0","","67","01","2023","5","40.0097","-75.1511","1447","06","0","0","0","0","1","0","1","0","","0","0","0","14","1","1","00","N","0","40 00:35.074","","00","75 09:04.131","3","0","0","0","67301","0","0","0","N","0","0","0","2","67301","0","","1","01","","N","N","N","0","","1","0","1","0","0","","1447","1","2","0","0","0","0","0","2","0","2","03","03","N","","","","","","","","","","",""
"2023003664","1625","0","0","0","1","0","0","0","0","0","1","0","","67","01","2023","1","39.9931","-75.1479","1625","06","0","0","0","0","0","0","0","0","","0","0","0","16","1","1","01","","0","39 59:35.083","","00","75 08:52.393","8","0","0","0","67301","1","0","0","N","0","0","0","2","67301","0","","1","01","","N","N","N","0","","0","0","0","3","2","","1630","1","2","0","0","0","1","0","2","0","1","03","","N","","","","","","","","","","",""
"2023007861","0445","2","0","0","0","0","0","0","0","0","4","0","","67","01","2023","4","40.015","-75.0935","0438","06","0","0","0","0","0","0","1","0","","0","0","0","04","3","0","01","","0","40 00:54.118","","00","75 05:36.430","9","0","0","0","67301","0","0","0","N","0","0","0","2","67301","0","","1","01","","N","N","N","0","","0","0","0","3","3","","0410","0","2","0","0","0","0","1","2","0","2","03","","N","","","","","","","","","","",""
"2023005965","1820","0","0","0","0","0","0","0","0","0","8","0","","67","01","2023","6","39.9793","-75.2462","1815","06","0","0","0","0","0","0","0","0","","0","0","0","18","3","1","00","N","0","39 58:45.588","","00","75 14:46.491","3","0","0","0","67301","1","0","0","N","1","0","0","2","67301","0","","1","01","","N","N","N","0","","1","0","1","0","0","","1812","1","2","0","0","0","0","0","2","0","1","03","","N","","","","","","","","","","",""
"2023023876","0545","1","0","0","0","0","0","0","0","0","5","1","","67","03","2023","2","40.0286","-75.0953","0530","06","0","0","0","0","0","0","0","0","","0","1","0","05","3","0","00","N","1","40 01:42.920","1","00","75 05:43.040","0","0","0","0","67301","0","0","0","N","0","0","0","1","67301","0","","6","09","0706","N","N","N","0","","0","0","0","0","0","N","0517","0","2","0","0","0","0","0","2","0","2","07","","N","","","","","","","","","","",""
"2023005422","1145","0","0","0","0","0","0","0","0","0","4","0","","67","01","2023","7","39.9324","-75.2246","1140","06","0","0","0","0","0","0","0","0","","0","0","0","11","1","0","01","","0","39 55:56.749","","00","75 13:28.517","0","0","0","0","67301","0","0","0","N","0","0","0","4","67301","0","","1","01","","N","N","N","0","","0","0","2","3","2","","1140","0","2","0","0","2","0","0","2","0","2","03","04","N","","","","","","","","","","",""
"2023006579","2023","1","0","0","0","0","0","0","0","0","7","0","","67","01","2023","5","39.9052","-75.1293","2019","06","0","0","0","0","0","0","0","0","","0","0","0","20","3","0","00","N","2","39 54:18.540","3","03","75 07:45.500","9","0","0","0","67301","0","0","0","N","0","0","0","1","67501","0","","4","09","2056","N","N","N","0","","0","0","0","3","8","N","2019","0","1","0","0","0","0","1","1","0","1","07","","N","","","","","","","","","","",""
"2023004200","0902","1","0","0","0","0","0","0","0","0","1","0","","67","01","2023","3","39.9591","-75.1717","0850","06","0","0","0","0","0","0","0","0","","0","0","0","08","1","1","00","N","0","39 57:32.758","","00","75 10:18.112","4","0","0","0","67301","0","0","0","N","0","0","0","4","68K01","1","","1","01","","N","N","N","0","","0","0","2","0","0","","0845","1","3","0","0","0","0","0","2","0","3","03","","N","","","","","","","","","","",""
"2023023567","1514","1","0","0","0","0","0","0","0","0","1","0","","67","02","2023","3","39.8995","-75.1636","1514","06","0","0","0","0","0","0","0","0","","0","0","0","15","1","0","00","N","1","39 53:58.277","1","00","75 09:48.835","0","0","0","0","67301","0","0","0","N","0","0","0","4","68K01","0","","1","01","1520","N","N","N","0","","0","0","1","0","0","N","1513","0","2","0","0","0","0","0","2","0","2","03","","N","","","","","","","","","","",""
"2023006543","1756","1","0","0","0","0","0","0","0","0","5","0","","67","01","2023","4","40.0116","-75.1331","1753","06","0","0","1","0","0","0","0","0","","0","0","0","17","3","1","00","N","0","40 00:41.880","","00","75 07:59.260","3","0","0","0","67301","0","0","0","N","0","0","0","2","67301","0","","1","01","","N","N","N","0","","1","0","1","0","0","","1751","1","2","0","0","2","0","0","2","0","2","03","03","N","","","","","","","","","","",""
"2023004887","2200","1","0","0","0","0","0","0","0","0","8","0","","67","01","2023","6","40.0889","-74.9694","2152","06","0","0","0","0","0","1","0","0","","0","0","0","15","1","1","00","N","0","40 05:19.875","","07","74 58:09.971","3","0","0","0","67301","1","0","0","N","1","0","0","2","67301","0","","1","01","","N","N","N","0","","1","0","0","3","2","","1500","1","2","0","0","0","0","0","2","0","1","04","04","N","","","","","","","","","","",""
"2023009554","1533","1","0","0","0","0","0","0","0","0","1","0","","67","01","2023","2","39.963","-75.1837","1524","06","0","0","0","0","0","1","0","0","","0","0","0","15","1","0","00","N","0","39 57:46.679","","00","75 11:01.305","0","0","0","0","67301","0","0","0","N","0","0","0","3","68K01","0","","1","01","","N","N","N","0","","0","0","1","0","0","","1520","0","3","0","0","0","0","0","2","1","3","03","","N","","","","","","","","","","",""
"2023005551","1955","1","0","0","0","0","0","0","0","0","7","0","","67","01","2023","1","39.9548","-75.1528","1953","06","0","0","0","0","0","0","0","0","","0","0","0","19","3","1","00","N","0","39 57:17.150","","00","75 09:10.090","3","0","0","0","67301","0","0","0","N","0","0","0","1","67301","0","","4","01","","N","N","N","0","","1","0","0","0","0","","1952","1","1","0","0","0","0","0","2","0","1","03","03","N","","","","","","","","","","",""
"2023004890","1345","1","0","0","0","0","0","0","0","0","4","0","","67","01","2023","5","39.958","-75.2335","1345","06","0","0","0","0","0","0","0","1","","0","0","0","13","1","2","01","","1","39 57:28.631","4","00","75 14:00.617","3","0","0","0","67301","0","0","0","N","0","0","0","5","67301","0","","1","01","1432","N","N","N","0","","2","0","1","3","2","N","1338","2","2","0","0","0","0","0","2","0","2","04","","N","","","","","","","","","","",""
"2023023421","0224","1","0","0","0","0","0","0","0","0","7","0","","67","03","2023","7","40.0288","-75.0231","0210","06","0","0","0","0","1","0","0","0","","0","0","0","02","3","0","00","N","0","40 01:43.781","","00","75 01:23.246","0","0","0","0","67301","0","0","0","N","0","0","0","3","68K01","0","","4","09","","N","N","N","0","","0","0","0","0","0","","0206","0","1","0","0","0","0","0","2","0","1","07","","N","","","","","","","","","","",""
"2023004558","1930","2","0","0","0","0","0","0","0","0","1","0","","67","01","2023","2","40.0261","-75.0966","1920","06","0","0","0","0","0","0","0","0","","0","0","0","19","4","1","01","","1","40 01:34.231","1","00","75 05:48.940","8","0","0","0","67301","0","0","0","N","0","0","0","3","67301","0","","1","01","0025","N","N","N","0","","0","0","1","3","2","N","1917","1","3","0","0","1","1","1","2","0","3","03","03","N","","","","","","","","","","",""
"2023003659","1808","1","0","0","0","0","0","0","0","0","2","0","","67","01","2023","2","39.9515","-75.2226","1808","06","0","1","0","0","0","0","0","0","","0","0","0","18","3","0","01","","0","39 57:05.475","","00","75 13:21.442","0","0","0","0","67301","0","0","0","N","0","0","0","2","67301","0","","1","01","","N","N","N","0","","0","0","1","3","3","","1805","0","2","0","0","0","0","0","2","0","2","03","03","N","","","","","","","","","","",""
"2023019511","1651","1","0","0","0","0","0","0","0","0","7","0","","67","01","2023","1","39.9389","-75.2103","1626","06","0","0","0","0","0","0","0","0","","0","0","0","05","6","0","00","N","0","39 56:19.892","","00","75 12:37.116","0","0","0","0","67301","0","0","0","N","0","0","0","1","67301","0","","5","99","","N","N","N","0","","0","0","0","0","0","","0517","0","1","0","0","1","0","0","2","0","1","03","03","N","","","","","","","","","","",""
"2023005428","1423","1","0","0","0","0","0","0","0","0","4","0","","67","01","2023","1","39.9881","-75.1575","1421","06","0","0","0","0","0","2","0","0","","0","0","0","13","1","1","01","","0","39 59:17.105","","00","75 09:27.231","4","0","0","0","67301","0","0","0","N","0","0","0","2","67301","1","","1","01","","N","N","N","0","","0","0","1","3","2","","1330","1","2","0","0","1","0","0","2","0","2","03","03","N","","","","","","","","","","",""
"2023009643","1045","0","0","0","0","0","0","0","0","0","4","0","","67","01","2023","4","40.0264","-75.1172","1041","06","0","0","1","0","0","0","0","0","","0","0","0","10","1","2","01","","0","40 01:34.996","","00","75 07:01.756","4","0","0","0","67301","0","0","0","N","0","0","0","2","67301","2","","1","01","","N","N","N","0","","0","0","1","3","2","","1028","2","2","0","0","0","0","0","2","1","2","03","03","N","","","","","","","","","","",""
"2023024552","0820","2","0","0","0","0","0","0","0","0","4","0","","67","03","2023","5","40.0314","-75.1524","0815","06","0","0","0","0","0","0","0","0","","0","0","0","07","1","3","01","","0","40 01:53.011","","00","75 09:08.560","4","0","0","0","67301","0","0","0","N","0","0","0","4","67301","3","","1","01","","N","N","N","0","","0","0","0","3","2","","0740","3","2","0","0","0","0","0","2","0","2","03","","N","","","","","","","","","","",""