"CRN","ARRIVAL_TM","AUTOMOBILE_COUNT","BELTED_DEATH_COUNT","BELTED_SUSP_SERIOUS_INJ_COUNT","BICYCLE_COUNT","BICYCLE_DEATH_COUNT","BICYCLE_SUSP_SERIOUS_INJ_COUNT","BUS_COUNT","CHLDPAS_DEATH_COUNT","CHLDPAS_SUSP_SERIOUS_INJ_COUNT","COLLISION_TYPE","COMM_VEH_COUNT","CONS_ZONE_SPD_LIM","COUNTY","CRASH_MONTH","CRASH_YEAR","DAY_OF_WEEK","DEC_LAT","DEC_LONG","DISPATCH_TM","DISTRICT","DRIVER_COUNT_16YR","DRIVER_COUNT_17YR","DRIVER_COUNT_18YR","DRIVER_COUNT_19YR","DRIVER_COUNT_20YR","DRIVER_COUNT_50_64YR","DRIVER_COUNT_65_74YR","DRIVER_COUNT_75PLUS","EST_HRS_CLOSED","FATAL_COUNT","HEAVY_TRUCK_COUNT","HORSE_BUGGY_COUNT","HOUR_OF_DAY","ILLUMINATION","INJURY_COUNT","INTERSECT_TYPE","INTERSECTION_RELATED","LANE_CLOSED","LATITUDE","LN_CLOSE_DIR","LOCATION_TYPE","LONGITUDE","MAX_SEVERITY_LEVEL","MCYCLE_DEATH_COUNT","MCYCLE_SUSP_SERIOUS_INJ_COUNT","MOTORCYCLE_COUNT","MUNICIPALITY","NONMOTR_COUNT","NONMOTR_DEATH_COUNT","NONMOTR_SUSP_SERIOUS_INJ_COUNT","NTFY_HIWY_MAINT","PED_COUNT","PED_DEATH_COUNT","PED_SUSP_SERIOUS_INJ_COUNT","PERSON_COUNT","POLICE_AGCY","POSSIBLE_INJ_COUNT","RDWY_SURF_TYPE_CD","RELATION_TO_ROAD","ROAD_CONDITION","ROADWAY_CLEARED","SCH_BUS_IND","SCH_ZONE_IND","SECONDARY_CRASH","SMALL_TRUCK_COUNT","SPEC_JURIS_CD","SUSP_MINOR_INJ_COUNT","SUSP_SERIOUS_INJ_COUNT","SUV_COUNT","TCD_FUNC_CD","TCD_TYPE","TFC_DETOUR_IND","TIME_OF_DAY","TOT_INJ_COUNT","TOTAL_UNITS","UNB_DEATH_COUNT","UNB_SUSP_SERIOUS_INJ_COUNT","UNBELTED_OCC_COUNT","UNK_INJ_DEG_COUNT","UNK_INJ_PER_COUNT","URBAN_RURAL","VAN_COUNT","VEHICLE_COUNT","WEATHER1","WEATHER2","WORK_ZONE_IND","WORK_ZONE_LOC","WORK_ZONE_TYPE","WORKERS_PRES","WZ_CLOSE_DETOUR","WZ_FLAGGER","WZ_LAW_OFFCR_IND","WZ_LN_CLOSURE","WZ_MOVING","WZ_OTHER","WZ_SHLDER_MDN","WZ_WORKERS_INJ_KILLED"
"2023005038","2119","0","0","0","0","0","0","0","0","0","8","0","","67","01","2023","7","40.0354","-75.1328","2119","06","0","0","0","0","0","0","1","0","","0","0","0","20","3","1","01","","0","40 02:07.263","","00","75 07:57.982","3","0","0","0","67301","1","0","0","N","1","0","0","2","67301","0","","1","01","","N","N","N","0","","1","0","0","3","3","","2054","1","2","0","0","0","0","0","2","1","1","03","","N","","","","","","","","","","",""
"2023007077","1514","0","0","0","0","0","0","0","0","0","7","0","","67","01","2023","6","40.0363","-75.1086","1506","06","0","0","0","0","0","0","0","0","","0","0","0","15","1","1","00","N","0","40 02:10.743","","00","75 06:30.989","3","0","0","0","67301","0","0","0","N","0","0","0","2","67301","0","","5","01","","N","N","N","1","","1","0","0","0","0","","1505","1","1","0","0","0","0","0","2","0","1","03","03","N","","","","","","","","","","",""
"2023008143","1823","1","0","0","0","0","0","0","0","0","4","0","","67","01","2023","5","40.039","-75.0464","1811","06","0","0","0","0","0","0","0","0","","0","0","0","18","3","0","01","","2","40 02:20.270","5","00","75 02:47.014","9","0","0","0","67301","0","0","0","N","0","0","0","4","67301","0","","1","01","2012","N","N","N","0","","0","0","1","3","3","Y","1803","0","2","0","0","0","0","2","2","0","2","04","04","N","","","","","","","","","","",""
"2023011592","1041","1","0","0","0","0","0","0","0","0","4","1","","67","02","2023","6","39.9554","-75.148","1040","06","0","0","0","0","0","0","0","0","","0","1","0","10","1","0","03","","0","39 57:19.370","","02","75 08:52.644","0","0","0","0","67301","0","0","0","N","0","0","0","2","67501","0","","1","01","","N","N","N","0","","0","0","0","0","0","","1036","0","2","0","0","0","0","0","2","0","2","03","03","N","","","","","","","","","","",""
"2023004011","2021","0","0","0","0","0","0","0","0","0","8","0","","67","01","2023","2","39.9145","-75.1536","2015","06","0","0","0","0","0","0","0","0","","0","0","0","18","3","1","00","N","0","39 54:52.174","","07","75 09:13.003","8","0","0","0","67301","1","0","0","N","1","0","0","1","67301","0","","1","01","","N","N","N","0","","0","0","0","0","0","","1840","1","2","0","0","0","1","0","2","0","1","03","","N","","","","","","","","","","",""
"2023009296","1235","1","0","0","0","0","0","0","0","0","7","0","","67","01","2023","5","40.0517","-75.067","1225","06","0","0","0","0","0","0","0","0","","0","0","0","23","3","0","00","N","0","40 03:06.173","","00","75 04:01.367","9","0","0","0","67301","0","0","0","N","0","0","0","1","67301","0","","5","09","","N","N","N","0","","0","0","0","0","0","","2330","0","1","0","0","0","0","1","2","0","1","07","","N","","","","","","","","","","",""
"2023006914","1740","2","0","0","0","0","0","0","0","0","4","0","","67","01","2023","2","39.9705","-75.1481","1730","06","0","0","0","0","0","0","0","0","","0","0","0","17","3","0","01","","1","39 58:13.819","1","00","75 08:53.332","0","0","0","0","67301","0","0","0","N","0","0","0","2","67301","0","","1","01","1815","N","N","N","0","","0","0","0","3","2","N","1712","0","2","0","0","0","0","0","2","0","2","03","03","N","","","","","","","","","","",""
"2023007156","1257","0","0","0","0","0","0","0","0","0","1","0","","67","01","2023","7","40.0255","-75.0288","1248","06","0","0","0","0","0","0","0","0","","0","0","0","12","1","0","00","N","0","40 01:31.869","","00","75 01:43.571","0","0","0","0","67301","0","0","0","N","0","0","0","2","68K01","0","","1","01","","N","N","N","0","","0","0","2","0","0","","1242","0","2","0","0","0","0","0","2","0","2","04","04","N","","","","","","","","","","",""
"2023009032","1219","0","0","0","0","0","0","0","0","0","5","0","","67","01","2023","2","39.9995","-75.1952","1217","06","0","0","0","0","0","0","0","0","","0","0","0","12","1","0","00","N","1","39 59:58.283","4","00","75 11:42.659","9","0","0","0","67301","0","0","0","N","0","0","0","2","68K01","0","","1","01","1239","N","N","N","0","","0","0","1","0","0","N","1214","0","2","0","0","0","0","1","2","0","2","03","","N","","","","","","","","","","",""
"2023007169","1058","1","0","0","0","0","0","0","0","0","5","1","","67","01","2023","2","39.9841","-75.2153","1052","06","0","0","0","0","0","2","0","0","","0","1","0","10","1","0","00","N","0","39 59:02.879","","00","75 12:54.921","0","0","0","0","67301","0","0","0","N","0","0","0","4","67301","0","","1","01","","N","N","N","0","","0","0","1","0","0","","1049","0","4","0","0","1","0","0","2","1","4","03","03","N","","","","","","","","","","",""
"2023008945","0405","1","0","1","0","0","0","0","0","0","7","0","","67","01","2023","2","39.8783","-75.2511","0356","06","0","0","0","0","0","0","0","0","","0","0","0","03","3","1","06","","0","39 52:41.775","","08","75 15:03.845","2","0","0","0","67301","0","0","0","N","0","0","0","1","67301","0","","2","09","","N","N","N","0","","0","1","0","0","0","","0355","1","1","0","0","0","0","0","2","0","1","07","07","N","","","","","","","","","","",""
"2023009026","0216","1","0","0","0","0","0","0","0","0","7","0","","67","01","2023","1","39.9832","-75.0987","0206","06","0","0","0","0","0","0","0","0","","0","0","0","02","3","1","06","","1","39 58:59.403","2","02","75 05:55.361","4","0","0","0","67301","0","0","0","N","0","0","0","1","68K01","1","","4","09","0245","N","N","N","0","","0","0","0","0","0","N","0202","1","1","0","0","0","0","0","2","0","1","03","","N","","","","","","","","","","",""
"2023015977","0009","0","0","0","0","0","0","0","0","0","7","0","","67","02","2023","7","39.9931","-75.2266","2345","06","0","0","0","0","0","0","1","0","","0","0","0","23","3","0","02","","0","39 59:35.289","","00","75 13:35.666","0","0","0","0","67301","0","0","0","N","0","0","0","1","67301","0","","5","01","","N","N","N","0","","0","0","1","0","0","","2320","0","1","0","0","0","0","0","2","0","1","04","","N","","","","","","","","","","",""
"2023003535","0211","2","0","0","0","0","0","0","0","0","4","0","","67","01","2023","2","39.993","-75.184","0204","06","0","0","0","0","0","0","0","0","","0","0","0","01","3","0","00","N","0","39 59:34.940","","00","75 11:02.310","9","0","0","0","67301","0","0","0","N","0","0","0","1","67301","0","","1","01","","N","N","N","0","","0","0","0","3","2","","0158","0","2","0","0","0","0","1","2","0","2","03","03","N","","","","","","","","","","",""
"2023007166","1519","0","0","0","0","0","0","0","0","0","8","1","","67","01","2023","3","39.9777","-75.2264","1519","06","0","0","0","0","0","0","0","0","","0","1","0","17","2","1","02","","0","39 58:39.829","","00","75 13:35.313","2","0","0","0","67301","1","0","1","N","1","0","1","2","67301","0","","1","01","","N","N","N","0","","0","1","0","0","0","","1700","1","2","0","0","1","0","0","2","0","1","03","03","N","","","","","","","","","","",""
"2023007790","0611","2","0","0","0","0","0","0","0","0","5","0","","67","01","2023","6","40.0132","-75.0581","0538","06","0","0","0","0","0","1","0","0","","0","0","0","05","3","0","00","N","0","40 00:47.523","","00","75 03:29.034","9","0","0","0","67301","0","0","0","N","0","0","0","3","68K01","0","","1","09","","N","N","N","1","","0","0","0","0","0","","0534","0","3","0","0","0","0","1","2","0","3","07","07","N","","","","","","","","","","",""
"2023007786","0800","1","0","0","0","0","0","0","0","0","4","0","","67","01","2023","5","39.947","-75.142","0754","06","0","1","0","0","0","0","0","0","","0","0","0","07","1","1","00","N","0","39 56:49.277","","00","75 08:31.275","3","0","0","0","67301","0","0","0","N","0","0","0","2","68K01","0","","1","09","","N","N","N","0","","1","0","1","0","0","","0753","1","2","0","0","0","0","0","2","0","2","07","07","N","","","","","","","","","","",""
"2023007400","1750","1","0","0","0","0","0","0","0","0","1","0","","67","01","2023","1","39.9447","-75.1913","1737","06","0","0","0","1","0","0","1","0","","0","0","0","17","3","0","06","","1","39 56:40.988","4","02","75 11:28.802","0","0","0","0","67301","0","0","0","N","0","0","0","2","68K01","0","","1","09","1840","N","N","N","0","","0","0","1","3","4","N","1729","0","2","0","0","0","0","0","2","0","2","07","","N","","","","","","","","","","",""
"2023007795","1301","1","0","0","0","0","0","0","0","0","1","0","","67","01","2023","7","40.0098","-75.2061","1257","06","0","0","0","0","0","1","0","0","","0","0","0","12","1","0","00","N","0","40 00:35.320","","00","75 12:21.807","0","0","0","0","67301","0","0","0","N","0","0","0","3","68K01","0","","1","01","","N","N","N","0","","0","0","1","0","0","","1254","0","2","0","0","0","0","0","2","0","2","03","","N","","","","","","","","","","",""
"2023014218","0208","0","0","0","0","0","0","0","0","0","7","0","","67","02","2023","6","40.1226","-75.0138","0203","06","0","0","0","0","0","0","0","0","","0","0","0","02","3","0","00","N","0","40 07:21.400","","00","75 00:49.510","9","0","0","0","67301","0","0","0","N","0","0","0","1","67301","0","","5","01","","N","N","N","1","","0","0","0","0","0","","0200","0","1","0","0","0","0","1","2","0","1","03","03","N","","","","","","","","","","",""
"2023003652","1732","1","0","0","0","0","0","0","0","0","8","0","","67","01","2023","2","39.9435","-75.1488","1730","06","0","0","0","0","0","0","0","0","","0","0","0","17","3","1","01","","0","39 56:36.662","","00","75 08:55.519","3","0","0","0","67301","1","0","0","N","1","0","0","2","67301","0","","1","01","","N","N","N","0","","1","0","0","3","2","","1728","1","2","0","0","0","0","0","2","0","1","03","03","N","","","","","","","","","","",""
"2023007081","1428","1","0","0","1","0","0","0","0","0","8","0","","67","01","2023","6","39.95","-75.2234","1424","06","0","0","0","0","0","0","0","0","","0","0","0","14","1","1","00","N","0","39 57:00.130","","00","75 13:24.200","8","0","0","0","67301","1","0","0","N","0","0","0","2","67301","0","","1","01","","N","N","N","0","","0","0","0","0","0","","1422","1","2","0","0","1","1","0","2","0","1","03","","N","","","","","","","","","","",""
"2023015455","1600","1","0","0","0","0","0","0","0","0","8","0","","67","02","2023","3","40.045","-75.0551","1553","06","0","0","0","0","0","0","0","0","","0","0","0","15","1","1","00","N","0","40 02:41.951","","00","75 03:18.468","3","0","0","0","67301","1","0","0","N","1","0","0","2","67301","0","","5","01","","N","N","N","0","","1","0","0","0","0","","1551","1","2","0","0","0","0","0","2","0","1","03","","N","","","","","","","","","","",""
"2023003608","0744","1","0","0","0","0","0","0","0","0","7","0","","67","01","2023","1","40.0387","-75.0096","0733","06","0","0","0","0","0","0","0","0","","0","0","0","07","1","0","00","N","2","40 02:19.150","2","00","75 00:34.560","0","0","0","0","67301","0","0","0","N","0","0","0","1","68K01","0","","4","09","0815","N","N","Y","0","","0","0","0","0","0","N","0727","0","1","0","0","0","0","0","2","0","1","03","","N","","","","","","","","","","",""
"2023009031","0338","1","0","0","0","0","0","0","0","0","7","0","","67","01","2023","1","40.0017","-75.195","0338","06","0","0","0","0","0","0","0","0","","0","0","0","03","3","0","00","N","0","40 00:06.136","","00","75 11:41.820","0","0","0","0","67301","0","0","0","N","0","0","0","3","68K01","0","","4","09","","N","N","N","0","","0","0","1","0","0","","0338","0","2","0","0","0","0","0","2","0","2","03","","N","","","","","","","","","","",""
"2023009301","2055","0","0","0","0","0","0","0","0","0","8","0","","67","01","2023","2","39.9566","-75.2317","2047","06","0","0","0","0","0","0","0","0","","0","0","0","22","3","1","01","","9","39 57:23.587","","00","75 13:54.001","2","0","0","0","67301","1","0","1","N","1","0","1","1","67301","0","","1","01","","N","N","N","0","","0","1","0","3","2","","2200","1","2","0","0","0","0","0","2","0","1","03","04","N","","","","","","","","","","",""
"2023008673","0002","1","0","0","0","0","0","0","0","0","7","0","","67","01","2023","3","40.037","-75.2197","2354","06","0","0","0","0","0","0","0","0","","0","0","0","23","3","1","00","N","2","40 02:13.287","1","00","75 13:11.047","3","0","0","0","67301","0","0","0","N","0","0","0","2","67301","0","","4","01","0152","N","N","N","0","","1","0","0","0","0","N","2352","1","1","0","0","0","0","0","2","0","1","03","","N","","","","","","","","","","",""
"2023007435","1825","1","0","0","0","0","0","0","0","0","4","0","","67","01","2023","6","39.9955","-75.1541","1815","06","0","0","0","0","0","0","0","0","","0","0","0","17","3","1","01","","0","39 59:43.943","","00","75 09:15.350","3","0","0","0","67301","0","0","0","N","0","0","0","2","67301","0","","1","01","","N","N","N","0","","1","0","1","3","2","","1745","1","2","0","0","0","0","1","2","0","2","03","","N","","","","","","","","","","",""
"2023007796","0547","1","0","0","0","0","0","0","0","0","7","0","","67","01","2023","1","40.0207","-75.0423","0538","06","0","0","0","0","0","0","0","0","","0","0","0","05","3","1","00","N","0","40 01:14.506","","00","75 02:32.242","3","0","0","0","67301","0","0","0","N","0","0","0","1","68K01","0","","2","01","","N","N","N","0","","1","0","0","0","0","","0524","1","1","0","0","0","0","0","2","0","1","03","","N","","","","","","","","","","",""
"2023007854","1352","0","0","0","0","0","0","0","0","0","7","0","","67","01","2023","2","40.0719","-75.1852","1321","06","0","0","0","0","0","0","0","0","","0","0","0","13","1","0","00","N","0","40 04:18.840","","07","75 11:06.720","0","0","0","0","67301","0","0","0","N","0","0","0","1","67301","0","","5","09","","N","N","N","0","","0","0","1","0","0","","1305","0","1","0","0","0","0","0","2","0","1","07","","N","","","","","","","","","","",""
"2023007708","0050","2","0","0","0","0","0","0","0","0","4","1","","67","01","2023","6","39.9656","-75.2262","0046","06","0","0","0","0","0","0","0","0","","0","1","0","00","3","0","01","","0","39 57:55.987","","00","75 13:34.237","0","0","0","0","67301","0","0","0","N","0","0","0","6","67301","0","","1","09","","N","N","N","1","","0","0","1","3","2","","0007","0","5","0","0","0","0","0","2","0","5","03","","N","","","","","","","","","","",""
"2023007791","1239","1","0","0","0","0","0","0","0","0","7","0","","67","01","2023","6","40.0033","-75.1944","1239","06","0","0","0","0","1","0","0","0","","0","0","0","12","1","0","00","N","0","40 00:12.055","","00","75 11:40.012","0","0","0","0","67301","0","0","0","N","0","0","0","1","68K01","0","","2","01","","Y","N","N","0","","0","0","0","0","0","","1228","0","1","0","0","0","0","0","2","0","1","03","03","N","","","","","","","","","","",""
"2023007703","1044","1","0","0","0","0","0","0","0","0","7","0","","67","01","2023","5","40.096","-74.9768","1044","06","0","0","0","0","0","0","0","0","","0","0","0","10","1","0","02","","0","40 05:45.430","","00","74 58:36.413","0","0","0","0","67301","0","0","0","Y","0","0","0","1","67301","0","","9","09","","N","N","N","0","","0","0","0","0","0","","1044","0","1","0","0","0","0","0","2","0","1","07","07","N","","","","","","","","","","",""
"2023006909","0706","0","0","0","0","0","0","0","0","0","1","2","","67","01","2023","2","39.9553","-75.1478","0703","06","0","0","0","0","0","0","0","0","","0","2","0","07","5","0","00","N","0","39 57:19.096","","02","75 08:52.130","0","0","0","0","67301","0","0","0","N","0","0","0","2","67501","0","","1","01","","N","N","N","0","","0","0","0","0","0","","0703","0","2","0","0","0","0","0","2","0","2","03","","N","","","","","","","","","","",""
"2023007058","0642","2","0","0","0","0","0","0","0","0","5","0","","67","01","2023","5","39.9784","-75.1108","0628","06","0","0","0","1","0","0","0","0","","0","0","0","06","3","0","00","N","0","39 58:42.289","","00","75 06:38.936","0","0","0","0","67301","0","0","0","N","0","0","0","2","68K01","0","","1","09","","N","N","N","0","","0","0","0","0","0","","0610","0","2","0","0","0","0","0","2","0","2","07","07","N","","","","","","","","","","",""
"2023003658","1848","1","0","0","0","0","0","0","0","0","2","0","","67","01","2023","6","39.9542","-75.232","1848","06","1","0","0","0","0","0","0","0","","0","0","0","18","3","1","00","N","0","39 57:15.280","","00","75 13:55.270","3","0","0","0","67301","0","0","0","N","0","0","0","1","67301","0","","6","01","","N","N","N","0","","1","0","1","0","0","","1848","1","2","0","0","1","0","0","2","0","2","03","03","N","","","","","","","","","","",""
"2023005143","1727","1","0","0","1","1","0","0","0","0","8","0","","67","01","2023","6","39.9273","-75.1448","1725","06","0","0","0","0","0","0","0","0","","1","0","0","17","3","0","01","","1","39 55:38.416","1","00","75 08:41.201","1","0","0","0","67301","1","1","0","N","0","0","0","2","67301","0","2","1","01","1900","N","N","N","0","0","0","0","0","3","2","Y","1721","0","2","0","0","0","0","0","2","0","1","03","03","N","","","","","","","","","","",""
"2023008681","1342","2","0","0","0","0","0","0","0","0","4","0","","67","01","2023","1","40.0382","-75.141","1342","06","0","0","0","0","0","0","0","0","","0","0","0","13","1","5","11","","1","40 02:17.666","7","00","75 08:27.751","3","0","0","0","67301","1","0","0","N","1","0","0","6","67301","0","","1","09","1413","N","N","N","0","","5","0","0","0","0","Y","1337","5","3","0","0","0","0","0","2","0","2","07","07","N","","","","","","","","","","",""
"2023003661","1000","1","0","0","0","0","0","0","0","0","2","0","","67","01","2023","1","39.962","-75.2244","1000","06","0","0","1","0","0","0","0","0","","0","0","0","10","1","0","00","N","0","39 57:43.281","","00","75 13:27.995","9","0","0","0","67301","0","0","0","N","0","0","0","1","67301","0","","6","01","","N","N","N","0","","0","0","1","0","0","","1000","0","2","0","0","1","0","1","2","0","2","03","03","N","","","","","","","","","","",""
"2023003476","1840","2","0","0","0","0","0","0","0","0","5","0","","67","01","2023","3","39.9584","-75.1666","1829","06","0","0","0","0","1","0","0","0","","0","0","0","18","2","0","00","N","1","39 57:30.076","3","00","75 09:59.664","0","0","0","0","67301","0","0","0","N","0","0","0","2","68K01","0","","1","01","1918","N","N","N","0","","0","0","0","0","0","Y","1825","0","2","0","0","0","0","0","2","0","2","03","","N","","","","","","","","","","",""
"2023003907","0222","2","0","0","0","0","0","0","0","0","4","0","","67","01","2023","1","39.9876","-75.2161","0222","06","0","0","0","0","0","0","0","0","","0","0","0","02","3","0","00","N","1","39 59:15.229","3","00","75 12:57.998","0","0","0","0","67301","0","0","0","N","0","0","0","7","68K01","0","","1","09","0312","N","N","N","0","","0","0","0","3","2","N","0212","0","2","0","0","2","0","0","2","0","2","03","03","N","","","","","","","","","","",""
"2023008273","1411","0","0","0","0","0","0","1","0","0","4","1","","67","01","2023","7","40.015","-75.1352","1400","06","0","0","0","0","0","0","1","0","","0","0","0","13","1","2","01","","0","40 00:54.154","","00","75 08:06.604","4","0","0","0","67301","0","0","0","N","0","0","0","4","67508","2","","1","01","","N","N","N","0","","0","0","1","3","2","","1350","2","2","0","0","1","0","0","2","0","2","03","03","N","","","","","","","","","","",""
"2023008147","2116","3","0","0","0","0","0","0","0","0","4","0","","67","01","2023","1","39.9582","-75.2355","2116","06","0","0","0","0","0","0","0","0","","0","0","0","21","3","0","01","","1","39 57:29.522","2","00","75 14:07.817","0","0","0","0","67301","0","0","0","N","0","0","0","2","67301","0","","1","09","2200","N","N","N","0","","0","0","0","3","2","Y","2116","0","3","0","0","2","0","0","2","0","3","07","07","N","","","","","","","","","","",""
"2023008553","0037","0","0","0","0","0","0","0","0","0","1","0","","67","01","2023","3","39.9816","-75.1801","0036","06","0","0","0","0","0","0","0","0","","0","0","0","00","3","1","00","N","0","39 58:53.620","","00","75 10:48.490","3","0","0","0","67301","0","0","0","N","0","0","0","2","67301","0","","2","01","","N","N","N","0","","1","0","2","0","0","","0020","1","2","0","0","0","0","0","2","0","2","03","","N","","","","","","","","","","",""
"2023007819","0040","1","0","0","0","0","0","0","0","0","7","0","","67","01","2023","6","40.0354","-75.0179","0036","06","0","0","0","0","0","0","0","0","","0","0","0","00","3","0","00","N","0","40 02:07.436","","00","75 01:04.586","0","0","0","0","67301","0","0","0","N","0","0","0","1","68K01","0","","2","09","","N","N","N","0","","0","0","0","0","0","","0032","0","1","0","0","0","0","0","2","0","1","04","","N","","","","","","","","","","",""
"2023003269","1953","0","0","0","0","0","0","0","0","0","1","1","","67","01","2023","2","40.0484","-74.9903","1943","06","0","0","0","0","0","3","0","0","","0","1","0","18","3","2","02","","0","40 02:54.294","","00","74 59:25.466","3","0","0","0","67301","0","0","0","N","0","0","0","3","67301","0","","1","01","","N","N","Y","0","","2","0","0","3","2","","1822","2","3","0","0","0","0","0","2","2","3","03","","N","","","","","","","","","","",""
"2023004563","0041","1","0","0","0","0","0","0","0","0","4","0","","67","01","2023","4","40.0373","-75.1251","0039","06","0","0","0","0","0","0","0","0","","0","0","0","23","3","0","01","","0","40 02:14.391","","00","75 07:30.237","9","0","0","0","67301","0","0","0","N","0","0","0","2","67301","0","","1","01","","N","N","N","0","","0","0","1","3","3","","2340","0","2","0","0","0","0","2","2","0","2","03","03","N","","","","","","","","","","",""
"2023003895","1025","1","0","0","0","0","0","0","0","0","7","0","","67","01","2023","2","39.9776","-75.2011","1020","06","0","0","1","0","0","0","0","0","","0","0","0","10","1","1","00","N","1","39 58:39.286","3","00","75 12:03.813","8","0","0","0","67301","0","0","0","N","0","0","0","1","68K01","0","","5","01","1100","N","N","N","0","","0","0","0","0","0","Y","1018","1","1","0","0","1","1","0","2","0","1","03","","N","","","","","","","","","","",""
"2023004564","0035","2","0","0","0","0","0","0","0","0","4","0","","67","01","2023","5","40.0457","-75.1432","0035","06","0","0","0","0","0","0","0","0","","0","0","0","23","3","0","02","","0","40 02:44.441","","00","75 08:35.825","0","0","0","0","67301","0","0","0","N","0","0","0","2","67301","0","","1","09","","N","N","N","0","","0","0","0","3","3","","2330","0","2","0","0","0","0","0","2","0","2","07","04","N","","","","","","","","","","",""
"2023004553","0937","2","0","0","0","0","0","0","0","0","4","0","","67","01","2023","5","40.0588","-75.0506","0933","06","0","0","0","0","0","0","0","0","","0","0","0","09","1","1","01","","1","40 03:31.504","7","00","75 03:02.099","3","0","0","0","67301","0","0","0","N","0","0","0","3","67301","0","","1","09","0100","N","N","N","0","","1","0","0","3","3","Y","0930","1","2","0","0","0","0","0","2","0","2","04","04","N","","","","","","","","","","",""
"2023008938","1816","1","0","0","0","0","0","0","0","0","3","0","","67","01","2023","4","40.0524","-75.0682","1814","06","0","0","0","0","0","1","0","0","","0","0","0","18","3","1","00","N","0","40 03:08.462","","00","75 04:05.350","3","0","0","0","67301","0","0","0","N","0","0","0","2","67301","0","","1","09","","N","N","N","0","","1","0","1","0","0","","1809","1","2","0","0","0","0","0","2","0","2","07","07","N","","","","","","","","","","",""
"2023007378","0647","2","0","0","0","0","0","0","0","0","1","0","","67","01","2023","6","39.9738","-75.1196","0634","06","0","0","0","0","0","0","0","0","","0","0","0","06","3","0","00","N","1","39 58:25.747","2","00","75 07:10.459","0","0","0","0","67301","0","0","0","N","0","0","0","3","68K01","0","","1","09","0755","N","N","N","0","","0","0","0","0","0","N","0632","0","2","0","0","1","0","0","2","0","2","04","04","N","","","","","","","","","","",""
"2023009025","0158","1","0","0","0","0","0","0","0","0","5","0","","67","01","2023","1","39.9594","-75.1748","0147","06","0","0","0","0","0","0","0","0","","0","0","0","01","3","1","00","N","0","39 57:33.748","","00","75 10:29.418","3","0","0","0","67301","0","0","0","N","0","0","0","3","68K01","0","","1","01","","N","N","N","0","","1","0","1","0","0","","0144","1","2","0","0","0","0","0","2","0","2","03","03","N","","","","","","","","","","",""
"2023003880","1510","1","0","0","0","0","0","0","0","0","1","0","","67","01","2023","4","39.9768","-75.198","1449","06","0","0","0","0","0","0","0","0","","0","0","0","14","1","2","00","N","1","39 58:36.553","3","00","75 11:52.712","8","0","0","0","67301","0","0","0","N","0","0","0","3","68K01","0","","1","01","1520","N","N","N","1","","0","0","0","0","0","Y","1442","2","2","0","0","0","2","0","2","0","2","03","","N","","","","","","","","","","",""
"2023004219","1719","1","0","0","0","0","0","0","0","0","1","0","","67","01","2023","2","40.0665","-75.0411","1719","06","0","0","0","0","0","0","2","0","","0","0","0","17","3","0","00","N","2","40 03:59.539","2","00","75 02:27.922","0","0","0","0","67301","0","0","0","N","0","0","0","2","67301","0","","1","01","1800","N","N","N","0","","0","0","1","0","0","N","1718","0","2","0","0","0","0","0","2","0","2","03","03","N","","","","","","","","","","",""
"2023004190","2106","1","0","0","0","0","0","0","0","0","7","0","","67","01","2023","4","40.0287","-75.0229","2056","06","0","1","0","0","0","0","0","0","","0","0","0","20","3","1","00","N","0","40 01:43.351","","00","75 01:22.295","4","0","0","0","67301","0","0","0","N","0","0","0","1","68K01","1","","2","01","","N","N","N","0","","0","0","0","0","0","","2054","1","1","0","0","0","0","0","2","0","1","03","03","N","","","","","","","","","","",""
"2023003660","0537","0","0","0","0","0","0","0","0","0","4","0","","67","01","2023","4","40.0062","-75.1518","0537","06","0","0","0","0","0","0","0","0","","0","0","0","05","5","1","01","","0","40 00:22.203","","00","75 09:06.487","3","0","0","0","67301","0","0","0","Y","0","0","0","2","67505","0","","1","01","","N","N","Y","0","","1","0","2","3","2","N","0537","1","2","0","0","0","0","0","2","0","2","03","03","N","","","","","","","","","","",""
"2023007805","1211","1","0","0","0","0","0","0","0","0","5","0","","67","01","2023","4","39.9431","-75.1929","1201","06","0","0","0","0","0","0","0","0","","0","0","0","12","1","0","00","N","1","39 56:35.295","3","00","75 11:34.598","9","0","0","0","67301","0","0","0","N","0","0","0","2","68K01","0","","1","01","1307","N","N","N","0","","0","0","0","0","0","N","1201","0","2","0","0","0","0","1","2","0","2","03","","N","","","","","","","","","","",""
"2023006918","0558","1","0","0","0","0","0","0","0","0","7","0","","67","01","2023","2","39.9911","-75.1327","0557","06","0","0","0","0","0","0","0","0","","0","0","0","05","3","2","00","N","0","39 59:27.836","","00","75 07:57.654","2","0","0","0","67301","0","0","0","N","0","0","0","2","67301","0","","2","01","","N","N","N","0","","1","1","0","3","2","","0555","2","1","0","0","0","0","0","2","0","1","03","03","N","","","","","","","","","","",""
"2023006923","1606","0","0","0","0","0","0","0","0","0","5","0","","67","01","2023","5","39.9677","-75.1496","1601","06","0","0","0","0","0","0","1","0","","0","0","0","15","1","0","01","","0","39 58:03.810","","00","75 08:58.387","0","0","0","0","67301","0","0","0","N","0","0","0","2","67301","0","","1","09","","N","N","N","0","","0","0","2","0","0","","1535","0","2","0","0","1","0","0","2","0","2","07","07","N","","","","","","","","","","",""