"CRN","ARRIVAL_TM","AUTOMOBILE_COUNT","BELTED_DEATH_COUNT","BELTED_SUSP_SERIOUS_INJ_COUNT","BICYCLE_COUNT","BICYCLE_DEATH_COUNT","BICYCLE_SUSP_SERIOUS_INJ_COUNT","BUS_COUNT","CHLDPAS_DEATH_COUNT","CHLDPAS_SUSP_SERIOUS_INJ_COUNT","COLLISION_TYPE","COMM_VEH_COUNT","CONS_ZONE_SPD_LIM","COUNTY","CRASH_MONTH","CRASH_YEAR","DAY_OF_WEEK","DEC_LAT","DEC_LONG","DISPATCH_TM","DISTRICT","DRIVER_COUNT_16YR","DRIVER_COUNT_17YR","DRIVER_COUNT_18YR","DRIVER_COUNT_19YR","DRIVER_COUNT_20YR","DRIVER_COUNT_50_64YR","DRIVER_COUNT_65_74YR","DRIVER_COUNT_75PLUS","EST_HRS_CLOSED","FATAL_COUNT","HEAVY_TRUCK_COUNT","HORSE_BUGGY_COUNT","HOUR_OF_DAY","ILLUMINATION","INJURY_COUNT","INTERSECT_TYPE","INTERSECTION_RELATED","LANE_CLOSED","LATITUDE","LN_CLOSE_DIR","LOCATION_TYPE","LONGITUDE","MAX_SEVERITY_LEVEL","MCYCLE_DEATH_COUNT","MCYCLE_SUSP_SERIOUS_INJ_COUNT","MOTORCYCLE_COUNT","MUNICIPALITY","NONMOTR_COUNT","NONMOTR_DEATH_COUNT","NONMOTR_SUSP_SERIOUS_INJ_COUNT","NTFY_HIWY_MAINT","PED_COUNT","PED_DEATH_COUNT","PED_SUSP_SERIOUS_INJ_COUNT","PERSON_COUNT","POLICE_AGCY","POSSIBLE_INJ_COUNT","RDWY_SURF_TYPE_CD","RELATION_TO_ROAD","ROAD_CONDITION","ROADWAY_CLEARED","SCH_BUS_IND","SCH_ZONE_IND","SECONDARY_CRASH","SMALL_TRUCK_COUNT","SPEC_JURIS_CD","SUSP_MINOR_INJ_COUNT","SUSP_SERIOUS_INJ_COUNT","SUV_COUNT","TCD_FUNC_CD","TCD_TYPE","TFC_DETOUR_IND","TIME_OF_DAY","TOT_INJ_COUNT","TOTAL_UNITS","UNB_DEATH_COUNT","UNB_SUSP_SERIOUS_INJ_COUNT","UNBELTED_OCC_COUNT","UNK_INJ_DEG_COUNT","UNK_INJ_PER_COUNT","URBAN_RURAL","VAN_COUNT","VEHICLE_COUNT","WEATHER1","WEATHER2","WORK_ZONE_IND","WORK_ZONE_LOC","WORK_ZONE_TYPE","WORKERS_PRES","WZ_CLOSE_DETOUR","WZ_FLAGGER","WZ_LAW_OFFCR_IND","WZ_LN_CLOSURE","WZ_MOVING","WZ_OTHER","WZ_SHLDER_MDN","WZ_WORKERS_INJ_KILLED"
"2023014751","0209","2","0","0","0","0","0","0","0","0","4","0","","67","02","2023","1","40.0352","-75.1455","0206","06","0","0","0","0","0","0","0","0","","0","0","0","02","3","2","01","","1","40 02:06.835","2","00","75 08:44.110","3","0","0","0","67301","0","0","0","N","0","0","0","2","67301","0","","1","01","0419","N","N","N","0","","2","0","0","3","2","N","0205","2","2","0","0","0","0","0","2","0","2","03","03","N","","","","","","","","","","",""
"2023018566","1955","1","0","0","0","0","0","0","0","0","7","0","","67","02","2023","1","40.042","-75.1058","1946","06","0","0","0","0","0","0","0","0","","0","0","0","17","3","0","00","N","0","40 02:31.046","","00","75 06:20.732","0","0","0","0","67301","0","0","0","N","0","0","0","1","67301","0","","9","09","","N","N","N","0","","0","0","0","0","0","","1741","0","1","0","0","1","0","0","2","0","1","07","","N","","","","","","","","","","",""
"2023015467","2338","1","0","0","0","0","0","0","0","0","4","0","","67","02","2023","6","39.9818","-75.1177","2338","06","0","0","0","0","0","1","0","0","","0","0","0","22","3","0","00","N","0","39 58:54.426","","00","75 07:03.653","0","0","0","0","67301","0","0","0","N","0","0","0","2","67301","0","","1","01","","N","N","N","0","","0","0","1","0","0","","2200","0","2","0","0","0","0","0","2","0","2","03","","N","","","","","","","","","","",""
"2023012367","0810","1","0","0","0","0","0","0","0","0","5","0","","67","02","2023","6","39.9171","-75.1734","0800","06","0","0","0","0","0","0","1","0","","0","0","0","21","3","0","00","N","0","39 55:01.400","","00","75 10:24.200","9","0","0","0","67301","0","0","0","N","0","0","0","2","67301","0","","1","01","","N","N","N","0","","0","0","0","0","0","","2145","0","2","0","0","0","0","1","2","0","2","03","","N","","","","","","","","","","",""
"2023015076","2300","1","0","0","0","0","0","0","0","0","5","0","","67","02","2023","1","40.0432","-75.1809","2250","06","0","0","0","0","0","0","0","1","","0","0","0","22","6","1","01","","0","40 02:35.626","","00","75 10:51.146","3","0","0","0","67301","0","0","0","N","0","0","0","2","67301","0","","1","09","","N","N","N","0","","1","0","1","3","2","","2240","1","2","0","0","0","0","1","2","0","2","07","07","N","","","","","","","","","","",""
"2023028542","1315","1","0","0","0","0","0","0","0","0","4","1","","67","03","2023","4","39.9671","-75.1621","1137","06","0","0","0","0","0","0","0","0","","0","1","0","11","1","2","01","","0","39 58:01.541","","00","75 09:43.686","3","0","0","0","67301","0","0","0","N","0","0","0","4","67301","0","","1","01","","N","N","N","0","","1","0","0","3","2","","1132","2","2","0","0","2","1","0","2","0","2","03","03","N","","","","","","","","","","",""
"2023027646","2335","0","0","0","0","0","0","0","0","0","8","0","","67","03","2023","1","40.0555","-75.0619","2333","06","0","0","0","0","0","0","0","0","","0","0","0","23","3","1","03","","9","40 03:19.867","","00","75 03:42.980","3","0","0","0","67301","1","0","0","N","1","0","0","1","67301","0","","1","01","","N","N","N","0","","1","0","0","9","3","","2316","1","2","0","0","0","0","0","2","0","1","03","03","N","","","","","","","","","","",""
"2023014491","1315","1","0","0","0","0","0","0","0","0","4","0","","67","02","2023","1","40.0653","-75.0904","1259","06","0","0","0","0","0","2","0","0","","0","0","0","12","1","1","01","","1","40 03:55.083","3","00","75 05:25.278","3","0","0","0","67301","0","0","0","N","0","0","0","4","67301","0","","1","01","1406","N","N","N","0","","1","0","3","3","2","N","1236","1","4","0","0","0","0","0","2","0","4","03","03","N","","","","","","","","","","",""
"2023013628","1146","1","0","0","0","0","0","0","0","0","4","0","","67","02","2023","3","40.0553","-75.0734","1146","06","0","0","0","0","0","0","0","0","","0","0","0","11","1","0","01","","0","40 03:19.170","","00","75 04:24.060","0","0","0","0","67301","0","0","0","N","0","0","0","2","67301","0","","1","01","","N","N","N","1","","0","0","1","3","2","","1146","0","3","0","0","0","0","0","2","0","3","03","03","N","","","","","","","","","","",""
"2023015465","1257","0","0","0","0","0","0","0","0","0","8","0","","67","02","2023","5","39.9764","-75.1197","1256","06","0","0","0","0","0","0","0","0","","0","0","0","12","1","1","01","","0","39 58:34.901","","00","75 07:11.326","3","0","0","0","67301","1","0","0","N","1","0","0","2","67301","0","","1","01","","N","N","N","0","","1","0","1","3","2","","1245","1","2","0","0","1","0","0","2","0","1","03","","N","","","","","","","","","","",""
"2023017454","0300","3","0","0","0","0","0","0","0","0","1","0","","67","02","2023","7","40.0067","-75.1989","0257","06","0","0","0","0","1","0","0","0","","0","0","0","02","3","1","00","N","2","40 00:24.141","3","00","75 11:56.162","4","0","0","0","67301","0","0","0","N","0","0","0","4","68K01","1","","1","01","0315","N","N","Y","0","","0","0","1","0","0","N","0257","1","4","0","0","0","0","0","2","0","4","03","","N","","","","","","","","","","",""
"2023016809","0218","2","0","0","0","0","0","0","0","0","1","0","","67","02","2023","1","39.9555","-75.1481","0218","06","0","0","0","0","0","0","0","0","","0","0","0","02","3","1","00","N","1","39 57:19.778","4","02","75 08:53.222","3","0","0","0","67301","0","0","0","N","0","0","0","2","67501","0","","1","01","0308","N","N","N","0","","1","0","0","0","0","N","0218","1","2","0","0","1","0","0","2","0","2","03","","N","","","","","","","","","","",""
"2023014850","0254","1","0","0","0","0","0","0","0","0","4","0","","67","02","2023","7","39.9658","-75.2339","0252","06","0","0","0","0","0","0","0","0","","0","0","0","02","3","3","01","","2","39 57:56.991","5","00","75 14:02.054","4","0","0","0","67301","0","0","0","N","0","0","0","3","67301","3","","1","01","0330","N","N","N","0","","0","0","2","3","2","N","0246","3","3","0","0","0","0","0","2","0","3","03","03","N","","","","","","","","","","",""
"2023013961","0741","1","0","0","0","0","0","0","0","0","4","0","","67","02","2023","4","40.0926","-74.9874","0737","06","0","0","1","0","0","0","0","0","","0","0","0","07","1","0","02","","0","40 05:33.216","","00","74 59:14.672","0","0","0","0","67301","0","0","0","N","0","0","0","2","67301","0","","1","01","","N","N","N","0","","0","0","1","3","3","","0705","0","2","0","0","0","0","0","2","0","2","03","03","N","","","","","","","","","","",""
"2023020222","0220","0","0","0","0","0","0","0","0","0","7","0","","67","02","2023","7","40.0138","-75.1257","0216","06","0","0","0","0","0","0","0","0","","0","0","0","02","3","1","00","N","0","40 00:49.700","","00","75 07:32.540","3","0","0","0","67301","0","0","0","N","0","0","0","1","67301","0","","4","01","","N","N","N","0","","1","0","0","0","0","","0216","1","1","0","0","0","0","0","2","1","1","03","03","N","","","","","","","","","","",""
"2023019948","2004","0","0","0","0","0","0","0","0","0","7","0","","67","02","2023","6","39.9808","-75.2358","2003","06","0","0","0","0","0","0","0","0","","0","0","0","20","3","0","00","N","0","39 58:51.001","","00","75 14:08.716","9","0","0","0","67301","0","0","0","N","0","0","0","1","67301","0","","4","01","","N","N","N","0","","0","0","1","0","0","","2000","0","1","0","0","0","0","1","2","0","1","03","03","N","","","","","","","","","","",""
"2023025271","2010","0","0","0","0","0","0","0","0","0","4","0","","67","02","2023","7","39.955","-75.1527","2010","06","0","0","0","0","0","0","0","0","","0","0","0","20","3","0","01","","0","39 57:18.170","","00","75 09:09.818","9","0","0","0","67301","0","0","0","N","0","0","0","6","67508","0","","1","01","","N","N","N","0","","0","0","2","3","2","","2010","0","2","0","0","5","0","4","2","0","2","03","03","N","","","","","","","","","","",""
"2023013127","0758","1","0","0","0","0","0","0","0","0","4","0","","67","02","2023","3","39.9419","-75.2139","0755","06","0","0","0","0","0","0","0","0","","0","0","0","07","1","4","01","","1","39 56:30.922","1","00","75 12:49.989","3","0","0","0","67301","0","0","0","N","0","0","0","4","67301","0","","1","01","0920","N","N","N","0","","4","0","1","3","2","N","0748","4","2","0","0","0","0","0","2","0","2","04","04","N","","","","","","","","","","",""
"2023014217","1349","0","0","0","0","0","0","0","0","0","5","0","","67","02","2023","4","39.9316","-75.1611","1343","06","0","0","0","0","0","0","1","0","","0","0","0","13","1","1","00","N","2","39 55:53.600","2","00","75 09:39.950","8","0","0","0","67301","0","0","0","N","0","0","0","1","67301","0","","6","01","1340","N","N","N","1","","0","0","3","0","0","Y","1340","1","4","0","0","0","1","0","2","0","4","03","","N","","","","","","","","","","",""
"2023011873","1601","0","0","0","0","0","0","0","0","0","8","0","","67","02","2023","6","40.0435","-75.1437","1600","06","0","0","0","0","0","0","0","0","","0","0","0","15","1","1","00","N","0","40 02:36.494","","00","75 08:37.168","3","0","0","0","67301","1","0","0","N","1","0","0","2","67301","0","","1","01","","N","N","N","0","","1","0","0","0","0","","1545","1","2","0","0","0","0","1","2","0","1","03","03","N","","","","","","","","","","",""
"2023014058","1009","1","0","0","0","0","0","0","0","0","5","0","","67","02","2023","1","40.0283","-75.1769","1001","06","0","0","0","0","0","0","0","0","","0","0","0","09","1","0","00","N","0","40 01:41.860","","00","75 10:36.680","9","0","0","0","67301","0","0","0","N","0","0","0","1","67301","0","","6","01","","N","N","N","0","","0","0","5","0","0","","0957","0","7","0","0","0","0","1","2","1","7","03","","N","","","","","","","","","","",""
"2023015457","0822","1","0","0","0","0","0","0","0","0","2","0","","67","02","2023","4","40.0663","-75.0556","0819","06","0","0","0","0","0","0","0","0","","0","0","0","08","1","0","00","N","0","40 03:58.540","","00","75 03:20.080","0","0","0","0","67301","0","0","0","N","0","0","0","1","67301","0","","2","01","","N","N","N","0","","0","0","3","0","0","","0815","0","4","0","0","0","0","0","2","0","4","03","03","N","","","","","","","","","","",""
"2023026545","0533","2","0","0","0","0","0","0","0","0","5","0","","67","02","2023","1","40.0154","-75.1769","0529","06","0","0","1","0","0","1","0","0","","0","0","0","05","3","1","00","N","2","40 00:55.520","2","00","75 10:36.965","8","0","0","0","67301","0","0","0","N","0","0","0","5","67301","0","","1","01","0625","N","N","N","0","","0","0","1","0","0","Y","0500","1","3","0","0","0","1","0","2","0","3","03","","N","","","","","","","","","","",""
"2023027265","0934","1","0","0","0","0","0","0","0","0","1","0","","67","03","2023","4","39.9839","-75.2083","0931","06","0","0","0","0","0","0","0","0","","0","0","0","09","1","1","00","N","0","39 59:01.883","","00","75 12:29.867","4","0","0","0","67301","0","0","0","N","0","0","0","2","68K01","1","","1","01","","N","N","N","0","","0","0","1","0","0","","0929","1","2","0","0","0","0","0","2","0","2","03","03","N","","","","","","","","","","",""
"2023022565","1940","1","0","0","0","0","0","0","0","0","5","0","","67","02","2023","5","40.0093","-75.0902","1931","06","0","0","1","0","0","0","1","0","","1","0","0","19","3","1","01","","0","40 00:33.354","","01","75 05:24.669","1","0","0","0","67301","0","0","0","N","0","0","0","3","67301","0","2","1","01","","N","N","N","1","0","1","0","0","0","0","","1928","1","2","1","0","1","0","0","2","0","2","03","","N","","","","","","","","","","",""
"2023018958","1650","1","0","0","0","0","0","0","0","0","7","0","","67","02","2023","3","39.9868","-75.1844","1637","06","0","0","0","0","0","0","0","0","","0","0","0","15","1","0","00","N","0","39 59:12.400","","00","75 11:03.800","0","0","0","0","67301","0","0","0","N","0","0","0","1","67301","0","","4","01","","N","N","N","0","","0","0","0","0","0","","1556","0","1","0","0","1","0","0","2","0","1","03","03","N","","","","","","","","","","",""
"2023015373","0326","0","0","0","0","0","0","0","0","0","4","0","","67","02","2023","2","40.0269","-75.1419","0324","06","0","0","0","0","1","0","0","0","","0","0","0","03","3","2","01","","1","40 01:37.016","6","00","75 08:30.767","3","0","0","0","67301","0","0","0","N","0","0","0","2","67301","0","","1","01","0440","N","N","N","0","","2","0","3","3","3","N","0319","2","3","0","0","0","0","0","2","0","3","03","03","N","","","","","","","","","","",""
"2023012391","1703","1","0","0","0","0","0","0","0","0","1","0","","67","02","2023","7","39.9894","-75.1249","1703","06","0","0","0","0","0","1","0","0","","0","0","0","17","1","1","00","N","0","39 59:21.728","","00","75 07:29.646","3","0","0","0","67301","0","0","0","N","0","0","0","2","67301","0","","1","01","","N","N","N","0","","1","0","1","0","0","","1703","1","2","0","0","0","0","1","2","0","2","03","03","N","","","","","","","","","","",""
"2023012101","1646","0","0","0","0","0","0","0","0","0","8","0","","67","02","2023","6","39.942","-75.1676","1645","06","0","0","0","0","0","0","0","0","","0","0","0","14","1","1","01","","0","39 56:31.278","","00","75 10:03.304","2","0","0","0","67301","1","0","1","N","1","0","1","2","67301","0","","1","01","","N","N","N","0","","0","1","1","3","3","","1408","1","2","0","0","1","0","0","2","0","1","03","03","N","","","","","","","","","","",""
"2023016226","2322","1","0","0","0","0","0","0","0","0","1","0","","67","02","2023","1","39.9883","-75.1068","2318","06","0","0","0","0","0","0","0","0","","0","0","0","23","3","0","00","Y","2","39 59:17.835","5","00","75 06:24.400","9","0","0","0","67301","0","0","0","N","0","0","0","8","67301","0","","1","09","0040","N","N","N","0","","0","0","2","3","2","Y","2300","0","3","0","0","0","0","2","2","0","3","07","","N","","","","","","","","","","",""
"2023015975","0134","1","0","0","0","0","0","0","0","0","4","0","","67","02","2023","6","39.9915","-75.2266","0130","06","0","0","0","0","0","0","0","0","","0","0","0","01","3","1","01","","0","39 59:29.482","","00","75 13:35.641","8","0","0","0","67301","0","0","0","N","0","0","0","2","67301","0","","1","01","","N","N","N","0","","0","0","1","3","2","","0130","1","3","0","0","0","1","0","2","0","3","03","03","N","","","","","","","","","","",""
"2023015071","1012","1","0","0","0","0","0","0","0","0","4","0","","67","02","2023","2","39.8903","-75.2451","1010","06","0","0","0","0","0","0","0","0","","0","0","0","09","1","2","02","","0","39 53:25.110","","00","75 14:42.189","8","0","0","0","67301","0","0","0","N","0","0","0","3","67301","0","","1","01","","N","N","N","0","","0","0","1","3","2","","0914","2","2","0","0","0","2","1","2","0","2","03","03","N","","","","","","","","","","",""
"2023014497","0048","3","0","0","0","0","0","0","0","0","1","0","","67","02","2023","2","40.0166","-75.089","0041","06","0","0","0","0","0","0","0","0","","0","0","0","00","3","0","00","N","0","40 00:59.920","","00","75 05:20.370","0","0","0","0","67301","0","0","0","N","0","0","0","1","67301","0","","6","01","","N","N","N","0","","0","0","0","0","0","","0037","0","3","0","0","1","0","0","2","0","3","03","03","N","","","","","","","","","","",""
"2023026846","1624","0","0","0","0","0","0","0","0","0","4","1","","67","03","2023","4","39.9709","-75.1557","1620","06","0","0","0","0","0","2","0","0","","0","1","0","16","1","2","01","","0","39 58:15.276","","00","75 09:20.533","3","0","0","0","67301","0","0","0","N","0","0","0","3","67301","0","","1","01","","N","N","N","0","","2","0","1","3","2","","1619","2","2","0","0","0","0","0","2","0","2","04","","N","","","","","","","","","","",""
"2023012099","0841","2","0","0","0","0","0","0","0","0","1","0","","67","02","2023","7","40.0555","-75.0483","0841","06","0","0","0","0","1","1","0","0","","0","0","0","08","1","0","02","","0","40 03:19.914","","00","75 02:53.822","9","0","0","0","67301","0","0","0","N","0","0","0","2","67301","0","","1","01","","N","N","N","0","","0","0","0","0","0","","0841","0","2","0","0","0","0","1","2","0","2","03","","N","","","","","","","","","","",""
"2023015361","0830","1","0","0","0","0","0","0","0","0","4","0","","67","02","2023","3","40.1292","-75.0249","0825","06","0","0","0","0","0","0","0","0","","0","0","0","08","1","1","01","","0","40 07:45.210","","00","75 01:29.597","4","0","0","0","67301","0","0","0","N","0","0","0","2","67301","1","","1","01","","N","N","N","0","","0","0","0","3","2","","0804","1","2","0","0","0","0","0","2","1","2","03","03","N","","","","","","","","","","",""
"2023016063","1304","0","0","0","0","0","0","0","0","0","1","0","","67","02","2023","2","40.0161","-75.2098","1259","06","0","0","0","0","0","0","1","0","","0","0","0","12","1","1","00","N","0","40 00:57.798","","00","75 12:35.384","8","0","0","0","67301","0","0","0","N","0","0","0","2","67301","0","","1","01","","N","N","N","0","","0","0","2","0","0","","1255","1","2","0","0","0","1","0","2","0","2","03","03","N","","","","","","","","","","",""
"2023013631","1124","1","0","0","0","0","0","0","0","0","7","0","","67","02","2023","4","39.8901","-75.2455","1124","06","0","0","0","0","0","0","0","1","","0","0","0","11","1","1","00","N","0","39 53:24.251","","00","75 14:43.642","3","0","0","0","67301","0","0","0","N","0","0","0","1","67301","0","","3","01","","N","N","N","0","","1","0","0","0","0","","1122","1","1","0","0","0","0","0","2","0","1","03","03","N","","","","","","","","","","",""
"2023014405","1129","1","0","0","0","0","0","0","0","0","4","0","","67","02","2023","7","39.9602","-75.1372","1121","06","0","0","0","0","0","0","0","0","","0","0","0","11","1","0","02","","0","39 57:36.624","","00","75 08:13.909","0","0","0","0","67301","0","0","0","N","0","0","0","2","67301","0","","1","01","","N","N","N","0","","0","0","1","3","2","","1115","0","2","0","0","0","0","0","2","0","2","03","03","N","","","","","","","","","","",""
"2023020695","1200","2","0","0","0","0","0","0","0","0","4","0","","67","02","2023","1","40.0236","-75.1219","1156","06","0","0","0","0","0","2","0","0","","0","0","0","11","1","1","01","","0","40 01:25.078","","00","75 07:18.912","3","0","0","0","67301","0","0","0","N","0","0","0","3","67301","0","","1","01","","N","N","N","1","","1","0","0","3","3","","1154","1","3","0","0","0","0","0","2","0","3","03","03","N","","","","","","","","","","",""
"2023014221","0810","1","0","0","0","0","0","0","0","0","1","0","","67","02","2023","7","40.039","-75.1774","0759","06","0","0","0","0","0","1","0","0","","0","0","0","07","1","0","00","Y","0","40 02:20.270","","00","75 10:38.608","0","0","0","0","67301","0","0","0","N","0","0","0","3","67301","0","","1","01","","N","N","N","0","","0","0","2","3","2","","0715","0","3","0","0","1","0","0","2","0","3","03","03","N","","","","","","","","","","",""
"2023026633","1633","1","0","0","0","0","0","0","0","0","4","1","","67","03","2023","2","40.0086","-75.0688","1633","06","0","0","0","0","0","0","0","0","","0","1","0","16","1","1","01","","1","40 00:31.034","1","00","75 04:07.810","3","0","0","0","67301","0","0","0","N","0","0","0","8","67301","0","","1","01","1820","N","N","N","0","","1","0","3","3","2","N","1632","1","5","0","0","0","0","0","2","0","5","03","03","N","","","","","","","","","","",""
"2023028083","2127","1","0","0","0","0","0","0","0","0","8","0","","67","03","2023","7","40.0631","-75.0866","2120","06","0","0","0","0","0","0","0","0","","0","0","0","21","3","1","01","","0","40 03:47.032","","00","75 05:11.714","3","0","0","0","67301","1","0","0","N","1","0","0","2","67301","0","","1","01","","N","N","N","0","","1","0","0","3","2","","2113","1","2","0","0","0","0","0","2","0","1","03","","N","","","","","","","","","","",""
"2023014493","1614","0","0","0","1","0","0","0","0","0","8","0","","67","02","2023","7","39.9204","-75.1603","1614","06","0","0","0","0","0","0","0","0","","0","0","0","16","1","1","01","","0","39 55:13.389","","00","75 09:37.133","3","0","0","0","67301","1","0","0","N","0","0","0","2","67301","0","","1","01","","N","N","N","0","","1","0","1","3","3","","1611","1","2","0","0","0","0","1","2","0","1","03","03","N","","","","","","","","","","",""
"2023020756","1200","1","0","0","0","0","0","0","0","0","4","0","","67","02","2023","1","39.9923","-75.1422","1200","06","0","1","0","0","0","0","0","0","","0","0","0","18","3","1","01","","0","39 59:32.605","","00","75 08:31.811","4","0","0","0","67301","0","0","0","N","0","0","0","2","67301","1","","1","09","","N","N","N","0","","0","0","0","3","2","","1830","1","2","0","0","1","0","0","2","1","2","07","07","N","","","","","","","","","","",""
"2023027133","1924","1","0","0","0","0","0","0","0","0","1","0","","67","03","2023","6","39.9768","-75.1977","1917","06","0","0","0","0","0","0","0","0","","0","0","0","19","3","1","00","N","1","39 58:36.377","3","00","75 11:51.779","8","0","0","0","67301","0","0","0","N","0","0","0","4","68K01","0","","1","01","1930","N","N","N","0","","0","0","1","0","0","N","1910","1","2","0","0","0","1","0","2","0","2","03","03","N","","","","","","","","","","",""
"2023018189","0747","1","0","0","0","0","0","0","0","0","1","0","","67","02","2023","7","39.9965","-75.1317","0742","06","0","0","0","0","0","0","0","0","","0","0","0","05","1","0","00","N","1","39 59:47.410","2","00","75 07:54.230","9","0","0","0","67301","0","0","0","N","0","0","0","1","67301","0","","6","01","0857","N","N","N","0","","0","0","2","0","0","Y","0532","0","3","0","0","0","0","1","2","0","3","03","","N","","","","","","","","","","",""
"2023026536","0505","0","0","0","0","0","0","0","0","0","8","0","","67","02","2023","7","39.9134","-75.1441","0504","06","0","0","0","0","0","1","0","0","","1","0","0","05","3","0","00","N","2","39 54:48.068","6","00","75 08:38.677","1","0","0","0","67301","1","1","0","N","1","1","0","2","67301","0","2","1","01","0615","N","N","N","0","0","0","0","1","0","0","Y","0500","0","2","0","0","0","0","0","2","0","1","03","03","N","","","","","","","","","","",""
"2023019388","0136","2","0","0","0","0","0","0","0","0","7","0","","67","02","2023","2","40.035","-75.0694","0136","06","0","0","1","0","0","0","0","0","","1","0","0","01","3","5","01","","2","40 02:06.097","7","00","75 04:09.909","1","0","0","0","67301","0","0","0","N","0","0","0","6","67301","0","2","5","01","0603","N","N","Y","0","0","0","1","0","3","2","Y","0136","5","2","0","0","0","4","0","2","0","2","03","03","N","","","","","","","","","","",""
"2023014495","2136","1","0","0","0","0","0","0","0","0","4","0","","67","02","2023","6","39.8975","-75.2525","2129","06","0","0","0","0","0","0","0","0","","0","0","0","21","2","3","01","","0","39 53:51.111","","00","75 15:08.912","4","0","0","0","67301","0","0","0","N","0","0","0","5","67301","3","","1","01","","N","N","N","0","","0","0","2","3","2","","2125","3","3","0","0","4","0","0","2","0","3","03","","N","","","","","","","","","","",""
"2023014407","1523","1","0","0","0","0","0","0","0","0","4","0","","67","02","2023","7","40.032","-75.1877","1520","06","0","0","0","0","0","0","0","0","","0","0","0","14","1","1","03","","0","40 01:55.369","","00","75 11:15.658","3","0","0","0","67301","0","0","0","N","0","0","0","3","67301","0","","1","01","","N","N","N","0","","1","0","1","0","0","","1452","1","2","0","0","0","0","0","2","0","2","03","03","N","","","","","","","","","","",""
"2023015079","0129","1","0","0","0","0","0","0","0","0","5","0","","67","02","2023","2","39.9911","-75.1601","0127","06","0","0","0","0","0","0","0","0","","0","0","0","01","3","1","00","N","2","39 59:28.110","2","00","75 09:36.500","3","0","0","0","67301","0","0","0","N","0","0","0","1","67301","0","","6","01","0200","N","N","N","0","","1","0","3","3","2","N","0120","1","4","0","0","0","0","0","2","0","4","03","03","N","","","","","","","","","","",""
"2023015371","0045","1","0","0","0","0","0","0","0","0","4","0","","67","02","2023","2","40.0364","-75.1305","0035","06","0","0","0","0","1","0","0","0","","0","0","0","00","3","1","01","","1","40 02:11.169","4","00","75 07:49.839","3","0","0","0","67301","0","0","0","N","0","0","0","2","67301","0","","1","09","0148","N","N","N","0","","1","0","1","3","2","Y","0006","1","2","0","0","2","0","1","2","0","2","03","","N","","","","","","","","","","",""
"2023012993","1622","2","0","0","0","0","0","0","0","0","1","0","","67","02","2023","2","40.0708","-75.0318","1614","06","0","0","0","0","0","0","1","0","","0","0","0","15","1","1","00","Y","0","40 04:14.823","","00","75 01:54.436","3","0","0","0","67301","0","0","0","N","0","0","0","2","67301","0","","1","01","","N","N","N","0","","1","0","0","3","2","","1546","1","2","0","0","0","0","0","2","0","2","03","","N","","","","","","","","","","",""
"2023014743","2238","0","0","0","0","0","0","0","0","0","8","0","","67","02","2023","1","40.0299","-75.0875","2234","06","0","0","0","0","0","0","0","0","","0","0","0","22","3","2","01","","0","40 01:47.398","","00","75 05:15.572","3","0","0","0","67301","1","0","0","N","1","0","0","2","67301","0","","1","09","","N","N","N","0","","2","0","0","3","2","","2233","2","2","0","0","0","0","0","2","0","1","07","07","N","","","","","","","","","","",""
"2023022664","1950","0","0","0","0","0","0","0","0","0","8","0","","67","03","2023","4","39.9461","-75.1985","1946","06","0","0","0","0","0","0","0","0","","1","0","0","19","3","0","02","","2","39 56:45.926","2","00","75 11:54.625","1","0","0","0","67301","1","1","0","N","1","1","0","2","67301","0","2","1","01","2150","N","N","N","0","0","0","0","1","3","2","Y","1943","0","2","0","0","0","0","1","2","0","1","03","03","N","","","","","","","","","","",""
"2023014219","1949","2","0","0","0","0","0","0","0","0","4","0","","67","02","2023","6","40.0574","-75.0078","1949","06","0","0","0","0","0","1","0","0","","0","0","0","19","3","1","02","","0","40 03:26.797","","00","75 00:28.244","3","0","0","0","67301","0","0","0","N","0","0","0","3","67301","0","","1","01","","N","N","N","0","","1","0","0","0","0","","1948","1","2","0","0","0","0","0","2","0","2","03","03","N","","","","","","","","","","",""
"2023016311","1452","1","0","0","0","0","0","0","0","0","1","0","","67","02","2023","5","39.9075","-75.1433","1452","06","0","0","0","0","0","0","0","0","","0","0","0","14","1","1","00","N","1","39 54:26.924","3","03","75 08:35.977","4","0","0","0","67301","0","0","0","N","0","0","0","2","67501","1","","1","01","1520","N","N","N","0","","0","0","1","0","0","N","1452","1","2","0","0","0","0","0","2","0","2","03","03","N","","","","","","","","","","",""
"2023017204","1200","1","0","0","0","0","0","0","0","0","4","0","","67","02","2023","3","39.9815","-75.2241","1200","06","0","0","0","0","0","0","0","0","","0","0","0","14","1","1","01","","0","39 58:53.467","","00","75 13:26.630","3","0","0","0","67301","0","0","0","N","0","0","0","2","67301","0","","1","01","","N","N","N","0","","1","0","1","3","2","","1434","1","2","0","0","0","0","0","2","0","2","03","","N","","","","","","","","","","",""