"CRN","ARRIVAL_TM","AUTOMOBILE_COUNT","BELTED_DEATH_COUNT","BELTED_SUSP_SERIOUS_INJ_COUNT","BICYCLE_COUNT","BICYCLE_DEATH_COUNT","BICYCLE_SUSP_SERIOUS_INJ_COUNT","BUS_COUNT","CHLDPAS_DEATH_COUNT","CHLDPAS_SUSP_SERIOUS_INJ_COUNT","COLLISION_TYPE","COMM_VEH_COUNT","CONS_ZONE_SPD_LIM","COUNTY","CRASH_MONTH","CRASH_YEAR","DAY_OF_WEEK","DEC_LAT","DEC_LONG","DISPATCH_TM","DISTRICT","DRIVER_COUNT_16YR","DRIVER_COUNT_17YR","DRIVER_COUNT_18YR","DRIVER_COUNT_19YR","DRIVER_COUNT_20YR","DRIVER_COUNT_50_64YR","DRIVER_COUNT_65_74YR","DRIVER_COUNT_75PLUS","EST_HRS_CLOSED","FATAL_COUNT","HEAVY_TRUCK_COUNT","HORSE_BUGGY_COUNT","HOUR_OF_DAY","ILLUMINATION","INJURY_COUNT","INTERSECT_TYPE","INTERSECTION_RELATED","LANE_CLOSED","LATITUDE","LN_CLOSE_DIR","LOCATION_TYPE","LONGITUDE","MAX_SEVERITY_LEVEL","MCYCLE_DEATH_COUNT","MCYCLE_SUSP_SERIOUS_INJ_COUNT","MOTORCYCLE_COUNT","MUNICIPALITY","NONMOTR_COUNT","NONMOTR_DEATH_COUNT","NONMOTR_SUSP_SERIOUS_INJ_COUNT","NTFY_HIWY_MAINT","PED_COUNT","PED_DEATH_COUNT","PED_SUSP_SERIOUS_INJ_COUNT","PERSON_COUNT","POLICE_AGCY","POSSIBLE_INJ_COUNT","RDWY_SURF_TYPE_CD","RELATION_TO_ROAD","ROAD_CONDITION","ROADWAY_CLEARED","SCH_BUS_IND","SCH_ZONE_IND","SECONDARY_CRASH","SMALL_TRUCK_COUNT","SPEC_JURIS_CD","SUSP_MINOR_INJ_COUNT","SUSP_SERIOUS_INJ_COUNT","SUV_COUNT","TCD_FUNC_CD","TCD_TYPE","TFC_DETOUR_IND","TIME_OF_DAY","TOT_INJ_COUNT","TOTAL_UNITS","UNB_DEATH_COUNT","UNB_SUSP_SERIOUS_INJ_COUNT","UNBELTED_OCC_COUNT","UNK_INJ_DEG_COUNT","UNK_INJ_PER_COUNT","URBAN_RURAL","VAN_COUNT","VEHICLE_COUNT","WEATHER1","WEATHER2","WORK_ZONE_IND","WORK_ZONE_LOC","WORK_ZONE_TYPE","WORKERS_PRES","WZ_CLOSE_DETOUR","WZ_FLAGGER","WZ_LAW_OFFCR_IND","WZ_LN_CLOSURE","WZ_MOVING","WZ_OTHER","WZ_SHLDER_MDN","WZ_WORKERS_INJ_KILLED"
"2023012611","1925","1","0","0","0","0","0","0","0","0","2","0","","67","02","2023","1","40.057","-75.0106","1911","06","0","0","0","0","0","0","0","0","","0","0","0","19","3","0","00","N","0","40 03:25.181","","00","75 00:38.242","0","0","0","0","67301","0","0","0","N","0","0","0","3","67301","0","","1","01","","N","N","N","0","","0","0","1","0","0","","1905","0","2","0","0","0","0","0","2","0","2","03","03","N","","","","","","","","","","",""
"2023012997","0842","1","0","0","0","0","0","0","0","0","8","0","","67","02","2023","2","39.9921","-75.0993","0842","06","0","0","0","0","0","0","0","0","","0","0","0","08","1","1","01","","2","39 59:31.730","1","00","75 05:57.398","2","0","0","0","67301","1","0","1","N","1","0","1","2","67301","0","","1","01","0920","N","N","N","0","","0","1","0","3","2","N","0820","1","2","0","0","1","0","0","2","0","1","03","","N","","","","","","","","","","",""
"2023017299","0830","2","0","0","0","0","0","0","0","0","5","0","","67","02","2023","2","39.9951","-75.1584","0821","06","0","0","0","0","0","0","0","0","","0","0","0","06","5","0","00","N","0","39 59:42.530","","00","75 09:30.180","0","0","0","0","67301","0","0","0","N","0","0","0","1","67301","0","","6","99","","N","N","N","0","","0","0","0","0","0","","0600","0","2","0","0","1","0","0","2","0","2","99","","N","","","","","","","","","","",""
"2023027402","1318","2","0","0","0","0","0","0","0","0","1","0","","67","03","2023","1","39.9583","-75.1659","1311","06","0","0","0","0","0","1","1","0","","0","0","0","13","1","1","00","N","2","39 57:29.790","3","00","75 09:57.268","8","0","0","0","67301","0","0","0","N","0","0","0","6","68K01","0","","1","01","1320","N","N","N","0","","0","0","2","0","0","N","1308","1","4","0","0","0","1","0","2","0","4","03","03","N","","","","","","","","","","",""
"2023011778","0745","0","0","0","0","0","0","0","0","0","4","0","","67","02","2023","6","40.0554","-75.0926","0732","06","0","0","0","0","0","1","0","0","","0","0","0","05","1","0","05","","0","40 03:19.504","","00","75 05:33.327","9","0","0","0","67301","0","0","0","N","0","0","0","2","67301","0","","1","01","","N","N","N","1","","0","0","0","3","1","","0532","0","2","0","0","0","0","1","2","0","2","03","03","N","","","","","","","","","","",""
"2023028291","0414","1","0","0","0","0","0","0","0","0","1","1","","67","03","2023","1","40.0183","-75.136","0410","06","0","0","0","0","0","0","0","0","","0","1","0","03","3","0","00","N","0","40 01:05.860","","03","75 08:09.580","0","0","0","0","67301","0","0","0","N","0","0","0","1","67301","0","","6","09","","N","N","N","0","","0","0","0","0","0","","0330","0","2","0","0","1","0","0","2","0","2","07","07","N","","","","","","","","","","",""
"2023028539","0255","2","0","0","0","0","0","0","0","0","3","0","","67","03","2023","5","39.9629","-75.1612","0248","06","0","0","0","0","0","0","0","0","","0","0","0","02","3","0","00","N","0","39 57:46.397","","00","75 09:40.416","0","0","0","0","67301","0","0","0","N","0","0","0","1","67301","0","","4","01","","N","N","N","0","","0","0","0","0","0","","0238","0","2","0","0","1","0","0","2","0","2","03","","N","","","","","","","","","","",""
"2023016299","1920","1","0","0","0","0","0","0","0","0","4","0","","67","02","2023","2","39.9554","-75.1559","1916","06","0","0","0","0","0","0","0","0","","0","0","0","18","3","1","01","","0","39 57:19.340","","00","75 09:21.200","3","0","0","0","67301","0","0","0","N","0","0","0","3","67301","0","","1","01","","N","N","N","1","","1","0","0","3","2","","1859","1","2","0","0","0","0","0","2","0","2","03","03","N","","","","","","","","","","",""
"2023028242","2248","1","0","0","0","0","0","0","0","0","5","0","","67","03","2023","2","39.9923","-75.2018","2246","06","0","0","0","0","0","1","0","0","","0","0","0","22","3","2","00","N","1","39 59:32.151","3","00","75 12:06.337","8","0","0","0","67301","0","0","0","N","0","0","0","2","68K01","0","","1","01","2300","N","N","N","0","","0","0","1","0","0","N","2241","2","3","0","0","0","2","0","2","0","3","03","","N","","","","","","","","","","",""
"2023015983","2053","0","0","0","1","1","0","0","0","0","8","0","","67","01","2023","6","40.0289","-75.116","2044","06","0","0","0","0","0","0","0","0","","1","0","0","20","3","0","01","","0","40 01:44.198","","00","75 06:57.628","1","0","0","0","67301","1","1","0","N","0","0","0","2","67301","0","2","1","01","","N","N","N","0","0","0","0","0","3","3","","2038","0","2","0","0","0","0","0","2","1","1","03","03","N","","","","","","","","","","",""
"2023012738","1138","1","0","0","0","0","0","0","0","0","8","0","","67","02","2023","6","39.9568","-75.1556","1133","06","0","0","0","0","0","0","0","0","","0","0","0","09","1","1","01","","0","39 57:24.468","","03","75 09:20.068","3","0","0","0","67301","1","0","0","N","1","0","0","2","67301","0","","1","01","","N","N","N","0","","1","0","0","3","2","","0915","1","2","0","0","1","0","0","2","0","1","03","03","N","","","","","","","","","","",""
"2023013452","1554","1","0","0","0","0","0","0","0","0","4","0","","67","02","2023","3","40.0372","-75.036","1534","06","0","0","0","0","0","1","1","0","","0","0","0","15","1","1","01","","2","40 02:13.999","2","00","75 02:09.528","4","0","0","0","67301","0","0","0","N","0","0","0","2","67301","1","","1","01","1656","N","N","N","0","","0","0","1","3","3","N","1512","1","2","0","0","0","0","0","2","0","2","03","","N","","","","","","","","","","",""
"2023019113","0858","1","0","0","0","0","0","0","0","0","4","0","","67","02","2023","7","40.0108","-75.1266","0858","06","0","0","0","0","0","1","0","0","","0","0","0","08","1","2","01","","2","40 00:38.955","2","00","75 07:35.936","3","0","0","0","67301","0","0","0","N","0","0","0","5","67301","0","","1","09","1100","N","N","N","0","","2","0","0","3","2","Y","0858","2","2","0","0","2","0","0","2","1","2","03","","N","","","","","","","","","","",""
"2023017629","1535","0","0","0","0","0","0","0","0","0","1","0","","67","02","2023","1","40.0142","-75.1779","1535","06","0","0","0","0","0","0","0","0","","0","0","0","03","3","0","00","N","0","40 00:50.950","","00","75 10:40.590","0","0","0","0","67301","0","0","0","N","0","0","0","1","67301","0","","5","99","","N","N","N","1","","0","0","0","3","1","","0300","0","2","0","0","0","0","0","2","0","2","98","","N","","","","","","","","","","",""
"2023027419","2030","1","0","0","0","0","0","0","0","0","8","0","","67","03","2023","7","40.0643","-75.0537","2024","06","0","0","0","0","0","0","0","0","","0","0","0","20","3","2","01","","0","40 03:51.246","","00","75 03:13.903","3","0","0","0","67301","2","0","0","N","2","0","0","3","67301","0","","1","09","","N","N","N","0","","2","0","0","3","2","","2017","2","3","0","0","0","0","0","2","0","1","03","03","N","","","","","","","","","","",""
"2023011777","1558","1","0","0","0","0","0","0","0","0","1","0","","67","02","2023","5","39.9276","-75.1949","1557","06","0","0","0","0","1","0","0","0","","0","0","0","15","1","0","00","N","1","39 55:39.395","4","00","75 11:41.529","0","0","0","0","67301","0","0","0","N","0","0","0","2","67301","0","","1","01","1630","N","N","N","0","","0","0","1","0","0","N","1544","0","2","0","0","0","0","0","2","0","2","03","03","N","","","","","","","","","","",""
"2023012012","1330","1","0","0","0","0","0","0","0","0","4","0","","67","02","2023","6","39.9547","-75.1495","1313","06","0","0","0","0","0","0","1","0","","0","0","0","13","1","1","05","","1","39 57:16.781","2","02","75 08:58.276","3","0","0","0","67301","0","0","0","N","0","0","0","3","67301","0","","1","01","1400","N","N","N","0","","1","0","2","3","2","N","1310","1","3","0","0","0","0","0","2","0","3","03","","N","","","","","","","","","","",""
"2023014293","0329","5","0","0","0","0","0","0","0","0","4","0","","67","02","2023","7","39.9843","-75.1616","0326","06","0","0","0","0","0","0","0","0","","0","0","0","03","3","1","01","","2","39 59:03.429","2","00","75 09:41.838","4","0","0","0","67301","0","0","0","N","0","0","0","2","67301","1","","1","01","0100","N","N","N","0","","0","0","1","3","3","Y","0325","1","6","0","0","1","0","0","2","0","6","03","03","N","","","","","","","","","","",""
"2023029330","0042","4","0","0","0","0","0","0","0","0","3","0","","67","03","2023","6","40.0345","-75.0388","0032","06","0","0","0","0","0","0","0","0","","0","0","0","23","3","0","00","N","0","40 02:04.250","","00","75 02:19.638","0","0","0","0","67301","0","0","0","N","0","0","0","2","67301","0","","1","01","","N","N","N","0","","0","0","1","0","0","","2359","0","5","0","0","1","0","0","2","0","5","03","03","N","","","","","","","","","","",""
"2023018101","1215","2","0","0","0","0","0","0","0","0","1","0","","67","02","2023","5","40.0036","-75.1812","1204","06","0","0","0","0","0","1","0","0","","0","0","0","18","3","1","05","","0","40 00:13.043","","00","75 10:52.336","3","0","0","0","67301","0","0","0","N","0","0","0","2","67301","0","","1","01","","N","N","N","0","","1","0","0","3","2","","1850","1","2","0","0","0","0","0","2","0","2","03","03","N","","","","","","","","","","",""
"2023015650","0217","1","0","0","0","0","0","0","0","0","4","0","","67","02","2023","2","40.0939","-74.9797","0213","06","0","0","0","0","0","0","0","0","","0","0","0","01","3","0","01","","0","40 05:37.912","","00","74 58:46.898","9","0","0","0","67301","0","0","0","N","0","0","0","3","67301","0","","1","09","","N","N","N","0","","0","0","0","3","2","","0120","0","2","0","0","0","0","2","2","1","2","07","","N","","","","","","","","","","",""
"2023028101","2100","1","0","0","0","0","0","1","0","0","5","0","","67","03","2023","4","39.9699","-75.2392","2052","06","0","0","0","0","0","0","1","0","","0","0","0","20","3","1","01","","0","39 58:11.589","","00","75 14:21.126","4","0","0","0","67301","0","0","0","N","0","0","0","3","67508","1","","1","01","","N","N","N","0","","0","0","0","0","0","N","2048","1","2","0","0","1","0","2","2","0","2","03","03","N","","","","","","","","","","",""
"2023012269","1932","1","0","0","0","0","0","0","0","0","4","0","","67","02","2023","7","40.1018","-75.0275","1930","06","0","1","0","0","0","1","0","0","","0","0","0","19","3","1","01","","0","40 06:06.598","","00","75 01:39.000","3","0","0","0","67301","0","0","0","N","0","0","0","5","67301","0","","1","01","","N","N","N","1","","1","0","1","3","2","","1929","1","3","0","0","0","0","0","2","0","3","03","","N","","","","","","","","","","",""
"2023013474","1643","0","0","0","0","0","0","0","0","0","7","0","","67","02","2023","4","39.9056","-75.1321","1643","06","0","0","0","0","0","0","0","0","","0","0","0","16","1","1","00","N","1","39 54:20.177","3","03","75 07:55.574","4","0","0","0","67301","0","0","0","N","0","0","0","1","67501","1","","3","01","1705","N","N","N","0","","0","0","1","0","0","N","1643","1","1","0","0","0","0","0","2","0","1","03","03","N","","","","","","","","","","",""
"2023013639","0726","1","0","0","0","0","0","0","0","0","4","0","","67","02","2023","4","40.0299","-75.1412","0725","06","0","0","0","0","0","1","0","0","","0","0","0","06","1","2","01","","0","40 01:47.744","","00","75 08:28.428","3","0","0","0","67301","0","0","0","N","0","0","0","3","67301","1","","1","01","","N","N","N","0","","1","0","1","3","3","","0640","2","2","0","0","0","0","0","2","0","2","03","03","N","","","","","","","","","","",""
"2023026908","1839","1","0","0","0","0","0","0","0","0","1","0","","67","03","2023","5","39.959","-75.1707","1829","06","0","0","0","0","0","0","0","0","","0","0","0","18","1","3","00","N","2","39 57:32.367","4","00","75 10:14.693","3","0","0","0","67301","0","0","0","N","0","0","0","3","68K01","0","","1","01","1900","N","N","N","0","","3","0","2","0","0","N","1822","3","3","0","0","0","0","0","2","0","3","03","","N","","","","","","","","","","",""
"2023014741","2342","1","0","0","0","0","0","0","0","0","6","0","","67","02","2023","1","39.9418","-75.2199","2333","06","0","0","0","0","0","0","0","0","","0","0","0","22","3","0","00","N","0","39 56:30.405","","00","75 13:11.811","0","0","0","0","67301","0","0","0","N","0","0","0","1","67301","0","","6","09","","N","N","N","0","","0","0","1","0","0","","2247","0","2","0","0","1","0","0","2","0","2","07","","N","","","","","","","","","","",""
"2023014285","0336","1","0","0","0","0","0","0","0","0","4","0","","67","02","2023","7","39.9632","-75.1996","0333","06","0","0","0","0","0","1","0","0","","0","0","0","03","3","1","01","","0","39 57:47.401","","00","75 11:58.714","3","0","0","0","67301","0","0","0","N","0","0","0","1","67301","0","","1","01","","N","N","N","0","","1","0","1","3","2","","0302","1","3","0","0","0","0","0","2","1","3","03","","N","","","","","","","","","","",""
"2023013635","1345","2","0","0","0","0","0","0","0","0","5","0","","67","02","2023","4","39.9403","-75.2011","1330","06","0","0","0","0","0","0","0","0","","0","0","0","13","1","0","00","N","0","39 56:25.036","","00","75 12:03.796","0","0","0","0","67301","0","0","0","N","0","0","0","2","67301","0","","1","01","","N","N","N","0","","0","0","0","0","0","","1312","0","2","0","0","0","0","0","2","0","2","03","98","N","","","","","","","","","","",""
"2023012994","0446","1","0","0","0","0","0","0","0","0","7","0","","67","01","2023","1","39.9179","-75.2102","0444","06","0","0","0","0","0","0","0","0","","1","0","0","04","3","2","00","N","2","39 55:04.617","6","00","75 12:36.859","1","0","0","0","67301","0","0","0","N","0","0","0","3","67301","0","1","6","09","0930","N","N","N","0","8","2","0","0","0","0","N","0426","2","1","0","0","0","0","0","2","0","1","05","05","N","","","","","","","","","","",""
"2023017417","0305","1","0","0","0","0","0","0","0","0","4","0","","67","02","2023","6","39.9536","-75.1986","0301","06","0","0","0","0","0","1","0","0","","0","0","0","02","3","0","01","","0","39 57:13.089","","00","75 11:55.030","0","0","0","0","67301","0","0","0","N","0","0","0","2","67504","0","","1","09","","N","N","N","0","","0","0","1","3","2","","0255","0","2","0","0","0","0","0","2","0","2","07","03","N","","","","","","","","","","",""
"2023015287","1505","1","0","0","0","0","0","0","0","0","4","0","","67","02","2023","4","39.975","-75.1516","1500","06","0","0","0","1","0","0","0","0","","0","0","0","14","1","0","01","","2","39 58:29.870","2","00","75 09:05.788","0","0","0","0","67301","0","0","0","N","0","0","0","3","67505","0","","1","01","1600","N","N","Y","0","","0","0","2","3","2","Y","1455","0","3","0","0","0","0","0","2","0","3","03","03","N","","","","","","","","","","",""
"2023016078","1330","1","0","0","0","0","0","0","0","0","4","0","","67","02","2023","7","40.0083","-75.1564","1330","06","0","0","0","0","0","1","0","0","","0","0","0","12","1","1","01","","0","40 00:29.772","","00","75 09:22.957","4","0","0","0","67301","0","0","0","N","0","0","0","2","67301","1","","1","01","","N","N","N","0","","0","0","1","3","3","","1200","1","2","0","0","1","0","0","2","0","2","03","03","N","","","","","","","","","","",""
"2023015981","2040","0","0","0","1","1","0","0","0","0","8","0","","67","01","2023","1","39.9788","-75.1346","2037","06","0","0","0","0","0","0","0","0","","1","0","0","20","3","0","01","","2","39 58:43.658","7","00","75 08:04.545","1","0","0","0","67301","1","1","0","N","0","0","0","2","67301","0","2","1","09","2200","N","N","N","0","0","0","0","0","3","3","Y","2035","0","2","0","0","0","0","1","2","1","1","07","","N","","","","","","","","","","",""
"2023013125","1650","1","0","0","0","0","0","0","0","0","4","0","","67","02","2023","2","40.0952","-75.0158","1635","06","0","0","0","0","0","0","0","0","","0","0","0","16","1","1","00","N","0","40 05:42.700","","07","75 00:57.000","3","0","0","0","67301","0","0","0","N","0","0","0","4","67301","0","","1","01","","N","N","N","0","","1","0","0","0","0","","1630","1","2","0","0","4","0","0","2","1","2","03","03","N","","","","","","","","","","",""
"2023023624","0335","2","0","0","0","0","0","0","0","0","5","0","","67","03","2023","7","40.0005","-75.1532","0326","06","0","0","0","0","0","0","0","0","","1","0","0","02","3","0","00","N","1","40 00:01.738","5","00","75 09:11.403","1","0","0","0","67301","0","0","0","N","0","0","0","1","67301","0","1","6","01","0526","N","N","N","0","0","0","0","0","0","0","Y","0255","0","2","0","0","0","0","0","2","0","2","03","","N","","","","","","","","","","",""
"2023012014","0835","0","0","0","0","0","0","0","0","0","7","0","","67","02","2023","7","40.0649","-75.0515","0830","06","0","0","0","0","0","0","0","0","","0","0","0","06","1","0","01","","0","40 03:53.687","","00","75 03:05.279","0","0","0","0","67301","0","0","0","N","0","0","0","1","67301","0","","4","01","","N","N","N","0","","0","0","0","0","0","","0645","0","1","0","0","1","0","0","2","1","1","03","03","N","","","","","","","","","","",""
"2023022927","1935","0","0","0","0","0","0","0","0","0","4","0","","67","02","2023","6","40.013","-75.1194","1920","06","0","0","0","0","0","0","0","0","","0","0","0","19","3","1","01","","0","40 00:46.715","","00","75 07:09.796","2","0","0","0","67301","0","0","0","N","0","0","0","2","67301","0","","1","01","","N","N","N","0","","0","1","1","3","4","","1915","1","2","0","0","1","0","0","2","0","2","03","","N","","","","","","","","","","",""
"2023013632","2053","1","0","0","0","0","0","0","0","0","7","0","","67","02","2023","4","40.0693","-75.1604","2051","06","0","0","0","0","0","0","0","0","","0","0","0","19","3","1","02","","0","40 04:09.580","","00","75 09:37.364","3","0","0","0","67301","0","0","0","N","0","0","0","1","67301","0","","4","01","","N","N","N","0","","1","0","0","0","0","","1912","1","1","0","0","0","0","0","2","0","1","03","98","N","","","","","","","","","","",""
"2023019108","1906","1","0","0","0","0","0","0","0","0","2","0","","67","02","2023","3","39.9938","-75.1793","1905","06","0","0","0","0","0","0","0","0","","0","0","0","19","3","0","00","N","2","39 59:37.658","5","00","75 10:45.413","0","0","0","0","67301","0","0","0","N","0","0","0","2","67301","0","","1","01","2040","N","N","N","0","","0","0","1","0","0","Y","1900","0","2","0","0","2","0","0","2","0","2","03","03","N","","","","","","","","","","",""
"2023029444","1745","1","0","0","0","0","0","0","0","0","8","0","","67","03","2023","6","39.9465","-75.161","1738","06","0","0","0","0","0","1","0","0","","0","0","0","17","1","1","01","","0","39 56:47.500","","00","75 09:39.776","3","0","0","0","67301","1","0","0","N","1","0","0","2","67301","0","","1","01","","N","N","N","0","","1","0","0","3","2","","1730","1","2","0","0","1","0","1","2","0","1","03","03","N","","","","","","","","","","",""
"2023017628","2134","1","0","0","0","0","0","0","0","0","4","0","","67","02","2023","1","39.997","-75.1786","2126","06","0","0","0","0","0","1","0","0","","0","0","0","21","3","0","01","","1","39 59:49.350","1","00","75 10:42.861","0","0","0","0","67301","0","0","0","N","0","0","0","3","67301","0","","1","01","1030","N","N","N","0","","0","0","1","3","2","Y","2120","0","2","0","0","0","0","0","2","0","2","03","03","N","","","","","","","","","","",""
"2023018674","0735","2","0","0","0","0","0","0","0","0","5","0","","67","02","2023","6","40.008","-75.1912","0727","06","0","0","0","0","0","1","0","0","","0","0","0","07","1","0","00","N","0","40 00:28.716","","03","75 11:28.447","0","0","0","0","67301","0","0","0","N","0","0","0","2","67301","0","","1","09","","N","N","N","0","","0","0","0","0","0","","0715","0","2","0","0","0","0","0","2","0","2","07","07","N","","","","","","","","","","",""
"2023014051","2000","0","0","0","0","0","0","0","0","0","8","0","","67","02","2023","2","39.9755","-75.2295","1955","06","0","0","0","0","0","0","0","0","","0","0","0","19","3","1","01","","0","39 58:31.839","","00","75 13:46.329","3","0","0","0","67301","1","0","0","N","1","0","0","2","67301","0","","1","01","","N","N","N","0","","1","0","0","3","3","","1948","1","2","0","0","0","0","0","2","0","1","03","","N","","","","","","","","","","",""
"2023014492","1300","0","0","0","1","0","0","0","0","0","8","0","","67","02","2023","7","39.9369","-75.1502","1255","06","0","0","0","0","0","1","0","0","","0","0","0","12","1","1","01","","0","39 56:12.857","","00","75 09:00.810","3","0","0","0","67301","1","0","0","N","0","0","0","2","67301","0","","1","01","","N","N","N","0","","1","0","1","3","3","","1250","1","2","0","0","0","0","0","2","0","1","03","","N","","","","","","","","","","",""
"2023013959","1015","2","0","0","0","0","0","0","0","0","1","0","","67","02","2023","4","39.9478","-75.161","1012","06","0","0","0","0","0","1","0","0","","0","0","0","10","1","1","00","N","0","39 56:51.900","","00","75 09:39.600","8","0","0","0","67301","0","0","0","N","0","0","0","2","67301","0","","6","01","","N","N","N","0","","0","0","0","0","0","","1010","1","2","0","0","0","1","0","2","0","2","03","03","N","","","","","","","","","","",""
"2023012615","1901","2","0","0","0","0","0","0","0","0","4","0","","67","02","2023","6","40.0096","-75.0641","1846","06","0","0","0","0","0","1","1","0","","0","0","0","18","3","1","02","","0","40 00:34.741","","00","75 03:50.930","4","0","0","0","67301","0","0","0","N","0","0","0","2","67301","1","","1","01","","N","N","N","0","","0","0","0","3","2","","1844","1","2","0","0","1","0","0","2","0","2","03","03","N","","","","","","","","","","",""
"2023027637","2300","1","0","0","0","0","0","0","0","0","5","0","","67","03","2023","1","39.9677","-75.1317","2255","06","0","0","0","0","0","0","0","0","","0","0","0","22","3","3","00","N","0","39 58:03.844","","00","75 07:54.241","3","0","0","0","67301","0","0","0","N","0","0","0","4","68K01","0","","1","01","","N","N","N","0","","3","0","1","0","0","","2255","3","2","0","0","0","0","0","2","0","2","03","03","N","","","","","","","","","","",""
"2023020282","1005","2","0","0","0","0","0","0","0","0","5","0","","67","02","2023","1","39.979","-75.1579","0955","06","0","0","0","0","0","0","0","0","","0","0","0","09","1","0","00","N","1","39 58:44.277","2","00","75 09:28.364","0","0","0","0","67301","0","0","0","N","0","0","0","2","67508","0","","6","09","9999","N","N","Y","0","","0","0","0","0","0","N","0955","0","2","0","0","0","0","0","2","0","2","07","07","N","","","","","","","","","","",""
"2023025563","0121","2","0","0","0","0","0","0","0","0","2","0","","67","02","2023","1","39.9776","-75.1209","0117","06","0","0","0","0","0","0","0","0","","0","0","0","01","3","2","00","N","0","39 58:39.380","","00","75 07:15.070","8","0","0","0","67301","0","0","0","N","0","0","0","3","67301","0","","6","01","","N","N","N","1","","0","0","0","0","0","","0116","2","3","0","0","0","2","0","2","0","3","03","","N","","","","","","","","","","",""
"2023015366","1740","0","0","0","0","0","0","0","0","0","4","0","","67","02","2023","7","39.9729","-75.238","1740","06","0","0","0","0","0","1","0","0","","0","0","0","17","1","1","01","","0","39 58:22.598","","00","75 14:16.756","3","0","0","0","67301","0","0","0","N","0","0","0","4","67301","0","","1","01","","N","N","Y","0","","1","0","3","3","2","","1729","1","3","0","0","0","0","0","2","0","3","03","03","N","","","","","","","","","","",""
"2023015185","2216","2","0","0","0","0","0","0","0","0","5","0","","67","02","2023","2","40.0228","-75.1635","2213","06","0","0","0","0","0","0","0","0","","0","0","0","22","3","0","00","N","0","40 01:22.060","","00","75 09:48.470","9","0","0","0","67301","0","0","0","N","0","0","0","2","67301","0","","6","01","","N","N","N","0","","0","0","0","0","0","","2211","0","2","0","0","0","0","1","2","0","2","03","03","N","","","","","","","","","","",""
"2023012013","0311","2","0","0","0","0","0","0","0","0","4","0","","67","02","2023","7","39.9578","-75.1472","0254","06","0","0","0","0","0","0","0","0","","0","0","0","02","3","0","01","","0","39 57:28.162","","00","75 08:50.070","0","0","0","0","67301","0","0","0","N","0","0","0","2","67301","0","","1","01","","N","N","N","0","","0","0","0","3","2","","0245","0","2","0","0","1","0","0","2","0","2","03","","N","","","","","","","","","","",""
"2023020694","0950","1","0","0","0","0","0","0","0","0","5","0","","67","02","2023","2","40.0148","-75.1333","0950","06","0","0","0","0","0","0","1","0","","0","0","0","19","3","2","00","N","0","40 00:53.280","","00","75 07:59.860","4","0","0","0","67301","0","0","0","N","0","0","0","2","67301","1","","6","01","","N","N","N","0","","0","0","1","0","0","","1900","2","2","0","0","0","1","0","2","0","2","03","03","N","","","","","","","","","","",""
"2023014052","1520","2","0","0","0","0","0","0","0","0","4","0","","67","02","2023","3","39.9656","-75.2319","1545","06","0","0","0","0","0","1","0","0","","0","0","0","14","1","1","05","","0","39 57:56.127","","00","75 13:54.886","8","0","0","0","67301","0","0","0","N","0","0","0","3","67301","0","","1","01","","N","N","N","0","","0","0","0","3","2","","1417","1","2","0","0","0","1","0","2","0","2","03","","N","","","","","","","","","","",""
"2023013637","0248","1","0","0","0","0","0","0","0","0","6","0","","67","02","2023","5","39.9501","-75.2365","0244","06","0","0","0","0","0","0","0","0","","0","0","0","02","3","0","00","N","2","39 57:00.470","6","00","75 14:11.540","9","0","0","0","67301","0","0","0","N","0","0","0","2","67301","0","","1","01","0435","N","N","N","1","","0","0","2","0","0","N","0240","0","4","0","0","0","0","2","2","0","4","03","03","N","","","","","","","","","","",""
"2023013124","0810","2","0","0","0","0","0","0","0","0","5","0","","67","02","2023","2","40.0813","-75.0283","0805","06","0","0","0","0","0","2","1","0","","0","0","0","08","1","0","00","Y","1","40 04:52.800","2","00","75 01:41.881","0","0","0","0","67301","0","0","0","N","0","0","0","5","67301","0","","1","01","0840","N","N","N","2","","0","0","0","3","2","N","0801","0","5","0","0","0","0","0","2","1","5","03","","N","","","","","","","","","","",""
"2023014502","0309","1","0","0","0","0","0","0","0","0","1","0","","67","02","2023","1","40.0361","-75.0578","0304","06","0","0","0","0","0","0","0","0","","0","0","0","03","3","0","00","N","0","40 02:10.110","","00","75 03:28.250","0","0","0","0","67301","0","0","0","N","0","0","0","1","67301","0","","6","01","","N","N","N","0","","0","0","2","0","0","","0302","0","3","0","0","0","0","0","2","0","3","03","03","N","","","","","","","","","","",""
"2023030491","0111","1","0","0","0","0","0","0","0","0","5","0","","67","04","2023","1","40.0207","-75.08","0109","06","0","0","0","0","0","0","0","0","","0","0","0","01","3","0","00","N","0","40 01:14.631","","00","75 04:47.872","0","0","0","0","67301","0","0","0","N","0","0","0","2","67301","0","","4","01","","N","N","N","0","","0","0","1","0","0","","0109","0","2","0","0","0","0","0","2","0","2","03","","N","","","","","","","","","","",""
"2023018572","1051","0","0","0","0","0","0","0","0","0","8","0","","67","02","2023","7","40.0094","-75.1509","1051","06","0","0","0","1","0","0","0","0","","0","0","0","08","1","1","00","N","0","40 00:33.984","","00","75 09:03.169","8","0","0","0","67301","1","0","0","N","1","0","0","2","67301","0","","4","01","","N","N","Y","0","","0","0","1","0","0","","0803","1","2","0","0","0","1","0","2","0","1","03","","N","","","","","","","","","","",""