"CRN","ARRIVAL_TM","AUTOMOBILE_COUNT","BELTED_DEATH_COUNT","BELTED_SUSP_SERIOUS_INJ_COUNT","BICYCLE_COUNT","BICYCLE_DEATH_COUNT","BICYCLE_SUSP_SERIOUS_INJ_COUNT","BUS_COUNT","CHLDPAS_DEATH_COUNT","CHLDPAS_SUSP_SERIOUS_INJ_COUNT","COLLISION_TYPE","COMM_VEH_COUNT","CONS_ZONE_SPD_LIM","COUNTY","CRASH_MONTH","CRASH_YEAR","DAY_OF_WEEK","DEC_LAT","DEC_LONG","DISPATCH_TM","DISTRICT","DRIVER_COUNT_16YR","DRIVER_COUNT_17YR","DRIVER_COUNT_18YR","DRIVER_COUNT_19YR","DRIVER_COUNT_20YR","DRIVER_COUNT_50_64YR","DRIVER_COUNT_65_74YR","DRIVER_COUNT_75PLUS","EST_HRS_CLOSED","FATAL_COUNT","HEAVY_TRUCK_COUNT","HORSE_BUGGY_COUNT","HOUR_OF_DAY","ILLUMINATION","INJURY_COUNT","INTERSECT_TYPE","INTERSECTION_RELATED","LANE_CLOSED","LATITUDE","LN_CLOSE_DIR","LOCATION_TYPE","LONGITUDE","MAX_SEVERITY_LEVEL","MCYCLE_DEATH_COUNT","MCYCLE_SUSP_SERIOUS_INJ_COUNT","MOTORCYCLE_COUNT","MUNICIPALITY","NONMOTR_COUNT","NONMOTR_DEATH_COUNT","NONMOTR_SUSP_SERIOUS_INJ_COUNT","NTFY_HIWY_MAINT","PED_COUNT","PED_DEATH_COUNT","PED_SUSP_SERIOUS_INJ_COUNT","PERSON_COUNT","POLICE_AGCY","POSSIBLE_INJ_COUNT","RDWY_SURF_TYPE_CD","RELATION_TO_ROAD","ROAD_CONDITION","ROADWAY_CLEARED","SCH_BUS_IND","SCH_ZONE_IND","SECONDARY_CRASH","SMALL_TRUCK_COUNT","SPEC_JURIS_CD","SUSP_MINOR_INJ_COUNT","SUSP_SERIOUS_INJ_COUNT","SUV_COUNT","TCD_FUNC_CD","TCD_TYPE","TFC_DETOUR_IND","TIME_OF_DAY","TOT_INJ_COUNT","TOTAL_UNITS","UNB_DEATH_COUNT","UNB_SUSP_SERIOUS_INJ_COUNT","UNBELTED_OCC_COUNT","UNK_INJ_DEG_COUNT","UNK_INJ_PER_COUNT","URBAN_RURAL","VAN_COUNT","VEHICLE_COUNT","WEATHER1","WEATHER2","WORK_ZONE_IND","WORK_ZONE_LOC","WORK_ZONE_TYPE","WORKERS_PRES","WZ_CLOSE_DETOUR","WZ_FLAGGER","WZ_LAW_OFFCR_IND","WZ_LN_CLOSURE","WZ_MOVING","WZ_OTHER","WZ_SHLDER_MDN","WZ_WORKERS_INJ_KILLED"
"2023014050","1020","2","0","0","0","0","0","0","0","0","4","0","","67","02","2023","6","39.9125","-75.241","1016","06","0","0","0","0","0","0","0","0","","0","0","0","09","1","0","00","N","0","39 54:45.040","","00","75 14:27.730","9","0","0","0","67301","0","0","0","N","0","0","0","2","67301","0","","1","01","","N","N","N","0","","0","0","0","0","0","","0938","0","2","0","0","0","0","1","2","0","2","03","98","N","","","","","","","","","","",""
"2023013962","1237","0","0","0","0","0","0","0","0","0","5","0","","67","02","2023","4","40.0802","-74.967","1233","06","0","0","0","0","0","0","1","0","","0","0","0","12","1","0","00","N","0","40 04:48.840","","00","74 58:01.180","0","0","0","0","67301","0","0","0","N","0","0","0","1","67301","0","","6","01","","N","N","N","1","","0","0","1","0","0","","1200","0","2","0","0","0","0","0","2","0","2","03","03","N","","","","","","","","","","",""
"2023014490","1033","2","0","0","0","0","0","0","0","0","4","0","","67","02","2023","1","40.0411","-75.0649","1026","06","0","0","0","0","0","0","0","0","","0","0","0","10","1","1","02","","0","40 02:27.780","","00","75 03:53.670","3","0","0","0","67301","0","0","0","N","0","0","0","2","67301","0","","1","01","","N","N","N","0","","1","0","0","3","3","","1015","1","2","0","0","1","0","0","2","0","2","04","","N","","","","","","","","","","",""
"2023021639","0424","0","0","0","0","0","0","0","0","0","1","0","","67","02","2023","1","40.0224","-75.038","0424","06","0","0","0","0","0","0","0","0","","0","0","0","04","3","0","00","N","0","40 01:20.715","","00","75 02:16.704","0","0","0","0","67301","0","0","0","N","0","0","0","2","68K01","0","","1","01","","N","N","Y","0","","0","0","2","0","0","","0405","0","2","0","0","0","0","0","2","0","2","03","","N","","","","","","","","","","",""
"2023019707","0224","1","0","0","0","0","0","0","0","0","7","0","","67","02","2023","4","39.957","-75.1552","0223","06","0","0","0","0","0","0","0","0","","0","0","0","02","3","0","00","N","0","39 57:25.158","","00","75 09:18.684","9","0","0","0","67301","0","0","0","N","0","0","0","2","68K01","0","","4","09","","N","N","N","0","","0","0","1","0","0","","0209","0","2","0","0","0","0","1","2","0","2","07","07","N","","","","","","","","","","",""
"2023013128","1500","2","0","0","0","0","0","0","0","0","4","0","","67","02","2023","7","40.0548","-75.169","1500","06","0","0","0","0","0","1","0","0","","0","0","0","14","1","0","01","","0","40 03:17.448","","00","75 10:08.248","9","0","0","0","67301","0","0","0","N","0","0","0","2","67301","0","","1","01","","N","N","N","0","","0","0","0","3","2","","1430","0","2","0","0","0","0","1","2","0","2","03","03","N","","","","","","","","","","",""
"2023014750","0255","0","0","0","0","0","0","0","0","0","5","0","","67","02","2023","7","40.0155","-75.1391","0253","06","0","0","0","0","0","1","0","0","","0","0","0","02","3","0","00","N","0","40 00:55.970","","00","75 08:20.660","9","0","0","0","67301","0","0","0","N","0","0","0","2","67301","0","","1","01","","N","N","N","0","","0","0","1","0","0","","0253","0","2","0","0","0","0","1","2","1","2","03","03","N","","","","","","","","","","",""
"2023014289","0438","1","0","0","0","0","0","0","0","0","5","0","","67","02","2023","4","39.9927","-75.1814","0438","06","0","0","0","0","0","0","0","0","","0","0","0","04","3","0","00","N","0","39 59:33.790","","00","75 10:52.950","0","0","0","0","67301","0","0","0","N","0","0","0","1","67301","0","","6","01","","N","N","Y","3","","0","0","1","0","0","","0430","0","5","0","0","1","0","0","2","0","5","03","03","N","","","","","","","","","","",""
"2023019708","0305","1","0","0","0","0","0","0","0","0","5","0","","67","02","2023","4","39.9008","-75.1542","0302","06","0","0","0","0","0","1","0","0","","0","0","0","02","3","0","00","N","0","39 54:02.960","","03","75 09:15.253","0","0","0","0","67301","0","0","0","N","0","0","0","2","68K01","0","","1","01","","N","N","N","0","","0","0","1","0","0","","0249","0","2","0","0","0","0","0","2","0","2","03","","N","","","","","","","","","","",""
"2023028491","2257","1","0","0","0","0","0","0","0","0","7","0","","67","03","2023","5","39.9027","-75.1508","2247","06","0","0","0","0","0","0","0","0","","0","0","0","22","3","1","00","N","0","39 54:09.574","","00","75 09:02.824","8","0","0","0","67301","0","0","0","N","0","0","0","1","68K01","0","","4","01","","N","N","N","0","","0","0","0","0","0","","2239","1","1","0","0","0","1","0","2","0","1","03","","N","","","","","","","","","","",""
"2023014220","1901","1","0","0","0","0","0","0","0","0","4","0","","67","02","2023","6","40.0337","-75.1759","1844","06","0","0","0","0","0","1","0","0","","0","0","0","18","3","2","02","","0","40 02:01.360","","00","75 10:33.270","3","0","0","0","67301","0","0","0","N","0","0","0","2","67301","0","","1","01","","N","Y","Y","0","","2","0","1","3","3","","1800","2","2","0","0","0","0","0","2","0","2","03","03","N","","","","","","","","","","",""
"2023016585","1316","0","0","0","0","0","0","0","0","0","5","0","","67","02","2023","1","39.9623","-75.2244","1316","06","0","0","0","0","0","1","0","0","","0","0","0","13","1","2","00","N","0","39 57:44.112","","00","75 13:27.824","3","0","0","0","67301","0","0","0","N","0","0","0","2","67301","0","","3","01","","N","N","N","1","","2","0","4","0","0","","1311","2","5","0","0","0","0","0","2","0","5","03","03","N","","","","","","","","","","",""
"2023028048","2032","0","0","0","0","0","0","0","0","0","7","0","","67","02","2023","1","39.9571","-75.1563","2023","06","0","0","0","0","0","0","0","0","","0","0","0","20","3","0","00","N","1","39 57:25.671","4","00","75 09:22.606","0","0","0","0","67301","0","0","0","N","0","0","0","1","68K01","0","","3","08","2035","N","N","N","0","","0","0","1","0","0","N","2016","0","1","0","0","0","0","0","2","0","1","07","","N","","","","","","","","","","",""
"2023017624","1503","1","0","0","1","1","0","0","0","0","8","0","","67","02","2023","6","39.9939","-75.1539","1407","06","0","0","0","0","0","0","0","0","","1","0","0","06","3","0","00","N","0","39 59:37.894","","00","75 09:14.112","1","0","0","0","67301","1","1","0","N","0","0","0","2","67301","0","2","1","09","","N","N","N","0","0","0","0","0","0","0","","0635","0","2","0","0","0","0","0","2","0","1","07","","N","","","","","","","","","","",""
"2023021731","2355","1","0","0","0","0","0","0","0","0","4","0","","67","02","2023","6","39.9578","-75.2416","2355","06","0","0","0","0","0","1","1","0","","0","0","0","23","3","2","01","","0","39 57:28.022","","00","75 14:29.885","2","0","0","0","67301","0","0","0","N","0","0","0","4","67301","0","","1","09","","N","N","N","0","","0","1","2","3","3","","2355","2","3","0","0","0","1","0","2","0","3","98","","N","","","","","","","","","","",""
"2023029709","1625","0","0","0","0","0","0","0","0","0","7","0","","67","03","2023","2","39.939","-75.2104","1625","06","0","0","0","0","0","0","0","0","","0","0","0","16","1","1","00","N","0","39 56:20.388","","00","75 12:37.439","2","0","0","0","67301","0","0","0","N","0","0","0","1","67301","0","","4","09","","N","N","N","0","","0","1","1","0","0","","1625","1","1","0","0","0","0","0","2","0","1","07","04","N","","","","","","","","","","",""
"2023012990","0420","2","0","0","0","0","0","0","0","0","5","0","","67","02","2023","1","39.9268","-75.1491","0414","06","0","0","0","0","0","0","0","0","","0","0","0","04","3","0","00","N","2","39 55:36.600","2","00","75 08:56.770","0","0","0","0","67301","0","0","0","N","0","0","0","1","67301","0","","6","01","0100","N","N","N","0","","0","0","2","0","0","Y","0414","0","4","0","0","0","0","0","2","0","4","03","03","N","","","","","","","","","","",""
"2023014742","2259","5","0","0","0","0","0","0","0","0","1","0","","67","02","2023","1","40.0439","-75.1895","2256","06","0","0","0","0","0","0","0","0","","0","0","0","22","3","1","00","N","0","40 02:37.950","","00","75 11:22.240","8","0","0","0","67301","0","0","0","N","0","0","0","1","67301","0","","6","09","","N","N","N","0","","0","0","0","0","0","","2255","1","5","0","0","0","1","0","2","0","5","03","07","N","","","","","","","","","","",""
"2023013316","0937","0","0","0","0","0","0","0","0","0","1","0","","67","02","2023","4","40.01","-75.2064","0937","06","0","0","0","0","0","0","0","0","","0","0","0","09","1","1","00","N","0","40 00:35.868","","00","75 12:22.904","3","0","0","0","67301","0","0","0","N","0","0","0","3","68K01","0","","1","01","","N","N","N","1","","1","0","2","0","0","","0932","1","3","0","0","0","0","0","2","0","3","03","","N","","","","","","","","","","",""
"2023021717","0148","2","0","0","0","0","0","0","0","0","8","0","","67","02","2023","2","39.9215","-75.2282","0147","06","0","0","0","0","0","0","0","0","","1","0","0","01","3","0","00","N","2","39 55:17.576","6","00","75 13:41.500","1","0","0","0","67301","1","1","0","N","1","1","0","2","67301","0","2","1","01","0300","N","N","N","0","0","0","0","0","0","0","Y","0125","0","3","0","0","0","0","0","2","0","2","03","","N","","","","","","","","","","",""
"2023023493","2257","1","0","0","0","0","0","0","0","0","6","0","","67","03","2023","5","40.0965","-74.959","2250","06","0","0","0","0","0","1","0","0","","1","0","0","22","3","1","00","N","2","40 05:47.304","5","00","74 57:32.521","1","0","0","0","67301","0","0","0","N","0","0","0","2","67301","0","2","1","01","0300","N","N","N","1","0","0","1","0","0","0","Y","2234","1","2","0","0","0","0","0","2","0","2","03","03","N","","","","","","","","","","",""
"2023018103","1542","3","0","0","0","0","0","0","0","0","5","0","","67","02","2023","7","39.9992","-75.1684","1541","06","0","0","0","0","0","0","1","0","","0","0","0","15","1","2","00","N","0","39 59:57.100","","00","75 10:06.350","4","0","0","0","67301","0","0","0","N","0","0","0","2","67301","2","","1","01","","N","N","N","0","","0","0","3","0","0","","1540","2","6","0","0","1","0","0","2","0","6","03","","N","","","","","","","","","","",""
"2023015369","2152","1","0","0","0","0","0","0","0","0","6","0","","67","02","2023","6","40.0294","-75.1247","2151","06","0","0","0","0","0","0","0","0","","0","0","0","21","3","1","01","","0","40 01:45.919","","00","75 07:28.902","3","0","0","0","67301","0","0","0","N","0","0","0","3","67301","0","","1","01","","N","N","N","0","","1","0","1","3","2","","2151","1","2","0","0","3","0","0","2","0","2","03","03","N","","","","","","","","","","",""
"2023026911","2324","0","0","0","0","0","0","0","0","0","1","0","","67","03","2023","5","39.9332","-75.1454","2254","06","0","0","0","0","0","1","0","0","","0","0","0","22","2","0","00","N","0","39 55:59.695","","00","75 08:43.541","0","0","0","0","67301","0","0","0","N","0","0","0","2","68K01","0","","1","09","","N","N","N","1","","0","0","1","0","0","","2251","0","2","0","0","0","0","0","2","0","2","07","","N","","","","","","","","","","",""
"2023014506","1140","1","0","0","0","0","0","0","0","0","4","0","","67","02","2023","5","39.9881","-75.2424","1135","06","0","0","0","0","0","0","0","2","","0","0","0","11","1","0","01","","0","39 59:17.052","","00","75 14:32.697","0","0","0","0","67301","0","0","0","N","0","0","0","2","67301","0","","1","01","","N","N","N","0","","0","0","1","3","3","","1105","0","2","0","0","0","0","0","2","0","2","04","04","N","","","","","","","","","","",""
"2023027772","0801","1","0","0","0","0","0","0","0","0","4","0","","67","03","2023","2","40.0743","-75.0348","0737","06","0","0","0","0","0","0","0","0","","0","0","0","07","1","1","01","","2","40 04:27.539","5","00","75 02:05.367","3","0","0","0","67301","0","0","0","N","0","0","0","3","67301","0","","1","01","0836","N","N","N","0","","1","0","1","3","2","N","0719","1","2","0","0","0","0","0","2","0","2","03","03","N","","","","","","","","","","",""
"2023027058","1048","1","0","0","0","0","0","0","0","0","1","0","","67","03","2023","5","39.9815","-75.1173","1041","06","0","0","0","0","0","0","0","0","","0","0","0","10","1","1","01","","0","39 58:53.612","","00","75 07:02.654","4","0","0","0","67301","0","0","0","N","0","0","0","4","67301","1","","1","01","","N","N","N","0","","0","0","1","3","2","","1031","1","3","0","0","2","0","0","2","1","3","03","04","N","","","","","","","","","","",""
"2023012492","1645","1","0","0","0","0","0","0","0","0","4","0","","67","02","2023","2","40.0072","-75.1516","1641","06","0","0","0","0","0","1","0","0","","0","0","0","16","1","0","00","N","1","40 00:26.099","1","07","75 09:05.640","0","0","0","0","67301","0","0","0","N","0","0","0","2","67505","0","","1","01","1730","N","N","N","0","","0","0","0","3","8","Y","1638","0","2","0","0","0","0","0","2","1","2","03","03","N","","","","","","","","","","",""
"2023011737","0803","0","0","0","0","0","0","0","0","0","1","0","","67","02","2023","5","39.9769","-75.1976","0745","06","0","0","0","0","0","1","0","0","","0","0","0","07","1","0","00","N","1","39 58:36.917","4","00","75 11:51.504","0","0","0","0","67301","0","0","0","N","0","0","0","2","68K01","0","","1","01","0030","N","N","N","0","","0","0","2","0","0","N","0744","0","2","0","0","0","0","0","2","0","2","03","03","N","","","","","","","","","","",""
"2023028362","2358","2","0","0","0","0","0","0","0","0","5","0","","67","03","2023","7","40.0606","-75.0195","2354","06","0","0","0","0","0","0","0","0","","0","0","0","19","3","0","00","N","0","40 03:38.209","","00","75 01:10.301","0","0","0","0","67301","0","0","0","N","0","0","0","0","67301","0","","6","09","","N","N","N","0","","0","0","0","0","0","","1900","0","2","0","0","0","0","0","2","0","2","07","07","N","","","","","","","","","","",""
"2023014300","0955","1","0","0","0","0","0","0","0","0","1","0","","67","02","2023","1","39.9761","-75.1606","0950","06","0","0","0","0","0","0","0","0","","0","0","0","05","5","0","00","N","0","39 58:33.840","","00","75 09:38.090","9","0","0","0","67301","0","0","0","N","0","0","0","1","67505","0","","6","01","","N","N","Y","0","","0","0","0","0","0","","0500","0","2","0","0","0","0","1","2","0","2","04","","N","","","","","","","","","","",""
"2023028549","1342","1","0","0","0","0","0","1","0","0","4","1","","67","03","2023","6","39.9717","-75.1259","1329","06","0","0","0","0","0","1","0","0","","0","0","0","13","1","0","01","","2","39 58:18.518","4","00","75 07:33.433","0","0","0","0","67301","0","0","0","N","0","0","0","2","67301","0","","1","09","1413","Y","N","N","0","","0","0","0","3","2","Y","1318","0","2","0","0","0","0","0","2","0","2","04","","N","","","","","","","","","","",""
"2023014284","0019","3","0","0","0","0","0","0","0","0","1","0","","67","02","2023","1","39.9664","-75.2248","0019","06","0","0","0","1","0","0","1","0","","0","0","0","00","3","0","00","N","0","39 57:59.204","","00","75 13:29.420","9","0","0","0","67301","0","0","0","N","0","0","0","4","67301","0","","1","01","","N","N","N","0","","0","0","1","0","0","","0013","0","4","0","0","0","0","1","2","0","4","03","03","N","","","","","","","","","","",""
"2023015957","2141","2","0","0","0","0","0","0","0","0","4","0","","67","02","2023","4","40.0286","-75.2056","2140","06","0","0","0","0","0","1","0","0","","0","0","0","21","3","0","01","","0","40 01:43.127","","00","75 12:20.099","0","0","0","0","67301","0","0","0","N","0","0","0","2","67301","0","","1","01","","N","N","N","0","","0","0","0","3","1","","2135","0","2","0","0","0","0","0","2","0","2","03","03","N","","","","","","","","","","",""
"2023023947","1021","1","0","0","0","0","0","0","0","0","1","0","","67","02","2023","1","40.0091","-75.0672","1014","06","0","0","0","0","0","0","0","0","","0","0","0","10","1","0","06","","0","40 00:32.861","","08","75 04:01.747","0","0","0","0","67301","0","0","0","N","0","0","0","2","68K01","0","","7","01","","N","N","N","0","","0","0","1","0","0","","1004","0","2","0","0","0","0","0","2","0","2","03","03","N","","","","","","","","","","",""
"2023019720","1353","2","0","0","0","0","0","0","0","0","1","0","","67","02","2023","3","39.9483","-75.186","1341","06","0","0","0","0","0","0","0","0","","0","0","0","13","1","1","00","N","1","39 56:53.828","4","03","75 11:09.681","3","0","0","0","67301","0","0","0","N","0","0","0","3","68K01","0","","1","01","1445","N","N","N","1","","1","0","0","0","0","N","1336","1","3","0","0","0","0","0","2","0","3","03","","N","","","","","","","","","","",""
"2023014586","2356","6","0","0","0","0","0","0","0","0","4","0","","67","02","2023","1","39.9793","-75.1627","2355","06","0","0","0","0","0","0","0","0","","0","0","0","23","3","0","01","","2","39 58:45.509","2","00","75 09:45.755","0","0","0","0","67301","0","0","0","N","0","0","0","2","67505","0","","1","01","0200","N","N","N","0","","0","0","1","3","2","Y","2350","0","7","0","0","1","0","0","2","0","7","03","03","N","","","","","","","","","","",""
"2023019712","0456","2","0","0","0","0","0","0","0","0","1","0","","67","02","2023","5","39.9839","-75.0966","0447","06","0","0","0","0","0","1","0","0","","0","0","0","04","3","1","00","N","1","39 59:02.144","1","03","75 05:47.841","8","0","0","0","67301","0","0","0","N","0","0","0","3","68K01","0","","1","01","0510","N","N","N","0","","0","0","1","0","0","N","0446","1","3","0","0","1","1","0","2","0","3","03","","N","","","","","","","","","","",""
"2023014501","0253","0","0","0","0","0","0","0","0","0","4","0","","67","02","2023","7","40.0205","-75.0537","0253","06","0","0","0","0","0","0","0","0","","0","0","0","02","3","2","01","","0","40 01:13.878","","00","75 03:13.426","3","0","0","0","67301","0","0","0","N","0","0","0","3","67301","0","","1","01","","N","N","N","0","","2","0","1","3","2","","0245","2","2","0","0","0","0","0","2","0","2","03","03","N","","","","","","","","","","",""
"2023015372","0057","1","0","0","0","0","0","0","0","0","4","0","","67","02","2023","2","40.0369","-75.1447","0057","06","0","0","0","0","0","0","0","0","","0","0","0","00","3","0","02","","0","40 02:12.938","","07","75 08:40.858","0","0","0","0","67301","0","0","0","N","0","0","0","2","67301","0","","1","01","","N","N","N","0","","0","0","1","3","3","","0056","0","2","0","0","0","0","0","2","0","2","03","03","N","","","","","","","","","","",""
"2023027040","1332","2","0","0","0","0","0","0","0","0","4","0","","67","03","2023","5","39.9457","-75.19","1255","06","0","0","0","0","0","0","0","0","","0","0","0","12","1","0","00","N","2","39 56:44.411","4","00","75 11:23.846","0","0","0","0","67301","0","0","0","N","0","0","0","2","68K01","0","","1","09","1332","N","N","N","0","","0","0","0","0","0","N","1250","0","2","0","0","0","0","0","2","0","2","03","07","N","","","","","","","","","","",""
"2023018106","2340","0","0","0","0","0","0","0","0","0","5","0","","67","02","2023","3","40.0114","-75.1552","2333","06","0","0","0","0","0","0","0","0","","0","0","0","23","3","0","00","N","0","40 00:41.100","","00","75 09:18.800","9","0","0","0","67301","0","0","0","N","0","0","0","1","67301","0","","6","01","","N","N","N","0","","0","0","4","0","0","","2333","0","4","0","0","0","0","1","2","0","4","03","03","N","","","","","","","","","","",""
"2023015979","2010","0","0","0","0","0","0","0","0","0","2","0","","67","02","2023","1","39.9858","-75.2156","2003","06","0","0","0","0","0","0","0","0","","0","0","0","19","3","1","01","","0","39 59:08.888","","00","75 12:56.190","3","0","0","0","67301","0","0","0","N","0","0","0","3","67301","0","","1","09","","N","N","N","0","","1","0","3","3","2","","1958","1","3","0","0","0","0","0","2","0","3","07","07","N","","","","","","","","","","",""
"2023024549","2109","1","0","0","0","0","0","0","0","0","5","0","","67","02","2023","1","40.0469","-75.1179","1737","06","0","0","0","0","0","0","0","0","","0","0","0","17","3","0","00","N","0","40 02:48.840","","00","75 07:04.350","0","0","0","0","67301","0","0","0","N","0","0","0","1","67301","0","","6","09","","N","N","N","0","","0","0","1","0","0","","1730","0","2","0","0","1","0","0","2","0","2","07","","N","","","","","","","","","","",""
"2023012010","1118","0","0","0","0","0","0","0","0","0","8","0","","67","02","2023","5","39.9683","-75.1601","1117","06","0","0","0","0","0","0","0","0","","0","0","0","09","5","1","00","N","0","39 58:05.931","","07","75 09:36.224","3","0","0","0","67301","1","0","0","N","1","0","0","2","67301","0","","1","01","","N","N","N","0","","1","0","0","0","0","","0946","1","2","0","0","0","0","1","2","0","1","03","03","N","","","","","","","","","","",""
"2023011874","1626","2","0","0","0","0","0","0","0","0","2","0","","67","02","2023","6","40.0445","-75.1194","1625","06","0","0","0","0","0","0","0","0","","0","0","0","15","1","2","01","","0","40 02:40.087","","00","75 07:10.001","3","0","0","0","67301","0","0","0","N","0","0","0","3","67301","0","","1","01","","N","N","N","0","","2","0","0","3","2","","1500","2","2","0","0","0","0","0","2","0","2","03","03","N","","","","","","","","","","",""
"2023029095","1550","1","0","0","0","0","0","0","0","0","1","0","","67","03","2023","6","39.8978","-75.2114","1550","06","0","0","0","0","0","0","0","0","","0","0","0","15","1","1","00","N","2","39 53:52.093","3","03","75 12:41.129","3","0","0","0","67301","0","0","0","N","0","0","0","5","67301","0","","1","01","1630","N","N","N","0","","1","0","1","0","0","N","1545","1","2","0","0","3","0","0","2","0","2","03","03","N","","","","","","","","","","",""
"2023019021","1439","1","0","0","0","0","0","0","0","0","1","0","","67","02","2023","2","40.0111","-75.0619","1410","06","0","0","0","0","0","0","0","0","","0","0","0","13","1","1","00","N","0","40 00:39.869","","00","75 03:42.856","3","0","0","0","67301","0","0","0","N","0","0","0","2","68K01","0","","1","01","","N","N","N","0","","1","0","0","0","0","","1332","1","2","0","0","0","0","0","2","1","2","03","03","N","","","","","","","","","","",""
"2023014046","2102","0","0","0","0","0","0","0","0","0","7","0","","67","02","2023","5","40.0552","-75.073","2102","06","0","0","0","0","0","0","0","0","","0","0","0","21","3","0","00","N","2","40 03:18.786","1","00","75 04:22.822","0","0","0","0","67301","0","0","0","N","0","0","0","1","67301","0","","4","01","0100","N","N","N","0","","0","0","1","0","0","Y","2102","0","1","0","0","1","0","0","2","0","1","03","03","N","","","","","","","","","","",""
"2023012106","0625","2","0","0","0","0","0","0","0","0","4","0","","67","02","2023","6","39.96","-75.2249","0610","06","0","0","0","0","0","0","0","0","","0","0","0","06","3","1","01","","0","39 57:35.825","","01","75 13:29.558","3","0","0","0","67301","0","0","0","N","0","0","0","2","67301","0","","1","09","","N","N","N","0","","1","0","0","3","2","","0610","1","2","0","0","0","0","0","2","0","2","10","","N","","","","","","","","","","",""
"2023027652","2141","0","0","0","0","0","0","0","0","0","4","1","","67","03","2023","3","40.0918","-74.9864","2100","06","0","0","0","0","0","0","0","0","","0","1","0","20","3","0","02","","1","40 05:30.325","6","00","74 59:11.162","0","0","0","0","67301","0","0","0","N","0","0","0","2","67301","0","","1","01","0030","N","N","N","0","","0","0","1","3","3","N","2037","0","2","0","0","0","0","0","2","0","2","03","03","N","","","","","","","","","","",""
"2023027775","0545","1","0","0","0","0","0","0","0","0","4","0","","67","03","2023","6","39.921","-75.2289","0543","06","0","0","0","0","0","1","0","0","","0","0","0","05","3","0","01","","0","39 55:15.752","","00","75 13:44.116","0","0","0","0","67301","0","0","0","N","0","0","0","3","67301","0","","1","09","","N","N","N","0","","0","0","1","3","2","","0539","0","2","0","0","0","0","0","2","0","2","07","","N","","","","","","","","","","",""
"2023015973","1007","2","0","0","0","0","0","0","0","0","4","0","","67","02","2023","1","39.9335","-75.1923","0957","06","0","0","0","0","0","0","0","0","","0","0","0","09","8","1","01","","0","39 56:00.776","","06","75 11:32.215","4","0","0","0","67301","0","0","0","N","0","0","0","2","67301","1","","1","09","","N","N","N","0","","0","0","0","3","3","","0904","1","2","0","0","0","0","0","2","0","2","07","07","N","","","","","","","","","","",""
"2023019715","1839","1","0","0","0","0","0","0","0","0","1","0","","67","02","2023","1","39.9599","-75.1782","1833","06","0","0","0","0","0","0","0","0","","0","0","0","18","3","0","00","N","0","39 57:35.748","","03","75 10:41.668","0","0","0","0","67301","0","0","0","N","0","0","0","2","68K01","0","","1","09","","N","N","N","0","","0","0","1","0","0","","1830","0","2","0","0","0","0","0","2","0","2","03","03","N","","","","","","","","","","",""
"2023027427","1200","1","0","0","0","0","0","0","0","0","8","0","","67","03","2023","2","40.0389","-75.144","1200","06","0","0","0","0","0","0","0","0","","1","0","0","11","1","0","00","N","0","40 02:20.071","","00","75 08:38.403","1","0","0","0","67301","1","1","0","N","1","1","0","2","67301","0","2","1","01","","N","N","N","0","0","0","0","0","0","0","","1159","0","2","0","0","0","0","0","2","0","1","03","03","N","","","","","","","","","","",""
"2023014752","0508","0","0","0","0","0","0","0","0","0","4","0","","67","02","2023","1","40.0235","-75.1394","0507","06","0","0","0","0","0","0","0","0","","0","0","0","03","3","1","01","","0","40 01:24.456","","00","75 08:21.721","3","0","0","0","67301","0","0","0","N","0","0","0","2","67301","0","","1","01","","N","N","N","0","","1","0","1","3","2","","0305","1","2","0","0","0","0","0","2","0","2","03","03","N","","","","","","","","","","",""
"2023019706","2130","1","0","0","0","0","0","0","0","0","1","0","","67","02","2023","2","39.9549","-75.1408","2119","06","0","0","0","0","0","1","0","0","","0","0","0","21","3","0","00","N","0","39 57:17.557","","00","75 08:26.794","0","0","0","0","67301","0","0","0","N","0","0","0","3","68K01","0","","1","01","","N","N","N","0","","0","0","1","0","0","","2109","0","2","0","0","0","0","0","2","0","2","03","","N","","","","","","","","","","",""
"2023027771","0516","2","0","0","0","0","0","0","0","0","4","0","","67","03","2023","1","39.954","-75.1396","0516","06","0","0","0","0","0","0","0","0","","0","0","0","04","3","1","00","N","0","39 57:14.429","","00","75 08:22.479","3","0","0","0","67301","0","0","0","N","0","0","0","2","67301","0","","1","09","","N","N","N","0","","1","0","0","3","2","","0450","1","2","0","0","0","0","0","2","0","2","03","","N","","","","","","","","","","",""
"2023015466","1455","0","0","0","1","0","0","0","0","0","8","0","","67","02","2023","5","39.972","-75.1496","1449","06","0","0","0","0","0","0","0","0","","0","0","0","14","1","1","01","","0","39 58:19.167","","00","75 08:58.689","4","0","0","0","67301","1","0","0","N","0","0","0","2","67301","1","","1","01","","N","N","N","0","","0","0","0","3","3","","1445","1","2","0","0","0","0","0","2","1","1","03","03","N","","","","","","","","","","",""
"2023011871","1907","0","0","0","0","0","0","0","0","0","8","0","","67","02","2023","5","39.9357","-75.1895","1907","06","0","0","0","0","0","0","0","0","","0","0","0","17","1","1","00","N","0","39 56:08.590","","00","75 11:22.350","3","0","0","1","67301","1","0","0","N","1","0","0","2","67301","0","","1","01","","N","N","N","0","","1","0","0","0","0","","1728","1","2","0","0","0","0","1","2","0","1","03","03","N","","","","","","","","","","",""