"CRN","ARRIVAL_TM","AUTOMOBILE_COUNT","BELTED_DEATH_COUNT","BELTED_SUSP_SERIOUS_INJ_COUNT","BICYCLE_COUNT","BICYCLE_DEATH_COUNT","BICYCLE_SUSP_SERIOUS_INJ_COUNT","BUS_COUNT","CHLDPAS_DEATH_COUNT","CHLDPAS_SUSP_SERIOUS_INJ_COUNT","COLLISION_TYPE","COMM_VEH_COUNT","CONS_ZONE_SPD_LIM","COUNTY","CRASH_MONTH","CRASH_YEAR","DAY_OF_WEEK","DEC_LAT","DEC_LONG","DISPATCH_TM","DISTRICT","DRIVER_COUNT_16YR","DRIVER_COUNT_17YR","DRIVER_COUNT_18YR","DRIVER_COUNT_19YR","DRIVER_COUNT_20YR","DRIVER_COUNT_50_64YR","DRIVER_COUNT_65_74YR","DRIVER_COUNT_75PLUS","EST_HRS_CLOSED","FATAL_COUNT","HEAVY_TRUCK_COUNT","HORSE_BUGGY_COUNT","HOUR_OF_DAY","ILLUMINATION","INJURY_COUNT","INTERSECT_TYPE","INTERSECTION_RELATED","LANE_CLOSED","LATITUDE","LN_CLOSE_DIR","LOCATION_TYPE","LONGITUDE","MAX_SEVERITY_LEVEL","MCYCLE_DEATH_COUNT","MCYCLE_SUSP_SERIOUS_INJ_COUNT","MOTORCYCLE_COUNT","MUNICIPALITY","NONMOTR_COUNT","NONMOTR_DEATH_COUNT","NONMOTR_SUSP_SERIOUS_INJ_COUNT","NTFY_HIWY_MAINT","PED_COUNT","PED_DEATH_COUNT","PED_SUSP_SERIOUS_INJ_COUNT","PERSON_COUNT","POLICE_AGCY","POSSIBLE_INJ_COUNT","RDWY_SURF_TYPE_CD","RELATION_TO_ROAD","ROAD_CONDITION","ROADWAY_CLEARED","SCH_BUS_IND","SCH_ZONE_IND","SECONDARY_CRASH","SMALL_TRUCK_COUNT","SPEC_JURIS_CD","SUSP_MINOR_INJ_COUNT","SUSP_SERIOUS_INJ_COUNT","SUV_COUNT","TCD_FUNC_CD","TCD_TYPE","TFC_DETOUR_IND","TIME_OF_DAY","TOT_INJ_COUNT","TOTAL_UNITS","UNB_DEATH_COUNT","UNB_SUSP_SERIOUS_INJ_COUNT","UNBELTED_OCC_COUNT","UNK_INJ_DEG_COUNT","UNK_INJ_PER_COUNT","URBAN_RURAL","VAN_COUNT","VEHICLE_COUNT","WEATHER1","WEATHER2","WORK_ZONE_IND","WORK_ZONE_LOC","WORK_ZONE_TYPE","WORKERS_PRES","WZ_CLOSE_DETOUR","WZ_FLAGGER","WZ_LAW_OFFCR_IND","WZ_LN_CLOSURE","WZ_MOVING","WZ_OTHER","WZ_SHLDER_MDN","WZ_WORKERS_INJ_KILLED"
"2023018102","1943","1","0","0","0","0","0","0","0","0","4","0","","67","02","2023","6","40.0308","-75.1878","1940","06","0","0","0","0","0","0","0","0","","0","0","0","19","3","2","01","","1","40 01:50.749","1","00","75 11:15.962","3","0","0","0","67301","0","0","0","N","0","0","0","2","67301","0","","1","01","2015","N","N","N","0","","2","0","1","3","2","Y","1935","2","2","0","0","0","0","0","2","0","2","03","03","N","","","","","","","","","","",""
"2023014845","2320","1","0","0","0","0","0","0","0","0","5","0","","67","02","2023","6","40.0356","-75.0254","2315","06","0","0","0","0","0","1","0","0","","0","0","0","23","3","1","00","N","0","40 02:08.339","","00","75 01:31.539","3","0","0","0","67301","0","0","0","N","0","0","0","1","67301","0","","6","01","","N","N","N","0","","1","0","1","0","0","","2310","1","2","0","0","0","0","0","2","0","2","03","03","N","","","","","","","","","","",""
"2023014747","1210","1","0","0","0","0","0","0","0","0","4","0","","67","02","2023","6","40.0122","-75.1505","2330","06","0","0","0","0","0","1","0","0","","0","0","0","23","3","1","01","","0","40 00:44.680","","00","75 09:01.992","3","0","0","0","67301","0","0","0","N","0","0","0","2","67301","0","","1","01","","N","N","N","0","","1","0","0","3","2","","2330","1","2","0","0","0","0","0","2","0","2","03","03","N","","","","","","","","","","",""
"2023012610","1217","0","0","0","0","0","0","0","0","0","4","0","","67","02","2023","1","40.0405","-75.0152","1210","06","0","0","0","0","0","0","1","0","","0","0","0","11","1","1","00","N","0","40 02:25.657","","07","75 00:54.563","3","0","0","0","67301","0","0","0","N","0","0","0","2","67301","0","","1","01","","N","N","N","1","","1","0","1","0","0","","1158","1","2","0","0","0","0","0","2","0","2","03","03","N","","","","","","","","","","",""
"2023012084","0736","1","0","0","0","0","0","0","0","0","7","0","","67","02","2023","7","39.9006","-75.1547","0731","06","0","0","0","0","0","0","0","0","","0","0","0","07","1","1","00","N","0","39 54:02.178","","03","75 09:17.083","8","0","0","0","67301","0","0","0","N","0","0","0","1","68K01","0","","3","01","","N","N","N","0","","0","0","0","0","0","","0727","1","1","0","0","1","1","0","2","0","1","03","03","N","","","","","","","","","","",""
"2023027774","0810","0","0","0","0","0","0","0","0","0","8","0","","67","03","2023","4","39.8975","-75.2525","0804","06","0","0","0","0","0","0","0","0","","0","0","0","06","1","1","02","","0","39 53:51.111","","07","75 15:08.912","3","0","0","0","67301","1","0","0","N","1","0","0","1","67301","0","","1","01","","N","N","N","0","","1","0","0","0","0","","0655","1","2","0","0","0","0","0","2","0","1","03","","N","","","","","","","","","","",""
"2023011449","0202","0","0","0","0","0","0","0","0","0","4","0","","67","02","2023","5","40.0272","-75.1512","0200","06","0","0","0","0","0","0","0","0","","0","0","0","01","3","2","01","","0","40 01:37.898","","00","75 09:04.471","3","0","0","0","67301","0","0","0","N","0","0","0","2","67301","0","","1","01","","N","N","N","0","","2","0","2","3","2","","0150","2","2","0","0","1","0","0","2","0","2","03","03","N","","","","","","","","","","",""
"2023013122","1500","0","0","0","0","0","0","0","0","0","8","0","","67","02","2023","3","39.9408","-75.1661","1500","06","0","0","0","0","0","1","0","0","","0","0","0","14","1","1","01","","0","39 56:26.918","","00","75 09:57.819","2","0","0","0","67301","1","0","1","N","1","0","1","2","67301","0","","1","01","","N","N","N","0","","0","1","1","3","2","","1437","1","2","0","0","0","0","0","2","0","1","03","03","N","","","","","","","","","","",""
"2023014048","1835","1","0","0","0","0","0","0","0","0","5","0","","67","02","2023","3","40.0814","-74.9762","1830","06","0","0","0","0","0","0","1","0","","0","0","0","18","3","0","02","","0","40 04:52.997","","00","74 58:34.259","9","0","0","0","67301","0","0","0","N","0","0","0","3","67301","0","","1","01","","N","N","N","0","","0","0","2","3","2","","1825","0","3","0","0","0","0","1","2","0","3","03","03","N","","","","","","","","","","",""
"2023027517","1835","1","0","0","0","0","0","1","0","0","4","1","","67","03","2023","3","39.9261","-75.2424","1818","06","0","0","0","0","0","0","0","0","","0","0","0","18","4","1","01","","0","39 55:33.920","","00","75 14:32.499","8","0","0","0","67301","0","0","0","N","0","0","0","2","67508","0","","1","01","","N","N","Y","0","","0","0","0","3","2","","1818","1","2","0","0","0","1","0","2","0","2","03","03","N","","","","","","","","","","",""
"2023018061","1721","1","0","0","0","0","0","0","0","0","5","0","","67","02","2023","6","40.0071","-75.1998","1653","06","0","0","0","0","0","0","1","0","","0","0","0","16","1","1","00","N","0","40 00:25.401","","03","75 11:59.376","4","0","0","0","67301","0","0","0","N","0","0","0","3","68K01","1","","1","01","","N","N","N","0","","0","0","1","0","0","","1647","1","2","0","0","0","0","1","2","0","2","03","","N","","","","","","","","","","",""
"2023016225","0915","1","0","0","0","0","0","0","0","0","6","0","","67","02","2023","1","40.007","-75.0943","0909","06","0","0","0","0","0","0","0","0","","0","0","0","09","8","2","00","N","0","40 00:25.290","","01","75 05:39.350","3","0","0","0","67301","0","0","0","N","0","0","0","2","67301","1","","1","09","","N","N","N","0","","1","0","1","0","0","","0906","2","2","0","0","0","0","0","2","0","2","07","07","N","","","","","","","","","","",""
"2023014736","0310","4","0","0","0","0","0","0","0","0","5","0","","67","02","2023","1","39.9198","-75.1805","0310","06","0","0","0","0","0","0","0","0","","0","0","0","03","3","2","00","N","2","39 55:11.370","1","00","75 10:49.760","3","0","0","0","67301","0","0","0","N","0","0","0","2","67301","0","","6","01","0342","N","N","N","0","","2","0","0","0","0","Y","0305","2","4","0","0","2","0","0","2","0","4","03","","N","","","","","","","","","","",""
"2023013349","0148","0","0","0","0","0","0","0","0","0","1","0","","67","02","2023","3","40.0461","-75.1126","0145","06","0","0","0","0","0","0","0","0","","0","0","0","01","3","0","00","N","0","40 02:45.946","","00","75 06:45.456","9","0","0","0","67301","0","0","0","N","0","0","0","1","67301","0","","6","01","","N","N","N","0","","0","0","1","0","0","","0130","0","2","0","0","1","0","1","2","1","2","03","03","N","","","","","","","","","","",""
"2023027158","0850","0","0","0","0","0","0","1","0","0","4","1","","67","03","2023","4","40.0246","-75.2082","0815","06","0","0","0","0","0","0","0","0","","0","0","0","08","1","4","01","","0","40 01:28.737","","00","75 12:29.491","4","0","0","0","67301","0","0","0","N","0","0","0","4","67508","4","","1","01","","N","N","Y","0","","0","0","1","3","3","","0815","4","2","0","0","0","0","0","2","0","2","03","03","N","","","","","","","","","","",""
"2023013964","1238","0","0","0","0","0","0","0","0","0","8","0","","67","02","2023","3","40.0656","-75.1486","1234","06","0","0","0","0","0","0","0","0","","0","0","0","12","1","1","00","N","0","40 03:56.110","","00","75 08:54.930","8","0","0","0","67301","1","0","0","N","1","0","0","2","67301","0","","1","01","","N","N","N","0","","0","0","1","0","0","","1211","1","2","0","0","0","1","0","2","0","1","03","03","N","","","","","","","","","","",""
"2023014049","1419","2","0","0","0","0","0","0","0","0","4","0","","67","02","2023","6","40.0587","-74.9957","1417","06","0","0","0","0","0","1","1","0","","0","0","0","12","1","2","01","","0","40 03:31.491","","00","74 59:44.414","3","0","0","0","67301","0","0","0","N","0","0","0","2","67301","0","","1","01","","N","N","Y","0","","2","0","0","0","0","","1254","2","2","0","0","0","0","0","2","0","2","03","03","N","","","","","","","","","","",""
"2023027061","1251","0","0","0","0","0","0","0","0","0","7","0","","67","03","2023","4","39.9873","-75.1035","1251","06","0","0","0","0","0","0","0","0","","0","0","0","12","1","0","00","N","0","39 59:14.280","","00","75 06:12.730","0","0","0","0","67301","0","0","0","N","0","0","0","1","67301","0","","4","01","","N","N","N","0","","0","0","1","0","0","","1251","0","1","0","0","0","0","0","2","0","1","03","03","N","","","","","","","","","","",""
"2023015072","0229","1","0","0","0","0","0","0","0","0","4","0","","67","02","2023","7","40.0705","-75.1552","0223","06","0","0","0","0","0","0","0","0","","0","0","0","02","3","3","03","","0","40 04:13.704","","00","75 09:18.759","3","0","0","0","67301","0","0","0","N","0","0","0","5","67301","0","","1","01","","N","N","N","0","","3","0","1","3","3","","0215","3","2","0","0","0","0","0","2","0","2","03","","N","","","","","","","","","","",""
"2023012077","0612","2","0","0","0","0","0","0","0","0","1","0","","67","02","2023","6","39.9451","-75.1909","0605","06","0","0","0","0","0","0","0","0","","0","0","0","05","3","0","00","N","0","39 56:42.233","","00","75 11:27.283","0","0","0","0","67301","0","0","0","N","0","0","0","3","68K01","0","","1","09","","N","N","N","0","","0","0","0","0","0","","0555","0","2","0","0","1","0","0","2","0","2","10","","N","","","","","","","","","","",""
"2023014748","2118","1","0","0","0","0","0","0","0","0","4","0","","67","02","2023","1","39.9931","-75.1479","2113","06","0","0","0","0","0","0","0","0","","0","0","0","21","3","2","01","","1","39 59:35.089","5","00","75 08:52.443","3","0","0","0","67301","0","0","0","N","0","0","0","3","67301","0","","1","01","2130","N","N","N","0","","2","0","1","3","2","N","2100","2","2","0","0","0","0","1","2","0","2","03","03","N","","","","","","","","","","",""
"2023019890","2035","0","0","0","0","0","0","0","0","0","6","0","","67","02","2023","4","40.0284","-75.0236","2033","06","0","0","0","0","0","1","0","0","","0","0","0","20","3","0","00","N","2","40 01:42.185","2","03","75 01:25.091","0","0","0","0","67301","0","0","0","N","0","0","0","2","68K01","0","","1","01","2100","N","N","Y","0","","0","0","2","0","0","N","2032","0","2","0","0","1","0","0","2","0","2","03","03","N","","","","","","","","","","",""
"2023014498","0114","1","0","0","0","0","0","0","0","0","7","0","","67","02","2023","5","40.0068","-75.0878","0114","06","0","0","1","0","0","0","0","0","","0","0","0","01","3","1","03","","0","40 00:24.360","","00","75 05:15.992","8","0","0","0","67301","0","0","0","N","0","0","0","1","67301","0","","4","01","","N","N","N","0","","0","0","0","3","2","","0112","1","1","0","0","0","1","0","2","0","1","03","","N","","","","","","","","","","",""
"2023028270","1535","0","0","0","0","0","0","0","0","0","5","1","","67","03","2023","2","39.9419","-75.143","1512","06","0","0","0","0","0","1","0","0","","0","1","0","15","1","1","00","N","0","39 56:30.915","","00","75 08:34.848","3","0","0","0","67301","0","0","0","N","0","0","0","2","68K01","0","","1","09","","N","N","N","0","","1","0","1","0","0","","1510","1","2","0","0","0","0","0","2","0","2","07","07","N","","","","","","","","","","",""
"2023028068","1917","1","0","0","0","0","0","0","0","0","1","0","","67","03","2023","1","39.9577","-75.1604","1906","06","0","0","0","0","0","1","0","0","","0","0","0","19","1","1","00","N","1","39 57:27.640","4","00","75 09:37.416","8","0","0","0","67301","0","0","0","N","0","0","0","8","68K01","0","","1","01","1930","N","N","N","0","","0","0","1","0","0","N","1903","1","2","0","0","0","1","0","2","0","2","03","03","N","","","","","","","","","","",""
"2023021736","1719","1","0","0","0","0","0","0","0","0","4","0","","67","02","2023","1","39.9622","-75.2433","1719","06","0","0","0","0","0","1","0","0","","0","0","0","17","4","2","02","","0","39 57:44.345","","01","75 14:36.183","4","0","0","0","67301","0","0","0","N","0","0","0","2","67301","1","","1","01","","N","N","N","0","","0","0","1","0","0","","1715","2","2","0","0","0","1","0","2","0","2","03","98","N","","","","","","","","","","",""
"2023018331","1647","2","0","0","0","0","0","0","0","0","5","0","","67","02","2023","6","40.0107","-75.1508","1627","06","0","0","0","0","0","0","0","0","","0","0","0","16","1","4","01","","0","40 00:38.613","","00","75 09:02.915","3","0","0","0","67301","0","0","0","N","0","0","0","5","67301","0","","1","01","","N","N","Y","0","","1","0","0","3","2","","1626","4","2","0","0","1","3","0","2","0","2","03","03","N","","","","","","","","","","",""
"2023011836","0638","1","0","0","0","0","0","0","0","0","5","0","","67","02","2023","7","40.0024","-75.1526","0636","06","0","0","1","0","0","0","0","0","","0","0","0","06","1","0","00","N","0","40 00:08.461","","00","75 09:09.475","0","0","0","0","67301","0","0","0","N","0","0","0","2","67505","0","","1","01","","N","N","N","0","","0","0","1","0","0","","0630","0","2","0","0","0","0","0","2","0","2","03","03","N","","","","","","","","","","",""
"2023016057","1740","1","0","0","0","0","0","0","0","0","8","0","","67","01","2023","1","39.9151","-75.1582","1737","06","0","0","0","0","0","0","0","0","","1","0","0","17","3","0","02","","2","39 54:54.351","6","00","75 09:29.531","1","0","0","0","67301","1","1","0","N","1","1","0","2","67301","0","2","1","09","1910","N","N","N","0","0","0","0","0","3","2","Y","1730","0","2","0","0","0","0","0","2","0","1","07","07","N","","","","","","","","","","",""
"2023013126","1352","1","0","0","0","0","0","0","0","0","4","0","","67","02","2023","2","39.9256","-75.2343","1353","06","0","0","0","0","0","0","0","0","","0","0","0","13","1","1","01","","0","39 55:32.089","","00","75 14:03.592","3","0","0","0","67301","1","0","0","N","1","0","0","3","67301","0","","1","01","","N","N","N","1","","1","0","0","3","2","","1352","1","3","0","0","0","0","0","2","0","2","03","03","N","","","","","","","","","","",""
"2023011781","1154","0","0","0","1","0","0","0","0","0","8","0","","67","02","2023","5","39.9291","-75.1769","1149","06","0","0","0","0","0","0","0","0","","0","0","0","11","1","1","01","","0","39 55:44.659","","00","75 10:36.714","3","0","0","0","67301","1","0","0","N","0","0","0","2","67301","0","","1","01","","N","N","N","0","","1","0","1","3","3","","1140","1","2","0","0","0","0","0","2","0","1","03","03","N","","","","","","","","","","",""
"2023028794","0331","0","0","0","0","0","0","0","0","0","4","0","","67","03","2023","7","39.9435","-75.1926","0326","06","0","0","0","0","1","0","0","0","","0","0","0","03","3","0","00","N","0","39 56:36.600","","00","75 11:33.310","0","0","0","0","67301","0","0","0","N","0","0","0","5","68K01","0","","1","09","","N","N","N","0","","0","0","2","0","0","","0322","0","2","0","0","0","0","0","2","0","2","03","03","N","","","","","","","","","","",""
"2023023790","1833","0","0","0","0","0","0","0","0","0","8","0","","67","02","2023","6","39.9567","-75.1986","1830","06","0","0","0","0","0","1","0","0","","0","0","0","18","3","1","00","Y","0","39 57:24.120","","00","75 11:55.042","3","0","0","0","67301","1","0","0","N","1","0","0","2","67504","0","","1","01","","N","N","N","0","","1","0","1","3","2","","1800","1","2","0","0","0","0","0","2","0","1","03","03","N","","","","","","","","","","",""
"2023012737","0922","0","0","0","0","0","0","0","0","0","8","0","","67","02","2023","2","39.9229","-75.1679","0921","06","0","0","0","0","0","0","0","0","","0","0","0","09","1","1","01","","0","39 55:22.375","","00","75 10:04.364","8","0","0","0","67301","1","0","0","N","1","0","0","2","67301","0","","1","01","","N","N","N","0","","0","0","1","3","2","","0915","1","2","0","0","0","1","0","2","0","1","03","03","N","","","","","","","","","","",""
"2023013861","0630","0","0","0","0","0","0","0","0","0","4","0","","67","02","2023","7","39.9475","-75.1877","0629","06","0","0","0","0","0","0","0","0","","0","0","0","06","3","1","01","","0","39 56:50.808","","08","75 11:15.478","3","0","0","0","67301","0","0","0","N","0","0","0","2","67504","0","","1","01","","N","N","N","0","","1","0","2","3","2","","0629","1","2","0","0","1","0","0","2","0","2","03","03","N","","","","","","","","","","",""
"2023014740","1520","1","0","0","0","0","0","0","0","0","4","0","","67","02","2023","1","39.9192","-75.2315","1514","06","0","0","0","0","0","0","0","0","","0","0","0","15","1","0","01","","0","39 55:09.217","","00","75 13:53.371","0","0","0","0","67301","0","0","0","N","0","0","0","2","67301","0","","1","01","","N","N","N","1","","0","0","0","3","2","","1512","0","2","0","0","0","0","0","2","0","2","03","","N","","","","","","","","","","",""
"2023012267","0001","0","0","0","0","0","0","0","0","0","7","0","","67","02","2023","6","40.0886","-75.0434","0030","06","0","0","0","0","0","0","0","0","","0","0","0","23","3","2","00","N","0","40 05:18.800","","00","75 02:36.400","8","0","0","0","67301","0","0","0","N","0","0","0","2","67301","0","","5","01","","N","N","N","1","","0","0","0","0","0","","2355","2","1","0","0","0","2","0","2","0","1","03","","N","","","","","","","","","","",""
"2023027038","1214","3","0","0","0","0","0","0","0","0","1","1","","67","03","2023","5","39.9495","-75.1418","1203","06","0","0","0","0","0","0","1","0","","0","1","0","12","1","2","00","N","1","39 56:58.205","2","00","75 08:30.606","3","0","0","0","67301","0","0","0","N","0","0","0","4","68K01","0","","1","01","1240","N","N","N","0","","2","0","0","0","0","N","1202","2","4","0","0","0","0","0","2","0","4","03","","N","","","","","","","","","","",""
"2023015360","1926","2","0","0","0","0","0","0","0","0","6","0","","67","02","2023","1","40.1309","-75.0142","1918","06","0","0","0","0","1","0","0","0","","0","0","0","18","3","2","00","N","0","40 07:51.176","","00","75 00:51.167","3","0","0","0","67301","0","0","0","N","0","0","0","3","67301","0","","1","09","","N","N","N","0","","2","0","0","0","0","","1856","2","2","0","0","0","0","0","2","0","2","07","07","N","","","","","","","","","","",""
"2023012992","0746","1","0","0","0","0","0","0","0","0","4","0","","67","02","2023","3","40.0266","-75.2148","0746","06","0","0","0","0","0","0","0","0","","0","0","0","07","1","0","02","","0","40 01:35.655","","00","75 12:53.118","0","0","0","0","67301","0","0","0","N","0","0","0","2","67301","0","","1","01","","N","N","N","1","","0","0","0","3","3","","0730","0","2","0","0","2","0","0","2","0","2","03","","N","","","","","","","","","","",""
"2023012371","0140","0","0","0","0","0","0","0","0","0","5","0","","67","02","2023","1","39.953","-75.2219","0140","06","0","0","0","0","0","0","0","0","","0","0","0","01","3","0","00","N","2","39 57:10.800","6","00","75 13:18.920","9","0","0","0","67301","0","0","0","N","0","0","0","1","67301","0","","6","01","0330","N","N","Y","0","","0","0","4","0","0","Y","0104","0","4","0","0","0","0","1","2","0","4","03","03","N","","","","","","","","","","",""
"2023014504","2045","0","0","0","0","0","0","0","0","0","5","0","","67","02","2023","7","39.965","-75.2361","2040","06","0","0","0","0","0","1","0","0","","0","0","0","20","3","0","00","N","0","39 57:53.880","","00","75 14:09.990","0","0","0","0","67301","0","0","0","N","0","0","0","1","67301","0","","6","01","","N","N","N","0","","0","0","2","0","0","","2038","0","2","0","0","0","0","0","2","0","2","03","03","N","","","","","","","","","","",""
"2023013958","0817","0","0","0","0","0","0","0","0","0","8","0","","67","02","2023","5","39.9425","-75.1635","0817","06","0","0","0","0","0","0","0","0","","0","0","0","06","3","1","01","","0","39 56:33.039","","00","75 09:48.758","8","0","0","0","67301","1","0","0","N","1","0","0","2","67301","0","","1","01","","N","N","N","0","","0","0","0","3","3","","0645","1","2","0","0","0","1","1","2","0","1","03","","N","","","","","","","","","","",""
"2023015073","2245","1","0","0","0","0","0","0","0","0","2","0","","67","02","2023","1","40.0581","-75.1658","2241","06","0","0","0","0","0","1","0","0","","0","0","0","22","3","4","00","N","2","40 03:29.207","6","00","75 09:56.760","3","0","0","0","67301","0","0","0","N","0","0","0","4","67301","2","","1","09","2315","N","N","N","0","","2","0","1","0","0","Y","2235","4","2","0","0","0","0","0","2","0","2","07","06","N","","","","","","","","","","",""
"2023014744","0012","2","0","0","0","0","0","0","0","0","1","0","","67","02","2023","2","40.0277","-75.1097","0009","06","0","0","0","0","0","0","0","0","","0","0","0","00","3","1","00","N","1","40 01:39.691","1","00","75 06:34.968","3","0","0","0","67301","0","0","0","N","0","0","0","1","67301","0","","6","09","0100","N","N","N","1","","1","0","1","0","0","N","0009","1","4","0","0","0","0","0","2","0","4","07","","N","","","","","","","","","","",""
"2023026546","0511","2","0","0","0","0","0","0","0","0","1","0","","67","02","2023","1","40.0159","-75.1538","0509","06","0","0","0","0","0","0","0","0","","0","0","0","05","3","0","01","","0","40 00:57.144","","00","75 09:13.828","9","0","0","0","67301","0","0","0","N","0","0","0","2","67301","0","","1","01","","N","N","N","0","","0","0","0","3","2","","0508","0","2","0","0","1","0","1","2","0","2","03","03","N","","","","","","","","","","",""
"2023015187","1600","1","0","0","0","0","0","0","0","0","4","0","","67","02","2023","7","40.0159","-75.1538","1600","06","0","0","0","0","0","1","0","0","","0","0","0","00","3","0","01","","0","40 00:57.144","","00","75 09:13.828","0","0","0","0","67301","0","0","0","N","0","0","0","2","67301","0","","1","01","","N","N","N","0","","0","0","0","3","2","","0010","0","2","0","0","0","0","0","2","0","2","03","03","N","","","","","","","","","","",""
"2023012380","1930","2","0","0","0","0","0","0","0","0","4","0","","67","02","2023","7","39.9751","-75.1636","1919","06","0","0","0","0","0","0","0","0","","0","0","0","19","3","0","01","","0","39 58:30.377","","00","75 09:49.046","9","0","0","0","67301","0","0","0","N","0","0","0","3","67301","0","","1","01","","N","N","N","0","","0","0","0","2","2","","1917","0","2","0","0","0","0","1","2","0","2","03","03","N","","","","","","","","","","",""
"2023019800","2031","2","0","0","0","0","0","0","0","0","1","0","","67","02","2023","1","39.9877","-75.2162","2029","06","0","0","0","0","0","0","0","0","","0","0","0","18","3","0","03","","1","39 59:15.669","2","00","75 12:58.434","9","0","0","0","67301","0","0","0","N","0","0","0","3","67301","0","","1","09","2120","N","N","N","0","","0","0","1","3","2","N","1815","0","3","0","0","0","0","1","2","0","3","07","04","N","","","","","","","","","","",""
"2023015470","1844","1","0","0","0","0","0","0","0","0","8","0","","67","01","2023","3","40.015","-75.1559","1844","06","0","0","0","0","0","0","0","0","","1","0","0","18","3","0","00","N","2","40 00:53.986","6","00","75 09:21.320","1","0","0","0","67301","1","1","0","N","1","1","0","2","67301","0","2","1","01","2250","N","N","N","0","0","0","0","0","0","0","Y","1843","0","2","0","0","1","0","0","2","0","1","03","03","N","","","","","","","","","","",""
"2023014505","0850","0","0","0","0","0","0","0","0","0","5","0","","67","02","2023","5","39.9736","-75.2467","0835","06","0","0","0","0","0","1","0","0","","0","0","0","08","1","0","00","N","0","39 58:25.010","","00","75 14:48.050","0","0","0","0","67301","0","0","0","N","0","0","0","1","67301","0","","6","01","","N","N","N","1","","0","0","1","0","0","","0810","0","2","0","0","0","0","0","2","0","2","04","04","N","","","","","","","","","","",""
"2023014290","0016","1","0","0","0","0","0","0","0","0","4","0","","67","02","2023","5","39.9796","-75.165","0015","06","0","0","0","0","0","0","0","0","","0","0","0","23","3","0","01","","0","39 58:46.587","","00","75 09:54.116","0","0","0","0","67301","0","0","0","N","0","0","0","2","67301","0","","1","01","","N","N","N","0","","0","0","1","3","2","","2330","0","2","0","0","2","0","0","2","0","2","03","04","N","","","","","","","","","","",""
"2023015178","1613","0","0","0","0","0","0","0","0","0","4","0","","67","02","2023","6","40.057","-75.0933","1606","06","0","0","0","0","0","0","0","0","","0","0","0","15","1","1","03","","0","40 03:25.264","","00","75 05:35.815","4","0","0","0","67301","0","0","0","N","0","0","0","2","67301","1","","1","01","","N","N","N","1","","0","0","1","0","0","","1545","1","2","0","0","0","0","0","2","0","2","03","","N","","","","","","","","","","",""
"2023027283","1148","0","0","0","0","0","0","0","0","0","5","0","","67","03","2023","7","39.9597","-75.1776","1148","06","0","0","0","0","0","1","0","0","","0","0","0","11","1","0","00","N","1","39 57:35.026","4","00","75 10:39.531","0","0","0","0","67301","0","0","0","N","0","0","0","2","68K01","0","","1","09","1215","N","N","N","0","","0","0","2","0","0","N","1145","0","2","0","0","0","0","0","2","0","2","07","","N","","","","","","","","","","",""
"2023016305","1904","2","0","0","0","0","0","0","0","0","1","0","","67","02","2023","7","39.9487","-75.2375","1901","06","0","0","0","0","0","0","0","0","","0","0","0","19","3","0","01","","0","39 56:55.280","","00","75 14:14.982","0","0","0","0","67301","0","0","0","N","0","0","0","3","67301","0","","1","01","","N","N","Y","0","","0","0","1","3","2","","1901","0","3","0","0","1","0","0","2","0","3","03","03","N","","","","","","","","","","",""
"2023013960","0457","0","0","0","0","0","0","0","0","0","8","0","","67","02","2023","6","39.9519","-75.1598","0455","06","0","0","0","0","0","0","0","0","","0","0","0","04","3","1","01","","0","39 57:06.984","","00","75 09:35.699","2","0","0","0","67301","1","0","1","N","1","0","1","2","67301","0","","1","01","","N","N","N","0","","0","1","0","3","2","","0452","1","2","0","0","0","0","0","2","0","1","03","","N","","","","","","","","","","",""
"2023021745","2210","0","1","0","0","0","0","0","0","0","7","0","","67","03","2023","1","39.9939","-75.2178","2207","06","0","0","0","0","0","0","0","0","","1","0","0","22","3","0","00","N","0","39 59:38.035","","00","75 13:04.244","1","0","0","0","67301","0","0","0","N","0","0","0","1","67301","0","2","5","01","","N","N","N","0","0","0","0","1","0","0","","2202","0","1","0","0","0","0","0","2","0","1","03","03","N","","","","","","","","","","",""
"2023024790","2134","2","0","0","0","0","0","0","0","0","4","0","","67","02","2023","3","40.0038","-75.1242","2132","06","1","0","0","1","0","0","0","0","","0","0","0","21","3","0","02","","0","40 00:13.798","","00","75 07:26.950","0","0","0","0","67301","0","0","0","N","0","0","0","3","67301","0","","1","01","","N","N","N","0","","0","0","1","3","3","","2132","0","3","0","0","0","0","0","2","0","3","03","03","N","","","","","","","","","","",""
"2023017293","1635","1","0","0","0","0","0","0","0","0","4","0","","67","02","2023","2","40.0057","-75.1011","1628","06","0","0","0","0","0","1","0","0","","0","0","0","16","3","2","01","","1","40 00:20.425","5","00","75 06:03.822","2","0","1","1","67301","0","0","0","N","0","0","0","2","67301","0","","1","01","2100","N","N","N","0","","1","1","0","3","2","Y","1628","2","2","0","0","0","0","0","2","0","2","03","03","N","","","","","","","","","","",""
"2023104680","1105","1","0","0","0","0","0","0","0","0","4","0","","67","10","2023","6","39.9888","-75.1244","1103","06","0","0","0","0","0","0","0","0","","2","0","0","11","1","3","02","","2","39 59:19.615","7","00","75 07:27.943","1","0","0","0","67301","0","0","0","N","0","0","0","5","67301","0","2","1","01","1520","N","N","N","0","0","0","0","0","3","3","Y","1101","3","2","0","0","0","3","0","2","1","2","03","03","N","","","","","","","","","","",""