"CRN","ARRIVAL_TM","AUTOMOBILE_COUNT","BELTED_DEATH_COUNT","BELTED_SUSP_SERIOUS_INJ_COUNT","BICYCLE_COUNT","BICYCLE_DEATH_COUNT","BICYCLE_SUSP_SERIOUS_INJ_COUNT","BUS_COUNT","CHLDPAS_DEATH_COUNT","CHLDPAS_SUSP_SERIOUS_INJ_COUNT","COLLISION_TYPE","COMM_VEH_COUNT","CONS_ZONE_SPD_LIM","COUNTY","CRASH_MONTH","CRASH_YEAR","DAY_OF_WEEK","DEC_LAT","DEC_LONG","DISPATCH_TM","DISTRICT","DRIVER_COUNT_16YR","DRIVER_COUNT_17YR","DRIVER_COUNT_18YR","DRIVER_COUNT_19YR","DRIVER_COUNT_20YR","DRIVER_COUNT_50_64YR","DRIVER_COUNT_65_74YR","DRIVER_COUNT_75PLUS","EST_HRS_CLOSED","FATAL_COUNT","HEAVY_TRUCK_COUNT","HORSE_BUGGY_COUNT","HOUR_OF_DAY","ILLUMINATION","INJURY_COUNT","INTERSECT_TYPE","INTERSECTION_RELATED","LANE_CLOSED","LATITUDE","LN_CLOSE_DIR","LOCATION_TYPE","LONGITUDE","MAX_SEVERITY_LEVEL","MCYCLE_DEATH_COUNT","MCYCLE_SUSP_SERIOUS_INJ_COUNT","MOTORCYCLE_COUNT","MUNICIPALITY","NONMOTR_COUNT","NONMOTR_DEATH_COUNT","NONMOTR_SUSP_SERIOUS_INJ_COUNT","NTFY_HIWY_MAINT","PED_COUNT","PED_DEATH_COUNT","PED_SUSP_SERIOUS_INJ_COUNT","PERSON_COUNT","POLICE_AGCY","POSSIBLE_INJ_COUNT","RDWY_SURF_TYPE_CD","RELATION_TO_ROAD","ROAD_CONDITION","ROADWAY_CLEARED","SCH_BUS_IND","SCH_ZONE_IND","SECONDARY_CRASH","SMALL_TRUCK_COUNT","SPEC_JURIS_CD","SUSP_MINOR_INJ_COUNT","SUSP_SERIOUS_INJ_COUNT","SUV_COUNT","TCD_FUNC_CD","TCD_TYPE","TFC_DETOUR_IND","TIME_OF_DAY","TOT_INJ_COUNT","TOTAL_UNITS","UNB_DEATH_COUNT","UNB_SUSP_SERIOUS_INJ_COUNT","UNBELTED_OCC_COUNT","UNK_INJ_DEG_COUNT","UNK_INJ_PER_COUNT","URBAN_RURAL","VAN_COUNT","VEHICLE_COUNT","WEATHER1","WEATHER2","WORK_ZONE_IND","WORK_ZONE_LOC","WORK_ZONE_TYPE","WORKERS_PRES","WZ_CLOSE_DETOUR","WZ_FLAGGER","WZ_LAW_OFFCR_IND","WZ_LN_CLOSURE","WZ_MOVING","WZ_OTHER","WZ_SHLDER_MDN","WZ_WORKERS_INJ_KILLED"
"2023075235","1928","1","0","0","0","0","0","0","0","0","8","0","","67","08","2023","5","39.9697","-75.1416","1928","06","0","0","0","0","0","1","0","0","","0","0","0","18","1","1","01","","0","39 58:11.239","","00","75 08:29.276","8","0","0","0","67301","1","0","0","N","1","0","0","2","67301","0","","1","01","","N","N","N","0","","0","0","0","3","2","","1832","1","2","0","0","0","1","0","2","0","1","03","","N","","","","","","","","","","",""
"2023075218","2356","2","0","0","0","0","0","0","0","0","1","0","","67","08","2023","4","40.0479","-75.1688","2334","06","0","0","0","0","0","0","0","0","","0","0","0","22","3","0","00","N","0","40 02:52.411","","00","75 10:07.525","9","0","0","0","67301","0","0","0","N","0","0","0","1","67301","0","","6","01","","N","N","N","0","","0","0","0","0","0","","2259","0","2","0","0","0","0","1","2","0","2","03","03","N","","","","","","","","","","",""
"2023073679","2028","2","0","0","0","0","0","0","0","0","5","0","","67","08","2023","7","40.0219","-75.1125","2020","06","1","1","0","0","0","0","0","0","","0","0","0","20","3","1","00","N","0","40 01:18.924","","00","75 06:45.179","3","0","0","0","67301","0","0","0","N","0","0","0","2","67301","0","","1","01","","N","N","N","0","","1","0","0","0","0","","2020","1","2","0","0","0","0","0","2","0","2","03","03","N","","","","","","","","","","",""
"2023101666","0105","0","0","0","0","0","0","0","0","0","7","0","","67","11","2023","1","40.0127","-75.169","0105","06","0","0","0","0","0","1","0","0","","0","0","0","01","3","1","00","N","0","40 00:45.708","","00","75 10:08.496","3","0","0","0","67301","0","0","0","N","0","0","0","4","67301","0","","4","01","","N","N","N","0","","1","0","1","0","0","","0105","1","1","0","0","4","0","3","2","0","1","03","03","N","","","","","","","","","","",""
"2023099900","1941","1","0","0","0","0","0","0","0","0","1","0","","67","10","2023","5","39.9594","-75.1742","1941","06","0","0","0","0","0","0","0","0","","0","0","0","19","3","1","00","N","0","39 57:33.916","","00","75 10:27.099","8","0","0","0","67301","0","0","0","N","0","0","0","2","68K01","0","","1","01","","N","N","N","0","","0","0","1","0","0","","1915","1","2","0","0","0","1","1","2","0","2","03","","N","","","","","","","","","","",""
"2023099645","0507","2","0","0","0","0","0","0","0","0","7","0","","67","06","2023","5","39.9863","-75.1318","0506","06","0","0","0","0","0","0","0","0","","0","0","0","04","3","0","05","","0","39 59:10.625","","01","75 07:54.602","0","0","0","0","67301","0","0","0","N","0","0","0","1","67301","0","","4","01","","N","N","N","0","","0","0","0","3","2","","0458","0","2","0","0","0","0","0","2","0","2","03","","N","","","","","","","","","","",""
"2023075435","1908","0","0","0","0","0","0","0","0","0","1","0","","67","08","2023","3","39.955","-75.146","1903","06","0","0","0","0","0","2","0","0","","0","0","0","19","1","2","00","N","2","39 57:18.100","4","03","75 08:45.600","3","0","0","0","67301","0","0","0","N","0","0","0","4","67501","0","","1","01","1948","N","N","N","0","","1","0","3","0","0","N","1903","2","3","0","0","0","1","0","2","0","3","03","03","N","","","","","","","","","","",""
"2023104580","1624","1","0","0","0","0","0","0","0","0","7","0","","67","11","2023","5","39.9608","-75.1617","1610","06","0","0","0","1","0","0","0","0","","0","0","0","16","1","0","00","N","0","39 57:38.795","","00","75 09:42.080","0","0","0","0","67301","0","0","0","N","0","0","0","2","67301","0","","3","01","","N","N","N","0","","0","0","0","0","0","","1604","0","1","0","0","0","0","0","2","0","1","03","03","N","","","","","","","","","","",""
"2023075720","2155","1","0","0","0","0","0","0","0","0","4","0","","67","08","2023","4","39.9094","-75.1611","2138","06","0","0","0","0","0","1","0","0","","0","0","0","20","3","0","01","","0","39 54:33.787","","00","75 09:40.120","0","0","0","0","67301","0","0","0","N","0","0","0","2","67301","0","","1","01","","N","N","N","0","","0","0","1","3","2","","2035","0","2","0","0","0","0","0","2","0","2","03","","N","","","","","","","","","","",""
"2023098038","","1","0","0","0","0","0","0","0","0","4","0","","67","04","2023","3","40.0047","-75.1521","","06","0","0","0","0","0","0","0","1","","0","0","0","14","1","1","01","","0","40 00:16.900","","00","75 09:07.800","8","0","0","0","67301","0","0","0","N","0","0","0","2","00000","0","","1","01","","","","N","0","","0","0","0","3","2","","1400","1","2","0","0","0","1","0","2","0","2","03","","N","","","","","","","","","","",""
"2023099080","","0","0","0","0","0","0","0","0","0","4","0","","67","03","2023","5","39.9738","-75.1779","","06","0","0","0","0","0","0","0","0","","0","0","0","23","3","2","03","","0","39 58:25.676","","00","75 10:40.367","8","0","0","0","67301","0","0","0","N","0","0","0","3","00000","0","","1","01","","","","N","0","","0","0","1","3","2","","2300","2","2","0","0","0","2","0","2","0","2","03","","N","","","","","","","","","","",""
"2023074458","2034","0","0","0","0","0","0","0","0","0","8","0","","67","08","2023","1","40.0204","-75.1267","2031","06","0","0","0","0","0","0","0","0","","0","0","0","19","3","1","00","N","0","40 01:13.530","","00","75 07:36.090","2","0","0","0","67301","1","0","1","N","1","0","1","2","67301","0","","1","01","","N","N","N","0","","0","1","0","0","0","","1909","1","2","0","0","0","0","1","2","0","1","03","03","N","","","","","","","","","","",""
"2023101351","0329","0","0","0","0","0","0","0","0","0","2","1","","67","11","2023","4","40.1052","-75.0328","0325","06","0","0","0","0","0","0","0","0","","0","1","0","03","3","1","01","","0","40 06:18.580","","00","75 01:58.246","3","0","0","0","67301","0","0","0","N","0","0","0","4","67301","0","","1","01","","N","N","N","0","","1","0","1","3","2","","0310","1","2","0","0","0","0","0","2","0","2","03","03","N","","","","","","","","","","",""
"2023075412","2344","0","0","0","1","0","0","0","0","0","8","0","","67","08","2023","7","39.917","-75.1712","2342","06","0","0","0","0","0","0","0","0","","0","0","0","20","3","1","00","N","0","39 55:01.291","","00","75 10:16.391","8","0","0","0","67301","1","0","0","N","0","0","0","2","67301","0","","1","01","","N","N","N","0","","0","0","1","0","0","","2015","1","2","0","0","0","1","0","2","0","1","03","03","N","","","","","","","","","","",""
"2023100873","1542","1","0","0","0","0","0","0","0","0","7","0","","67","10","2023","3","39.9603","-75.1809","1533","06","0","0","0","0","0","0","0","1","","0","0","0","15","1","0","00","N","0","39 57:37.026","","00","75 10:51.106","0","0","0","0","67301","0","0","0","N","0","0","0","1","68K01","0","","3","01","","N","N","N","0","","0","0","0","0","0","","1520","0","1","0","0","0","0","0","2","0","1","03","","N","","","","","","","","","","",""
"2023103199","1810","2","0","0","0","0","0","0","0","0","3","0","","67","11","2023","1","39.9438","-75.1584","1810","06","0","0","0","0","0","0","0","0","","0","0","0","14","1","1","01","","0","39 56:37.743","","00","75 09:30.285","4","0","0","0","67301","0","0","0","N","0","0","0","2","67301","1","","1","01","","N","N","N","0","","0","0","0","3","2","","1400","1","2","0","0","0","0","1","2","0","2","03","03","N","","","","","","","","","","",""
"2023103849","2045","1","0","0","0","0","0","0","0","0","1","0","","67","11","2023","3","39.9756","-75.1896","2045","06","0","0","0","0","0","0","0","0","","0","0","0","17","3","1","00","N","0","39 58:31.998","","00","75 11:22.490","3","0","0","0","67301","0","0","0","N","0","0","0","2","67301","0","","1","01","","N","N","N","0","","1","0","1","3","2","","1715","1","2","0","0","0","0","1","2","0","2","03","03","N","","","","","","","","","","",""
"2023089360","0820","1","0","0","0","0","0","0","0","0","7","0","","67","10","2023","7","40.0317","-75.1789","0820","06","0","0","0","0","0","0","0","0","","1","0","0","08","1","0","01","","1","40 01:54.253","2","00","75 10:43.938","1","0","0","0","67301","0","0","0","N","0","0","0","1","67301","0","2","4","01","0940","N","Y","N","0","0","0","0","0","3","2","N","0815","0","2","0","0","0","0","0","2","0","1","03","03","N","","","","","","","","","","",""
"2023101729","2055","1","0","0","0","0","0","0","0","0","1","0","","67","10","2023","4","39.9848","-75.0948","2048","06","0","0","0","0","0","0","0","0","","0","0","0","20","3","0","00","N","2","39 59:05.308","1","00","75 05:41.321","0","0","0","0","67301","0","0","0","N","0","0","0","3","68K01","0","","1","01","2130","N","N","N","0","","0","0","1","0","0","N","2046","0","2","0","0","0","0","0","2","0","2","03","03","N","","","","","","","","","","",""
"2023075961","1028","0","0","0","0","0","0","0","0","0","8","0","","67","08","2023","4","40.0236","-75.1304","1020","06","0","0","0","0","0","0","0","0","","0","0","0","10","1","1","00","N","0","40 01:24.860","","00","75 07:49.390","3","0","0","0","67301","1","0","0","N","1","0","0","2","67301","0","","1","01","","N","N","N","0","","1","0","0","0","0","","1015","1","2","0","0","0","0","0","2","0","1","03","03","N","","","","","","","","","","",""
"2023074057","1739","1","0","0","0","0","0","0","0","0","7","0","","67","08","2023","1","39.9473","-75.2269","1739","06","0","0","1","0","0","0","0","0","","0","0","0","17","1","0","01","","0","39 56:50.225","","00","75 13:36.792","0","0","0","0","67301","0","0","0","N","0","0","0","1","67301","0","","4","01","","N","N","N","0","","0","0","0","3","2","","1738","0","1","0","0","1","0","0","2","0","1","03","","N","","","","","","","","","","",""
"2023102696","1654","2","0","0","0","0","0","0","0","0","1","0","","67","11","2023","6","39.9576","-75.16","1639","06","0","0","0","0","0","0","0","0","","0","0","0","16","4","0","00","N","0","39 57:27.464","","00","75 09:36.090","0","0","0","0","67301","0","0","0","N","0","0","0","7","68K01","0","","1","01","","N","N","N","0","","0","0","1","0","0","","1634","0","3","0","0","0","0","0","2","0","3","03","03","N","","","","","","","","","","",""
"2023099979","0930","0","0","0","0","0","0","1","0","0","4","1","","67","11","2023","4","39.9113","-75.2427","0857","06","0","0","0","0","0","0","0","0","","0","0","0","08","1","1","05","","0","39 54:40.810","","00","75 14:33.592","8","0","0","0","67301","0","0","0","N","0","0","0","2","67301","0","","1","01","","N","N","N","0","","0","0","1","2","2","","0857","1","2","0","0","0","1","1","2","0","2","03","03","N","","","","","","","","","","",""
"2023100494","0728","1","0","0","0","0","0","0","0","0","7","0","","67","11","2023","1","40.0208","-75.033","0708","06","0","0","0","0","0","0","0","0","","0","0","0","06","1","0","00","N","0","40 01:14.900","","00","75 01:58.770","0","0","0","0","67301","0","0","0","N","0","0","0","3","67301","0","","5","01","","N","N","N","0","","0","0","0","0","0","","0654","0","1","0","0","0","0","0","2","0","1","03","","N","","","","","","","","","","",""
"2023075204","1110","0","0","0","0","0","0","0","0","0","8","0","","67","08","2023","2","39.9155","-75.1598","1110","06","0","0","0","0","0","0","0","0","","0","0","0","10","1","1","00","N","0","39 54:55.940","","00","75 09:35.310","3","0","0","0","67301","1","0","0","N","1","0","0","2","67301","0","","1","99","","N","N","N","0","","1","0","1","0","0","","1030","1","2","0","0","1","0","0","2","0","1","03","03","N","","","","","","","","","","",""
"2023100913","0241","1","0","0","0","0","0","0","0","0","7","0","","67","11","2023","2","39.991","-75.204","0230","06","0","0","0","0","0","0","0","0","","0","0","0","02","3","0","00","N","1","39 59:27.473","4","00","75 12:14.515","0","0","0","0","67301","0","0","0","N","0","0","0","1","68K01","0","","4","01","0300","N","N","N","0","","0","0","0","0","0","N","0227","0","1","0","0","1","0","0","2","0","1","03","","N","","","","","","","","","","",""
"2023076352","0857","1","0","0","0","0","0","0","0","0","1","0","","67","08","2023","5","39.9602","-75.1809","0853","06","0","0","0","0","0","1","0","0","","0","0","0","08","1","1","00","N","1","39 57:36.700","3","00","75 10:51.357","8","0","0","0","67301","0","0","0","N","0","0","0","2","68K01","0","","1","01","0856","N","N","N","0","","0","0","1","0","0","N","0839","1","2","0","0","0","1","0","2","0","2","03","03","N","","","","","","","","","","",""
"2023101725","1735","1","0","0","0","0","0","0","0","0","1","0","","67","10","2023","3","39.8874","-75.216","1715","06","0","0","0","0","0","1","0","0","","0","0","0","17","1","1","00","N","0","39 53:14.461","","00","75 12:57.751","3","0","0","0","67301","0","0","0","N","0","0","0","4","68K01","0","","1","01","","N","N","N","1","","1","0","1","0","0","","1713","1","3","0","0","1","0","0","2","0","3","03","03","N","","","","","","","","","","",""
"2023106904","1805","2","0","0","0","0","0","0","0","0","1","0","","67","11","2023","3","40.0373","-75.2102","1757","06","0","0","0","0","0","0","0","0","","0","0","0","17","3","1","00","N","0","40 02:14.353","","00","75 12:36.789","4","0","0","0","67301","0","0","0","N","0","0","0","2","67301","1","","1","09","","N","N","N","0","","0","0","0","3","2","","1730","1","2","0","0","0","0","0","2","0","2","07","07","N","","","","","","","","","","",""
"2023074446","0100","1","0","0","0","0","0","0","0","0","5","0","","67","08","2023","3","39.9266","-75.1692","0057","06","0","0","0","0","0","0","0","0","","0","0","0","00","3","0","00","N","2","39 55:35.933","5","00","75 10:09.273","0","0","0","0","67301","0","0","0","N","0","0","0","1","67301","0","","6","01","0200","N","N","N","0","","0","0","1","0","0","Y","0055","0","2","0","0","0","0","0","2","0","2","03","03","N","","","","","","","","","","",""
"2023105255","0235","2","0","0","0","0","0","0","0","0","1","0","","67","11","2023","1","39.9953","-75.1651","0227","06","0","0","0","0","0","0","0","0","","0","0","0","02","3","0","00","N","0","39 59:43.058","","00","75 09:54.218","0","0","0","0","67301","0","0","0","N","0","0","0","2","67301","0","","1","01","","N","Y","N","0","","0","0","0","0","0","","0200","0","2","0","0","0","0","0","2","0","2","03","","N","","","","","","","","","","",""
"2023098062","","2","0","0","0","0","0","0","0","0","5","0","","67","02","2023","5","","","","06","0","0","0","0","0","0","0","1","","0","0","0","15","1","3","01","","0","","","00","","8","0","0","0","67301","0","0","0","N","0","0","0","4","00000","0","","1","01","","","","N","0","","0","0","0","0","0","","1500","3","2","0","0","1","3","0","1","0","2","03","","N","","","","","","","","","","",""
"2023072932","0112","0","0","0","0","0","0","0","0","0","4","0","","67","08","2023","6","39.9562","-75.1941","0112","06","0","0","0","0","0","0","0","0","","0","0","0","01","3","0","01","","0","39 57:22.143","","00","75 11:38.865","0","0","0","0","67301","0","0","0","N","0","0","0","2","67507","0","","1","01","","N","N","N","0","","0","0","2","0","0","","0110","0","2","0","0","0","0","0","2","0","2","03","03","N","","","","","","","","","","",""
"2023073435","2129","1","0","0","0","0","0","0","0","0","8","0","","67","08","2023","6","40.0395","-75.0571","2122","06","0","0","0","0","0","0","0","0","","0","0","0","21","3","1","00","N","0","40 02:22.090","","00","75 03:25.470","2","0","0","0","67301","1","0","1","N","1","0","1","2","67301","0","","6","01","","N","N","N","0","","0","1","1","0","0","","2120","1","3","0","0","0","0","0","2","0","2","03","03","N","","","","","","","","","","",""
"2023102412","1653","1","0","0","0","0","0","0","0","0","4","1","","67","11","2023","7","40.0335","-75.0718","1653","06","0","0","0","0","0","0","0","0","","0","1","0","16","3","0","02","","0","40 02:00.465","","00","75 04:18.883","0","0","0","0","67301","0","0","0","N","0","0","0","4","67301","0","","1","01","","N","N","N","0","","0","0","1","0","0","","1650","0","3","0","0","0","0","0","2","0","3","03","03","N","","","","","","","","","","",""
"2023107112","2350","2","0","0","0","0","0","0","0","0","4","0","","67","11","2023","6","40.0553","-75.0734","2323","06","0","0","0","0","0","1","0","0","","0","0","0","22","3","0","01","","0","40 03:19.170","","00","75 04:24.060","0","0","0","0","67301","0","0","0","N","0","0","0","2","67301","0","","1","01","","N","N","N","0","","0","0","0","3","2","","2200","0","2","0","0","0","0","0","2","0","2","03","","N","","","","","","","","","","",""
"2023075224","1937","2","0","0","0","0","0","0","0","0","4","0","","67","08","2023","3","39.9602","-75.2269","1937","06","0","0","0","0","0","0","0","0","","0","0","0","19","1","1","01","","0","39 57:36.721","","00","75 13:36.667","3","0","0","0","67301","0","0","0","N","0","0","0","3","67301","0","","1","01","","N","N","N","0","","1","0","0","3","2","","1937","1","2","0","0","1","0","0","2","0","2","03","03","N","","","","","","","","","","",""
"2023074049","1124","0","0","0","1","0","0","0","0","0","8","0","","67","08","2023","1","39.9184","-75.1838","1124","06","0","0","0","0","0","0","0","0","","0","0","0","11","1","1","00","N","0","39 55:06.100","","07","75 11:01.500","3","0","0","0","67301","1","0","0","N","0","0","0","2","67301","0","","1","01","","N","N","N","0","","1","0","1","3","3","","1120","1","2","0","0","0","0","0","2","0","1","03","03","N","","","","","","","","","","",""
"2023100339","0649","2","0","0","0","0","0","1","0","0","1","1","","67","11","2023","4","40.0137","-75.1795","0630","06","0","0","0","1","0","0","0","0","","0","0","0","06","3","0","06","","2","40 00:49.206","2","02","75 10:46.346","9","0","0","0","67301","0","0","0","N","0","0","0","3","67301","0","","7","01","0830","Y","N","N","0","","0","0","0","3","4","Y","0626","0","3","0","0","0","0","1","2","0","3","03","03","N","","","","","","","","","","",""
"2023074195","1444","1","0","0","0","0","0","0","0","0","2","0","","67","08","2023","2","40.0566","-75.0132","1436","06","0","0","0","0","0","0","0","0","","0","0","0","14","1","1","01","","0","40 03:23.817","","00","75 00:47.353","3","0","0","0","67301","0","0","0","N","0","0","0","2","67301","0","","1","01","","N","N","N","0","","1","0","1","3","2","","1432","1","2","0","0","0","0","0","2","0","2","03","03","N","","","","","","","","","","",""
"2023074453","0353","2","0","0","0","0","0","0","0","0","5","0","","67","08","2023","1","39.9868","-75.1643","0349","06","0","0","0","0","0","0","0","0","","0","0","0","01","3","2","00","N","0","39 59:12.420","","00","75 09:51.490","3","0","0","0","67301","0","0","0","N","0","0","0","3","67301","0","","6","01","","N","N","N","0","","2","0","1","0","0","","0130","2","3","0","0","1","0","0","2","0","3","03","03","N","","","","","","","","","","",""
"2023101223","0101","1","0","0","0","0","0","0","0","0","7","0","","67","11","2023","1","39.9306","-75.1988","1257","06","0","0","0","0","0","0","0","0","","0","0","0","00","3","0","00","N","0","39 55:50.063","","00","75 11:55.595","0","0","0","0","67301","0","0","0","N","0","0","0","1","68K01","0","","4","01","","N","N","N","0","","0","0","0","0","0","","0057","0","1","0","0","0","0","0","2","0","1","03","03","N","","","","","","","","","","",""
"2023074575","0440","2","0","0","0","0","0","0","0","0","4","0","","67","08","2023","1","40.0643","-75.0537","0435","06","0","0","0","0","0","0","0","0","","0","0","0","04","3","1","01","","0","40 03:51.377","","00","75 03:13.303","3","0","0","0","67301","0","0","0","N","0","0","0","2","67301","0","","1","01","","N","N","N","0","","1","0","0","3","2","","0430","1","2","0","0","0","0","0","2","0","2","03","","N","","","","","","","","","","",""
"2023074054","2353","2","0","0","0","0","0","0","0","0","1","0","","67","08","2023","6","39.956","-75.1574","2350","06","0","0","0","0","0","0","0","0","","0","0","0","23","3","1","00","N","0","39 57:21.670","","00","75 09:26.590","3","0","0","0","67301","0","0","0","N","0","0","0","1","67301","0","","6","01","","N","N","N","0","","1","0","1","0","0","","2330","1","4","0","0","0","0","0","2","1","4","03","03","N","","","","","","","","","","",""
"2023102417","1823","0","0","0","0","0","0","0","0","0","4","0","","67","07","2023","6","40.0072","-75.1234","1800","06","0","0","0","0","0","0","0","0","","0","0","0","17","1","1","01","","0","40 00:25.981","","00","75 07:24.378","8","0","0","1","67301","0","0","0","N","0","0","0","2","67301","0","","1","01","","N","N","N","0","","0","0","0","3","2","","1743","1","2","0","0","0","1","0","2","1","2","03","03","N","","","","","","","","","","",""
"2023075196","1615","1","0","0","0","0","0","0","0","0","8","0","","67","08","2023","5","39.9255","-75.1699","1602","06","0","0","0","0","0","0","0","0","","0","0","0","15","1","1","00","N","0","39 55:31.624","","00","75 10:11.554","4","0","0","0","67301","1","0","0","N","1","0","0","2","67301","1","","1","09","","N","N","N","0","","0","0","0","0","0","","1555","1","2","0","0","0","0","0","2","0","1","07","","N","","","","","","","","","","",""
"2023099087","","1","0","0","0","0","0","0","0","0","1","0","","67","03","2023","1","39.9923","-75.1116","","06","0","0","0","0","0","1","0","0","","0","0","0","01","3","2","01","","0","39 59:32.291","","00","75 06:41.856","8","0","0","0","67301","0","0","0","N","0","0","0","5","00000","0","","1","01","","","","N","1","","0","0","1","3","3","","0130","2","3","0","0","2","2","0","2","0","3","03","","N","","","","","","","","","","",""
"2023075238","0520","0","0","0","0","0","0","0","0","0","7","0","","67","08","2023","2","40.0294","-75.1247","0515","06","0","0","0","0","0","0","0","0","","0","0","0","05","3","0","01","","0","40 01:45.919","","00","75 07:28.902","0","0","0","0","67301","0","0","0","N","0","0","0","1","67301","0","","4","01","","N","N","N","0","","0","0","1","3","2","","0500","0","1","0","0","1","0","0","2","0","1","03","","N","","","","","","","","","","",""
"2023075117","1909","1","0","0","0","0","0","0","0","0","5","0","","67","08","2023","6","40.0122","-75.06","1848","06","0","0","0","0","0","1","0","0","","0","0","0","18","1","0","00","N","0","40 00:43.765","","00","75 03:35.859","9","0","0","0","67301","0","0","0","N","0","0","0","4","68K01","0","","1","01","","N","N","N","0","","0","0","2","0","0","","1846","0","3","0","0","0","0","1","2","0","3","03","03","N","","","","","","","","","","",""
"2023073677","0129","1","0","0","0","0","0","0","0","0","7","0","","67","08","2023","6","40.0016","-75.1529","0124","06","0","0","0","0","1","0","0","0","","0","0","0","01","3","2","01","","2","40 00:05.734","1","00","75 09:10.322","3","0","0","0","67301","0","0","0","N","0","0","0","2","67301","0","","4","08","0129","N","N","N","0","","2","0","0","3","2","N","0119","2","1","0","0","0","0","0","2","0","1","07","04","N","","","","","","","","","","",""
"2023075210","2126","1","0","0","0","0","0","0","0","0","7","0","","67","08","2023","3","40.1024","-74.9706","2119","06","0","0","0","0","0","0","0","0","","0","0","0","21","3","0","00","N","0","40 06:08.630","","00","74 58:14.030","0","0","0","0","67301","0","0","0","N","0","0","0","1","67301","0","","6","01","","N","N","N","0","","0","0","0","0","0","","2117","0","1","0","0","0","0","0","2","0","1","03","03","N","","","","","","","","","","",""
"2023078564","1905","1","0","0","0","0","0","0","0","0","7","0","","67","08","2023","3","40.0105","-75.1307","1902","06","0","0","0","0","0","1","0","0","","0","0","0","19","1","0","00","N","0","40 00:37.950","","00","75 07:50.690","0","0","0","0","67301","0","0","0","N","0","0","0","1","67301","0","","4","01","","N","N","N","0","","0","0","0","0","0","","1900","0","1","0","0","0","0","0","2","0","1","03","03","N","","","","","","","","","","",""
"2023073672","0234","1","0","0","0","0","0","0","0","0","1","0","","67","08","2023","1","40.0098","-75.0787","0232","06","0","0","0","0","0","0","0","0","","0","0","0","01","3","0","00","N","2","40 00:35.400","3","00","75 04:43.390","0","0","0","0","67301","0","0","0","N","0","0","0","1","67301","0","","6","01","0400","N","N","N","1","","0","0","2","0","0","Y","0150","0","4","0","0","1","0","0","2","0","4","03","03","N","","","","","","","","","","",""
"2023074193","0359","1","0","0","0","0","0","0","0","0","7","0","","67","08","2023","2","40.0547","-75.0048","0359","06","0","0","0","0","0","0","0","0","","0","0","0","03","3","0","01","","0","40 03:17.072","","00","75 00:17.300","0","0","0","0","67301","0","0","0","N","0","0","0","1","67301","0","","5","01","","N","N","N","0","","0","0","0","3","2","","0346","0","1","0","0","1","0","0","2","0","1","03","03","N","","","","","","","","","","",""
"2023075202","1415","0","0","0","0","0","0","0","0","0","8","0","","67","08","2023","1","39.9201","-75.1564","1410","06","0","0","0","0","0","0","0","0","","0","0","0","13","1","1","00","N","0","39 55:12.400","","00","75 09:22.960","3","0","0","0","67301","1","0","0","N","1","0","0","2","67301","0","","1","01","","N","N","N","0","","1","0","1","0","0","","1350","1","2","0","0","0","0","1","2","0","1","03","","N","","","","","","","","","","",""
"2023104099","1859","3","0","0","0","0","0","0","0","0","1","0","","67","11","2023","4","39.8992","-75.1668","1851","06","0","0","0","0","0","0","0","0","","0","0","0","18","3","1","00","N","1","39 53:57.293","2","00","75 10:00.404","3","0","0","0","67301","0","0","0","N","0","0","0","6","68K01","0","","1","01","1915","N","N","N","0","","1","0","1","0","0","N","1842","1","4","0","0","1","0","0","2","0","4","03","","N","","","","","","","","","","",""
"2023075118","2016","0","0","0","0","0","0","0","0","0","1","0","","67","08","2023","6","40.012","-75.0602","2009","06","0","0","0","0","0","1","0","0","","0","0","0","20","1","0","00","N","0","40 00:43.207","","03","75 03:36.873","9","0","0","0","67301","0","0","0","N","0","0","0","2","68K01","0","","1","01","","N","N","N","1","","0","0","0","0","0","","2006","0","2","0","0","0","0","1","2","0","2","03","03","N","","","","","","","","","","",""
"2023073502","2138","2","0","0","0","0","0","0","0","0","1","0","","67","08","2023","6","39.9395","-75.1976","2107","06","0","0","0","0","0","0","0","0","","0","0","0","19","1","1","00","N","0","39 56:22.100","","00","75 11:51.200","8","0","0","0","67301","0","0","0","N","0","0","0","3","67301","0","","1","99","","N","N","N","0","","0","0","0","0","0","","1926","1","3","0","0","0","1","2","2","0","3","03","","N","","","","","","","","","","",""
"2023102397","1832","3","0","0","0","0","0","0","0","0","4","0","","67","11","2023","3","39.9402","-75.2164","1831","06","0","0","0","0","0","0","0","0","","0","0","0","18","3","2","01","","2","39 56:24.543","5","00","75 12:58.939","8","0","0","0","67301","0","0","0","N","0","0","0","3","67301","0","","1","01","0200","N","Y","N","0","","0","0","1","3","2","Y","1830","2","4","0","0","0","2","0","2","0","4","03","","N","","","","","","","","","","",""
"2023074461","1231","0","0","0","0","0","0","0","0","0","4","0","","67","08","2023","1","40.0537","-75.1414","1231","06","0","0","0","1","0","0","0","0","","0","0","0","12","1","4","05","","0","40 03:13.143","","00","75 08:29.565","3","0","0","0","67301","0","0","0","N","0","0","0","5","67301","0","","1","01","","N","N","N","0","","4","0","2","3","2","","1230","4","2","0","0","0","0","0","2","0","2","03","03","N","","","","","","","","","","",""