"CRN","ARRIVAL_TM","AUTOMOBILE_COUNT","BELTED_DEATH_COUNT","BELTED_SUSP_SERIOUS_INJ_COUNT","BICYCLE_COUNT","BICYCLE_DEATH_COUNT","BICYCLE_SUSP_SERIOUS_INJ_COUNT","BUS_COUNT","CHLDPAS_DEATH_COUNT","CHLDPAS_SUSP_SERIOUS_INJ_COUNT","COLLISION_TYPE","COMM_VEH_COUNT","CONS_ZONE_SPD_LIM","COUNTY","CRASH_MONTH","CRASH_YEAR","DAY_OF_WEEK","DEC_LAT","DEC_LONG","DISPATCH_TM","DISTRICT","DRIVER_COUNT_16YR","DRIVER_COUNT_17YR","DRIVER_COUNT_18YR","DRIVER_COUNT_19YR","DRIVER_COUNT_20YR","DRIVER_COUNT_50_64YR","DRIVER_COUNT_65_74YR","DRIVER_COUNT_75PLUS","EST_HRS_CLOSED","FATAL_COUNT","HEAVY_TRUCK_COUNT","HORSE_BUGGY_COUNT","HOUR_OF_DAY","ILLUMINATION","INJURY_COUNT","INTERSECT_TYPE","INTERSECTION_RELATED","LANE_CLOSED","LATITUDE","LN_CLOSE_DIR","LOCATION_TYPE","LONGITUDE","MAX_SEVERITY_LEVEL","MCYCLE_DEATH_COUNT","MCYCLE_SUSP_SERIOUS_INJ_COUNT","MOTORCYCLE_COUNT","MUNICIPALITY","NONMOTR_COUNT","NONMOTR_DEATH_COUNT","NONMOTR_SUSP_SERIOUS_INJ_COUNT","NTFY_HIWY_MAINT","PED_COUNT","PED_DEATH_COUNT","PED_SUSP_SERIOUS_INJ_COUNT","PERSON_COUNT","POLICE_AGCY","POSSIBLE_INJ_COUNT","RDWY_SURF_TYPE_CD","RELATION_TO_ROAD","ROAD_CONDITION","ROADWAY_CLEARED","SCH_BUS_IND","SCH_ZONE_IND","SECONDARY_CRASH","SMALL_TRUCK_COUNT","SPEC_JURIS_CD","SUSP_MINOR_INJ_COUNT","SUSP_SERIOUS_INJ_COUNT","SUV_COUNT","TCD_FUNC_CD","TCD_TYPE","TFC_DETOUR_IND","TIME_OF_DAY","TOT_INJ_COUNT","TOTAL_UNITS","UNB_DEATH_COUNT","UNB_SUSP_SERIOUS_INJ_COUNT","UNBELTED_OCC_COUNT","UNK_INJ_DEG_COUNT","UNK_INJ_PER_COUNT","URBAN_RURAL","VAN_COUNT","VEHICLE_COUNT","WEATHER1","WEATHER2","WORK_ZONE_IND","WORK_ZONE_LOC","WORK_ZONE_TYPE","WORKERS_PRES","WZ_CLOSE_DETOUR","WZ_FLAGGER","WZ_LAW_OFFCR_IND","WZ_LN_CLOSURE","WZ_MOVING","WZ_OTHER","WZ_SHLDER_MDN","WZ_WORKERS_INJ_KILLED"
"2023075216","0233","3","0","0","0","0","0","0","0","0","1","0","","67","08","2023","3","40.0713","-75.1859","0221","06","0","0","0","0","0","0","0","0","","0","0","0","02","3","1","02","","2","40 04:16.503","5","00","75 11:09.112","3","0","0","0","67301","0","0","0","N","0","0","0","1","67301","0","","1","01","0345","N","N","Y","0","","1","0","0","0","0","Y","0219","1","3","0","0","0","0","0","2","0","3","03","03","N","","","","","","","","","","",""
"2023104125","1551","1","0","0","0","0","0","0","0","0","1","0","","67","11","2023","1","39.8898","-75.2199","1551","06","0","0","0","0","0","0","0","0","","0","0","0","15","1","0","00","N","0","39 53:23.110","","00","75 13:11.776","0","0","0","0","67301","0","0","0","N","0","0","0","4","68K01","0","","1","01","","N","N","N","0","","0","0","1","0","0","","1546","0","2","0","0","0","0","0","2","0","2","03","03","N","","","","","","","","","","",""
"2023099086","","2","0","0","0","0","0","0","0","0","4","0","","67","04","2023","3","40.0157","-75.1401","","06","0","0","0","0","0","0","0","0","","0","0","0","12","1","2","01","","0","40 00:56.437","","00","75 08:24.334","8","0","0","0","67301","0","0","0","N","0","0","0","3","00000","0","","1","01","","","","N","0","","0","0","0","0","0","","1200","2","2","0","0","1","2","0","2","0","2","03","","N","","","","","","","","","","",""
"2023073434","0739","1","0","0","0","0","0","0","0","0","4","0","","67","08","2023","7","39.9187","-75.2197","0736","06","0","0","0","0","0","0","0","0","","0","0","0","07","1","0","00","N","0","39 55:07.305","","07","75 13:11.064","0","0","0","0","67301","0","0","0","N","0","0","0","2","67301","0","","1","01","","N","N","N","0","","0","0","1","0","0","","0714","0","2","0","0","0","0","0","2","0","2","03","98","N","","","","","","","","","","",""
"2023103847","1455","0","0","0","0","0","0","0","0","0","4","0","","67","11","2023","6","39.9356","-75.1995","1455","06","0","0","0","0","0","0","0","0","","0","0","0","14","1","1","07","","0","39 56:08.208","","06","75 11:58.030","3","0","0","0","67301","0","0","0","N","0","0","0","2","67301","0","","1","09","","N","N","N","0","","1","0","2","0","0","","1454","1","2","0","0","1","0","0","2","0","2","07","04","N","","","","","","","","","","",""
"2023101423","0912","1","0","0","0","0","0","1","0","0","5","1","","67","10","2023","6","39.9593","-75.2315","0905","06","0","0","0","0","0","1","1","0","","0","0","0","09","1","2","00","N","0","39 57:33.369","","00","75 13:53.513","8","0","0","0","67301","0","0","0","N","0","0","0","4","67508","0","","1","01","","N","N","N","0","","0","0","0","0","0","","0900","2","3","0","0","0","2","1","2","1","3","03","03","N","","","","","","","","","","",""
"2023106656","1640","1","0","0","0","0","0","0","0","0","1","0","","67","11","2023","3","40.0374","-75.0123","1633","06","0","0","0","0","0","1","0","0","","0","0","0","16","1","1","00","N","0","40 02:14.766","","00","75 00:44.166","4","0","0","0","67301","0","0","0","N","0","0","0","2","68K01","1","","1","01","","N","N","N","0","","0","0","1","0","0","","1611","1","2","0","0","0","0","0","2","0","2","03","03","N","","","","","","","","","","",""
"2023075223","0836","1","0","0","0","0","0","0","0","0","4","0","","67","08","2023","2","39.9502","-75.233","0834","06","0","0","0","0","0","0","0","0","","0","0","0","08","1","0","02","","0","39 57:00.734","","00","75 13:58.904","0","0","0","0","67301","0","0","0","N","0","0","0","2","67301","0","","1","01","","N","N","N","0","","0","0","1","3","3","","0811","0","2","0","0","0","0","0","2","0","2","03","03","N","","","","","","","","","","",""
"2023098337","1751","0","0","0","0","0","0","0","0","0","7","0","","67","10","2023","5","40.0598","-75.1334","1747","06","0","0","0","0","0","1","0","0","","0","0","0","17","4","0","01","","0","40 03:35.503","","00","75 07:59.893","9","0","0","0","67301","0","0","0","N","0","0","0","5","46102","0","","5","01","","N","N","N","1","","0","0","0","3","2","","1747","0","1","0","0","1","0","4","2","0","1","03","03","N","","","","","","","","","","",""
"2023101781","1300","0","0","0","0","0","0","0","0","0","8","0","","67","10","2023","3","39.9921","-75.1411","0900","06","0","0","0","0","0","0","0","0","","1","0","0","18","4","0","00","N","0","39 59:31.735","","00","75 08:27.881","1","0","0","0","67301","1","1","0","N","1","1","0","2","67301","0","2","1","01","","N","N","N","0","0","0","0","1","0","0","","1857","0","2","0","0","0","0","0","2","0","1","03","03","N","","","","","","","","","","",""
"2023105701","2241","0","0","0","0","0","0","0","0","0","8","0","","67","10","2023","4","40.0603","-75.1668","2238","06","0","0","0","0","0","0","1","0","","1","0","0","22","3","0","00","N","0","40 03:37.151","","00","75 10:00.559","1","0","0","0","67301","1","1","0","N","1","1","0","2","67301","0","2","1","01","","N","N","N","0","0","0","0","1","0","0","","2237","0","2","0","0","0","0","0","2","0","1","03","","N","","","","","","","","","","",""
"2023105310","0930","0","0","0","0","0","0","1","0","0","4","1","","67","11","2023","4","40.0296","-75.0361","0841","06","0","0","0","0","0","0","0","0","","0","0","0","08","1","2","00","N","0","40 01:46.612","","07","75 02:10.131","8","0","0","0","67301","0","0","0","N","0","0","0","2","67508","0","","1","01","","","","N","0","","0","0","1","0","0","N","0840","2","2","0","0","1","2","0","2","0","2","03","03","N","","","","","","","","","","",""
"2023105698","2035","3","0","0","0","0","0","0","0","0","4","0","","67","11","2023","1","40.0743","-75.0348","2025","06","0","0","0","0","0","0","0","0","","0","0","0","17","1","0","02","","1","40 04:28.071","2","00","75 02:05.821","0","0","0","0","67301","0","0","0","N","0","0","0","0","67301","0","","1","01","2115","N","N","N","0","","0","0","0","3","2","N","1740","0","3","0","0","0","0","0","2","0","3","03","","N","","","","","","","","","","",""
"2023074206","1835","0","0","0","0","0","0","0","0","0","4","0","","67","08","2023","6","40.0099","-75.1867","1829","06","0","0","0","0","0","0","0","0","","0","0","0","18","1","0","00","N","1","40 00:35.619","2","00","75 11:12.185","0","0","0","0","67301","0","0","0","N","0","0","0","2","67301","0","","1","01","1915","N","N","N","1","","0","0","1","0","0","N","1810","0","2","0","0","0","0","0","2","0","2","03","03","N","","","","","","","","","","",""
"2023073507","0103","2","0","0","0","0","0","0","0","0","5","0","","67","08","2023","6","39.968","-75.2301","0103","06","0","0","0","0","0","0","0","0","","0","0","0","01","3","0","00","N","0","39 58:04.810","","00","75 13:48.490","9","0","0","0","67301","0","0","0","N","0","0","0","2","67301","0","","6","01","","N","N","N","0","","0","0","2","0","0","","0100","0","4","0","0","0","0","2","2","0","4","03","03","N","","","","","","","","","","",""
"2023075241","0700","0","0","0","0","0","0","0","0","0","4","0","","67","08","2023","4","40.0609","-75.1373","0652","06","0","0","0","0","0","0","0","0","","0","0","0","06","1","0","02","","0","40 03:39.222","","00","75 08:14.255","0","0","0","0","67301","0","0","0","N","0","0","0","2","67301","0","","1","01","","N","N","N","1","","0","0","1","3","3","","0640","0","2","0","0","0","0","0","2","0","2","03","03","N","","","","","","","","","","",""
"2023098057","","1","0","0","0","0","0","0","0","0","1","0","","67","03","2023","2","40.0316","-75.0633","","06","0","0","0","0","0","0","0","0","","0","0","0","18","1","1","05","","0","40 01:53.383","","00","75 03:47.425","8","0","0","0","67301","0","0","0","N","0","0","0","2","00000","0","","1","01","","","","N","0","","0","0","1","3","2","","1815","1","2","0","0","0","1","0","2","0","2","03","","N","","","","","","","","","","",""
"2023087569","0819","0","0","0","0","0","0","0","0","0","5","0","","67","08","2023","2","40.0503","-74.9912","0810","06","0","0","0","0","0","0","0","0","","0","0","0","08","1","3","00","N","0","40 03:01.233","","00","74 59:28.414","3","0","0","0","67301","0","0","0","N","0","0","0","4","68K01","0","","1","01","","N","N","N","0","","3","0","1","0","0","","0809","3","2","0","0","0","0","1","2","0","2","03","","N","","","","","","","","","","",""
"2023106910","1528","1","0","0","0","0","0","0","0","0","2","0","","67","11","2023","5","39.8814","-75.2535","1528","06","0","0","0","0","0","0","0","0","","0","0","0","15","1","1","02","","0","39 52:54.000","","00","75 15:12.310","3","0","0","0","67301","0","0","0","N","0","0","0","2","67301","0","","7","01","","N","N","N","0","","1","0","1","3","2","","1528","1","2","0","0","0","0","0","2","0","2","03","03","N","","","","","","","","","","",""
"2023073671","0409","2","0","0","0","0","0","0","0","0","4","0","","67","08","2023","1","39.9264","-75.2305","0409","06","0","0","0","0","0","0","0","0","","0","0","0","02","3","0","01","","0","39 55:35.061","","00","75 13:49.807","0","0","0","0","67301","0","0","0","N","0","0","0","2","67301","0","","1","01","","N","N","N","0","","0","0","0","3","2","","0256","0","2","0","0","1","0","0","2","0","2","03","03","N","","","","","","","","","","",""
"2023077197","0923","0","0","0","0","0","0","0","0","0","4","0","","67","08","2023","1","39.9533","-75.1838","0920","06","0","0","0","0","0","1","0","0","","0","0","0","09","1","0","01","","0","39 57:12.011","","00","75 11:01.589","0","0","0","0","67301","0","0","0","N","0","0","0","3","67504","0","","1","01","","N","N","N","0","","0","0","2","3","2","","0919","0","2","0","0","0","0","0","2","0","2","03","03","N","","","","","","","","","","",""
"2023098067","","1","0","0","0","0","0","0","0","0","4","0","","67","02","2023","6","40.0001","-75.1289","","06","0","0","0","0","0","0","0","0","","0","0","0","08","1","1","01","","0","40 00:00.442","","00","75 07:44.108","8","0","0","0","67301","0","0","0","N","0","0","0","2","00000","0","","1","01","","","","N","0","","0","0","1","3","2","","0800","1","2","0","0","1","1","0","2","0","2","03","","N","","","","","","","","","","",""
"2023078141","2250","1","0","0","0","0","0","0","0","0","1","0","","67","08","2023","1","39.961","-75.1404","2233","06","0","1","0","0","0","1","0","0","","0","0","0","22","3","0","00","N","0","39 57:39.525","","03","75 08:25.541","0","0","0","0","67301","0","0","0","N","0","0","0","2","68K01","0","","1","01","","N","N","N","1","","0","0","0","0","0","","2202","0","2","0","0","0","0","0","2","0","2","03","03","N","","","","","","","","","","",""
"2023100406","1628","2","0","0","0","0","0","0","0","0","1","0","","67","10","2023","5","40.011","-75.062","1603","06","0","0","0","0","0","0","0","0","","0","0","0","15","1","1","00","N","0","40 00:39.745","","00","75 03:43.078","3","0","0","0","67301","0","0","0","N","0","0","0","2","68K01","0","","1","01","","N","N","N","0","","1","0","0","3","8","","1554","1","2","0","0","0","0","0","2","0","2","03","03","N","","","","","","","","","","",""
"2023074573","0553","1","0","0","0","0","0","0","0","0","4","0","","67","08","2023","2","39.9577","-75.1624","0549","06","0","0","1","0","0","1","0","0","","0","0","0","05","1","1","05","","0","39 57:27.649","","02","75 09:44.521","3","0","0","0","67301","0","0","0","N","0","0","0","2","67301","0","","1","01","","N","N","N","0","","1","0","1","3","2","","0541","1","2","0","0","0","0","0","2","0","2","03","03","N","","","","","","","","","","",""
"2023106016","1304","1","0","0","0","0","0","0","0","0","4","1","","67","09","2023","3","40.0635","-75.1698","1301","06","0","0","0","0","0","0","0","0","","0","1","0","12","1","1","01","","0","40 03:48.682","","00","75 10:11.404","8","0","0","0","67301","0","0","0","N","0","0","0","2","67301","0","","1","01","","N","N","N","0","","0","0","0","3","2","","1258","1","2","0","0","0","1","0","2","0","2","03","03","N","","","","","","","","","","",""
"2023105423","0827","0","0","0","0","0","0","0","0","0","5","0","","67","09","2023","7","40.0305","-75.022","0812","06","0","0","0","0","0","1","0","0","","0","0","0","08","1","0","00","N","0","40 01:49.849","","00","75 01:19.062","9","0","0","0","67301","0","0","0","N","0","0","0","2","68K01","0","","1","09","","N","N","N","1","","0","0","0","0","0","","0806","0","2","0","0","0","0","1","2","0","2","07","04","N","","","","","","","","","","",""
"2023107120","1145","1","0","0","0","0","0","0","0","0","4","0","","67","11","2023","5","39.9514","-75.2348","1140","06","0","0","0","0","0","0","0","0","","0","0","0","11","1","4","01","","1","39 57:05.205","3","00","75 14:05.438","2","0","0","0","67301","0","0","0","N","0","0","0","4","67301","0","","1","01","1310","N","N","N","0","","3","1","1","2","2","N","1129","4","2","0","0","0","0","0","2","0","2","03","04","N","","","","","","","","","","",""
"2023102215","1616","1","0","0","0","0","0","0","0","0","7","0","","67","10","2023","3","39.8905","-75.2207","1610","06","0","0","1","0","0","0","0","0","","1","0","0","16","1","1","07","","2","39 53:25.838","2","02","75 13:14.353","1","1","0","1","67301","0","0","0","Y","0","0","0","2","68K01","0","2","7","01","1935","N","N","N","0","0","1","0","0","0","0","N","1609","1","2","0","0","0","0","0","2","0","2","03","","N","","","","","","","","","","",""
"2023106421","0710","1","0","0","0","0","0","0","0","0","7","0","","67","11","2023","4","39.9409","-75.1431","0701","06","0","0","0","0","0","1","0","0","","0","0","0","06","1","0","00","N","0","39 56:27.189","","00","75 08:35.174","0","0","0","0","67301","0","0","0","N","0","0","0","1","67301","0","","2","09","","N","N","N","0","","0","0","0","0","0","","0655","0","1","0","0","0","0","0","2","0","1","07","04","N","","","","","","","","","","",""
"2023104357","2246","0","0","0","0","0","0","1","0","0","4","1","","67","10","2023","1","39.9075","-75.1512","2213","06","0","0","0","0","0","0","0","0","","0","0","0","22","3","0","02","","0","39 54:26.971","","00","75 09:04.453","9","0","0","0","67301","0","0","0","N","0","0","0","2","67508","0","","1","99","","","","N","0","","0","0","1","3","2","","2210","0","2","0","0","1","0","1","2","0","2","99","","N","","","","","","","","","","",""
"2023100908","0221","1","0","0","0","0","0","0","0","0","98","0","","67","11","2023","1","40.0012","-75.1947","0213","06","0","0","0","0","0","0","0","0","","0","0","0","01","3","0","00","N","0","40 00:04.475","","00","75 11:40.821","0","0","0","0","67301","0","0","0","N","0","0","0","1","68K01","0","","1","01","","N","N","N","0","","0","0","0","0","0","","0145","0","1","0","0","0","0","0","2","0","1","03","","N","","","","","","","","","","",""
"2023106013","0246","1","0","0","0","0","0","0","0","0","7","0","","67","11","2023","7","40.0906","-75.0638","0243","06","0","0","0","0","0","0","0","0","","0","0","0","02","3","0","00","N","0","40 05:26.090","","00","75 03:49.560","0","0","0","0","67301","0","0","0","N","0","0","0","1","67301","0","","4","09","","N","N","N","0","","0","0","0","0","0","","0240","0","1","0","0","1","0","0","2","0","1","07","07","N","","","","","","","","","","",""
"2023099600","0615","0","0","0","0","0","0","0","0","0","4","1","","67","11","2023","5","40.0566","-75.0132","0606","06","0","0","0","0","0","1","0","0","","0","0","0","06","3","2","01","","2","40 03:23.817","2","00","75 00:47.353","3","0","0","0","67301","0","0","0","N","0","0","0","6","67301","0","","1","01","0030","N","N","N","1","","2","0","2","3","2","Y","0600","2","3","0","0","6","0","0","2","0","3","03","03","N","","","","","","","","","","",""
"2023077278","0210","0","0","0","0","0","0","0","0","0","7","0","","67","08","2023","6","39.9908","-75.1149","0200","06","0","0","0","0","0","0","0","0","","0","0","0","01","3","0","02","","0","39 59:26.737","","00","75 06:54.409","9","0","0","0","67301","0","0","0","N","0","0","0","1","67301","0","","4","01","","N","N","N","0","","0","0","1","0","0","","0130","0","1","0","0","0","0","1","2","0","1","03","","N","","","","","","","","","","",""
"2023075649","2251","0","0","0","0","0","0","0","0","0","1","0","","67","08","2023","6","40.0532","-75.1221","2250","06","0","0","0","0","0","1","1","0","","0","0","0","21","3","1","05","","0","40 03:11.434","","00","75 07:19.656","3","0","0","0","67301","0","0","0","N","0","0","0","2","67301","0","","1","99","","N","N","N","0","","1","0","2","3","4","","2113","1","2","0","0","0","0","1","2","0","2","99","","N","","","","","","","","","","",""
"2023075215","1706","1","0","0","0","0","0","0","0","0","8","0","","67","08","2023","3","39.9038","-75.2426","1702","06","0","0","0","0","1","0","0","0","","0","0","0","16","1","1","00","N","0","39 54:13.800","","00","75 14:33.400","3","0","0","0","67301","1","0","0","N","1","0","0","2","67301","0","","1","01","","N","N","N","0","","1","0","0","0","0","","1659","1","2","0","0","1","0","0","2","0","1","03","03","N","","","","","","","","","","",""
"2023099825","1632","2","0","0","0","0","0","0","0","0","4","0","","67","10","2023","7","39.9942","-75.1441","1618","06","0","1","0","0","0","0","0","0","","0","0","0","15","1","3","02","","1","39 59:39.285","4","00","75 08:38.932","3","0","0","0","67301","0","0","0","N","0","0","0","3","67301","1","","1","01","1817","N","N","N","0","","2","0","0","3","3","Y","1553","3","2","0","0","0","0","0","2","0","2","03","03","N","","","","","","","","","","",""
"2023105591","1025","1","0","0","0","0","0","0","0","0","5","1","","67","11","2023","6","39.992","-75.1122","1025","06","0","0","0","0","0","0","0","0","","0","1","0","09","1","1","00","N","2","39 59:31.302","1","00","75 06:43.902","3","0","0","0","67301","0","0","0","N","0","0","0","1","67301","0","","6","01","1300","N","N","N","1","","1","0","1","0","0","N","0948","1","4","0","0","0","0","0","2","0","4","03","03","N","","","","","","","","","","",""
"2023073792","1340","0","0","0","0","0","0","0","0","0","7","0","","67","08","2023","1","40.0722","-74.9979","1337","06","0","0","0","0","0","0","0","0","","0","0","0","13","1","0","00","N","0","40 04:19.780","","00","74 59:52.480","0","0","0","0","67301","0","0","0","N","0","0","0","1","67301","0","","4","01","","N","N","N","0","","0","0","1","0","0","","1336","0","1","0","0","1","0","0","2","0","1","03","","N","","","","","","","","","","",""
"2023099643","1245","1","0","0","0","0","0","0","0","0","7","0","","67","11","2023","7","39.921","-75.2241","1236","06","0","0","0","0","0","0","0","0","","0","0","0","12","1","1","01","","1","39 55:15.660","3","00","75 13:26.832","2","0","0","0","67301","0","0","0","N","0","0","0","1","67301","0","","5","01","1436","N","N","N","0","","0","1","0","3","2","Y","1231","1","1","0","0","0","0","0","2","0","1","04","98","N","","","","","","","","","","",""
"2023098039","","1","0","0","0","0","0","0","0","0","4","0","","67","03","2023","3","40.0211","-75.1575","","06","0","0","0","0","0","0","0","0","","0","0","0","08","1","1","03","","0","40 01:15.835","","00","75 09:27.016","8","0","0","0","67301","0","0","0","N","0","0","0","2","00000","0","","1","01","","","","N","1","","0","0","0","3","3","","0830","1","2","0","0","1","1","0","2","0","2","03","","N","","","","","","","","","","",""
"2023101779","1525","1","0","0","0","0","0","0","0","0","5","0","","67","10","2023","7","39.9879","-75.1965","1525","06","0","0","0","0","0","1","0","0","","0","0","0","15","1","1","00","N","0","39 59:16.580","","00","75 11:47.420","3","0","0","0","67301","0","0","0","N","0","0","0","1","67301","0","","1","01","","N","N","N","1","","1","0","0","0","0","","1525","1","2","0","0","0","0","0","2","0","2","03","03","N","","","","","","","","","","",""
"2023099977","1930","1","0","0","0","0","0","0","0","0","4","0","","67","11","2023","6","40.0577","-75.0414","1920","06","0","0","0","0","1","0","0","0","","0","0","0","18","3","2","01","","0","40 03:27.899","","00","75 02:29.102","3","0","0","0","67301","0","0","0","N","0","0","0","3","67301","0","","1","01","","N","N","N","0","","2","0","1","3","3","","1857","2","2","0","0","0","0","0","2","0","2","03","","N","","","","","","","","","","",""
"2023106528","1950","0","0","0","0","0","0","0","0","0","4","0","","67","11","2023","5","40.1047","-75.0015","1947","06","0","0","0","0","0","0","0","0","","0","0","0","19","3","2","02","","0","40 06:17.372","","00","75 00:05.762","8","0","0","0","67301","0","0","0","N","0","0","0","3","67301","0","","1","01","","N","N","N","0","","0","0","2","3","2","","1940","2","2","0","0","0","2","0","2","0","2","03","","N","","","","","","","","","","",""
"2023101172","0157","1","0","0","0","0","0","0","0","0","7","0","","67","10","2023","3","39.957","-75.1526","0157","06","0","0","0","0","0","0","0","0","","0","0","0","01","3","1","00","N","0","39 57:25.167","","00","75 09:09.200","3","0","0","0","67301","0","0","0","N","0","0","0","1","68K01","0","","4","01","","N","N","N","0","","1","0","0","0","0","","0156","1","1","0","0","1","0","0","2","0","1","03","03","N","","","","","","","","","","",""
"2023105931","2138","1","0","0","0","0","0","0","0","0","1","0","","67","11","2023","1","39.9475","-75.1872","2130","06","0","0","0","0","1","1","1","0","","0","0","0","21","3","0","00","N","1","39 56:51.010","4","00","75 11:13.885","0","0","0","0","67301","0","0","0","N","0","0","0","4","68K01","0","","1","01","2200","N","N","N","1","","0","0","1","0","0","N","2122","0","3","0","0","0","0","0","2","0","3","03","03","N","","","","","","","","","","",""
"2023099374","0025","1","0","0","0","0","0","0","0","0","4","0","","67","08","2023","7","39.9519","-75.2388","0024","06","0","0","0","0","0","0","0","0","","0","0","0","00","3","1","01","","1","39 57:06.994","1","00","75 14:19.680","4","0","0","0","67301","0","0","0","N","0","0","0","4","67301","1","","1","01","0100","N","N","N","0","","0","0","1","3","2","Y","0000","1","2","0","0","0","0","1","2","0","2","03","","N","","","","","","","","","","",""
"2023100817","2215","1","0","0","0","0","0","0","0","0","5","0","","67","03","2023","1","39.9469","-75.1639","2210","06","0","0","0","0","0","0","0","0","","0","0","0","22","3","0","00","N","0","39 56:48.780","","00","75 09:50.200","0","0","0","0","67301","0","0","0","N","0","0","0","1","67301","0","","6","01","","N","N","N","1","","0","0","0","0","0","","2205","0","2","0","0","0","0","0","2","0","2","03","03","N","","","","","","","","","","",""
"2023104098","1619","0","0","0","0","0","0","0","0","0","1","0","","67","11","2023","4","40.0157","-75.0527","1605","06","0","0","0","0","0","0","0","0","","0","0","0","16","1","0","00","N","0","40 00:56.548","","00","75 03:09.559","0","0","0","0","67301","0","0","0","N","0","0","0","2","68K01","0","","1","01","","N","N","N","0","","0","0","1","0","0","","1602","0","2","0","0","0","0","0","2","1","2","03","","N","","","","","","","","","","",""
"2023074162","1939","1","0","0","0","0","0","0","0","0","1","0","","67","08","2023","7","39.9843","-75.2083","1930","06","0","0","0","1","0","1","0","0","","0","0","0","19","4","0","00","N","0","39 59:03.582","","00","75 12:30.032","0","0","0","0","67301","0","0","0","N","0","0","0","2","68K01","0","","1","01","","N","N","N","0","","0","0","1","0","0","","1927","0","2","0","0","0","0","0","2","0","2","03","03","N","","","","","","","","","","",""
"2023106959","2205","1","0","0","0","0","0","0","0","0","5","0","","67","11","2023","6","40.0102","-75.0631","2153","06","0","0","0","0","0","0","0","0","","0","0","0","21","3","0","00","N","0","40 00:36.839","","00","75 03:47.330","0","0","0","0","67301","0","0","0","N","0","0","0","2","68K01","0","","1","01","","N","N","N","0","","0","0","1","0","0","","2138","0","2","0","0","0","0","0","2","0","2","03","04","N","","","","","","","","","","",""
"2023073431","2004","1","0","0","0","0","0","0","0","0","4","0","","67","08","2023","6","40.1109","-75.0036","2004","06","0","0","0","0","0","0","0","0","","0","0","0","20","1","1","02","","0","40 06:39.095","","00","75 00:12.819","3","0","0","0","67301","0","0","0","N","0","0","0","2","67301","0","","1","01","","N","N","N","0","","1","0","1","3","2","","2004","1","2","0","0","0","0","0","2","0","2","03","","N","","","","","","","","","","",""
"2023099641","0210","2","0","0","0","0","0","0","0","0","4","0","","67","11","2023","7","39.9195","-75.243","0207","06","0","0","0","0","0","0","0","0","","0","0","0","02","3","2","01","","0","39 55:10.138","","00","75 14:34.767","2","0","0","0","67301","0","0","0","N","0","0","0","2","67301","0","","1","01","","N","N","N","0","","1","1","0","3","2","","0207","2","2","0","0","0","0","0","2","0","2","03","03","N","","","","","","","","","","",""
"2023101773","0247","1","0","0","0","0","0","0","0","0","4","0","","67","05","2023","1","39.9545","-75.2383","0247","06","0","0","0","0","0","0","0","0","","0","0","0","02","3","3","01","","1","39 57:16.059","7","00","75 14:17.800","3","0","0","0","67301","0","0","0","N","0","0","0","4","67301","1","","1","01","0320","N","N","N","0","","2","0","2","3","3","N","0242","3","3","0","0","0","0","1","2","0","3","03","03","N","","","","","","","","","","",""
"2023077387","1333","1","0","0","0","0","0","0","0","0","4","0","","67","08","2023","6","39.9303","-75.1444","1333","06","0","0","0","0","0","0","0","0","","0","0","0","13","1","1","00","N","0","39 55:49.168","","07","75 08:39.669","3","0","0","1","67301","0","0","0","N","0","0","0","2","67301","0","","1","01","","N","N","N","0","","1","0","0","0","0","","1313","1","2","0","0","0","0","0","2","0","2","03","03","N","","","","","","","","","","",""
"2023104579","0120","1","0","0","0","0","0","0","0","0","1","0","","67","11","2023","5","40.0539","-75.0039","0113","06","0","0","0","0","0","1","0","0","","0","0","0","01","3","0","00","N","0","40 03:14.152","","00","75 00:13.886","0","0","0","0","67301","0","0","0","N","0","0","0","1","67301","0","","1","01","","N","N","N","0","","0","0","1","0","0","","0112","0","2","0","0","1","0","0","2","0","2","03","03","N","","","","","","","","","","",""
"2023103641","1600","0","0","0","0","0","0","1","0","0","8","1","","67","10","2023","5","39.9832","-75.1568","1554","06","0","0","0","0","0","1","0","0","","0","0","0","15","1","1","01","","0","39 58:59.577","","00","75 09:25.018","4","0","0","0","67301","1","0","0","N","1","0","0","2","67508","1","","1","01","","N","N","N","0","","0","0","0","3","2","","1554","1","2","0","0","0","0","0","2","0","1","03","03","N","","","","","","","","","","",""
"2023107105","1025","2","0","0","0","0","0","0","0","0","1","0","","67","11","2023","4","39.9882","-75.2073","1002","06","0","0","0","0","0","2","0","0","","0","0","0","09","1","1","06","","0","39 59:17.566","","02","75 12:26.227","4","0","0","0","67301","0","0","0","N","0","0","0","3","68K01","1","","1","09","","N","N","N","0","","0","0","1","3","3","","0957","1","3","0","0","0","0","0","2","0","3","03","","N","","","","","","","","","","",""
"2023105697","1540","3","0","0","0","0","0","0","0","0","1","0","","67","11","2023","1","40.0604","-74.9904","1538","06","0","0","0","0","0","0","0","0","","0","0","0","15","1","9","01","","2","40 03:37.434","2","00","74 59:25.565","3","0","0","0","67301","0","0","0","N","0","0","0","9","67301","0","","1","01","1605","N","N","N","0","","9","0","1","3","2","N","1525","9","4","0","0","0","0","0","2","0","4","03","03","N","","","","","","","","","","",""