"CRN","ARRIVAL_TM","AUTOMOBILE_COUNT","BELTED_DEATH_COUNT","BELTED_SUSP_SERIOUS_INJ_COUNT","BICYCLE_COUNT","BICYCLE_DEATH_COUNT","BICYCLE_SUSP_SERIOUS_INJ_COUNT","BUS_COUNT","CHLDPAS_DEATH_COUNT","CHLDPAS_SUSP_SERIOUS_INJ_COUNT","COLLISION_TYPE","COMM_VEH_COUNT","CONS_ZONE_SPD_LIM","COUNTY","CRASH_MONTH","CRASH_YEAR","DAY_OF_WEEK","DEC_LAT","DEC_LONG","DISPATCH_TM","DISTRICT","DRIVER_COUNT_16YR","DRIVER_COUNT_17YR","DRIVER_COUNT_18YR","DRIVER_COUNT_19YR","DRIVER_COUNT_20YR","DRIVER_COUNT_50_64YR","DRIVER_COUNT_65_74YR","DRIVER_COUNT_75PLUS","EST_HRS_CLOSED","FATAL_COUNT","HEAVY_TRUCK_COUNT","HORSE_BUGGY_COUNT","HOUR_OF_DAY","ILLUMINATION","INJURY_COUNT","INTERSECT_TYPE","INTERSECTION_RELATED","LANE_CLOSED","LATITUDE","LN_CLOSE_DIR","LOCATION_TYPE","LONGITUDE","MAX_SEVERITY_LEVEL","MCYCLE_DEATH_COUNT","MCYCLE_SUSP_SERIOUS_INJ_COUNT","MOTORCYCLE_COUNT","MUNICIPALITY","NONMOTR_COUNT","NONMOTR_DEATH_COUNT","NONMOTR_SUSP_SERIOUS_INJ_COUNT","NTFY_HIWY_MAINT","PED_COUNT","PED_DEATH_COUNT","PED_SUSP_SERIOUS_INJ_COUNT","PERSON_COUNT","POLICE_AGCY","POSSIBLE_INJ_COUNT","RDWY_SURF_TYPE_CD","RELATION_TO_ROAD","ROAD_CONDITION","ROADWAY_CLEARED","SCH_BUS_IND","SCH_ZONE_IND","SECONDARY_CRASH","SMALL_TRUCK_COUNT","SPEC_JURIS_CD","SUSP_MINOR_INJ_COUNT","SUSP_SERIOUS_INJ_COUNT","SUV_COUNT","TCD_FUNC_CD","TCD_TYPE","TFC_DETOUR_IND","TIME_OF_DAY","TOT_INJ_COUNT","TOTAL_UNITS","UNB_DEATH_COUNT","UNB_SUSP_SERIOUS_INJ_COUNT","UNBELTED_OCC_COUNT","UNK_INJ_DEG_COUNT","UNK_INJ_PER_COUNT","URBAN_RURAL","VAN_COUNT","VEHICLE_COUNT","WEATHER1","WEATHER2","WORK_ZONE_IND","WORK_ZONE_LOC","WORK_ZONE_TYPE","WORKERS_PRES","WZ_CLOSE_DETOUR","WZ_FLAGGER","WZ_LAW_OFFCR_IND","WZ_LN_CLOSURE","WZ_MOVING","WZ_OTHER","WZ_SHLDER_MDN","WZ_WORKERS_INJ_KILLED"
"2023076387","2019","1","0","0","0","0","0","0","0","0","1","0","","67","08","2023","7","39.9965","-75.1413","2014","06","0","0","0","0","0","0","0","0","","0","0","0","20","3","0","00","N","0","39 59:47.350","","00","75 08:28.590","9","0","0","0","67301","0","0","0","N","0","0","0","1","67301","0","","6","01","","N","N","N","0","","0","0","1","0","0","","2009","0","2","0","0","0","0","1","2","0","2","03","","N","","","","","","","","","","",""
"2023104028","0127","0","0","0","0","0","0","0","0","0","5","0","","67","09","2023","1","40.0431","-75.0033","0123","06","0","0","0","0","0","0","0","0","","0","0","0","01","3","1","00","N","0","40 02:35.214","","00","75 00:11.847","3","0","0","0","67301","0","0","0","N","0","0","0","2","68K01","0","","1","09","","N","N","N","0","","1","0","2","0","0","","0109","1","2","0","0","0","0","0","2","0","2","07","","N","","","","","","","","","","",""
"2023099083","","1","0","0","0","0","0","0","0","0","5","0","","67","04","2023","6","39.9593","-75.1805","","06","0","0","0","0","0","1","0","0","","0","0","0","14","1","1","03","","0","39 57:33.594","","02","75 10:49.812","8","0","0","0","67301","0","0","0","N","0","0","0","2","00000","0","","1","01","","","","N","0","","0","0","0","0","0","","1445","1","2","0","0","0","1","0","2","0","2","03","","N","","","","","","","","","","",""
"2023104863","0523","2","0","0","0","0","0","0","0","0","4","0","","67","11","2023","6","40.0356","-75.1239","0520","06","0","0","0","0","0","0","1","0","","0","0","0","05","3","5","01","","0","40 02:08.107","","00","75 07:25.981","3","0","0","0","67301","0","0","0","N","0","0","0","5","67301","0","","1","01","","N","N","N","0","","5","0","0","3","2","","0512","5","2","0","0","0","0","0","2","0","2","03","03","N","","","","","","","","","","",""
"2023107119","0436","1","0","0","0","0","0","0","0","0","5","0","","67","11","2023","5","39.9564","-75.2211","0430","06","0","0","0","0","0","0","0","0","","0","0","0","04","3","0","00","N","1","39 57:23.118","4","00","75 13:16.051","0","0","0","0","67301","0","0","0","N","0","0","0","1","67301","0","","1","01","0520","N","N","N","0","","0","0","1","0","0","N","0420","0","2","0","0","0","0","0","2","0","2","03","03","N","","","","","","","","","","",""
"2023075509","2001","1","0","0","0","0","0","0","0","0","4","0","","67","08","2023","3","39.9458","-75.1668","2000","06","0","0","1","0","0","0","0","0","","0","0","0","19","4","0","01","","1","39 56:44.757","2","00","75 10:00.390","0","0","0","0","67301","0","0","0","N","0","0","0","2","67301","0","","1","01","2030","N","N","N","0","","0","0","1","3","2","N","1937","0","2","0","0","0","0","0","2","0","2","03","03","N","","","","","","","","","","",""
"2023102735","2010","1","0","0","0","0","0","0","0","0","8","0","","67","07","2023","1","40.0125","-75.1401","2010","06","0","0","0","0","0","0","1","0","","0","0","0","19","4","1","01","","0","40 00:45.093","","00","75 08:24.381","3","0","0","0","67301","1","0","0","N","1","0","0","2","67301","0","","1","01","","N","N","N","0","","1","0","0","0","0","","1930","1","2","0","0","1","0","0","2","0","1","03","03","N","","","","","","","","","","",""
"2023104814","1423","1","0","1","0","0","0","0","0","0","7","0","","67","11","2023","4","40.027","-75.026","1356","06","0","0","0","0","0","1","0","0","","0","0","0","13","1","1","00","N","2","40 01:37.254","2","00","75 01:33.758","2","0","0","0","67301","0","0","0","N","0","0","0","1","68K01","0","","2","01","1448","N","N","N","0","","0","1","0","0","0","N","1355","1","1","0","0","0","0","0","2","0","1","03","","N","","","","","","","","","","",""
"2023103397","1459","0","0","0","0","0","0","0","0","0","7","1","20","67","11","2023","6","40.0011","-75.105","1439","06","0","0","0","0","0","1","0","0","","0","1","0","14","1","2","00","N","2","40 00:03.970","7","00","75 06:18.140","3","0","0","0","67301","2","0","0","N","2","0","0","3","67301","0","","5","01","1655","N","N","N","0","","2","0","0","3","8","Y","1430","2","3","0","0","0","0","0","2","0","1","04","","Y","4","1","Y","","","N","Y","","Y","","Y"
"2023104257","1708","1","0","0","0","0","0","0","0","0","7","0","","67","10","2023","1","39.9863","-75.2575","1704","06","0","0","0","0","0","0","0","0","","1","0","0","16","1","0","00","N","1","39 59:10.543","1","00","75 15:26.830","1","0","0","0","67301","0","0","0","N","0","0","0","1","67301","0","2","4","01","1951","N","N","N","0","0","0","0","0","0","0","Y","1655","0","1","0","0","0","0","0","2","0","1","03","","N","","","","","","","","","","",""
"2023075219","2335","2","0","0","0","0","0","0","0","0","4","0","","67","08","2023","4","40.0562","-75.1555","2335","06","0","0","0","0","0","0","0","0","","0","0","0","23","3","0","01","","0","40 03:22.316","","00","75 09:19.951","9","0","0","0","67301","0","0","0","N","0","0","0","1","67301","0","","1","01","","N","N","N","0","","0","0","1","3","3","","2335","0","3","0","0","1","0","1","2","0","3","03","","N","","","","","","","","","","",""
"2023100962","1340","1","0","0","0","0","0","0","0","0","5","1","","67","10","2023","4","39.9742","-75.2509","1340","06","0","0","0","0","1","0","0","0","","0","1","0","12","1","0","00","N","0","39 58:27.030","","00","75 15:03.070","9","0","0","0","67301","0","0","0","N","0","0","0","1","67301","0","","6","01","","N","N","N","0","","0","0","1","0","0","","1230","0","3","0","0","0","0","1","2","0","3","03","","N","","","","","","","","","","",""
"2023076437","0843","1","0","0","0","0","0","0","0","0","1","0","","67","08","2023","4","39.9544","-75.1426","0840","06","0","0","0","0","0","0","0","0","","0","0","0","08","1","2","00","N","2","39 57:15.700","4","03","75 08:33.300","3","0","0","0","67301","0","0","0","N","0","0","0","3","67501","0","","1","01","0850","N","N","N","0","","2","0","1","0","0","Y","0840","2","2","0","0","0","0","0","2","0","2","03","03","N","","","","","","","","","","",""
"2023107085","0048","1","0","0","0","0","0","0","0","0","1","0","","67","10","2023","1","39.9601","-75.1794","0048","06","0","0","0","0","0","0","0","0","","0","0","0","00","3","0","00","N","1","39 57:36.232","4","00","75 10:45.762","0","0","0","0","67301","0","0","0","N","0","0","0","2","68K01","0","","1","08","0100","N","N","N","0","","0","0","1","0","0","N","0047","0","2","0","0","0","0","0","2","0","2","07","07","N","","","","","","","","","","",""
"2023075220","2355","1","0","1","0","0","0","0","0","0","4","0","","67","08","2023","4","40.0687","-75.1641","2349","06","0","0","0","0","0","1","0","0","","0","0","0","23","3","4","01","","0","40 04:07.205","","00","75 09:50.797","2","0","0","0","67301","0","0","0","N","0","0","0","4","67301","0","","1","01","","N","N","N","0","","1","3","1","3","2","","2320","4","2","0","0","0","0","0","2","0","2","03","","N","","","","","","","","","","",""
"2023105455","0102","1","0","0","0","0","0","0","0","0","5","1","","67","11","2023","4","39.9602","-75.1806","0027","06","0","0","0","0","0","0","0","0","","0","1","0","00","3","0","00","N","2","39 57:36.792","4","00","75 10:50.242","0","0","0","0","67301","0","0","0","N","0","0","0","3","68K01","0","","1","09","0100","N","N","Y","0","","0","0","0","0","0","N","0037","0","2","0","0","0","0","0","2","0","2","03","03","N","","","","","","","","","","",""
"2023101263","1105","0","0","0","0","0","0","0","0","0","1","1","","67","11","2023","7","39.9347","-75.1917","1100","06","0","0","0","0","0","1","0","0","","0","1","0","11","1","2","00","N","0","39 56:05.060","","00","75 11:30.020","3","0","0","0","67301","0","0","0","N","0","0","0","4","67301","0","","6","01","","N","N","N","0","","1","0","1","0","0","","1100","2","2","0","0","0","1","0","2","0","2","03","03","N","","","","","","","","","","",""
"2023073494","1010","2","0","0","0","0","0","0","0","0","4","0","","67","08","2023","6","39.9256","-75.1793","1005","06","0","0","0","0","0","1","1","0","","0","0","0","10","1","1","01","","0","39 55:32.231","","00","75 10:45.605","4","0","0","0","67301","0","0","0","N","0","0","0","2","67301","1","","1","01","","N","N","N","0","","0","0","0","3","2","","1001","1","2","0","0","2","0","0","2","0","2","03","03","N","","","","","","","","","","",""
"2023094135","1718","0","0","0","0","0","0","0","0","0","8","0","","67","10","2023","5","39.9321","-75.161","1716","06","0","0","0","0","0","0","0","0","","1","0","0","17","1","0","05","","0","39 55:55.405","","00","75 09:39.544","1","0","0","0","67301","1","1","0","N","1","1","0","2","67301","0","2","1","01","","N","N","N","0","0","0","0","1","3","2","","1712","0","2","0","0","0","0","0","2","0","1","03","03","N","","","","","","","","","","",""
"2023074081","2100","1","0","0","0","0","0","0","0","0","5","0","","67","08","2023","2","39.9123","-75.1718","2053","06","0","0","0","0","0","1","0","0","","0","0","0","20","3","0","00","N","0","39 54:44.100","","03","75 10:18.300","0","0","0","0","67301","0","0","0","N","0","0","0","5","67501","0","","1","01","","N","N","N","0","","0","0","2","0","0","","2053","0","3","0","0","0","0","0","2","0","3","03","","N","","","","","","","","","","",""
"2023100490","0653","2","0","0","0","0","0","0","0","0","7","0","","67","11","2023","7","40.0739","-75.1709","0653","06","0","0","0","0","0","0","0","0","","0","0","0","05","3","1","00","N","0","40 04:25.900","","00","75 10:15.360","4","0","0","0","67301","0","0","0","N","0","0","0","1","67301","1","","5","01","","N","N","N","0","","0","0","0","0","0","","0528","1","2","0","0","1","0","0","2","0","2","03","03","N","","","","","","","","","","",""
"2023077277","2118","0","0","0","0","0","0","0","0","0","5","0","","67","08","2023","1","40.002","-75.1035","2117","06","0","0","0","0","0","0","0","0","","0","0","0","21","3","0","00","N","0","40 00:07.190","","01","75 06:12.420","0","0","0","0","67301","0","0","0","N","0","0","0","1","67301","0","","6","01","","N","N","N","1","","0","0","2","0","0","","2116","0","3","0","0","0","0","0","2","0","3","03","03","N","","","","","","","","","","",""
"2023104370","0030","0","0","0","0","0","0","1","0","0","1","1","","67","10","2023","6","40.0358","-75.1747","0018","06","0","0","0","0","0","0","0","0","","0","0","0","00","3","1","01","","0","40 02:08.965","","00","75 10:29.001","8","0","0","0","67301","0","0","0","N","0","0","0","2","67508","0","","1","01","","","","N","0","","0","0","0","3","2","","0015","1","2","0","0","0","1","1","2","0","2","03","03","N","","","","","","","","","","",""
"2023103431","2006","1","0","0","0","0","0","0","0","0","1","0","","67","10","2023","6","39.9705","-75.193","2002","06","0","0","0","0","0","0","0","0","","0","0","0","19","3","0","00","N","0","39 58:13.796","","00","75 11:34.886","0","0","0","0","67301","0","0","0","N","0","0","0","3","68K01","0","","1","01","","N","N","N","0","","0","0","2","0","0","","1953","0","3","0","0","0","0","0","2","0","3","03","","N","","","","","","","","","","",""
"2023073430","0835","2","0","0","0","0","0","0","0","0","4","0","","67","08","2023","6","40.0661","-75.063","0825","06","0","0","0","0","0","3","0","0","","0","0","0","06","5","2","01","","0","40 03:58.061","","00","75 03:46.964","3","0","0","0","67301","0","0","0","N","0","0","0","3","67301","0","","1","01","","N","N","N","0","","2","0","1","3","2","","0620","2","3","0","0","0","0","0","2","0","3","03","03","N","","","","","","","","","","",""
"2023103184","1616","1","0","0","0","0","0","0","0","0","1","0","","67","11","2023","1","39.983","-75.0986","1607","06","0","0","0","0","0","0","0","0","","0","0","0","16","1","0","00","N","1","39 58:58.966","1","00","75 05:54.819","0","0","0","0","67301","0","0","0","N","0","0","0","3","68K01","0","","1","01","1700","N","N","N","0","","0","0","1","0","0","N","1607","0","2","0","0","0","0","0","2","0","2","03","03","N","","","","","","","","","","",""
"2023075417","1536","0","0","0","1","0","0","0","0","0","8","0","","67","08","2023","5","40.0454","-75.0313","1536","06","0","0","0","0","0","0","0","0","","0","0","0","08","1","1","00","N","0","40 02:43.441","","00","75 01:52.767","8","0","0","0","67301","1","0","0","N","0","0","0","2","67301","0","","1","01","","N","N","N","0","","0","0","0","0","0","","0800","1","2","0","0","0","1","0","2","0","1","03","03","N","","","","","","","","","","",""
"2023098079","","2","0","0","0","0","0","0","0","0","4","0","","67","02","2023","7","40.0471","-74.9925","","06","0","0","0","0","0","0","0","0","","0","0","0","13","1","1","00","N","0","40 02:49.575","","00","74 59:32.989","8","0","0","0","67301","0","0","0","N","0","0","0","2","00000","0","","1","01","","","","N","0","","0","0","0","0","0","","1330","1","2","0","0","1","1","0","2","0","2","03","","N","","","","","","","","","","",""
"2023102755","0142","1","0","0","0","0","0","1","0","0","4","1","","67","10","2023","6","40.0461","-75.0995","0120","06","0","0","0","0","0","0","0","1","","0","0","0","01","3","0","01","","0","40 02:45.824","","00","75 05:58.352","0","0","0","0","67301","0","0","0","N","0","0","0","6","67508","0","","1","01","","N","N","N","0","","0","0","0","3","3","","0114","0","2","0","0","3","0","0","2","0","2","03","03","N","","","","","","","","","","",""
"2023074456","1400","0","0","0","0","0","0","0","0","0","8","0","","67","08","2023","6","39.9963","-75.1215","1357","06","0","0","0","0","0","0","0","0","","0","0","0","13","1","1","00","N","0","39 59:46.570","","00","75 07:17.470","3","0","0","0","67301","1","0","0","N","1","0","0","2","67301","0","","1","01","","N","N","N","0","","1","0","1","0","0","","1355","1","2","0","0","0","0","0","2","0","1","03","03","N","","","","","","","","","","",""
"2023075203","0105","0","0","0","0","0","0","0","0","0","4","0","","67","08","2023","1","39.9278","-75.1571","0100","06","0","0","0","0","0","0","0","0","","0","0","0","23","3","2","01","","0","39 55:39.925","","00","75 09:25.621","3","0","0","0","67301","0","0","0","N","0","0","0","2","67301","0","","1","01","","N","N","N","0","","2","0","1","3","3","","2330","2","2","0","0","0","0","0","2","1","2","03","03","N","","","","","","","","","","",""
"2023074199","1647","0","0","0","0","0","0","0","0","0","8","0","","67","08","2023","2","40.0565","-75.1827","1644","06","0","0","0","0","0","0","0","0","","0","0","0","16","1","1","02","","0","40 03:23.243","","00","75 10:57.668","8","0","0","0","67301","1","0","0","N","1","0","0","2","67301","0","","1","01","","N","N","N","0","","0","0","1","0","0","","1639","1","2","0","0","0","1","0","2","0","1","03","03","N","","","","","","","","","","",""
"2023100820","2045","0","0","0","1","0","0","0","0","0","8","1","","67","10","2023","2","40.0662","-74.9823","2036","06","0","0","0","0","0","0","0","0","","0","1","0","20","3","1","00","N","2","40 03:58.390","3","00","74 58:56.360","3","0","0","0","67301","1","0","0","N","0","0","0","2","67301","0","","1","09","2105","N","N","N","0","","1","0","0","0","0","Y","2014","1","2","0","0","0","0","0","2","0","1","07","","N","","","","","","","","","","",""
"2023098051","","1","0","0","0","0","0","0","0","0","1","0","","67","03","2023","7","40.0845","-75.0384","","06","0","0","0","0","0","1","0","0","","0","0","0","13","1","2","01","","0","40 05:04.200","","00","75 02:18.000","8","0","0","0","67301","0","0","0","N","0","0","0","4","00000","0","","1","01","","","","N","0","","0","0","1","3","2","","1340","2","3","0","0","1","2","0","2","0","3","03","","N","","","","","","","","","","",""
"2023077353","0744","3","0","0","0","0","0","0","0","0","1","0","","67","08","2023","3","39.9897","-75.0875","0743","06","0","0","0","0","0","2","0","0","","0","0","0","07","1","2","00","N","0","39 59:23.014","","00","75 05:14.844","8","0","0","0","67301","0","0","0","N","0","0","0","5","68K02","0","","1","01","","N","N","N","0","","0","0","0","0","0","","0734","2","3","0","0","1","2","0","2","0","3","03","","N","","","","","","","","","","",""
"2023101357","2027","2","0","0","0","0","0","0","0","0","4","0","","67","11","2023","1","39.9659","-75.2068","2027","06","0","0","0","0","1","0","0","0","","0","0","0","20","3","0","02","","0","39 57:57.368","","00","75 12:24.551","0","0","0","0","67301","0","0","0","N","0","0","0","2","67301","0","","1","01","","N","N","N","0","","0","0","0","0","0","","2027","0","2","0","0","1","0","0","2","0","2","03","03","N","","","","","","","","","","",""
"2023075233","1224","0","0","0","0","0","0","0","0","0","8","0","","67","08","2023","3","39.9688","-75.1362","1224","06","0","0","0","0","0","1","0","0","","0","0","0","12","1","1","01","","0","39 58:08.112","","01","75 08:10.333","8","0","0","0","67301","1","0","0","N","1","0","0","2","67301","0","","1","01","","N","N","N","0","","0","0","1","3","2","","1220","1","2","0","0","0","1","0","2","0","1","03","03","N","","","","","","","","","","",""
"2023075415","1020","1","0","0","0","0","0","0","0","0","1","0","","67","08","2023","3","40.0436","-75.0214","1015","06","0","0","0","0","0","0","0","0","","0","0","0","10","1","0","00","N","0","40 02:37.100","","00","75 01:17.041","9","0","0","0","67301","0","0","0","N","0","0","0","2","67301","0","","1","01","","N","N","N","0","","0","0","1","0","0","","1000","0","2","0","0","1","0","1","2","0","2","03","03","N","","","","","","","","","","",""
"2023101783","1655","0","0","0","0","0","0","0","0","0","1","1","","67","11","2023","3","39.9704","-75.1254","1650","06","0","0","0","0","0","0","1","0","","0","1","0","16","1","0","00","N","0","39 58:13.496","","00","75 07:31.414","0","0","0","0","67301","0","0","0","N","0","0","0","2","67301","0","","1","01","","N","N","N","0","","0","0","0","0","0","","1600","0","2","0","0","0","0","0","2","1","2","03","","N","","","","","","","","","","",""
"2023100876","2342","1","0","0","0","0","0","0","0","0","1","0","","67","10","2023","7","39.9601","-75.18","2330","06","0","0","0","0","1","0","0","0","","0","0","0","23","3","0","00","N","1","39 57:36.492","4","00","75 10:48.007","0","0","0","0","67301","0","0","0","N","0","0","0","4","68K01","0","","1","01","0002","N","N","N","0","","0","0","1","0","0","N","2327","0","2","0","0","0","0","0","2","0","2","03","03","N","","","","","","","","","","",""
"2023105253","0050","1","0","0","0","0","0","0","0","0","4","0","","67","11","2023","1","39.9876","-75.1577","0050","06","0","0","0","0","0","0","0","0","","0","0","0","00","3","0","00","N","2","39 59:15.450","2","00","75 09:27.600","0","0","0","0","67301","0","0","0","N","0","0","0","0","67301","0","","1","01","0220","N","N","N","0","","0","0","2","0","0","Y","0040","0","3","0","0","0","0","0","2","0","3","03","","N","","","","","","","","","","",""
"2023099345","0722","2","0","0","0","0","0","0","0","0","5","0","","67","11","2023","5","39.9299","-75.1979","0658","06","0","0","0","0","0","0","0","0","","0","0","0","06","5","1","00","N","0","39 55:47.540","","00","75 11:52.392","3","0","0","0","67301","0","0","0","Y","0","0","0","2","68K01","0","","1","01","","N","N","N","0","","1","0","0","0","0","","0656","1","2","0","0","0","0","1","2","0","2","03","03","N","","","","","","","","","","",""
"2023074587","0556","1","0","0","0","0","0","0","0","0","1","0","","67","08","2023","1","39.9783","-75.158","0554","06","0","0","0","0","0","0","0","0","","0","0","0","05","3","3","00","N","2","39 58:42.017","2","00","75 09:28.854","2","0","0","0","67301","0","0","0","N","0","0","0","4","67301","0","","6","01","0928","N","N","N","0","","1","1","0","0","0","Y","0554","3","2","0","0","0","1","1","2","0","2","03","03","N","","","","","","","","","","",""
"2023104588","1830","3","0","0","0","0","0","0","0","0","5","1","","67","08","2023","4","40.0014","-75.1297","1820","06","0","0","0","0","0","0","0","0","","0","1","0","15","1","1","00","N","0","40 00:05.060","","00","75 07:47.030","3","0","0","0","67301","0","0","0","N","0","0","0","1","67301","0","","6","01","","N","N","Y","0","","1","0","2","0","0","","1530","1","7","0","0","0","0","0","2","1","7","03","03","N","","","","","","","","","","",""
"2023098043","","1","0","0","0","0","0","0","0","0","1","0","","67","03","2023","7","39.9824","-75.2402","","06","0","0","0","0","0","1","0","0","","0","0","0","20","1","1","00","N","0","39 58:56.600","","00","75 14:24.900","8","0","0","0","67301","0","0","0","N","0","0","0","3","00000","0","","1","01","","","","N","0","","0","0","2","0","0","","2030","1","3","0","0","2","1","0","2","0","3","03","","N","","","","","","","","","","",""
"2023098065","","1","0","0","0","0","0","0","0","0","4","0","","67","02","2023","4","40.0233","-75.095","","06","0","0","0","0","0","0","0","0","","0","0","0","14","1","2","03","","0","40 01:23.998","","00","75 05:42.108","8","0","0","0","67301","0","0","0","N","0","0","0","3","00000","0","","1","01","","","","N","0","","0","0","0","3","3","","1440","2","2","0","0","0","2","0","2","0","2","03","","N","","","","","","","","","","",""
"2023074448","0021","0","0","0","0","0","0","0","0","0","7","0","","67","08","2023","2","40.0335","-75.109","0021","06","0","0","0","0","0","0","0","0","","0","0","0","00","2","0","00","N","0","40 02:00.700","","00","75 06:32.300","0","0","0","0","67301","0","0","0","N","0","0","0","1","67301","0","","5","01","","N","N","N","0","","0","0","2","0","0","","0018","0","2","0","0","0","0","0","2","0","2","03","","N","","","","","","","","","","",""
"2023102028","1115","1","0","0","0","0","0","0","0","0","4","1","","67","11","2023","5","40.0007","-75.0977","1110","06","0","0","0","0","0","0","0","0","","0","1","0","11","1","1","01","","0","40 00:02.442","","00","75 05:51.811","3","0","0","0","67301","0","0","0","N","0","0","0","3","67301","0","","1","01","","N","N","N","0","","1","0","0","3","2","","1100","1","2","0","0","2","0","0","2","0","2","04","03","N","","","","","","","","","","",""
"2023098070","","0","0","0","0","0","0","0","0","0","4","0","","67","02","2023","4","40.0234","-75.0845","","06","0","0","0","0","0","0","0","0","","0","0","0","06","1","1","05","","0","40 01:24.211","","00","75 05:04.074","8","0","0","0","67301","0","0","0","N","0","0","0","2","00000","0","","1","01","","","","N","0","","0","0","1","0","0","","0600","1","2","0","0","0","1","0","2","0","2","03","","N","","","","","","","","","","",""
"2023075225","2315","2","0","0","0","0","0","0","0","0","1","0","","67","08","2023","6","40.002","-75.2246","2315","06","0","0","0","0","0","0","0","0","","0","0","0","20","3","1","00","N","0","40 00:07.317","","07","75 13:28.644","8","0","0","0","67301","0","0","0","N","0","0","0","2","67301","0","","1","01","","N","N","N","0","","0","0","0","0","0","","2051","1","2","0","0","0","1","1","2","0","2","03","03","N","","","","","","","","","","",""
"2023095913","0928","1","0","0","0","0","0","0","0","0","1","0","","67","10","2023","3","39.9971","-75.2353","0928","06","0","0","0","0","0","0","0","1","","0","0","0","09","1","3","00","N","1","39 59:50.006","2","00","75 14:06.194","8","0","0","0","67301","0","0","0","N","0","0","0","4","46104","0","","1","01","1010","N","N","N","0","","0","0","2","3","2","N","0928","3","3","0","0","0","3","0","2","0","3","03","","N","","","","","","","","","","",""
"2023099382","0410","1","0","0","0","0","0","0","0","0","2","0","","67","11","2023","6","40.0281","-75.1449","0405","06","0","0","0","0","0","0","0","0","","0","0","0","03","3","0","02","","0","40 01:41.160","","00","75 08:41.517","0","0","0","0","67301","0","0","0","N","0","0","0","0","67301","0","","1","01","","N","N","N","0","","0","0","2","0","0","","0325","0","3","0","0","0","0","0","2","0","3","03","03","N","","","","","","","","","","",""
"2023074460","1410","1","0","0","0","0","0","0","0","0","4","0","","67","08","2023","6","40.0426","-75.1292","1410","06","0","0","0","0","0","0","0","0","","0","0","0","15","1","1","01","","0","40 02:33.277","","00","75 07:44.961","3","0","0","0","67301","0","0","0","N","0","0","0","2","67301","0","","1","01","","N","N","N","0","","1","0","1","3","2","","1500","1","2","0","0","0","0","1","2","0","2","03","","N","","","","","","","","","","",""
"2023103588","0218","1","0","0","0","0","0","0","0","0","7","0","","67","11","2023","4","39.9505","-75.1416","0213","06","0","0","0","0","0","0","0","0","","0","0","0","02","2","0","00","N","0","39 57:01.854","","00","75 08:29.913","9","0","0","0","67301","0","0","0","N","0","0","0","1","68K01","0","","5","01","","N","N","N","0","","0","0","0","0","0","","0210","0","1","0","0","0","0","1","2","0","1","03","","N","","","","","","","","","","",""
"2023102413","0912","0","0","0","0","0","0","0","0","0","1","1","","67","11","2023","5","39.9459","-75.1896","0912","06","0","0","0","0","0","0","0","0","","0","1","0","09","1","3","00","N","0","39 56:45.149","","00","75 11:22.738","3","0","0","0","67301","0","0","0","N","0","0","0","4","67301","0","","1","01","","N","N","N","0","","3","0","1","0","0","","0930","3","2","0","0","0","0","0","2","0","2","03","","N","","","","","","","","","","",""
"2023099635","0943","1","0","0","0","0","0","0","0","0","7","0","","67","10","2023","1","39.966","-75.1704","0940","06","0","0","0","0","0","0","0","1","","0","0","0","09","1","0","00","N","0","39 57:57.640","","00","75 10:13.530","0","0","0","0","67301","0","0","0","N","0","0","0","1","67301","0","","4","01","","N","N","N","0","","0","0","0","0","0","","0925","0","1","0","0","0","0","0","2","0","1","04","04","N","","","","","","","","","","",""
"2023103848","2021","1","0","0","0","0","0","0","0","0","4","0","","67","09","2023","5","39.9761","-75.2386","2021","06","0","0","0","0","1","0","0","0","","1","0","0","20","3","9","01","","2","39 58:33.981","7","00","75 14:18.866","1","0","0","0","67301","0","0","0","N","0","0","0","10","67301","9","2","1","01","0017","N","N","N","0","0","0","0","0","3","2","Y","2019","9","2","1","0","1","0","0","2","0","1","03","03","N","","","","","","","","","","",""
"2023099376","2300","0","0","0","0","0","0","0","0","0","4","1","","67","11","2023","4","39.9508","-75.2167","2300","06","0","0","0","0","0","0","0","0","","0","1","0","20","3","0","01","","0","39 57:02.829","","00","75 13:00.058","9","0","0","0","67301","0","0","0","N","0","0","0","3","67301","0","","1","01","","N","N","N","0","","0","0","0","3","3","","2008","0","2","0","0","0","0","3","2","1","2","03","03","N","","","","","","","","","","",""
"2023102736","1500","1","0","0","0","0","0","0","0","0","4","0","","67","07","2023","5","40.0101","-75.1214","1500","06","0","0","0","0","0","0","0","1","","0","0","0","14","1","3","01","","0","40 00:36.538","","00","75 07:17.597","4","0","0","0","67301","0","0","0","N","0","0","0","6","67301","1","","1","01","","N","N","N","1","","0","0","1","3","2","","1400","3","3","0","0","0","2","0","2","0","3","03","03","N","","","","","","","","","","",""
"2023075244","1330","0","0","0","0","0","0","0","0","0","4","0","","67","08","2023","7","39.996","-75.1708","1330","06","0","0","0","0","0","0","0","0","","0","0","0","13","1","1","01","","0","39 59:45.719","","00","75 10:14.790","3","0","0","0","67301","0","0","0","N","0","0","0","2","67301","0","","1","01","","N","N","N","0","","1","0","2","3","1","","1320","1","2","0","0","1","0","0","2","0","2","03","03","N","","","","","","","","","","",""