"CRN","ARRIVAL_TM","AUTOMOBILE_COUNT","BELTED_DEATH_COUNT","BELTED_SUSP_SERIOUS_INJ_COUNT","BICYCLE_COUNT","BICYCLE_DEATH_COUNT","BICYCLE_SUSP_SERIOUS_INJ_COUNT","BUS_COUNT","CHLDPAS_DEATH_COUNT","CHLDPAS_SUSP_SERIOUS_INJ_COUNT","COLLISION_TYPE","COMM_VEH_COUNT","CONS_ZONE_SPD_LIM","COUNTY","CRASH_MONTH","CRASH_YEAR","DAY_OF_WEEK","DEC_LAT","DEC_LONG","DISPATCH_TM","DISTRICT","DRIVER_COUNT_16YR","DRIVER_COUNT_17YR","DRIVER_COUNT_18YR","DRIVER_COUNT_19YR","DRIVER_COUNT_20YR","DRIVER_COUNT_50_64YR","DRIVER_COUNT_65_74YR","DRIVER_COUNT_75PLUS","EST_HRS_CLOSED","FATAL_COUNT","HEAVY_TRUCK_COUNT","HORSE_BUGGY_COUNT","HOUR_OF_DAY","ILLUMINATION","INJURY_COUNT","INTERSECT_TYPE","INTERSECTION_RELATED","LANE_CLOSED","LATITUDE","LN_CLOSE_DIR","LOCATION_TYPE","LONGITUDE","MAX_SEVERITY_LEVEL","MCYCLE_DEATH_COUNT","MCYCLE_SUSP_SERIOUS_INJ_COUNT","MOTORCYCLE_COUNT","MUNICIPALITY","NONMOTR_COUNT","NONMOTR_DEATH_COUNT","NONMOTR_SUSP_SERIOUS_INJ_COUNT","NTFY_HIWY_MAINT","PED_COUNT","PED_DEATH_COUNT","PED_SUSP_SERIOUS_INJ_COUNT","PERSON_COUNT","POLICE_AGCY","POSSIBLE_INJ_COUNT","RDWY_SURF_TYPE_CD","RELATION_TO_ROAD","ROAD_CONDITION","ROADWAY_CLEARED","SCH_BUS_IND","SCH_ZONE_IND","SECONDARY_CRASH","SMALL_TRUCK_COUNT","SPEC_JURIS_CD","SUSP_MINOR_INJ_COUNT","SUSP_SERIOUS_INJ_COUNT","SUV_COUNT","TCD_FUNC_CD","TCD_TYPE","TFC_DETOUR_IND","TIME_OF_DAY","TOT_INJ_COUNT","TOTAL_UNITS","UNB_DEATH_COUNT","UNB_SUSP_SERIOUS_INJ_COUNT","UNBELTED_OCC_COUNT","UNK_INJ_DEG_COUNT","UNK_INJ_PER_COUNT","URBAN_RURAL","VAN_COUNT","VEHICLE_COUNT","WEATHER1","WEATHER2","WORK_ZONE_IND","WORK_ZONE_LOC","WORK_ZONE_TYPE","WORKERS_PRES","WZ_CLOSE_DETOUR","WZ_FLAGGER","WZ_LAW_OFFCR_IND","WZ_LN_CLOSURE","WZ_MOVING","WZ_OTHER","WZ_SHLDER_MDN","WZ_WORKERS_INJ_KILLED"
"2023074459","2322","1","0","0","0","0","0","0","0","0","5","0","","67","08","2023","1","40.0137","-75.119","2322","06","0","0","0","1","0","0","0","0","","0","0","0","22","3","1","00","N","0","40 00:49.345","","00","75 07:08.378","8","0","0","0","67301","0","0","0","N","0","0","0","1","67301","0","","6","01","","N","N","N","0","","0","0","1","0","0","","2222","1","2","0","0","0","1","0","2","0","2","03","03","N","","","","","","","","","","",""
"2023098075","","2","0","0","0","0","0","0","0","0","1","0","","67","02","2023","4","","","","06","0","0","0","0","0","0","0","0","","0","0","0","16","1","1","00","N","0","","","00","","8","0","0","0","67301","0","0","0","N","0","0","0","2","00000","0","","1","01","","","","N","0","","0","0","0","0","0","","1610","1","2","0","0","1","1","0","1","0","2","03","","N","","","","","","","","","","",""
"2023102414","1836","2","0","0","0","0","0","0","0","0","4","0","","67","07","2023","4","39.9975","-75.1213","1830","06","0","0","0","0","0","0","0","0","","0","0","0","18","1","2","01","","2","39 59:50.882","6","00","75 07:16.643","3","0","0","0","67301","0","0","0","N","0","0","0","4","67301","0","","1","01","1915","N","N","Y","2","","2","0","0","3","2","Y","1830","2","4","0","0","0","0","0","2","0","4","03","03","N","","","","","","","","","","",""
"2023103171","2017","1","0","0","0","0","0","0","0","0","7","0","","67","11","2023","6","39.9509","-75.1416","2008","06","0","0","1","0","0","0","0","0","","0","0","0","20","3","0","00","N","0","39 57:03.157","","00","75 08:29.684","0","0","0","0","67301","0","0","0","N","0","0","0","1","68K01","0","","2","01","","N","N","N","0","","0","0","0","0","0","","2005","0","1","0","0","0","0","0","2","0","1","03","03","N","","","","","","","","","","",""
"2023073789","2016","2","0","0","0","0","0","0","0","0","5","0","","67","08","2023","7","39.9556","-75.1393","2007","06","0","0","0","0","0","0","0","0","","0","0","0","19","3","1","00","N","0","39 57:20.088","","00","75 08:21.462","3","0","0","0","67301","0","0","0","N","0","0","0","2","67301","0","","1","01","","N","N","N","0","","1","0","0","0","0","","1935","1","2","0","0","1","0","0","2","0","2","03","03","N","","","","","","","","","","",""
"2023100712","1458","0","0","0","0","0","0","0","0","0","7","0","","67","10","2023","6","39.9788","-75.1093","1458","06","0","0","0","0","0","1","0","0","","0","0","0","14","1","0","00","N","2","39 58:43.558","1","00","75 06:33.602","0","0","0","0","67301","0","0","0","N","0","0","0","1","68K01","0","","5","01","1530","N","N","N","1","","0","0","0","0","0","N","1458","0","1","0","0","0","0","0","2","0","1","03","03","N","","","","","","","","","","",""
"2023099082","","2","0","0","0","0","0","0","0","0","1","0","","67","04","2023","6","39.965","-75.2246","","06","0","1","0","0","0","0","0","0","","0","0","0","15","1","2","01","","0","39 57:53.852","","00","75 13:28.466","8","0","0","0","67301","0","0","0","N","0","0","0","3","00000","0","","1","01","","N","N","N","0","","0","0","0","3","2","","1515","2","2","0","0","0","2","0","2","0","2","03","03","N","","","","","","","","","","",""
"2023075200","0442","1","0","0","0","0","0","0","0","0","99","0","","67","08","2023","5","40.03","-75.1026","0442","06","0","0","0","0","0","0","0","0","","0","0","0","04","3","0","00","N","0","40 01:47.916","","00","75 06:09.438","0","0","0","0","67301","0","0","0","N","0","0","0","1","67301","0","","9","01","","N","N","N","0","","0","0","0","0","0","","0442","0","1","0","0","0","0","0","2","0","1","03","03","N","","","","","","","","","","",""
"2023075228","2055","4","0","0","0","0","0","0","0","0","4","0","","67","08","2023","4","39.9804","-75.1822","2042","06","0","0","0","0","0","0","0","0","","0","0","0","20","3","1","01","","0","39 58:49.337","","00","75 10:55.936","3","0","0","0","67301","0","0","0","N","0","0","0","2","67301","0","","1","01","","N","N","Y","0","","1","0","0","2","2","","2041","1","4","0","0","0","0","0","2","0","4","03","03","N","","","","","","","","","","",""
"2023106745","1452","1","0","0","0","0","0","0","0","0","5","0","","67","11","2023","5","39.8999","-75.1612","1425","06","0","0","0","0","0","0","0","0","","0","1","0","14","1","0","00","N","2","39 53:59.776","2","00","75 09:40.310","9","0","0","0","67301","0","0","0","N","0","0","0","2","68K01","0","","1","01","1500","N","N","N","0","","0","0","0","3","8","N","1423","0","2","0","0","0","0","1","2","0","2","03","03","N","","","","","","","","","","",""
"2023106661","1059","0","0","0","0","0","0","0","0","0","1","0","","67","11","2023","2","39.9679","-75.1311","1059","06","0","0","0","0","0","1","0","0","","0","0","0","10","1","0","00","N","0","39 58:04.570","","00","75 07:51.812","0","0","0","0","67301","0","0","0","N","0","0","0","2","68K01","0","","1","01","","N","N","N","1","","0","0","1","0","0","","1053","0","2","0","0","0","0","0","2","0","2","03","03","N","","","","","","","","","","",""
"2023090523","1705","1","0","0","0","0","0","1","0","0","4","1","","67","09","2023","6","39.974","-75.1551","1645","06","0","0","0","0","0","0","0","0","","0","0","0","16","1","0","01","","0","39 58:26.407","","00","75 09:18.244","0","0","0","0","67301","0","0","0","N","0","0","0","2","67508","0","","1","01","","N","N","N","0","","0","0","0","3","3","","1645","0","2","0","0","1","0","0","2","0","2","03","03","N","","","","","","","","","","",""
"2023074583","2130","1","0","0","0","0","0","0","0","0","4","0","","67","08","2023","1","39.9794","-75.2253","2128","06","0","0","0","0","0","1","0","0","","0","0","0","21","3","2","01","","0","39 58:45.886","","00","75 13:31.197","3","0","0","0","67301","0","0","0","N","0","0","0","3","67301","0","","1","01","","N","N","N","1","","2","0","0","3","2","","2100","2","2","0","0","0","0","0","2","0","2","03","03","N","","","","","","","","","","",""
"2023082796","1805","1","0","0","0","0","0","0","0","0","8","0","","67","08","2023","7","39.9745","-75.2264","1758","06","0","0","0","0","0","0","0","0","","0","0","0","14","1","1","00","N","0","39 58:28.222","","00","75 13:35.069","3","0","0","0","67301","1","0","0","N","1","0","0","2","67301","0","","1","01","","N","N","N","0","","1","0","0","0","0","","1405","1","2","0","0","0","0","0","2","0","1","03","03","N","","","","","","","","","","",""
"2023104860","1730","1","0","0","0","0","0","0","0","0","0","0","","67","08","2023","5","40.011","-75.1509","1730","06","0","0","0","0","0","0","0","0","","0","0","0","02","3","0","01","","0","40 00:39.507","","00","75 09:03.115","0","0","0","0","67301","0","0","0","N","0","0","0","1","67301","0","","1","01","","N","N","N","0","","0","0","0","3","2","","0200","0","1","0","0","1","0","0","2","0","1","03","03","N","","","","","","","","","","",""
"2023102416","0850","0","0","0","0","0","0","0","0","0","8","0","","67","07","2023","7","40.0169","-75.1486","0848","06","0","0","0","0","0","0","0","0","","0","0","0","08","1","1","00","N","0","40 01:00.700","","00","75 08:55.100","4","0","0","0","67301","1","0","0","N","1","0","0","2","67301","1","","1","01","","N","N","N","0","","0","0","1","0","0","","0845","1","2","0","0","0","0","0","2","0","1","03","03","N","","","","","","","","","","",""
"2023098059","","0","0","0","0","0","0","0","0","0","4","0","","67","02","2023","6","","","","06","0","0","0","0","0","0","0","0","","0","0","0","17","1","1","00","N","0","","","07","","8","0","0","0","67301","0","0","0","N","0","0","0","2","00000","0","","1","01","","","","N","0","","0","0","1","0","0","","1745","1","2","0","0","0","1","0","1","0","2","03","","N","","","","","","","","","","",""
"2023100336","1413","2","0","0","0","0","0","0","0","0","4","1","","67","10","2023","5","40.0055","-75.1104","1412","06","0","0","0","0","0","0","0","0","","0","1","0","14","1","2","00","N","0","40 00:19.844","","07","75 06:37.260","3","0","0","0","67301","0","0","0","N","0","0","0","4","67301","0","","1","01","","N","N","N","0","","2","0","0","0","0","","1411","2","3","0","0","0","0","0","2","0","3","03","","N","","","","","","","","","","",""
"2023100965","1330","1","0","0","0","0","0","0","0","0","4","0","","67","10","2023","6","39.9871","-75.2323","1324","06","0","0","0","0","0","0","1","0","","0","0","0","13","1","3","00","N","0","39 59:13.480","","00","75 13:56.250","3","0","0","0","67301","0","0","0","N","0","0","0","4","67301","0","","6","01","","N","N","N","0","","3","0","1","0","0","","1313","3","2","0","0","0","0","0","2","0","2","03","03","N","","","","","","","","","","",""
"2023100952","0001","1","0","0","0","0","0","0","0","0","4","2","","67","11","2023","7","40.07","-75.1627","2357","06","0","0","0","1","0","0","0","0","","0","2","0","23","3","1","01","","0","40 04:12.010","","00","75 09:45.872","3","0","0","0","67301","0","0","0","N","0","0","0","1","67301","0","","1","01","","N","N","N","0","","1","0","0","3","2","","2345","1","3","0","0","0","0","0","2","0","3","03","03","N","","","","","","","","","","",""
"2023104208","0741","1","0","0","0","0","0","0","0","0","1","0","","67","11","2023","2","39.8998","-75.1615","0741","06","0","0","0","0","1","0","1","0","","0","0","0","07","1","0","00","N","0","39 53:59.192","","00","75 09:41.385","0","0","0","0","67301","0","0","0","N","0","0","0","2","68K01","0","","1","01","","N","N","N","0","","0","0","1","0","0","","0741","0","2","0","0","0","0","0","2","0","2","03","","N","","","","","","","","","","",""
"2023107092","0605","1","0","0","0","0","0","0","0","0","4","0","","67","11","2023","4","40.0289","-75.0227","0551","06","0","0","0","0","0","0","0","0","","0","1","0","05","3","0","00","N","2","40 01:44.117","1","00","75 01:21.557","0","0","0","0","67301","0","0","0","N","0","0","0","2","68K01","0","","1","01","0700","N","N","N","0","","0","0","0","3","8","N","0515","0","2","0","0","0","0","0","2","0","2","03","03","N","","","","","","","","","","",""
"2023102677","0916","1","0","0","0","0","0","0","0","0","7","0","","67","11","2023","3","40.004","-75.0767","0910","06","0","0","0","0","0","0","0","0","","0","0","0","08","1","0","06","","0","40 00:21.139","","02","75 04:29.223","0","0","0","0","67301","0","0","0","N","0","0","0","1","68K01","0","","4","01","","N","N","N","0","","0","0","0","0","0","","0837","0","1","0","0","0","0","0","2","0","1","04","","N","","","","","","","","","","",""
"2023100950","1644","0","0","0","0","0","0","0","0","0","1","1","","67","11","2023","3","39.8946","-75.2367","1638","06","0","0","0","0","0","2","0","0","","0","1","0","16","1","1","01","","0","39 53:40.603","","00","75 14:12.181","3","0","0","0","67301","0","0","0","N","0","0","0","2","67301","0","","1","01","","N","N","N","0","","1","0","1","3","2","","1626","1","2","0","0","0","0","0","2","0","2","03","03","N","","","","","","","","","","",""
"2023103578","0510","1","0","0","0","0","0","0","0","0","5","0","","67","10","2023","7","39.9061","-75.1495","0456","06","0","0","0","0","0","0","0","1","","0","0","0","04","3","0","00","N","0","39 54:22.061","","00","75 08:58.197","0","0","0","0","67301","0","0","0","N","0","0","0","2","68K01","0","","1","01","","N","N","N","0","","0","0","1","0","0","","0456","0","2","0","0","0","0","0","2","0","2","03","03","N","","","","","","","","","","",""
"2023073312","1745","1","0","0","0","0","0","0","0","0","4","0","","67","08","2023","6","40.0275","-75.0624","1732","06","0","0","0","0","1","0","0","1","","0","0","0","17","1","3","01","","2","40 01:38.974","3","00","75 03:44.728","3","0","0","0","67301","0","0","0","N","0","0","0","3","67301","0","","1","01","1815","N","N","N","0","","3","0","1","3","2","Y","1725","3","2","0","0","0","0","0","2","0","2","03","03","N","","","","","","","","","","",""
"2023106659","1803","2","0","0","0","0","0","0","0","0","1","0","","67","11","2023","4","39.9273","-75.1953","1731","06","0","0","0","0","1","0","0","0","","0","0","0","17","3","0","00","N","0","39 55:38.290","","00","75 11:43.084","0","0","0","0","67301","0","0","0","N","0","0","0","2","68K01","0","","1","01","","N","N","N","0","","0","0","0","0","0","","1729","0","2","0","0","0","0","0","2","0","2","03","","N","","","","","","","","","","",""
"2023099688","1256","0","0","0","0","0","0","0","0","0","1","1","35","67","10","2023","3","39.9069","-75.1387","1256","06","0","0","0","0","0","2","0","0","","0","1","0","12","1","0","00","N","2","39 54:24.800","4","03","75 08:19.400","0","0","0","0","67301","0","0","0","N","0","0","0","2","67501","0","","1","01","1259","N","N","Y","0","","0","0","1","0","0","N","1254","0","3","0","0","0","0","0","2","1","3","03","","Y","4","1","Y","","","N","","","","","N"
"2023106654","1829","0","0","0","0","0","0","0","0","0","5","0","","67","11","2023","3","40.0275","-75.0246","1423","06","0","0","0","0","0","0","0","0","","0","1","0","14","1","2","00","N","0","40 01:38.895","","00","75 01:28.526","3","0","0","0","67301","0","0","0","N","0","0","0","3","68K01","0","","1","01","","N","N","N","0","","2","0","1","0","0","","1417","2","2","0","0","0","0","1","2","0","2","03","03","N","","","","","","","","","","",""
"2023073793","1630","1","0","0","0","0","0","0","0","0","1","0","","67","08","2023","1","40.0742","-75.0166","1625","06","0","0","0","0","0","1","0","0","","0","0","0","16","1","1","00","N","0","40 04:27.045","","07","75 00:59.670","8","0","0","0","67301","0","0","0","N","0","0","0","2","67301","0","","1","01","","N","N","N","0","","0","0","0","3","2","","1620","1","2","0","0","0","1","1","2","1","2","03","03","N","","","","","","","","","","",""
"2023102678","0956","0","0","0","0","0","0","0","0","0","1","0","","67","11","2023","3","40.006","-75.1968","0931","06","0","0","0","0","0","1","0","0","","0","0","0","09","1","1","00","N","0","40 00:21.587","","00","75 11:48.605","4","0","0","0","67301","0","0","0","N","0","0","0","3","68K01","1","","1","01","","N","N","N","0","","0","0","1","0","0","","0931","1","2","0","0","0","0","1","2","1","2","03","","N","","","","","","","","","","",""
"2023104858","1425","0","0","0","0","0","0","0","0","0","4","1","","67","11","2023","6","39.8836","-75.2515","1400","06","0","0","0","1","0","0","0","0","","0","1","0","13","1","3","02","","2","39 53:00.806","7","02","75 15:05.531","3","0","0","0","67301","0","0","0","N","0","0","0","3","67301","0","","1","01","1600","N","N","N","0","","3","0","1","3","2","Y","1318","3","2","0","0","0","0","0","2","0","2","03","03","N","","","","","","","","","","",""
"2023075234","2245","0","0","0","0","0","0","0","0","0","8","0","","67","08","2023","5","39.9696","-75.1399","2240","06","0","0","0","0","0","0","0","0","","0","0","0","22","3","2","00","N","0","39 58:10.546","","00","75 08:23.694","3","0","0","1","67301","1","0","0","N","1","0","0","2","67301","0","","1","01","","N","N","N","0","","2","0","0","0","0","","2230","2","2","0","0","0","0","0","2","0","1","03","03","N","","","","","","","","","","",""
"2023080468","0915","2","0","0","0","0","0","0","0","0","4","0","","67","09","2023","7","40.0566","-75.031","0909","06","0","0","0","0","0","0","1","0","","0","0","0","09","1","1","01","","0","40 03:23.662","","00","75 01:51.591","3","0","0","0","67301","0","0","0","N","0","0","0","3","67301","0","","1","01","","N","N","N","0","","1","0","0","3","2","","0905","1","2","0","0","1","0","2","2","0","2","03","03","N","","","","","","","","","","",""
"2023084525","2047","1","0","0","0","0","0","0","0","0","7","0","","67","09","2023","1","39.9943","-75.0789","2043","06","0","0","0","0","0","1","0","0","","0","0","0","20","3","0","03","","0","39 59:39.400","","02","75 04:44.200","0","0","0","0","67301","0","0","0","N","0","0","0","1","67501","0","","4","09","","N","N","N","0","","0","0","0","0","0","","2043","0","1","0","0","0","0","0","2","0","1","07","","N","","","","","","","","","","",""
"2023087587","0754","1","0","0","0","0","0","0","0","0","1","0","","67","09","2023","5","40.0225","-75.0378","0747","06","0","0","0","0","0","1","0","0","","0","0","0","07","1","0","00","N","0","40 01:20.879","","00","75 02:16.211","0","0","0","1","67301","0","0","0","N","0","0","0","2","68K01","0","","1","01","","N","N","N","0","","0","0","0","0","0","","0747","0","2","0","0","0","0","0","2","0","2","03","","N","","","","","","","","","","",""
"2023079726","0325","1","0","0","0","0","0","0","0","0","4","0","","67","09","2023","4","39.9555","-75.2136","0322","06","0","0","0","0","0","0","0","0","","0","0","0","02","2","1","01","","0","39 57:19.764","","00","75 12:48.942","3","0","0","0","67301","0","0","0","N","0","0","0","3","67301","0","","1","01","","N","N","N","0","","1","0","0","3","2","","0222","1","2","0","0","0","0","0","2","1","2","03","03","N","","","","","","","","","","",""
"2023113672","1840","0","0","0","0","0","0","1","0","0","4","1","","67","12","2023","1","39.8949","-75.1678","1832","06","0","0","0","0","0","1","0","0","","0","0","0","17","3","1","00","N","0","39 53:41.625","","07","75 10:04.051","8","0","0","0","67301","0","0","0","N","0","0","0","2","67301","0","","1","09","","N","N","N","0","","0","0","1","3","3","","1720","1","2","0","0","0","1","0","2","0","2","07","","N","","","","","","","","","","",""
"2023112028","0545","2","0","0","0","0","0","0","0","0","1","0","","67","12","2023","5","40.1235","-75.0154","0540","06","0","0","0","0","0","1","0","0","","0","0","0","05","3","0","02","","0","40 07:24.748","","00","75 00:55.269","0","0","0","0","67301","0","0","0","N","0","0","0","3","67301","0","","1","01","","N","N","N","0","","0","0","1","0","0","","0538","0","3","0","0","0","0","0","2","0","3","03","","N","","","","","","","","","","",""
"2023080508","0027","1","0","0","0","0","0","0","0","0","1","0","","67","09","2023","6","40.0319","-75.1463","0026","06","0","0","0","0","0","0","0","0","","0","0","0","23","3","1","00","N","0","40 01:54.909","","00","75 08:46.735","3","0","0","0","67301","0","0","0","N","0","0","0","2","67301","0","","1","01","","N","N","N","0","","1","0","1","0","0","","2351","1","2","0","0","0","0","0","2","0","2","03","03","N","","","","","","","","","","",""
"2023099967","","0","0","0","0","0","0","0","0","0","1","0","","67","04","2023","2","","","","06","0","0","0","0","0","0","1","0","","0","0","0","12","1","1","00","N","0","","","00","","8","0","0","0","67301","0","0","0","N","0","0","0","2","00000","0","","1","01","","","","N","0","","0","0","1","0","0","","1214","1","2","0","0","0","1","0","1","0","2","03","","N","","","","","","","","","","",""
"2023078987","2325","1","0","0","0","0","0","0","0","0","4","0","","67","09","2023","4","39.9758","-75.1584","2325","06","0","0","0","0","1","0","0","0","","0","0","0","23","3","3","01","","0","39 58:33.132","","00","75 09:30.803","3","0","0","0","67301","0","0","0","N","0","0","0","4","67505","0","","1","01","","N","N","N","0","","3","0","1","3","2","","2325","3","2","0","0","0","0","1","2","0","2","03","03","N","","","","","","","","","","",""
"2023100559","","0","0","0","0","0","0","0","0","0","1","0","","67","04","2023","5","40.0433","-75.1499","","06","0","0","0","0","0","1","0","0","","0","0","0","11","1","2","00","Y","0","40 02:35.900","","00","75 08:59.500","8","0","0","0","67301","0","0","0","N","0","0","0","3","00000","0","","1","01","","","","N","0","","0","0","1","3","2","","1100","2","2","0","0","1","2","0","2","0","2","03","","N","","","","","","","","","","",""
"2023103203","2149","1","0","0","0","0","0","0","0","0","4","0","","67","09","2023","5","39.9997","-75.1385","2149","06","0","0","0","0","0","0","0","0","","0","0","0","21","3","0","01","","0","39 59:59.082","","00","75 08:18.715","9","0","0","0","67301","0","0","0","N","0","0","0","2","67301","0","","1","99","","N","N","N","1","","0","0","0","3","2","","2149","0","2","0","0","0","0","1","2","0","2","03","","N","","","","","","","","","","",""
"2023115798","0250","0","0","0","0","0","0","0","0","0","1","0","","67","12","2023","6","40.0058","-75.0964","0244","06","0","0","0","0","0","0","0","0","","0","0","0","02","3","0","05","","9","40 00:21.036","","00","75 05:47.139","0","0","0","0","67301","0","0","0","N","0","0","0","1","67301","0","","1","01","","N","N","N","1","","0","0","1","3","2","","0240","0","2","0","0","0","0","0","2","0","2","03","03","N","","","","","","","","","","",""
"2023114890","1716","2","0","0","0","0","0","0","0","0","1","0","","67","11","2023","3","40.0439","-75.0026","1708","06","0","0","0","0","0","1","0","0","","0","0","0","17","3","1","00","N","1","40 02:38.051","1","00","75 00:09.283","3","0","0","0","67301","0","0","0","N","0","0","0","4","68K01","0","","1","01","1755","N","N","N","0","","1","0","1","0","0","N","1700","1","3","0","0","0","0","0","2","0","3","03","03","N","","","","","","","","","","",""
"2023081114","1745","2","0","0","0","0","0","0","0","0","4","0","","67","09","2023","4","40.0659","-75.1593","1735","06","0","0","0","0","0","1","0","0","","0","0","0","17","1","0","01","","1","40 03:57.297","7","00","75 09:33.465","9","0","0","0","67301","0","0","0","N","0","0","0","2","67301","0","","1","01","0100","N","N","N","0","","0","0","1","3","2","Y","1727","0","3","0","0","1","0","1","2","0","3","03","03","N","","","","","","","","","","",""
"2023083461","2111","2","0","0","0","0","0","0","0","0","4","0","","67","09","2023","5","39.9585","-75.1656","2111","06","0","0","0","0","0","0","0","0","","0","0","0","21","3","0","01","","0","39 57:30.637","","00","75 09:56.095","0","0","0","0","67301","0","0","0","N","0","0","0","2","67301","0","","1","01","","N","N","N","0","","0","0","0","3","2","","2111","0","2","0","0","0","0","0","2","0","2","03","","N","","","","","","","","","","",""
"2023115381","2313","1","0","0","0","0","0","0","0","0","1","0","","67","11","2023","1","40.0011","-75.195","2305","06","0","0","0","0","0","0","1","0","","0","0","0","23","3","1","00","N","0","40 00:04.008","","00","75 11:41.996","3","0","0","0","67301","0","0","0","N","0","0","0","3","68K01","0","","1","09","","N","N","N","0","","1","0","2","0","0","","2305","1","3","0","0","1","0","0","2","0","3","07","","N","","","","","","","","","","",""
"2023113110","0950","0","0","0","0","0","0","1","0","0","1","1","","67","12","2023","2","39.9642","-75.2154","0934","06","0","0","0","0","0","1","0","0","","0","0","0","08","1","6","00","N","0","39 57:51.060","","00","75 12:55.330","8","0","0","0","67301","0","0","0","N","0","0","0","9","67301","0","","1","01","","Y","N","N","0","","0","0","1","0","0","","0820","6","2","0","0","0","6","0","2","0","2","04","04","N","","","","","","","","","","",""
"2023080465","1610","1","0","0","0","0","0","0","0","0","7","0","","67","09","2023","6","40.1102","-74.9966","1611","06","0","0","0","0","0","0","0","0","","0","0","0","16","1","0","00","N","0","40 06:36.780","","02","74 59:47.617","0","0","0","0","67301","0","0","0","N","0","0","0","1","67301","0","","2","01","","N","N","N","0","","0","0","0","0","0","","1600","0","1","0","0","0","0","0","2","0","1","04","04","N","","","","","","","","","","",""
"2023111997","2242","2","0","0","0","0","0","0","0","0","1","0","","67","11","2023","1","39.9972","-75.0819","2233","06","0","0","0","0","0","0","0","0","","0","0","0","22","3","1","00","N","0","39 59:50.027","","00","75 04:54.746","8","0","0","0","67301","0","0","0","N","0","0","0","3","68K01","0","","1","01","","N","N","N","0","","0","0","0","0","0","","2228","1","3","0","0","0","1","1","2","0","3","03","","N","","","","","","","","","","",""
"2023112032","1835","1","0","0","0","0","0","0","0","0","2","0","","67","12","2023","5","40.0854","-75.0374","1822","06","0","0","0","0","0","1","1","0","","0","0","0","18","3","1","01","","0","40 05:07.463","","00","75 02:14.492","4","0","0","0","67301","0","0","0","N","0","0","0","2","67301","1","","1","01","","N","N","N","0","","0","0","0","3","2","","1820","1","2","0","0","0","0","0","2","1","2","03","03","N","","","","","","","","","","",""
"2023088623","0242","1","0","0","0","0","0","0","0","0","5","0","","67","09","2023","6","39.987","-75.2078","0232","06","0","0","0","0","0","0","0","0","","0","0","0","02","3","1","00","N","2","39 59:13.151","3","00","75 12:27.969","3","0","0","0","67301","0","0","0","N","0","0","0","2","68K01","0","","1","01","0250","N","N","N","0","","1","0","1","0","0","Y","0227","1","2","0","0","0","0","0","2","0","2","03","","N","","","","","","","","","","",""
"2023112175","0050","1","0","0","0","0","0","0","0","0","1","0","","67","10","2023","2","40.0031","-75.1944","0039","06","0","0","0","0","0","1","0","0","","0","0","0","23","3","1","00","N","0","40 00:10.100","","00","75 11:39.926","3","0","0","0","67301","0","0","0","N","0","0","0","4","68K01","0","","1","01","","N","N","N","1","","1","0","0","0","0","","2349","1","2","0","0","1","0","0","2","0","2","03","","N","","","","","","","","","","",""
"2023080506","1045","0","0","0","0","0","0","0","0","0","4","0","","67","09","2023","5","39.9831","-75.126","1042","06","0","0","0","0","0","0","0","0","","0","0","0","10","1","2","01","","0","39 58:59.071","","00","75 07:33.664","3","0","0","0","67301","0","0","0","N","0","0","0","2","67301","0","","1","01","","N","N","N","0","","2","0","2","3","2","","1040","2","2","0","0","0","0","0","2","0","2","03","","N","","","","","","","","","","",""
"2023113461","1744","0","0","0","0","0","0","0","0","0","1","0","","67","12","2023","2","40.0112","-75.0612","1739","06","0","0","0","0","0","0","0","0","","0","0","0","17","3","1","00","N","0","40 00:40.421","","00","75 03:40.370","3","0","0","0","67301","0","0","0","N","0","0","0","6","68K01","0","","1","01","","N","N","N","0","","1","0","3","0","0","","1737","1","3","0","0","0","0","0","2","0","3","03","03","N","","","","","","","","","","",""
"2023079732","0052","1","0","0","0","0","0","0","0","0","4","0","","67","09","2023","5","39.9975","-75.1213","0051","06","0","0","0","0","0","0","0","0","","0","0","0","00","3","2","01","","2","39 59:50.882","7","00","75 07:16.643","3","0","0","0","67301","0","0","0","N","0","0","0","3","67301","0","","1","01","0417","N","N","N","1","","2","0","0","3","2","Y","0051","2","2","0","0","0","0","1","2","0","2","03","","N","","","","","","","","","","",""
"2023113921","0330","0","0","0","0","0","0","0","0","0","4","1","","67","12","2023","6","39.9874","-75.2324","0329","06","0","0","0","0","0","1","0","0","","0","1","0","03","3","3","01","","2","39 59:14.704","7","00","75 13:56.672","3","0","0","0","67301","0","0","0","N","0","0","0","3","67301","0","","1","01","0400","N","N","N","1","","3","0","0","3","2","Y","0327","3","2","0","0","0","0","0","2","0","2","03","03","N","","","","","","","","","","",""
"2023112054","0910","2","0","0","0","0","0","0","0","0","4","0","","67","12","2023","7","39.9893","-75.1673","0906","06","0","0","0","0","0","1","0","0","","0","0","0","09","1","2","01","","0","39 59:21.652","","00","75 10:02.298","3","0","0","0","67301","0","0","0","N","0","0","0","2","67301","0","","1","01","","N","N","Y","0","","2","0","0","2","2","","0900","2","2","0","0","0","0","0","2","0","2","04","","N","","","","","","","","","","",""