"CRN","ARRIVAL_TM","AUTOMOBILE_COUNT","BELTED_DEATH_COUNT","BELTED_SUSP_SERIOUS_INJ_COUNT","BICYCLE_COUNT","BICYCLE_DEATH_COUNT","BICYCLE_SUSP_SERIOUS_INJ_COUNT","BUS_COUNT","CHLDPAS_DEATH_COUNT","CHLDPAS_SUSP_SERIOUS_INJ_COUNT","COLLISION_TYPE","COMM_VEH_COUNT","CONS_ZONE_SPD_LIM","COUNTY","CRASH_MONTH","CRASH_YEAR","DAY_OF_WEEK","DEC_LAT","DEC_LONG","DISPATCH_TM","DISTRICT","DRIVER_COUNT_16YR","DRIVER_COUNT_17YR","DRIVER_COUNT_18YR","DRIVER_COUNT_19YR","DRIVER_COUNT_20YR","DRIVER_COUNT_50_64YR","DRIVER_COUNT_65_74YR","DRIVER_COUNT_75PLUS","EST_HRS_CLOSED","FATAL_COUNT","HEAVY_TRUCK_COUNT","HORSE_BUGGY_COUNT","HOUR_OF_DAY","ILLUMINATION","INJURY_COUNT","INTERSECT_TYPE","INTERSECTION_RELATED","LANE_CLOSED","LATITUDE","LN_CLOSE_DIR","LOCATION_TYPE","LONGITUDE","MAX_SEVERITY_LEVEL","MCYCLE_DEATH_COUNT","MCYCLE_SUSP_SERIOUS_INJ_COUNT","MOTORCYCLE_COUNT","MUNICIPALITY","NONMOTR_COUNT","NONMOTR_DEATH_COUNT","NONMOTR_SUSP_SERIOUS_INJ_COUNT","NTFY_HIWY_MAINT","PED_COUNT","PED_DEATH_COUNT","PED_SUSP_SERIOUS_INJ_COUNT","PERSON_COUNT","POLICE_AGCY","POSSIBLE_INJ_COUNT","RDWY_SURF_TYPE_CD","RELATION_TO_ROAD","ROAD_CONDITION","ROADWAY_CLEARED","SCH_BUS_IND","SCH_ZONE_IND","SECONDARY_CRASH","SMALL_TRUCK_COUNT","SPEC_JURIS_CD","SUSP_MINOR_INJ_COUNT","SUSP_SERIOUS_INJ_COUNT","SUV_COUNT","TCD_FUNC_CD","TCD_TYPE","TFC_DETOUR_IND","TIME_OF_DAY","TOT_INJ_COUNT","TOTAL_UNITS","UNB_DEATH_COUNT","UNB_SUSP_SERIOUS_INJ_COUNT","UNBELTED_OCC_COUNT","UNK_INJ_DEG_COUNT","UNK_INJ_PER_COUNT","URBAN_RURAL","VAN_COUNT","VEHICLE_COUNT","WEATHER1","WEATHER2","WORK_ZONE_IND","WORK_ZONE_LOC","WORK_ZONE_TYPE","WORKERS_PRES","WZ_CLOSE_DETOUR","WZ_FLAGGER","WZ_LAW_OFFCR_IND","WZ_LN_CLOSURE","WZ_MOVING","WZ_OTHER","WZ_SHLDER_MDN","WZ_WORKERS_INJ_KILLED"
"2023079916","1536","2","0","0","0","0","0","0","0","0","1","0","","67","09","2023","5","39.9798","-75.1058","1525","06","0","0","0","0","0","0","0","0","","0","0","0","15","1","0","00","N","0","39 58:47.208","","00","75 06:21.043","0","0","0","0","67301","0","0","0","N","0","0","0","2","68K01","0","","1","01","","N","N","N","0","","0","0","0","0","0","","1524","0","2","0","0","0","0","0","2","0","2","03","","N","","","","","","","","","","",""
"2023079722","1245","1","0","0","0","0","0","0","0","0","4","0","","67","09","2023","5","39.9383","-75.1986","1240","06","0","0","0","0","0","0","0","0","","0","0","0","06","1","1","01","","0","39 56:17.777","","00","75 11:54.817","3","0","0","0","67301","0","0","0","N","0","0","0","2","67301","0","","1","01","","N","N","N","0","","1","0","1","3","2","","0630","1","2","0","0","1","0","0","2","0","2","03","03","N","","","","","","","","","","",""
"2023085378","1406","1","0","0","0","0","0","0","0","0","8","0","","67","09","2023","6","39.9693","-75.1396","1406","06","0","0","0","0","0","0","0","1","","0","0","0","14","1","1","00","N","0","39 58:09.330","","00","75 08:22.580","8","0","0","0","67301","1","0","0","N","1","0","0","2","67301","0","","1","01","","N","N","N","0","","0","0","0","0","0","","1403","1","2","0","0","0","1","0","2","0","1","03","","N","","","","","","","","","","",""
"2023116525","1355","0","0","0","0","0","0","0","0","0","2","0","","67","12","2023","4","40.0123","-75.1506","1347","06","0","0","0","0","0","0","1","0","","0","0","0","13","1","1","01","","0","40 00:44.322","","00","75 09:02.067","3","0","0","0","67301","0","0","0","N","0","0","0","1","67301","0","","1","01","","N","N","N","0","","1","0","2","3","2","","1330","1","2","0","0","0","0","0","2","0","2","03","03","N","","","","","","","","","","",""
"2023115281","0417","0","0","0","0","0","0","0","0","0","1","0","","67","12","2023","7","39.9867","-75.1561","0409","06","0","0","1","0","0","0","0","0","","0","0","0","03","3","0","00","N","0","39 59:11.940","","00","75 09:21.831","0","0","0","0","67301","0","0","0","N","0","0","0","1","67301","0","","6","01","","N","N","N","2","","0","0","0","0","0","","0350","0","2","0","0","0","0","0","2","0","2","03","","N","","","","","","","","","","",""
"2023115981","0952","2","0","0","0","0","0","0","0","0","4","0","","67","12","2023","3","39.9287","-75.2387","0951","06","0","0","0","0","0","0","0","1","","0","0","0","09","1","0","01","","1","39 55:43.258","7","00","75 14:19.147","9","0","0","0","67301","0","0","0","N","0","0","0","2","67301","0","","1","01","1013","N","N","N","0","","0","0","0","3","3","N","0948","0","2","0","0","0","0","1","2","0","2","03","","N","","","","","","","","","","",""
"2023085289","0710","0","0","0","0","0","0","0","0","0","7","0","50","67","09","2023","6","39.9997","-75.1953","0705","06","0","0","0","0","0","0","0","0","","0","0","0","07","1","0","00","N","1","39 59:58.835","3","00","75 11:43.181","0","0","0","0","67301","0","0","0","N","0","0","0","1","68K01","0","","4","01","0800","N","N","N","0","","0","0","1","0","0","N","0703","0","1","0","0","0","0","0","2","0","1","03","","Y","8","1","Y","N","N","N","N","N","N","Y","N"
"2023080459","2042","1","0","0","0","0","0","0","0","0","4","0","","67","09","2023","6","40.0419","-75.1","2036","06","0","0","0","0","0","0","0","0","","0","0","0","20","3","1","01","","0","40 02:30.685","","00","75 06:00.176","3","0","0","0","67301","0","0","0","N","0","0","0","3","67301","0","","1","01","","N","N","N","0","","1","0","1","3","3","","2010","1","2","0","0","0","0","2","2","0","2","03","03","N","","","","","","","","","","",""
"2023113045","1856","1","0","0","0","0","0","0","0","0","5","0","","67","12","2023","2","39.9684","-75.1909","1852","06","0","0","0","0","0","0","0","0","","0","0","0","18","3","0","00","N","0","39 58:06.192","","00","75 11:27.255","9","0","0","0","67301","0","0","0","N","0","0","0","3","68K01","0","","1","01","","N","N","N","0","","0","0","1","0","0","","1844","0","3","0","0","0","0","1","2","0","3","03","03","N","","","","","","","","","","",""
"2023112018","1144","1","0","0","0","0","0","0","0","0","4","0","","67","12","2023","5","40.0515","-75.0769","1143","06","0","0","0","0","0","0","1","0","","0","0","0","11","1","1","01","","0","40 03:05.237","","00","75 04:36.875","3","0","0","0","67301","0","0","0","N","0","0","0","2","67301","0","","1","09","","N","N","N","0","","1","0","1","3","3","","1125","1","2","0","0","0","0","0","2","0","2","07","10","N","","","","","","","","","","",""
"2023113042","1856","2","0","0","0","0","0","0","0","0","5","0","","67","12","2023","1","40.0386","-75.0098","1840","06","0","0","0","0","0","0","0","0","","0","0","0","18","3","0","00","N","0","40 02:18.905","","00","75 00:35.236","0","0","0","0","67301","0","0","0","N","0","0","0","3","68K01","0","","1","09","","N","N","N","0","","0","0","0","0","0","","1812","0","2","0","0","0","0","0","2","0","2","07","07","N","","","","","","","","","","",""
"2023113916","0901","1","0","0","0","0","0","0","0","0","5","0","","67","12","2023","4","40.1123","-74.9904","0859","06","0","0","0","0","0","1","0","0","","0","0","0","08","1","7","00","N","1","40 06:44.249","1","00","74 59:25.568","3","0","0","0","67301","0","0","0","N","0","0","0","10","67301","0","","1","01","0930","N","N","N","0","","7","0","0","3","8","N","0858","7","2","0","0","0","0","0","2","1","2","03","","N","","","","","","","","","","",""
"2023114027","0045","1","0","0","0","0","0","0","0","0","4","0","","67","10","2023","7","39.9545","-75.2058","0037","06","0","0","0","0","0","1","0","0","","0","0","0","00","3","1","00","N","0","39 57:16.266","","00","75 12:20.831","3","0","0","0","67301","0","0","0","N","0","0","0","2","67301","0","","1","09","","N","N","N","0","","1","0","1","0","0","","0025","1","2","0","0","1","0","0","2","0","2","07","07","N","","","","","","","","","","",""
"2023113112","0120","2","0","0","0","0","0","0","0","0","1","0","","67","07","2023","1","39.977","-75.2263","0120","06","0","0","0","0","0","0","0","0","","0","0","0","00","3","1","00","N","0","39 58:37.164","","00","75 13:34.610","3","0","0","0","67301","0","0","0","N","0","0","0","4","67301","0","","1","01","","N","N","N","0","","1","0","1","3","2","","0020","1","3","0","0","0","0","0","2","0","3","03","","N","","","","","","","","","","",""
"2023081455","1837","1","0","0","0","0","0","0","0","0","0","0","","67","09","2023","4","39.9584","-75.1804","1822","06","0","0","0","0","0","0","0","0","","0","0","0","18","1","0","00","N","1","39 57:30.112","6","00","75 10:49.407","0","0","0","0","67301","0","0","0","N","0","0","0","2","68K01","0","","1","01","1850","N","N","N","0","","0","0","0","0","0","N","1821","0","2","0","0","0","0","0","2","1","2","03","03","N","","","","","","","","","","",""
"2023112194","0907","1","0","0","0","0","0","0","0","0","1","0","","67","11","2023","4","39.9971","-75.1963","0838","06","0","0","0","0","0","0","0","0","","0","0","0","08","1","0","00","N","2","39 59:49.638","4","00","75 11:46.758","0","0","0","0","67301","0","0","0","N","0","0","0","2","68K01","0","","1","01","0940","N","N","N","0","","0","0","1","0","0","N","0835","0","2","0","0","0","0","0","2","0","2","03","","N","","","","","","","","","","",""
"2023079719","0920","3","0","0","0","0","0","0","0","0","6","0","","67","09","2023","5","40.0344","-75.0479","0920","06","0","0","0","0","0","0","0","0","","0","0","0","05","3","1","00","N","0","40 02:03.740","","00","75 02:52.580","3","0","0","0","67301","0","0","0","N","0","0","0","1","67301","0","","6","01","","N","N","N","0","","1","0","0","0","0","","0530","1","3","0","0","0","0","0","2","0","3","03","03","N","","","","","","","","","","",""
"2023116517","0110","1","0","0","0","0","0","0","0","0","7","0","","67","12","2023","5","40.0285","-75.0579","0110","06","0","0","0","0","0","0","0","0","","0","0","0","01","3","0","01","","1","40 01:42.775","4","00","75 03:28.507","0","0","0","0","67301","0","0","0","N","0","0","0","1","67301","0","","4","01","0244","N","N","N","0","","0","0","0","3","2","N","0108","0","1","0","0","0","0","0","2","0","1","03","","N","","","","","","","","","","",""
"2023113974","2257","1","0","0","0","0","0","0","0","0","1","0","","67","11","2023","3","39.9588","-75.1701","2250","06","0","0","0","0","0","1","0","0","","0","0","0","22","3","1","00","N","2","39 57:31.622","3","00","75 10:12.410","8","0","0","0","67301","0","0","0","N","0","0","0","3","68K01","0","","1","01","2316","N","N","N","1","","0","0","0","0","0","N","2247","1","3","0","0","0","1","0","2","1","3","03","","N","","","","","","","","","","",""
"2023113036","1737","1","0","0","0","0","0","0","0","0","1","0","","67","12","2023","7","39.954","-75.1416","1726","06","0","0","0","0","0","0","1","0","","0","0","0","17","3","1","00","N","1","39 57:14.236","2","00","75 08:29.717","3","0","0","0","67301","0","0","0","N","0","0","0","9","68K01","0","","1","01","1830","N","N","N","0","","1","0","2","0","0","N","1724","1","3","0","0","0","0","0","2","0","3","03","","N","","","","","","","","","","",""
"2023081490","1012","1","0","0","0","0","0","0","0","0","5","0","","67","09","2023","7","39.9645","-75.1643","1012","06","0","0","0","0","0","0","0","0","","0","0","0","18","1","0","00","N","0","39 57:52.320","","00","75 09:51.490","9","0","0","0","67301","0","0","0","N","0","0","0","1","67301","0","","6","01","","N","N","N","0","","0","0","1","0","0","","1800","0","2","0","0","0","0","1","2","0","2","03","03","N","","","","","","","","","","",""
"2023080772","0037","2","0","0","0","0","0","0","0","0","6","0","","67","09","2023","7","40.0041","-75.1241","0037","06","0","0","0","0","1","0","0","0","","0","0","0","00","3","2","00","N","0","40 00:14.926","","00","75 07:26.712","3","0","0","0","67301","0","0","0","N","0","0","0","2","67301","0","","1","09","","N","N","N","0","","2","0","0","0","0","","0035","2","2","0","0","2","0","0","2","0","2","07","04","N","","","","","","","","","","",""
"2023082802","0821","1","0","0","0","0","0","0","0","0","4","0","","67","09","2023","6","39.9795","-75.2409","0821","06","0","0","0","0","0","0","0","0","","0","0","0","08","1","0","01","","0","39 58:46.304","","00","75 14:27.265","0","0","0","0","67301","0","0","0","N","0","0","0","2","67301","0","","1","01","","N","N","N","0","","0","0","1","3","3","","0810","0","2","0","0","0","0","0","2","0","2","03","03","N","","","","","","","","","","",""
"2023085202","0000","0","0","0","0","0","0","0","0","0","8","0","","67","09","2023","5","40.0057","-75.1011","0000","06","0","0","0","0","0","0","0","0","","0","0","0","12","1","1","01","","0","40 00:20.425","","00","75 06:03.822","4","0","0","0","67301","1","0","0","N","1","0","0","2","67301","1","","1","01","","N","N","N","0","","0","0","1","3","2","","1210","1","2","0","0","0","0","0","2","0","1","03","03","N","","","","","","","","","","",""
"2023085376","1928","0","0","0","0","0","0","0","0","0","8","0","","67","09","2023","6","39.978","-75.1336","1921","06","0","0","0","0","0","1","0","0","","0","0","0","18","1","1","00","N","0","39 58:40.690","","00","75 08:01.060","3","0","0","0","67301","1","0","0","N","1","0","0","2","67301","0","","1","01","","N","N","N","1","","1","0","0","0","0","","1850","1","2","0","0","1","0","0","2","0","1","03","03","N","","","","","","","","","","",""
"2023079727","0627","1","0","0","0","0","0","0","0","0","4","0","","67","09","2023","4","39.9556","-75.2146","0625","06","0","0","1","0","0","0","0","0","","0","0","0","06","1","1","01","","2","39 57:20.208","4","00","75 12:52.533","3","0","0","0","67301","0","0","0","N","0","0","0","2","67301","0","","1","01","0840","N","N","N","0","","1","0","1","3","2","Y","0624","1","2","0","0","0","0","0","2","0","2","03","","N","","","","","","","","","","",""
"2023099963","","1","0","0","0","0","0","0","0","0","4","0","","67","03","2023","5","40.0576","-75.1525","","06","0","0","0","0","0","0","0","0","","0","0","0","16","1","1","01","","0","40 03:27.417","","00","75 09:09.082","8","0","0","0","67301","0","0","0","N","0","0","0","2","00000","0","","1","01","","","","N","0","","0","0","0","3","3","","1640","1","2","0","0","0","1","0","2","0","2","03","","N","","","","","","","","","","",""
"2023086785","2028","1","0","0","0","0","0","0","0","0","2","0","","67","09","2023","7","40.0429","-75.0765","2028","06","0","0","0","0","1","0","0","0","","0","0","0","20","3","2","00","N","0","40 02:34.470","","00","75 04:35.250","3","0","0","0","67301","0","0","0","N","0","0","0","2","67301","0","","1","01","","N","N","N","1","","2","0","0","0","0","","2028","2","2","0","0","1","0","0","2","0","2","03","03","N","","","","","","","","","","",""
"2023080770","1527","0","0","0","0","0","0","0","0","0","5","0","","67","09","2023","3","39.9568","-75.2437","1523","06","0","0","0","0","0","1","0","0","","0","0","0","15","1","1","00","N","1","39 57:24.460","3","00","75 14:37.410","8","0","0","1","67301","0","0","0","N","0","0","0","2","67301","0","","1","01","1540","N","N","N","0","","0","0","1","0","0","N","1515","1","2","0","0","0","1","0","2","0","2","03","03","N","","","","","","","","","","",""
"2023088797","2310","0","0","0","0","0","0","0","0","0","7","0","","67","09","2023","6","39.9656","-75.1371","2307","06","0","0","0","0","0","0","0","0","","0","0","0","23","3","0","00","N","1","39 57:56.087","2","00","75 08:13.705","0","0","0","0","67301","0","0","0","N","0","0","0","1","68K01","0","","3","01","2355","N","N","N","0","","0","0","1","0","0","N","2301","0","1","0","0","0","0","0","2","0","1","03","","N","","","","","","","","","","",""
"2023113918","0346","2","0","0","0","0","0","0","0","0","2","0","","67","12","2023","7","40.0717","-75.1541","0342","06","0","0","0","0","0","1","0","0","","0","1","0","03","3","0","01","","0","40 04:18.214","","00","75 09:14.704","9","0","0","0","67301","0","0","0","N","0","0","0","2","67301","0","","1","01","","N","N","N","0","","0","0","1","3","2","","0335","0","4","0","0","0","0","1","2","0","4","03","","N","","","","","","","","","","",""
"2023113242","1132","0","0","0","0","0","0","0","0","0","7","0","","67","12","2023","5","39.9916","-75.155","1124","06","0","0","0","0","0","1","0","0","","0","0","0","11","1","1","00","N","0","39 59:29.753","","00","75 09:17.914","3","0","0","0","67301","0","0","0","N","0","0","0","1","67301","0","","9","09","","N","N","N","0","","1","0","1","0","0","","1115","1","1","0","0","1","0","0","2","0","1","06","07","N","","","","","","","","","","",""
"2023080484","2334","1","0","0","0","0","0","0","0","0","1","0","","67","09","2023","7","40.0396","-75.0458","2333","06","0","0","0","0","0","0","0","0","","0","0","0","23","3","1","01","","0","40 02:22.384","","00","75 02:44.945","3","0","0","0","67301","0","0","0","N","0","0","0","2","67301","0","","1","01","","N","N","N","0","","1","0","0","3","2","","2312","1","2","0","0","0","0","0","2","0","2","03","04","N","","","","","","","","","","",""
"2023079739","1825","0","0","0","0","0","0","0","0","0","1","0","","67","09","2023","4","40.0531","-75.1378","1825","06","0","0","0","0","0","0","0","0","","0","0","0","11","1","3","01","","0","40 03:11.203","","00","75 08:15.971","3","0","0","0","67301","0","0","0","N","0","0","0","4","67301","0","","1","01","","N","N","N","0","","1","0","1","3","2","","1150","3","2","0","0","1","2","1","2","1","2","03","","N","","","","","","","","","","",""
"2023080491","1440","0","0","0","0","0","0","0","0","0","8","0","","67","09","2023","6","39.9488","-75.2354","1438","06","0","0","0","0","0","0","0","0","","0","0","0","14","1","1","00","N","0","39 56:55.530","","00","75 14:07.550","3","0","0","0","67301","1","0","0","N","1","0","0","2","67301","0","","1","01","","N","N","N","0","","1","0","1","0","0","","1428","1","2","0","0","1","0","0","2","0","1","03","03","N","","","","","","","","","","",""
"2023090693","0901","1","0","0","0","0","0","0","0","0","4","0","","67","09","2023","5","39.9711","-75.2287","0901","06","0","0","0","0","0","0","0","0","","0","0","0","08","1","1","01","","0","39 58:15.920","","00","75 13:43.424","8","0","0","1","67301","0","0","0","N","0","0","0","2","67301","0","","1","01","","N","N","N","0","","0","0","0","3","2","","0859","1","2","0","0","0","1","1","2","0","2","03","","N","","","","","","","","","","",""
"2023113041","1715","2","0","0","0","0","0","0","0","0","4","0","","67","12","2023","1","40.0396","-75.0073","1643","06","0","0","0","0","0","0","0","0","","0","0","0","16","3","3","00","N","1","40 02:22.493","2","00","75 00:26.316","8","0","0","0","67301","0","0","0","N","0","0","0","4","68K01","0","","1","09","1745","N","N","N","0","","0","0","0","0","0","N","1642","3","2","0","0","0","3","0","2","0","2","07","07","N","","","","","","","","","","",""
"2023101044","","2","0","0","0","0","0","0","0","0","4","0","","67","05","2023","5","40.0336","-75.0515","","06","0","1","0","0","0","0","0","0","","0","0","0","15","1","2","01","","0","40 02:00.851","","00","75 03:05.493","8","0","0","0","67301","0","0","0","N","0","0","0","3","00000","0","","1","01","","","","N","0","","0","0","0","0","0","","1557","2","2","0","0","1","2","0","2","0","2","03","","N","","","","","","","","","","",""
"2023113040","1317","1","0","0","0","0","0","0","0","0","1","0","","67","12","2023","1","40.0386","-75.0098","1304","06","0","0","1","0","0","0","0","0","","0","0","0","12","1","0","00","N","1","40 02:18.936","2","00","75 00:35.150","0","0","0","0","67301","0","0","0","N","0","0","0","3","68K01","0","","1","09","1325","N","N","N","0","","0","0","1","0","0","N","1257","0","2","0","0","0","0","0","2","0","2","07","","N","","","","","","","","","","",""
"2023080706","1110","0","0","0","0","0","0","0","0","0","8","0","","67","09","2023","7","40.0331","-75.126","1110","06","0","0","0","0","0","0","0","0","","0","0","0","06","1","1","01","","0","40 01:59.235","","00","75 07:33.423","3","0","0","0","67301","1","0","0","N","1","0","0","2","67301","0","","1","01","","N","N","N","0","","1","0","0","3","3","","0645","1","2","0","0","0","0","0","2","0","1","03","03","N","","","","","","","","","","",""
"2023113016","1059","1","0","0","0","0","0","0","0","0","5","0","","67","11","2023","1","39.957","-75.1525","1034","06","0","0","0","0","0","0","0","0","","0","0","0","10","1","0","00","N","0","39 57:25.224","","00","75 09:08.971","0","0","0","0","67301","0","0","0","N","0","0","0","2","68K01","0","","1","01","","N","N","N","0","","0","0","1","0","0","","1031","0","2","0","0","0","0","0","2","0","2","03","03","N","","","","","","","","","","",""
"2023116519","1717","1","0","0","0","0","0","0","0","0","4","0","","67","05","2023","7","39.9674","-75.2457","1713","06","0","0","0","0","0","0","0","0","","0","0","0","17","1","0","01","","1","39 58:02.410","5","00","75 14:45.030","9","0","0","0","67301","0","0","0","N","0","0","0","1","67301","0","","1","01","1832","N","N","N","1","","0","0","0","3","2","N","1711","0","2","0","0","0","0","1","2","0","2","04","04","N","","","","","","","","","","",""
"2023114515","1453","1","0","0","0","0","0","1","0","0","1","1","","67","12","2023","6","39.9127","-75.1503","1449","06","0","0","0","0","0","1","0","0","","0","0","0","14","1","1","00","N","0","39 54:45.810","","00","75 09:01.200","3","0","0","0","67301","0","0","0","N","0","0","0","2","67301","0","","1","01","","Y","N","N","0","","1","0","0","0","0","","1415","1","2","0","0","0","0","0","2","0","2","03","03","N","","","","","","","","","","",""
"2023080494","0130","1","0","0","0","0","0","0","0","0","5","0","","67","09","2023","1","39.9751","-75.2473","0126","06","0","0","0","0","0","0","0","0","","0","0","0","01","3","0","00","N","0","39 58:30.430","","00","75 14:50.220","0","0","0","0","67301","0","0","0","N","0","0","0","1","67301","0","","6","01","","N","N","N","0","","0","0","2","0","0","","0105","0","3","0","0","0","0","0","2","0","3","03","03","N","","","","","","","","","","",""
"2023114356","1717","2","0","0","0","0","0","0","0","0","4","0","","67","12","2023","4","39.9166","-75.2458","1714","06","0","0","0","0","0","0","1","0","","0","0","0","17","3","1","02","","1","39 54:59.618","7","00","75 14:44.793","3","0","0","0","67301","0","0","0","N","0","0","0","3","67301","0","","1","01","1745","N","N","N","0","","1","0","1","3","3","N","1710","1","3","0","0","0","0","0","2","0","3","03","03","N","","","","","","","","","","",""
"2023113982","0718","2","0","0","0","0","0","0","0","0","5","0","","67","11","2023","4","39.979","-75.1084","0704","06","0","0","0","0","0","1","0","0","","0","0","0","06","1","0","00","N","0","39 58:44.562","","00","75 06:30.341","0","0","0","0","67301","0","0","0","N","0","0","0","2","68K01","0","","1","01","","N","N","N","0","","0","0","0","0","0","","0655","0","2","0","0","0","0","0","2","0","2","03","","N","","","","","","","","","","",""
"2023112012","1345","3","0","0","0","0","0","0","0","0","2","0","","67","12","2023","1","39.8967","-75.2141","1340","06","0","0","0","0","0","1","0","0","","0","0","0","13","1","0","00","N","2","39 53:48.211","4","03","75 12:50.636","0","0","0","0","67301","0","0","0","N","0","0","0","3","67301","0","","1","09","0010","N","N","Y","0","","0","0","0","3","8","N","1325","0","3","0","0","0","0","0","2","0","3","07","","N","","","","","","","","","","",""
"2023083486","0118","1","0","0","0","0","0","0","0","0","1","0","","67","09","2023","6","40.0162","-75.1706","0115","06","0","0","0","0","0","0","0","0","","0","0","0","01","3","0","00","N","2","40 00:58.389","1","00","75 10:14.215","0","0","0","0","67301","0","0","0","N","0","0","0","1","67301","0","","6","01","0200","N","N","N","0","","0","0","1","0","0","Y","0110","0","2","0","0","0","0","0","2","0","2","03","03","N","","","","","","","","","","",""
"2023099968","","1","0","0","0","0","0","0","0","0","4","0","","67","02","2023","3","","","","06","0","0","0","0","0","0","0","0","","0","0","0","10","1","1","01","","0","","","00","","8","0","0","0","67301","0","0","0","N","0","0","0","3","00000","0","","1","01","","","","N","0","","0","0","0","0","0","","1000","1","3","0","0","0","1","0","1","0","3","03","","N","","","","","","","","","","",""
"2023112039","1116","2","0","0","0","0","0","0","0","0","2","0","","67","12","2023","5","40.0418","-75.04","1115","06","0","0","0","1","0","0","0","0","","0","0","0","11","1","1","01","","1","40 02:30.411","2","00","75 02:23.971","4","0","0","0","67301","0","0","0","N","0","0","0","2","67301","1","","1","09","0100","N","N","N","0","","0","0","0","3","2","N","1114","1","2","0","0","1","0","0","2","0","2","07","","N","","","","","","","","","","",""
"2023113225","1525","2","0","0","0","0","0","1","0","0","1","1","","67","12","2023","2","40.0489","-75.0123","1519","06","0","0","0","0","0","1","1","0","","0","0","0","14","1","2","02","","1","40 02:55.985","2","00","75 00:44.349","3","0","0","0","67301","0","0","0","N","0","0","0","6","67301","0","","1","01","1555","N","N","N","0","","2","0","1","3","2","N","1450","2","4","0","0","0","0","0","2","0","4","03","03","N","","","","","","","","","","",""
"2023081487","2042","1","0","0","0","0","0","0","0","0","4","0","","67","09","2023","7","39.9576","-75.1457","2042","06","0","0","0","0","0","0","0","0","","0","0","0","18","1","0","01","","0","39 57:27.432","","00","75 08:44.473","0","0","0","0","67301","0","0","0","N","0","0","0","2","67301","0","","1","09","","N","N","N","0","","0","0","0","3","2","","1842","0","2","0","0","0","0","0","2","1","2","03","03","N","","","","","","","","","","",""
"2023114261","1432","1","0","0","0","0","0","0","0","0","1","0","","67","12","2023","4","39.957","-75.1524","1423","06","0","0","0","0","0","0","0","0","","0","0","0","14","1","0","00","N","1","39 57:25.297","3","00","75 09:08.682","0","0","0","0","67301","0","0","0","N","0","0","0","3","68K01","0","","1","01","1440","N","N","N","0","","0","0","1","0","0","N","1422","0","2","0","0","0","0","0","2","0","2","03","03","N","","","","","","","","","","",""
"2023080983","2244","0","0","0","0","0","0","0","0","0","4","0","","67","09","2023","6","40.0101","-75.1214","2244","06","0","0","0","0","0","0","0","0","","0","0","0","22","3","0","01","","0","40 00:36.436","","00","75 07:17.178","0","0","0","0","67301","0","0","0","N","0","0","0","2","67301","0","","1","01","","N","N","N","0","","0","0","2","3","2","","2210","0","2","0","0","0","0","0","2","0","2","03","03","N","","","","","","","","","","",""
"2023112346","2346","1","0","0","0","0","0","0","0","0","7","0","","67","12","2023","1","40.0495","-75.184","2343","06","0","0","0","0","0","0","0","0","","0","0","0","23","3","1","00","N","0","40 02:58.029","","00","75 11:02.555","3","0","0","0","67301","0","0","0","N","0","0","0","1","67301","0","","5","01","","N","N","N","0","","1","0","0","0","0","","2325","1","1","0","0","0","0","0","2","0","1","03","","N","","","","","","","","","","",""
"2023114286","1826","2","0","0","0","0","0","0","0","0","4","0","","67","12","2023","5","40.0538","-75.1777","1815","06","0","0","0","0","0","0","0","0","","0","0","0","17","3","1","00","N","0","40 03:13.635","","00","75 10:39.896","3","0","0","0","67301","0","0","0","N","0","0","0","2","67301","0","","1","01","","N","Y","N","0","","1","0","0","0","0","","1756","1","2","0","0","0","0","0","2","0","2","03","03","N","","","","","","","","","","",""
"2023080460","1210","0","0","0","0","0","0","0","0","0","4","0","","67","09","2023","7","40.049","-75.1057","1200","06","0","0","0","0","0","0","0","0","","0","0","0","11","1","0","02","","0","40 02:56.396","","00","75 06:20.649","0","0","0","0","67301","0","0","0","N","0","0","0","2","67301","0","","1","01","","N","N","N","2","","0","0","1","3","3","","1150","0","3","0","0","2","0","0","2","0","3","04","04","N","","","","","","","","","","",""
"2023116598","1032","0","0","0","0","0","0","0","0","0","1","0","","67","12","2023","7","39.9679","-75.1313","1018","06","0","0","0","0","0","0","0","0","","0","0","0","10","1","0","00","N","0","39 58:04.306","","00","75 07:52.682","0","0","0","0","67301","0","0","0","N","0","0","0","2","68K01","0","","1","01","","N","N","N","0","","0","0","2","0","0","","1016","0","2","0","0","0","0","0","2","0","2","03","03","N","","","","","","","","","","",""
"2023081124","1218","0","0","0","0","0","0","0","0","0","8","0","","67","09","2023","2","40.039","-75.1168","1159","06","0","0","0","0","0","0","0","0","","0","0","0","10","1","1","01","","0","40 02:20.400","","07","75 07:00.300","8","0","0","0","67301","1","0","0","N","1","0","0","2","67301","0","","1","01","","N","N","N","0","","0","0","1","0","0","","1052","1","2","0","0","0","1","0","2","0","1","03","","N","","","","","","","","","","",""
"2023101005","","1","0","0","0","0","0","0","0","0","5","0","","67","08","2023","1","","","","06","0","0","0","0","0","0","0","0","","0","0","0","00","3","1","00","N","0","","","00","","8","0","0","0","67301","0","0","0","N","0","0","0","2","00000","0","","1","01","","","","N","0","","0","0","0","0","0","","0015","1","2","0","0","0","1","0","1","0","2","03","","N","","","","","","","","","","",""