"CRN","ARRIVAL_TM","AUTOMOBILE_COUNT","BELTED_DEATH_COUNT","BELTED_SUSP_SERIOUS_INJ_COUNT","BICYCLE_COUNT","BICYCLE_DEATH_COUNT","BICYCLE_SUSP_SERIOUS_INJ_COUNT","BUS_COUNT","CHLDPAS_DEATH_COUNT","CHLDPAS_SUSP_SERIOUS_INJ_COUNT","COLLISION_TYPE","COMM_VEH_COUNT","CONS_ZONE_SPD_LIM","COUNTY","CRASH_MONTH","CRASH_YEAR","DAY_OF_WEEK","DEC_LAT","DEC_LONG","DISPATCH_TM","DISTRICT","DRIVER_COUNT_16YR","DRIVER_COUNT_17YR","DRIVER_COUNT_18YR","DRIVER_COUNT_19YR","DRIVER_COUNT_20YR","DRIVER_COUNT_50_64YR","DRIVER_COUNT_65_74YR","DRIVER_COUNT_75PLUS","EST_HRS_CLOSED","FATAL_COUNT","HEAVY_TRUCK_COUNT","HORSE_BUGGY_COUNT","HOUR_OF_DAY","ILLUMINATION","INJURY_COUNT","INTERSECT_TYPE","INTERSECTION_RELATED","LANE_CLOSED","LATITUDE","LN_CLOSE_DIR","LOCATION_TYPE","LONGITUDE","MAX_SEVERITY_LEVEL","MCYCLE_DEATH_COUNT","MCYCLE_SUSP_SERIOUS_INJ_COUNT","MOTORCYCLE_COUNT","MUNICIPALITY","NONMOTR_COUNT","NONMOTR_DEATH_COUNT","NONMOTR_SUSP_SERIOUS_INJ_COUNT","NTFY_HIWY_MAINT","PED_COUNT","PED_DEATH_COUNT","PED_SUSP_SERIOUS_INJ_COUNT","PERSON_COUNT","POLICE_AGCY","POSSIBLE_INJ_COUNT","RDWY_SURF_TYPE_CD","RELATION_TO_ROAD","ROAD_CONDITION","ROADWAY_CLEARED","SCH_BUS_IND","SCH_ZONE_IND","SECONDARY_CRASH","SMALL_TRUCK_COUNT","SPEC_JURIS_CD","SUSP_MINOR_INJ_COUNT","SUSP_SERIOUS_INJ_COUNT","SUV_COUNT","TCD_FUNC_CD","TCD_TYPE","TFC_DETOUR_IND","TIME_OF_DAY","TOT_INJ_COUNT","TOTAL_UNITS","UNB_DEATH_COUNT","UNB_SUSP_SERIOUS_INJ_COUNT","UNBELTED_OCC_COUNT","UNK_INJ_DEG_COUNT","UNK_INJ_PER_COUNT","URBAN_RURAL","VAN_COUNT","VEHICLE_COUNT","WEATHER1","WEATHER2","WORK_ZONE_IND","WORK_ZONE_LOC","WORK_ZONE_TYPE","WORKERS_PRES","WZ_CLOSE_DETOUR","WZ_FLAGGER","WZ_LAW_OFFCR_IND","WZ_LN_CLOSURE","WZ_MOVING","WZ_OTHER","WZ_SHLDER_MDN","WZ_WORKERS_INJ_KILLED"
"2023113234","1843","1","0","0","0","0","0","0","0","0","8","0","","67","11","2023","7","39.9458","-75.2164","1833","06","0","0","0","0","0","0","0","0","","0","0","0","01","3","1","00","N","0","39 56:45.030","","00","75 12:59.070","3","0","0","0","67301","1","0","0","N","1","0","0","2","67301","0","","1","01","","N","N","N","0","","1","0","0","0","0","","0115","1","2","0","0","1","0","0","2","0","1","03","03","N","","","","","","","","","","",""
"2023108508","2141","1","0","0","0","0","0","0","0","0","1","0","","67","11","2023","6","39.9467","-75.1887","2125","06","0","0","0","0","0","0","0","0","","0","0","0","21","3","0","00","N","0","39 56:48.248","","00","75 11:19.491","0","0","0","0","67301","0","0","0","N","0","0","0","3","68K01","0","","1","01","","N","N","N","0","","0","0","1","0","0","","2106","0","2","0","0","0","0","0","2","0","2","03","03","N","","","","","","","","","","",""
"2023108719","1620","2","0","0","0","0","0","0","0","0","1","0","","67","11","2023","4","40.0516","-75.0668","1602","06","0","0","0","1","0","0","0","0","","0","0","0","14","1","0","00","N","0","40 03:05.684","","00","75 04:00.510","0","0","0","0","67301","0","0","0","N","0","0","0","2","67301","0","","1","01","","N","N","N","0","","0","0","0","0","0","","1450","0","2","0","0","0","0","0","2","0","2","03","03","N","","","","","","","","","","",""
"2023097632","","0","0","0","0","0","0","0","0","0","4","0","","67","06","2023","1","39.9474","-75.2204","","06","0","0","0","0","0","0","1","0","","0","0","0","19","1","1","01","","0","39 56:50.773","","00","75 13:13.519","8","0","0","0","67301","0","0","0","N","0","0","0","3","00000","0","","1","01","","","","N","0","","0","0","1","3","3","","1900","1","2","0","0","0","1","0","2","0","2","03","","N","","","","","","","","","","",""
"2023098978","","0","0","0","0","0","0","0","0","0","1","0","","67","06","2023","4","39.9694","-75.1262","","06","0","0","0","0","0","1","0","0","","0","0","0","04","2","1","00","N","0","39 58:10.010","","00","75 07:34.312","8","0","0","0","67301","0","0","0","N","0","0","0","2","00000","0","","1","01","","","","N","2","","0","0","0","0","0","","0400","1","2","0","0","1","1","0","2","0","2","03","","N","","","","","","","","","","",""
"2023107832","2308","1","0","0","0","0","0","0","0","0","7","0","","67","11","2023","5","39.9426","-75.1429","2255","06","0","0","0","0","0","0","0","0","","0","0","0","22","3","1","00","N","0","39 56:33.257","","00","75 08:34.509","8","0","0","0","67301","0","0","0","N","0","0","0","1","68K01","0","","2","01","","N","N","N","0","","0","0","0","0","0","","2254","1","1","0","0","1","1","0","2","0","1","03","03","N","","","","","","","","","","",""
"2023106986","1856","1","0","0","1","1","0","0","0","0","8","0","","67","11","2023","2","40.0538","-75.2312","1852","06","0","0","0","0","1","0","0","0","","1","0","0","18","3","1","01","","2","40 03:13.392","7","00","75 13:52.266","1","0","0","0","67301","1","1","0","N","0","0","0","3","67301","0","2","1","01","2100","N","N","N","0","0","1","0","1","3","2","Y","1851","1","3","0","0","0","0","0","2","0","2","03","","N","","","","","","","","","","",""
"2023107415","1649","1","0","0","0","0","0","0","0","0","7","0","","67","11","2023","7","39.8888","-75.241","1623","06","0","0","0","0","0","0","0","0","","0","0","0","16","1","0","00","N","0","39 53:19.806","","00","75 14:27.580","0","0","0","0","67301","0","0","0","N","0","0","0","1","68K01","0","","4","01","","N","N","N","0","","0","0","0","0","0","","1621","0","1","0","0","0","0","0","2","0","1","03","","N","","","","","","","","","","",""
"2023094556","","1","0","0","0","0","0","0","0","0","1","1","","67","05","2023","6","40.0531","-75.1499","","06","0","0","0","0","0","1","0","0","","0","1","0","12","1","1","01","","0","40 03:11.185","","00","75 08:59.737","8","0","0","0","67301","0","0","0","N","0","0","0","2","00000","0","","1","01","","","","N","0","","0","0","0","3","2","","1230","1","2","0","0","1","1","0","2","0","2","03","","N","","","","","","","","","","",""
"2023077281","0126","1","0","0","0","0","0","0","0","0","4","0","","67","08","2023","3","40.0352","-75.1455","0126","06","0","0","0","0","0","0","0","0","","0","0","0","21","3","2","01","","0","40 02:06.835","","00","75 08:44.110","3","0","0","0","67301","0","0","0","N","0","0","0","2","67301","0","","1","01","","N","N","N","0","","1","0","1","3","2","","2130","2","2","0","0","2","1","0","2","0","2","03","03","N","","","","","","","","","","",""
"2023097612","","0","0","0","0","0","0","0","0","0","4","0","","67","05","2023","6","40.0301","-75.0352","","06","0","0","0","0","0","1","0","0","","0","0","0","15","1","1","00","N","0","40 01:48.458","","07","75 02:06.590","8","0","0","0","67301","0","0","0","N","0","0","0","2","00000","0","","1","01","","N","N","N","0","","0","0","2","0","0","","1530","1","2","0","0","0","1","0","2","0","2","03","","N","","","","","","","","","","",""
"2023082036","0100","2","0","0","0","0","0","0","0","0","2","0","","67","09","2023","7","39.983","-75.1014","0100","06","0","0","0","0","0","0","0","0","","0","0","0","01","3","1","01","","0","39 58:58.706","","00","75 06:05.180","2","0","0","0","67301","0","0","0","N","0","0","0","2","67301","0","","1","01","","N","N","N","0","","0","1","0","3","2","","0100","1","2","0","1","2","0","0","2","0","2","03","03","N","","","","","","","","","","",""
"2023113534","2015","1","0","0","0","0","0","0","0","0","4","1","","67","10","2023","4","39.9039","-75.1745","2013","06","0","0","0","0","0","0","0","0","","0","1","0","10","1","1","00","N","0","39 54:14.032","","07","75 10:28.090","3","0","0","0","67301","0","0","0","N","0","0","0","2","67301","0","","1","01","","N","N","N","0","","1","0","0","3","2","","1000","1","2","0","0","1","0","0","2","0","2","03","03","N","","","","","","","","","","",""
"2023083624","1946","0","0","0","0","0","0","0","0","0","4","0","","67","09","2023","1","40.0533","-75.1393","1946","06","0","0","0","0","0","1","0","1","","0","0","0","19","3","1","01","","0","40 03:11.941","","00","75 08:21.627","3","0","0","0","67301","0","0","0","N","0","0","0","2","67301","0","","1","09","","N","N","N","0","","1","0","2","3","2","","1946","1","2","0","0","0","0","0","2","0","2","07","07","N","","","","","","","","","","",""
"2023082628","0535","0","0","0","0","0","0","0","0","0","8","0","","67","09","2023","1","39.921","-75.1896","0533","06","0","0","0","0","0","0","0","0","","0","0","0","05","3","1","00","N","0","39 55:15.450","","00","75 11:22.480","3","0","0","0","67301","1","0","0","N","1","0","0","2","67301","0","","2","01","","N","N","N","0","","1","0","1","0","0","","0527","1","2","0","0","0","0","0","2","0","1","03","03","N","","","","","","","","","","",""
"2023088641","1043","2","0","0","0","0","0","0","0","0","5","0","","67","09","2023","3","39.9576","-75.1493","1019","06","0","0","0","0","0","0","0","0","","0","0","0","10","1","0","03","","0","39 57:27.234","","02","75 08:57.624","0","0","0","0","67301","0","0","0","N","0","0","0","2","68K01","0","","1","01","","N","N","N","0","","0","0","0","3","4","","1013","0","2","0","0","0","0","0","2","0","2","03","","N","","","","","","","","","","",""
"2023118148","2125","1","0","0","0","0","0","0","0","0","5","1","","67","12","2023","4","39.9214","-75.1478","2116","06","0","0","0","0","0","1","0","0","","0","1","0","21","3","1","00","N","0","39 55:16.973","","00","75 08:52.064","8","0","0","0","67301","0","0","0","N","0","0","0","3","68K01","0","","1","01","","N","N","N","0","","0","0","1","0","0","","2113","1","3","0","0","0","1","0","2","0","3","03","","N","","","","","","","","","","",""
"2023107822","0010","0","0","0","0","0","0","0","0","0","7","0","","67","10","2023","7","39.9604","-75.1812","2349","06","0","0","0","0","0","0","0","0","","0","0","0","23","3","0","00","N","0","39 57:37.522","","00","75 10:52.269","0","0","0","0","67301","0","0","0","N","0","0","0","1","68K01","0","","4","01","","N","N","N","0","","0","0","1","0","0","","2346","0","1","0","0","0","0","0","2","0","1","03","03","N","","","","","","","","","","",""
"2023088198","2346","0","0","0","0","0","0","0","0","0","1","0","","67","08","2023","3","39.9485","-75.1857","2349","06","0","0","1","0","0","1","0","0","","0","0","0","23","3","0","06","","0","39 56:54.570","","02","75 11:08.563","0","0","0","0","67301","0","0","0","N","0","0","0","4","68K01","0","","7","01","","N","N","N","0","","0","0","2","3","4","","2341","0","2","0","0","0","0","0","2","0","2","03","","N","","","","","","","","","","",""
"2023108484","1912","1","0","0","0","0","0","0","0","0","5","0","","67","11","2023","2","39.9445","-75.1915","1907","06","0","0","0","0","0","1","0","0","","0","0","0","18","3","0","00","N","2","39 56:40.161","4","00","75 11:29.272","0","0","0","0","67301","0","0","0","N","0","0","0","2","68K01","0","","1","01","2013","N","N","N","0","","0","0","1","0","0","N","1851","0","2","0","0","0","0","0","2","0","2","03","03","N","","","","","","","","","","",""
"2023075723","0031","1","0","0","0","0","0","0","0","0","4","0","","67","08","2023","7","40.0203","-75.0804","0031","06","0","0","0","0","1","0","0","0","","0","0","0","00","3","0","01","","1","40 01:13.126","7","01","75 04:49.678","9","0","0","0","67301","0","0","0","N","0","0","0","2","67301","0","","1","01","0126","N","N","N","0","","0","0","1","3","2","N","0020","0","2","0","0","0","0","2","2","0","2","03","","N","","","","","","","","","","",""
"2023076962","2031","1","0","0","0","0","0","0","0","0","1","0","","67","08","2023","6","40.0022","-75.1577","2031","06","0","0","0","0","0","0","0","0","","0","0","0","20","3","1","01","","0","40 00:07.956","","00","75 09:27.716","3","0","0","0","67301","0","0","0","N","0","0","0","3","67301","0","","1","01","","N","N","N","0","","1","0","2","3","2","","2029","1","3","0","0","1","0","0","2","0","3","03","03","N","","","","","","","","","","",""
"2023107827","1605","1","0","0","0","0","0","0","0","0","1","0","","67","11","2023","4","39.9853","-75.0938","1554","06","0","0","0","0","0","0","0","0","","0","0","0","15","1","0","00","N","0","39 59:07.128","","00","75 05:37.832","0","0","0","0","67301","0","0","0","N","0","0","0","2","68K01","0","","1","01","","N","N","N","1","","0","0","0","0","0","","1552","0","2","0","0","0","0","0","2","0","2","03","04","N","","","","","","","","","","",""
"2023076388","0122","2","0","0","0","0","0","0","0","0","4","0","","67","08","2023","1","40.0411","-75.1223","0121","06","0","0","0","0","0","0","0","0","","0","0","0","00","3","4","01","","0","40 02:28.111","","00","75 07:20.373","3","0","0","0","67301","0","0","0","N","0","0","0","4","67301","0","","1","01","","N","N","N","0","","4","0","0","3","3","","0028","4","2","0","0","0","0","0","2","0","2","03","03","N","","","","","","","","","","",""
"2023108464","2107","1","0","0","0","0","0","0","0","0","5","1","","67","09","2023","6","39.9112","-75.149","2040","06","0","0","0","0","0","0","0","0","","0","1","0","20","3","1","00","N","0","39 54:40.319","","00","75 08:56.303","4","0","0","0","67301","0","0","0","N","0","0","0","3","68K01","1","","1","01","","N","N","N","0","","0","0","0","0","0","","2033","1","2","0","0","0","0","1","2","0","2","03","03","N","","","","","","","","","","",""
"2023076820","1626","1","0","0","0","0","0","0","0","0","4","0","","67","08","2023","4","40.0014","-75.1516","1624","06","0","0","0","0","0","1","0","0","","0","0","0","16","1","1","01","","0","40 00:05.149","","00","75 09:05.791","8","0","0","0","67301","0","0","0","N","0","0","0","2","67505","0","","1","01","","N","N","N","0","","0","0","1","3","3","","1624","1","2","0","0","0","1","0","2","0","2","03","03","N","","","","","","","","","","",""
"2023118362","2121","1","0","0","0","0","0","0","0","0","8","0","","67","03","2023","2","40.0001","-75.1384","2114","06","0","0","0","0","0","0","0","0","","0","0","0","21","3","1","00","N","0","40 00:00.390","","00","75 08:18.400","3","0","0","0","67301","1","0","0","N","1","0","0","2","67301","0","","1","09","","N","N","N","0","","1","0","0","0","0","","2100","1","2","0","0","1","0","0","2","0","1","07","07","N","","","","","","","","","","",""
"2023082813","1553","1","0","0","0","0","0","0","0","0","4","0","","67","09","2023","2","39.9817","-75.1452","1552","06","0","0","0","0","0","0","0","0","","0","0","0","14","1","2","01","","0","39 58:54.156","","00","75 08:42.853","3","0","0","0","67301","2","0","0","N","2","0","0","4","67301","0","","1","01","","N","N","N","0","","2","0","0","3","3","","1440","2","4","0","0","0","0","1","2","0","2","03","03","N","","","","","","","","","","",""
"2023076381","1908","1","0","0","0","0","0","0","0","0","4","0","","67","08","2023","2","40.0653","-75.0904","1903","06","0","0","0","0","0","0","0","0","","0","0","0","19","1","1","01","","0","40 03:55.083","","00","75 05:25.278","3","0","0","0","67301","0","0","0","N","0","0","0","3","67301","0","","1","01","","N","N","N","0","","1","0","1","3","2","","1900","1","2","0","0","0","0","0","2","0","2","03","03","N","","","","","","","","","","",""
"2023108956","1400","2","0","0","0","0","0","0","0","0","4","0","","67","11","2023","1","40.072","-75.013","1351","06","0","0","0","0","1","0","0","0","","0","0","0","13","1","1","02","","0","40 04:19.373","","07","75 00:46.904","3","0","0","0","67301","0","0","0","N","0","0","0","2","67301","0","","1","09","","N","N","N","0","","1","0","0","0","0","","1310","1","2","0","0","0","0","0","2","0","2","07","07","N","","","","","","","","","","",""
"2023108296","0718","2","0","0","0","0","0","0","0","0","5","0","","67","11","2023","7","40.0066","-75.193","0718","06","0","0","0","0","0","0","0","0","","0","0","0","05","6","0","05","","9","40 00:23.813","","00","75 11:34.834","9","0","0","0","67301","0","0","0","N","0","0","0","2","67301","0","","1","99","","N","N","N","0","","0","0","0","0","0","","0530","0","2","0","0","0","0","1","2","0","2","03","03","N","","","","","","","","","","",""
"2023076384","1732","0","0","0","0","0","0","0","0","0","1","0","","67","08","2023","2","39.9592","-75.2232","1732","06","0","0","0","0","0","0","0","0","","0","0","0","07","5","0","00","N","0","39 57:33.200","","00","75 13:23.600","0","0","0","0","67301","0","0","0","N","0","0","0","1","67301","0","","6","01","","N","N","N","0","","0","0","1","0","0","","0730","0","2","0","0","0","0","0","2","0","2","03","","N","","","","","","","","","","",""
"2023099074","","1","0","0","0","0","0","0","0","0","1","0","","67","06","2023","2","40.0026","-75.1945","","06","0","0","0","0","0","0","0","0","","0","0","0","23","2","1","00","N","0","40 00:09.427","","00","75 11:40.053","8","0","0","0","67301","0","0","0","N","0","0","0","3","00000","0","","1","01","","","","N","0","","0","0","0","0","0","","2330","1","2","0","0","0","1","0","2","0","2","03","","N","","","","","","","","","","",""
"2023085363","1930","0","0","0","0","0","0","0","0","0","4","0","","67","09","2023","3","39.9787","-75.1579","1850","06","0","0","0","0","0","0","0","0","","0","0","0","06","1","0","01","","1","39 58:43.276","2","00","75 09:28.368","9","0","0","0","67301","0","0","0","N","0","0","0","2","67505","0","","1","09","0800","N","N","N","0","","0","0","2","2","2","N","0650","0","2","0","0","0","0","2","2","0","2","03","04","N","","","","","","","","","","",""
"2023108489","2329","1","0","0","0","0","0","0","0","0","1","0","","67","11","2023","5","39.9922","-75.0856","2314","06","0","0","0","0","0","0","0","0","","0","0","0","23","3","1","00","N","1","39 59:31.787","1","00","75 05:08.054","8","0","0","0","67301","0","0","0","N","0","0","0","3","68K01","0","","1","01","2357","N","N","N","0","","0","0","1","0","0","N","2312","1","2","0","0","0","1","0","2","0","2","03","","N","","","","","","","","","","",""
"2023098025","","1","0","0","0","0","0","0","0","0","4","0","","67","05","2023","4","39.9943","-75.0951","","06","0","0","0","0","1","0","0","0","","0","0","0","17","1","1","00","N","0","39 59:39.549","","07","75 05:42.459","8","0","0","0","67301","0","0","0","N","0","0","0","2","00000","0","","1","01","","","","N","0","","0","0","1","0","0","","1730","1","2","0","0","1","1","0","2","0","2","03","","N","","","","","","","","","","",""
"2023078018","2110","0","0","0","0","0","0","0","0","0","2","0","","67","08","2023","1","40.0134","-75.1223","2100","06","0","0","0","0","0","0","0","0","","0","0","0","20","3","1","03","","0","40 00:48.135","","00","75 07:20.136","8","0","0","0","67301","0","0","0","N","0","0","0","5","67301","0","","1","01","","N","N","N","0","","0","0","1","0","0","","2056","1","2","0","0","4","1","1","2","0","2","03","","N","","","","","","","","","","",""
"2023098086","","1","0","0","0","0","0","0","0","0","1","0","","67","04","2023","6","39.9101","-75.1862","","06","0","0","0","0","0","0","0","0","","0","0","0","14","1","1","03","","0","39 54:36.627","","00","75 11:10.765","3","0","0","0","67301","0","0","0","N","0","0","0","2","00000","0","","1","09","","N","N","N","0","","1","0","1","3","3","","1400","1","2","0","0","0","0","0","2","0","2","07","07","N","","","","","","","","","","",""
"2023098629","","2","0","0","0","0","0","0","0","0","3","0","","67","06","2023","5","39.9601","-75.2248","","06","0","0","0","0","0","0","0","0","","0","0","0","12","1","1","00","N","0","39 57:36.285","","00","75 13:29.434","8","0","0","0","67301","0","0","0","N","0","0","0","2","00000","0","","1","01","","","","N","0","","0","0","0","0","0","","1248","1","2","0","0","1","1","0","2","0","2","03","","N","","","","","","","","","","",""
"2023097614","","1","0","0","0","0","0","0","0","0","4","0","","67","07","2023","7","39.978","-75.1526","","06","0","0","0","0","0","0","0","0","","0","0","0","15","1","2","01","","0","39 58:40.702","","00","75 09:09.298","8","0","0","0","67301","0","0","0","N","0","0","0","3","00000","0","","1","01","","","","N","0","","0","0","1","3","2","","1530","2","2","0","0","1","2","0","2","0","2","03","","N","","","","","","","","","","",""
"2023076645","1905","1","0","0","0","0","0","0","0","0","4","0","","67","08","2023","3","39.9849","-75.1575","1900","06","0","0","1","0","0","0","0","0","","0","0","0","18","1","1","01","","0","39 59:05.480","","00","75 09:27.133","3","0","0","1","67301","0","0","0","N","0","0","0","6","67505","0","","1","01","","N","N","N","0","","1","0","0","0","0","","1850","1","2","0","0","0","0","0","2","0","2","03","03","N","","","","","","","","","","",""
"2023107304","1122","2","0","0","0","0","0","0","0","0","5","3","","67","11","2023","2","39.9509","-75.1411","1115","06","0","0","0","0","0","0","0","0","","0","3","0","11","1","2","00","N","2","39 57:03.225","1","00","75 08:27.837","8","0","0","0","67301","0","0","0","N","0","0","0","7","68K01","0","","1","01","1200","N","N","N","1","","0","0","0","0","0","N","1114","2","6","0","0","0","2","0","2","0","6","03","","N","","","","","","","","","","",""
"2023067622","1255","0","0","0","0","0","0","0","0","0","8","1","","67","07","2023","6","39.9602","-75.1501","1247","06","0","0","0","0","1","0","0","0","","0","1","0","12","1","1","00","N","0","39 57:36.740","","00","75 09:00.190","3","0","0","0","67301","1","0","0","N","1","0","0","2","67301","0","","1","01","","N","N","N","0","","1","0","0","0","0","","1245","1","2","0","0","0","0","0","2","0","1","03","","N","","","","","","","","","","",""
"2023107418","1723","2","0","0","0","0","0","0","0","0","1","0","","67","11","2023","3","39.9453","-75.1424","1723","06","0","0","0","0","0","0","0","0","","0","0","0","17","3","1","00","N","0","39 56:42.930","","00","75 08:32.610","8","0","0","0","67301","0","0","0","N","0","0","0","4","68K01","0","","1","09","","N","N","N","0","","0","0","0","0","0","","1722","1","3","0","0","0","1","1","2","0","3","07","","N","","","","","","","","","","",""
"2023107911","","1","0","0","0","0","0","0","0","0","2","0","","67","09","2023","7","40.0805","-75.2233","","06","0","0","0","0","0","0","0","0","","0","0","0","20","2","1","00","N","0","40 04:49.800","","00","75 13:24.000","8","0","0","0","67301","0","0","0","N","0","0","0","2","00000","0","","1","01","","","","N","0","","0","0","1","0","0","","2051","1","2","0","0","1","1","0","2","0","2","03","","N","","","","","","","","","","",""
"2023075645","1950","1","0","0","0","0","0","0","0","0","4","0","","67","08","2023","6","39.9558","-75.236","1948","06","0","0","0","0","0","0","1","0","","0","0","0","19","3","1","01","","0","39 57:20.995","","00","75 14:09.589","3","0","0","0","67301","0","0","0","N","0","0","0","2","67301","0","","1","01","","N","N","N","0","","1","0","1","3","2","","1945","1","2","0","0","0","0","0","2","0","2","03","03","N","","","","","","","","","","",""
"2023097617","","1","0","0","0","0","0","0","0","0","1","0","","67","06","2023","5","40.0405","-75.0589","","06","0","0","0","0","0","0","1","0","","0","0","0","12","1","1","01","","0","40 02:25.798","","00","75 03:31.964","8","0","0","0","67301","0","0","0","N","0","0","0","2","00000","0","","1","01","","","","N","1","","0","0","0","3","2","","1253","1","2","0","0","0","1","0","2","0","2","03","","N","","","","","","","","","","",""
"2023103100","1815","1","0","0","0","0","0","0","0","0","2","0","","67","10","2023","3","39.9971","-75.2353","1815","06","0","0","0","0","0","1","0","0","","0","0","0","18","1","1","01","","1","39 59:49.558","2","00","75 14:07.128","8","0","0","0","67301","0","0","0","N","0","0","0","2","46104","0","","1","01","1850","N","N","N","0","","0","0","1","3","2","N","1815","1","2","0","0","0","1","0","2","0","2","03","","N","","","","","","","","","","",""
"2023075860","0315","0","0","0","0","0","0","0","0","0","1","0","","67","08","2023","7","39.9902","-75.1165","0315","06","0","0","0","0","0","0","0","0","","0","0","0","03","3","0","00","N","0","39 59:24.360","","00","75 07:00.541","9","0","0","0","67301","0","0","0","N","0","0","0","1","67301","0","","6","01","","N","N","N","0","","0","0","0","0","0","","0315","0","2","0","0","0","0","1","2","1","2","03","","N","","","","","","","","","","",""
"2023076958","1325","0","0","0","0","0","0","0","0","0","2","0","","67","08","2023","1","39.9849","-75.203","1320","06","0","0","0","0","0","0","0","0","","0","0","0","13","1","1","00","N","2","39 59:05.504","5","00","75 12:10.888","2","0","1","1","67301","0","0","0","N","0","0","0","3","67301","0","","1","01","1400","N","N","N","0","","0","1","1","0","0","Y","1320","1","2","0","0","0","0","0","2","0","2","03","03","N","","","","","","","","","","",""
"2023076271","1541","3","0","0","0","0","0","0","0","0","1","0","","67","08","2023","1","40.0893","-74.9748","1536","06","0","0","0","0","0","1","0","0","","0","0","0","12","1","2","00","N","0","40 05:21.470","","00","74 58:29.340","3","0","0","0","67301","0","0","0","N","0","0","0","2","67301","0","","1","01","","N","N","N","0","","2","0","1","0","0","","1237","2","4","0","0","0","0","0","2","0","4","03","03","N","","","","","","","","","","",""
"2023078565","1733","1","0","0","0","0","0","0","0","0","4","0","","67","08","2023","1","40.0016","-75.1286","1728","06","0","0","0","0","0","0","0","0","","0","0","0","17","1","1","01","","0","40 00:05.795","","00","75 07:42.898","3","0","0","1","67301","0","0","0","N","0","0","0","3","67301","0","","1","01","","N","N","N","0","","1","0","0","3","2","","1721","1","2","0","0","1","0","0","2","0","2","03","","N","","","","","","","","","","",""
"2023108725","0214","2","0","0","0","0","0","0","0","0","4","0","","67","11","2023","7","39.9809","-75.2465","0209","06","0","0","0","0","0","0","0","0","","0","0","0","01","3","1","02","","0","39 58:51.249","","00","75 14:47.555","8","0","0","0","67301","0","0","0","N","0","0","0","2","67301","0","","1","01","","N","N","N","0","","0","0","0","3","2","","0110","1","2","0","0","0","1","0","2","0","2","03","","N","","","","","","","","","","",""
"2023098581","","0","0","0","0","0","0","0","0","0","1","0","","67","05","2023","5","39.9283","-75.1463","","06","0","0","0","0","0","0","0","0","","0","0","0","23","3","0","07","","0","39 55:41.767","","02","75 08:46.657","0","0","0","0","67301","0","0","0","N","0","0","0","3","00000","0","","1","01","","N","N","N","0","","0","0","1","0","0","","2300","0","2","0","0","0","0","0","2","0","2","03","03","N","","","","","","","","","","",""
"2023107816","0212","1","0","0","0","0","0","0","0","0","5","0","","67","10","2023","1","40.0105","-75.063","0208","06","0","0","0","0","0","0","0","0","","0","0","0","02","3","0","00","N","0","40 00:37.843","","00","75 03:46.777","0","0","0","0","67301","0","0","0","N","0","0","0","4","68K01","0","","1","01","","N","N","N","0","","0","0","1","0","0","","0205","0","2","0","0","0","0","0","2","0","2","03","","N","","","","","","","","","","",""
"2023107666","0929","0","0","0","0","0","0","0","0","0","5","0","","67","11","2023","5","40.009","-75.0677","0929","06","0","0","0","0","0","0","0","0","","0","0","0","08","1","1","00","N","0","40 00:32.480","","00","75 04:03.888","8","0","0","0","67301","0","0","0","N","0","0","0","4","68K01","0","","1","01","","N","N","N","1","","0","0","1","0","0","","0847","1","3","0","0","0","1","1","2","1","3","03","","N","","","","","","","","","","",""
"2023075721","1633","1","0","0","0","0","0","0","0","0","8","0","","67","08","2023","7","40.0406","-75.1698","1630","06","0","0","0","0","0","0","0","0","","0","0","0","16","1","1","05","","0","40 02:26.260","","00","75 10:11.265","8","0","0","0","67301","1","0","0","N","1","0","0","2","67301","0","","1","01","","N","N","N","0","","0","0","0","3","2","","1620","1","2","0","0","1","1","0","2","0","1","03","","N","","","","","","","","","","",""
"2023107831","1925","3","0","0","0","0","0","0","0","0","1","0","","67","11","2023","5","39.9975","-75.0819","1925","06","0","0","0","0","0","1","0","0","","0","0","0","19","3","2","00","N","0","39 59:50.970","","00","75 04:54.925","3","0","0","0","67301","0","0","0","N","0","0","0","4","68K01","1","","1","01","","N","N","N","0","","1","0","0","0","0","","1925","2","3","0","0","0","0","0","2","0","3","03","03","N","","","","","","","","","","",""
"2023118775","1708","0","0","0","0","0","0","0","0","0","7","0","","67","12","2023","7","39.9674","-75.1321","1700","06","0","0","0","0","0","0","0","0","","0","0","0","16","3","1","00","N","1","39 58:02.553","1","00","75 07:55.439","8","0","0","0","67301","0","0","0","N","0","0","0","1","68K01","0","","3","01","1730","N","N","N","0","","0","0","1","0","0","N","1658","1","1","0","0","0","1","0","2","0","1","03","03","N","","","","","","","","","","",""
"2023085144","1805","0","0","0","0","0","0","0","0","0","4","0","","67","09","2023","3","39.9145","-75.1537","1739","06","0","0","1","0","0","0","0","0","","0","0","0","17","1","1","00","N","0","39 54:52.211","","07","75 09:13.283","3","0","0","0","67301","0","0","0","N","0","0","0","5","67301","0","","1","01","","N","N","N","0","","1","0","2","0","0","","1738","1","2","0","0","0","0","2","2","0","2","03","","N","","","","","","","","","","",""