"CRN","ARRIVAL_TM","AUTOMOBILE_COUNT","BELTED_DEATH_COUNT","BELTED_SUSP_SERIOUS_INJ_COUNT","BICYCLE_COUNT","BICYCLE_DEATH_COUNT","BICYCLE_SUSP_SERIOUS_INJ_COUNT","BUS_COUNT","CHLDPAS_DEATH_COUNT","CHLDPAS_SUSP_SERIOUS_INJ_COUNT","COLLISION_TYPE","COMM_VEH_COUNT","CONS_ZONE_SPD_LIM","COUNTY","CRASH_MONTH","CRASH_YEAR","DAY_OF_WEEK","DEC_LAT","DEC_LONG","DISPATCH_TM","DISTRICT","DRIVER_COUNT_16YR","DRIVER_COUNT_17YR","DRIVER_COUNT_18YR","DRIVER_COUNT_19YR","DRIVER_COUNT_20YR","DRIVER_COUNT_50_64YR","DRIVER_COUNT_65_74YR","DRIVER_COUNT_75PLUS","EST_HRS_CLOSED","FATAL_COUNT","HEAVY_TRUCK_COUNT","HORSE_BUGGY_COUNT","HOUR_OF_DAY","ILLUMINATION","INJURY_COUNT","INTERSECT_TYPE","INTERSECTION_RELATED","LANE_CLOSED","LATITUDE","LN_CLOSE_DIR","LOCATION_TYPE","LONGITUDE","MAX_SEVERITY_LEVEL","MCYCLE_DEATH_COUNT","MCYCLE_SUSP_SERIOUS_INJ_COUNT","MOTORCYCLE_COUNT","MUNICIPALITY","NONMOTR_COUNT","NONMOTR_DEATH_COUNT","NONMOTR_SUSP_SERIOUS_INJ_COUNT","NTFY_HIWY_MAINT","PED_COUNT","PED_DEATH_COUNT","PED_SUSP_SERIOUS_INJ_COUNT","PERSON_COUNT","POLICE_AGCY","POSSIBLE_INJ_COUNT","RDWY_SURF_TYPE_CD","RELATION_TO_ROAD","ROAD_CONDITION","ROADWAY_CLEARED","SCH_BUS_IND","SCH_ZONE_IND","SECONDARY_CRASH","SMALL_TRUCK_COUNT","SPEC_JURIS_CD","SUSP_MINOR_INJ_COUNT","SUSP_SERIOUS_INJ_COUNT","SUV_COUNT","TCD_FUNC_CD","TCD_TYPE","TFC_DETOUR_IND","TIME_OF_DAY","TOT_INJ_COUNT","TOTAL_UNITS","UNB_DEATH_COUNT","UNB_SUSP_SERIOUS_INJ_COUNT","UNBELTED_OCC_COUNT","UNK_INJ_DEG_COUNT","UNK_INJ_PER_COUNT","URBAN_RURAL","VAN_COUNT","VEHICLE_COUNT","WEATHER1","WEATHER2","WORK_ZONE_IND","WORK_ZONE_LOC","WORK_ZONE_TYPE","WORKERS_PRES","WZ_CLOSE_DETOUR","WZ_FLAGGER","WZ_LAW_OFFCR_IND","WZ_LN_CLOSURE","WZ_MOVING","WZ_OTHER","WZ_SHLDER_MDN","WZ_WORKERS_INJ_KILLED"
"2023118759","1457","0","0","0","0","0","0","0","0","0","1","0","","67","12","2023","6","40.0007","-75.1948","1451","06","0","0","0","0","0","1","0","0","","0","0","0","14","1","0","00","N","0","40 00:02.478","","00","75 11:41.307","0","0","0","0","67301","0","0","0","N","0","0","0","2","68K01","0","","1","01","","N","N","N","1","","0","0","1","0","0","","1445","0","2","0","0","0","0","0","2","0","2","03","","N","","","","","","","","","","",""
"2023106977","0548","0","0","0","0","0","0","0","0","0","7","0","","67","07","2023","6","39.8872","-75.2048","0539","06","0","0","0","0","0","0","0","0","","0","0","0","05","1","0","00","N","0","39 53:13.969","","03","75 12:17.345","0","0","0","0","67301","0","0","0","N","0","0","0","1","68K01","0","","2","09","","N","N","N","0","","0","0","1","0","0","","0538","0","1","0","0","0","0","0","2","0","1","03","","N","","","","","","","","","","",""
"2023096223","0815","1","0","0","0","0","0","0","0","0","4","0","","67","08","2023","6","40.0014","-75.0816","0815","06","0","0","0","0","0","1","0","0","","0","0","0","06","1","0","03","","0","40 00:05.051","","00","75 04:53.673","0","0","0","0","67301","0","0","0","N","0","0","0","2","67301","0","","1","01","","N","N","N","0","","0","0","1","3","2","","0630","0","2","0","0","0","0","0","2","0","2","03","","N","","","","","","","","","","",""
"2023098628","","2","0","0","0","0","0","0","0","0","1","0","","67","07","2023","4","","","","06","0","0","0","0","0","0","0","0","","0","0","0","23","6","1","00","N","0","","","00","","8","0","0","0","67301","0","0","0","N","0","0","0","2","00000","0","","1","01","","","","N","0","","0","0","0","0","0","","2300","1","2","0","0","1","1","0","1","0","2","03","","N","","","","","","","","","","",""
"2023109061","1827","1","0","0","0","0","0","0","0","0","1","0","","67","11","2023","3","40.1284","-75.014","1823","06","0","0","0","0","0","0","0","0","","0","0","0","17","3","1","00","N","0","40 07:42.116","","00","75 00:50.264","3","0","0","0","67301","0","0","0","N","0","0","0","2","67301","0","","1","01","","N","N","N","0","","1","0","1","0","0","","1726","1","2","0","0","0","0","0","2","0","2","03","03","N","","","","","","","","","","",""
"2023078558","0940","1","0","0","0","0","0","0","0","0","8","0","","67","09","2023","2","40.0507","-75.1733","0938","06","0","0","0","0","0","0","0","0","","0","0","0","09","1","1","01","","0","40 03:02.383","","00","75 10:23.749","4","0","0","0","67301","1","0","0","N","1","0","0","2","67301","1","","1","01","","N","N","N","0","","0","0","0","3","2","","0935","1","2","0","0","0","0","0","2","0","1","03","","N","","","","","","","","","","",""
"2023110548","0116","2","0","0","0","0","0","0","0","0","5","0","","67","11","2023","1","39.9663","-75.1871","0102","06","0","0","0","0","0","0","0","0","","0","0","0","00","3","2","00","N","1","39 57:58.574","3","00","75 11:13.447","4","0","0","0","67301","0","0","0","N","0","0","0","3","68K01","2","","1","01","0120","N","N","N","0","","0","0","0","0","0","N","0056","2","2","0","0","0","0","1","2","0","2","03","","N","","","","","","","","","","",""
"2023110522","2310","2","0","0","0","0","0","0","0","0","1","0","","67","11","2023","6","39.9786","-75.1105","2301","06","0","0","0","0","0","0","0","0","","0","0","0","22","3","1","00","N","0","39 58:42.949","","00","75 06:37.674","8","0","0","0","67301","0","0","0","N","0","0","0","5","68K01","0","","1","01","","N","N","N","0","","0","0","0","0","0","","2256","1","2","0","0","0","1","1","2","0","2","03","","N","","","","","","","","","","",""
"2023098636","","1","0","0","0","0","0","0","0","0","5","0","","67","08","2023","6","40.0049","-75.212","","06","0","0","0","0","0","0","0","0","","0","0","0","14","1","1","00","N","0","40 00:17.777","","00","75 12:43.113","8","0","0","1","67301","0","0","0","N","0","0","0","2","00000","0","","1","01","","","","N","0","","0","0","0","0","0","","1430","1","2","0","0","1","1","0","2","0","2","03","","N","","","","","","","","","","",""
"2023081147","1755","0","0","0","0","0","0","1","0","0","8","1","","67","09","2023","1","39.9697","-75.1317","1750","06","0","0","0","0","0","0","0","0","","0","0","0","17","1","1","01","","0","39 58:11.220","","00","75 07:54.607","8","0","0","0","67301","1","0","0","N","1","0","0","3","67508","0","","1","01","","N","N","Y","0","","0","0","0","3","2","","1750","1","2","0","0","0","1","0","2","0","1","03","03","N","","","","","","","","","","",""
"2023078967","0931","1","0","0","0","0","0","0","0","0","5","0","","67","09","2023","2","39.9596","-75.2404","0929","06","0","0","0","0","0","0","0","0","","0","0","0","08","1","0","00","N","2","39 57:34.470","4","00","75 14:25.560","9","0","0","0","67301","0","0","0","N","0","0","0","1","67301","0","","6","01","1052","N","N","Y","0","","0","0","3","0","0","Y","0855","0","4","0","0","0","0","1","2","0","4","03","","N","","","","","","","","","","",""
"2023078981","2133","1","0","0","0","0","0","0","0","0","8","0","","67","09","2023","4","39.9551","-75.1853","2129","06","0","0","0","0","0","0","1","0","","0","0","0","21","3","1","02","","0","39 57:18.220","","00","75 11:07.218","8","0","0","0","67301","1","0","0","N","1","0","0","2","67507","0","","1","01","","N","N","N","0","","0","0","0","3","2","","2106","1","2","0","0","1","1","0","2","0","1","03","03","N","","","","","","","","","","",""
"2023081805","0800","1","0","0","0","0","0","0","0","0","4","0","","67","09","2023","6","39.9737","-75.2312","0741","06","0","0","0","0","0","1","0","0","","0","0","0","07","1","1","01","","0","39 58:25.388","","00","75 13:52.359","3","0","0","0","67301","0","0","0","N","0","0","0","2","67301","0","","1","01","","N","N","N","0","","1","0","1","3","3","","0740","1","2","0","0","0","0","0","2","0","2","03","03","N","","","","","","","","","","",""
"2023079724","0110","3","0","0","0","0","0","0","0","0","1","0","","67","09","2023","3","39.9597","-75.2229","0106","06","0","0","0","0","0","0","0","0","","0","0","0","01","3","1","01","","0","39 57:34.963","","01","75 13:22.526","3","0","0","0","67301","0","0","0","N","0","0","0","3","67301","0","","1","01","","N","N","Y","0","","1","0","0","2","2","","0100","1","3","0","0","0","0","0","2","0","3","03","03","N","","","","","","","","","","",""
"2023079725","1135","3","0","0","0","0","0","0","0","0","4","0","","67","09","2023","3","39.9538","-75.2282","1131","06","0","0","0","0","0","0","0","0","","0","0","0","11","1","1","01","","0","39 57:13.579","","00","75 13:41.545","3","0","0","0","67301","0","0","0","N","0","0","0","3","67301","0","","1","01","","N","Y","N","0","","1","0","0","3","2","","1125","1","3","0","0","0","0","0","2","0","3","03","03","N","","","","","","","","","","",""
"2023087574","1643","0","0","1","0","0","0","0","0","0","1","0","","67","09","2023","7","39.8846","-75.2438","1627","06","0","0","0","0","0","0","0","0","","0","0","0","16","1","3","00","N","2","39 53:04.586","1","00","75 14:37.741","2","0","0","0","67301","0","0","0","N","0","0","0","3","68K01","0","","1","01","1740","N","N","N","0","","0","1","2","3","8","N","1622","3","2","0","0","0","2","0","2","0","2","03","03","N","","","","","","","","","","",""
"2023111401","0027","1","0","0","0","0","0","0","0","0","7","0","","67","11","2023","4","39.9602","-75.1807","0027","06","0","0","0","0","1","0","0","0","","0","0","0","00","3","4","00","N","1","39 57:36.821","4","00","75 10:50.383","2","0","0","0","67301","0","0","0","Y","0","0","0","4","68K01","0","","5","09","0108","N","N","N","0","","2","1","0","0","0","Y","0014","4","1","0","0","0","1","0","2","0","1","07","","N","","","","","","","","","","",""
"2023077573","0500","2","0","0","0","0","0","0","0","0","2","0","","67","08","2023","4","39.9924","-75.1173","0443","06","0","0","0","0","0","0","0","0","","0","0","0","04","3","0","00","N","1","39 59:32.600","3","00","75 07:02.200","0","0","0","0","67301","0","0","0","N","0","0","0","2","67301","0","","6","01","0606","N","N","Y","0","","0","0","0","0","0","N","0443","0","3","0","0","0","0","0","2","1","3","03","03","N","","","","","","","","","","",""
"2023076954","0035","1","0","0","1","0","0","0","0","0","8","0","","67","08","2023","4","39.941","-75.151","0031","06","0","0","0","0","0","0","0","0","","0","0","0","00","3","1","01","","0","39 56:27.426","","00","75 09:03.442","3","0","0","0","67301","1","0","0","N","0","0","0","2","67301","0","","1","01","","N","N","N","0","","1","0","0","3","3","","0030","1","2","0","0","1","0","0","2","0","1","03","03","N","","","","","","","","","","",""
"2023079310","1601","1","0","0","0","0","0","0","0","0","1","0","","67","09","2023","1","39.9623","-75.1832","1601","06","0","0","0","0","0","2","0","0","","0","0","0","15","1","1","00","N","0","39 57:44.369","","00","75 10:59.414","8","0","0","1","67301","0","0","0","N","0","0","0","2","68K01","0","","1","01","","N","N","N","0","","0","0","0","0","0","","1559","1","2","0","0","0","1","0","2","0","2","03","03","N","","","","","","","","","","",""
"2023111035","2347","1","0","0","0","0","0","0","0","0","7","0","","67","12","2023","3","39.9732","-75.1232","2347","06","0","0","0","1","0","0","0","0","","0","0","0","23","3","0","07","","1","39 58:23.744","1","02","75 07:23.406","9","0","0","0","67301","0","0","0","N","0","0","0","1","67301","0","","5","01","0200","N","N","N","0","","0","0","0","0","0","N","2315","0","1","0","0","0","0","1","2","0","1","03","03","N","","","","","","","","","","",""
"2023078958","2135","2","0","0","0","0","0","0","0","0","2","0","","67","09","2023","2","39.9394","-75.2328","2130","06","0","0","0","0","0","1","0","0","","0","0","0","21","1","3","00","N","0","39 56:21.850","","00","75 13:57.990","3","0","0","0","67301","0","0","0","N","0","0","0","4","67301","0","","1","01","","N","N","N","0","","3","0","0","0","0","","2105","3","2","0","0","0","0","1","2","0","2","03","","N","","","","","","","","","","",""
"2023110302","2136","1","0","0","0","0","0","0","0","0","7","1","","67","11","2023","1","40.0431","-75.0033","2125","06","0","0","0","0","0","0","0","0","","0","1","0","21","3","0","00","N","1","40 02:35.132","2","00","75 00:11.900","0","0","0","0","67301","0","0","0","N","0","0","0","2","68K01","0","","4","09","2140","N","N","N","0","","0","0","0","0","0","N","2123","0","2","0","0","0","0","0","2","0","2","07","","N","","","","","","","","","","",""
"2023081317","0009","2","0","0","0","0","0","0","0","0","1","0","","67","08","2023","5","39.9501","-75.2058","0006","06","0","0","0","0","0","0","0","0","","0","0","0","00","3","2","00","N","0","39 57:00.410","","00","75 12:20.830","3","0","0","0","67301","0","0","0","N","0","0","0","2","67504","0","","6","01","","N","N","N","0","","2","0","1","0","0","","0005","2","3","0","0","0","0","0","2","0","3","03","03","N","","","","","","","","","","",""
"2023078011","1608","0","0","0","0","0","0","0","0","0","8","0","","67","09","2023","1","39.9335","-75.2155","1559","06","0","0","0","0","0","0","1","0","","0","0","0","15","1","1","03","","0","39 56:00.776","","00","75 12:55.859","8","0","0","0","67301","1","0","0","N","1","0","0","2","67301","0","","1","99","","N","N","N","0","","0","0","1","3","2","","1521","1","2","0","0","1","1","0","2","0","1","99","03","N","","","","","","","","","","",""
"2023098631","","1","0","0","0","0","0","0","0","0","1","0","","67","08","2023","6","","","","06","0","0","0","0","0","1","0","0","","0","0","0","18","1","1","00","N","0","","","00","","8","0","0","0","67301","0","0","0","N","0","0","0","3","00000","0","","1","01","","","","N","0","","0","0","0","0","0","","1833","1","3","0","0","0","1","0","1","1","3","03","","N","","","","","","","","","","",""
"2023079737","1117","0","0","0","0","0","0","0","0","0","0","0","","67","09","2023","3","40.0291","-75.1468","1117","06","0","0","0","0","0","0","0","0","","0","0","0","11","1","1","01","","1","40 01:44.684","1","00","75 08:48.499","3","0","0","1","67301","0","0","0","N","0","0","0","1","67301","0","","1","01","1130","N","N","N","0","","1","0","0","3","2","N","1117","1","1","0","0","0","0","0","2","0","1","03","","N","","","","","","","","","","",""
"2023110280","1716","2","0","0","0","0","0","0","0","0","1","0","","67","11","2023","3","39.8989","-75.1697","1706","06","0","0","0","0","0","0","0","0","","0","0","0","17","3","1","00","N","0","39 53:56.073","","00","75 10:11.045","8","0","0","0","67301","0","0","0","N","0","0","0","2","68K01","0","","1","09","","N","N","N","0","","0","0","0","0","0","","1701","1","2","0","0","1","1","0","2","0","2","07","07","N","","","","","","","","","","",""
"2023077273","1505","0","0","0","0","0","0","0","0","0","4","0","","67","08","2023","3","40.0789","-75.0253","1500","06","0","0","0","0","1","0","0","0","","0","0","0","14","1","3","02","","0","40 04:44.486","","07","75 01:30.863","3","0","0","0","67301","1","0","0","N","1","0","0","3","67301","0","","1","01","","N","N","N","0","","3","0","4","3","2","","1450","3","5","0","0","0","0","0","2","0","4","03","03","N","","","","","","","","","","",""
"2023078953","1655","1","0","0","0","0","0","0","0","0","1","0","","67","09","2023","1","39.922","-75.2395","1644","06","0","0","0","0","0","0","0","0","","0","0","0","16","3","5","00","N","2","39 55:19.030","6","00","75 14:22.070","3","0","0","0","67301","0","0","0","N","0","0","0","6","67301","0","","1","01","1715","N","N","Y","0","","5","0","1","0","0","Y","1642","5","3","0","0","1","0","0","2","1","3","03","03","N","","","","","","","","","","",""
"2023077927","1257","0","0","0","0","0","0","0","0","0","7","0","","67","09","2023","7","40.0242","-75.0314","1251","06","0","0","0","0","0","0","0","0","","0","0","0","12","1","0","00","N","1","40 01:27.299","1","00","75 01:53.207","0","0","0","0","67301","0","0","0","N","0","0","0","2","68K01","0","","4","01","1310","N","N","N","0","","0","0","1","0","0","N","1249","0","1","0","0","0","0","0","2","0","1","03","03","N","","","","","","","","","","",""
"2023078010","0519","0","0","0","0","0","0","0","0","0","6","0","","67","09","2023","7","40.0526","-75.0392","0514","06","0","0","0","0","0","1","0","0","","0","0","0","05","3","0","00","N","0","40 03:09.323","","03","75 02:21.134","9","0","0","0","67301","0","0","0","N","0","0","0","2","67301","0","","1","01","","N","N","N","1","","0","0","0","0","0","","0512","0","2","0","0","0","0","2","2","0","2","03","03","N","","","","","","","","","","",""
"2023078561","0800","1","0","0","0","0","0","0","0","0","4","0","","67","09","2023","3","39.9778","-75.1622","0800","06","0","0","0","0","0","0","0","0","","0","0","0","08","1","0","01","","0","39 58:40.101","","00","75 09:43.997","0","0","0","0","67301","0","0","0","N","0","0","0","2","67301","0","","1","01","","N","N","N","0","","0","0","1","3","3","","0800","0","2","0","0","0","0","0","2","0","2","03","03","N","","","","","","","","","","",""
"2023079073","1815","1","0","0","0","0","0","0","0","0","4","0","","67","09","2023","1","40.0791","-75.0368","1810","06","0","0","0","0","0","0","0","0","","0","0","0","18","1","3","03","","0","40 04:44.742","","00","75 02:12.368","3","0","0","0","67301","0","0","0","N","0","0","0","3","67301","0","","1","01","","N","N","N","0","","3","0","1","3","3","","1800","3","2","0","0","3","0","0","2","0","2","03","03","N","","","","","","","","","","",""
"2023078017","1022","2","0","0","0","0","0","0","0","0","5","0","","67","09","2023","1","40.0263","-75.0571","1021","06","0","0","0","0","0","0","0","1","","0","0","0","10","1","1","00","N","2","40 01:34.620","2","00","75 03:25.720","3","0","0","0","67301","0","0","0","N","0","0","0","1","67301","0","","6","01","1113","N","N","N","0","","1","0","0","0","0","Y","1005","1","2","0","0","0","0","0","2","0","2","03","03","N","","","","","","","","","","",""
"2023077065","0459","0","0","0","0","0","0","0","0","0","5","0","","67","08","2023","4","39.9521","-75.186","0451","06","0","0","0","0","0","1","0","0","","0","0","0","04","3","1","00","N","0","39 57:07.401","","03","75 11:09.454","4","0","0","0","67301","0","0","0","N","0","0","0","2","67301","1","","6","09","","N","N","N","0","","0","0","4","0","0","","0443","1","4","0","0","0","0","0","2","0","4","07","04","N","","","","","","","","","","",""
"2023089276","0925","1","0","0","0","0","0","0","0","0","1","0","","67","09","2023","6","40.0406","-75.1515","0915","06","0","0","0","0","0","0","1","0","","0","0","0","10","1","2","01","","0","40 02:26.285","","00","75 09:05.378","3","0","0","0","67301","0","0","0","N","0","0","0","2","67301","0","","1","01","","N","N","N","1","","1","0","0","3","2","","1030","2","2","0","0","0","1","0","2","0","2","03","03","N","","","","","","","","","","",""
"2023077767","2015","1","0","0","0","0","0","0","0","0","4","0","","67","08","2023","4","39.9738","-75.2064","2015","06","0","0","0","0","0","1","0","0","","0","0","0","14","1","1","01","","0","39 58:26.137","","00","75 12:23.191","3","0","0","0","67301","0","0","0","N","0","0","0","2","67301","0","","1","01","","N","N","N","0","","1","0","1","3","1","","1440","1","2","0","0","0","0","1","2","0","2","03","","N","","","","","","","","","","",""
"2023078970","1000","0","0","0","0","0","0","0","0","0","8","0","","67","09","2023","3","39.9749","-75.1834","1000","06","0","0","0","0","0","0","0","0","","0","0","0","14","1","1","00","N","0","39 58:29.673","","00","75 11:00.212","3","0","0","0","67301","1","0","0","N","1","0","0","2","67301","0","","1","01","","N","N","N","1","","1","0","0","0","0","","1430","1","2","0","0","1","0","0","2","0","1","03","03","N","","","","","","","","","","",""
"2023111162","1051","0","0","0","0","0","0","0","0","0","4","1","","67","11","2023","5","39.9409","-75.2126","0951","06","0","0","0","0","0","1","0","0","","0","0","0","09","1","1","01","Y","0","39 56:27.120","","00","75 12:45.264","8","0","0","0","67301","0","0","0","N","0","0","0","2","67508","0","","1","01","","","","N","1","","0","0","1","3","2","","0940","1","2","0","0","2","1","0","2","0","2","03","03","N","","","","","","","","","","",""
"2023080986","1013","1","0","0","0","0","0","0","0","0","4","0","","67","09","2023","3","40.0043","-75.1742","1013","06","0","0","0","0","1","0","0","0","","0","0","0","22","3","1","02","","0","40 00:15.642","","00","75 10:27.200","3","0","0","0","67301","0","0","0","N","0","0","0","2","67301","0","","1","99","","N","N","N","0","","1","0","1","3","3","","2245","1","2","0","0","0","0","1","2","0","2","03","03","N","","","","","","","","","","",""
"2023077572","1520","0","0","0","0","0","0","0","0","0","8","0","","67","08","2023","5","39.99","-75.1734","1508","06","0","0","0","0","0","0","0","0","","0","0","0","14","1","1","00","N","0","39 59:24.100","","00","75 10:24.400","4","0","0","0","67301","1","0","0","N","1","0","0","2","67301","1","","1","01","","N","N","N","0","","0","0","0","0","0","","1420","1","2","0","0","0","0","0","2","0","1","03","03","N","","","","","","","","","","",""
"2023079328","1055","0","0","0","0","0","0","0","0","0","8","0","","67","09","2023","2","40.0489","-75.0123","1047","06","0","0","0","0","0","0","0","0","","0","0","0","18","1","1","02","","0","40 02:55.985","","00","75 00:44.349","8","0","0","0","67301","1","0","0","N","1","0","0","2","67301","0","","1","01","","N","N","N","0","","0","0","0","3","2","","1830","1","2","0","0","0","1","1","2","0","1","03","03","N","","","","","","","","","","",""
"2023109889","1402","2","0","0","0","0","0","0","0","0","1","0","","67","12","2023","7","39.9683","-75.1298","1349","06","0","0","0","0","0","0","1","0","","0","0","0","13","1","1","00","N","0","39 58:05.867","","00","75 07:47.447","4","0","0","0","67301","0","0","0","N","0","0","0","7","68K01","1","","1","01","","N","N","N","0","","0","0","0","0","0","","1348","1","2","0","0","1","0","0","2","0","2","03","","N","","","","","","","","","","",""
"2023092362","1315","1","0","0","0","0","0","0","0","0","2","0","","67","09","2023","2","39.9976","-75.122","1309","06","0","0","0","0","0","0","0","0","","0","0","0","13","1","3","00","N","2","39 59:51.199","6","00","75 07:19.112","2","0","0","0","67301","0","0","0","N","0","0","0","3","67301","0","","1","01","0100","N","N","N","1","","1","2","1","0","0","Y","1309","3","3","0","0","0","0","0","2","0","3","03","03","N","","","","","","","","","","",""
"2023080740","0313","0","0","0","0","0","0","0","0","0","7","0","","67","09","2023","1","39.9134","-75.181","0313","06","0","0","0","0","0","0","0","0","","0","0","0","03","3","0","00","N","0","39 54:48.400","","03","75 10:51.500","0","0","0","0","67301","0","0","0","N","0","0","0","1","67501","0","","4","01","","N","N","N","0","","0","0","1","0","0","","0313","0","1","0","0","1","0","0","2","0","1","03","03","N","","","","","","","","","","",""
"2023078951","2149","1","0","0","0","0","0","0","0","0","1","0","","67","09","2023","2","40.1005","-75.0075","2143","06","0","0","0","0","0","0","0","0","","0","0","0","21","3","3","00","N","2","40 06:01.882","1","00","75 00:27.077","3","0","0","0","67301","0","0","0","N","0","0","0","3","67301","1","","1","01","2255","N","N","N","1","","2","0","1","0","0","N","2141","3","3","0","0","0","0","0","2","0","3","03","03","N","","","","","","","","","","",""
"2023078957","2035","0","0","0","0","0","0","0","0","0","7","0","","67","09","2023","2","39.9137","-75.2269","2031","06","0","0","0","0","0","0","0","0","","0","0","0","20","3","1","00","N","0","39 54:49.470","","00","75 13:36.730","4","0","0","1","67301","0","0","0","N","0","0","0","1","67301","1","","4","01","","N","N","N","0","","0","0","0","0","0","","2031","1","1","0","0","0","0","0","2","0","1","03","03","N","","","","","","","","","","",""
"2023075240","0033","0","0","0","0","0","0","0","0","0","6","0","","67","08","2023","4","40.0377","-75.125","0030","06","0","0","0","0","0","0","0","0","","0","0","0","00","3","0","00","N","0","40 02:15.700","","00","75 07:30.000","0","0","0","0","67301","0","0","0","N","0","0","0","1","67301","0","","6","01","","N","N","N","0","","0","0","2","0","0","","0028","0","2","0","0","1","0","0","2","0","2","03","03","N","","","","","","","","","","",""
"2023103459","0917","3","0","0","0","0","0","0","0","0","1","0","","67","11","2023","4","40.006","-75.0746","0857","06","0","0","0","0","0","0","0","0","","0","0","0","08","1","1","00","N","0","40 00:21.595","","00","75 04:28.642","4","0","0","0","67301","0","0","0","N","0","0","0","4","68K01","1","","1","01","","N","N","N","0","","0","0","0","0","0","","0828","1","3","0","0","0","0","0","2","0","3","03","","N","","","","","","","","","","",""
"2023073678","1249","3","0","0","0","0","0","0","0","0","4","0","","67","08","2023","7","39.9945","-75.1342","1243","06","0","0","0","0","0","0","0","0","","0","0","0","12","8","0","01","","0","39 59:40.261","","00","75 08:03.134","0","0","0","0","67301","0","0","0","N","0","0","0","2","67301","0","","1","01","","N","N","N","1","","0","0","0","3","2","","1240","0","5","0","0","2","0","0","2","1","5","03","04","N","","","","","","","","","","",""
"2023080487","1220","0","0","0","0","0","0","0","0","0","7","0","","67","08","2023","5","39.9744","-75.2024","1220","06","0","0","0","0","0","0","0","0","","0","0","0","12","1","2","00","N","0","39 58:27.751","","00","75 12:08.629","2","0","0","0","67301","0","0","0","N","0","0","0","2","67301","0","","4","01","","N","N","N","0","","1","1","1","0","0","","1206","2","1","0","0","0","0","0","2","0","1","03","03","N","","","","","","","","","","",""
"2023086109","0045","1","0","0","0","0","0","0","0","0","1","0","","67","09","2023","7","39.8882","-75.2169","0034","06","0","0","0","0","0","1","0","0","","0","0","0","00","3","0","00","N","0","39 53:17.547","","03","75 13:00.941","0","0","0","0","67301","0","0","0","N","0","0","0","2","68K01","0","","1","01","","N","N","N","0","","0","0","1","0","0","","0032","0","2","0","0","0","0","0","2","0","2","03","","N","","","","","","","","","","",""
"2023034453","1055","0","0","0","0","0","0","0","0","0","4","0","","67","04","2023","4","39.9832","-75.1568","1050","06","0","0","0","0","0","1","0","0","","0","0","0","10","1","0","01","","1","39 58:59.496","2","00","75 09:24.545","9","0","0","0","67301","0","0","0","N","0","0","0","2","67505","0","","1","01","1130","N","N","N","0","","0","0","2","3","2","Y","1000","0","2","0","0","0","0","1","2","0","2","03","03","N","","","","","","","","","","",""
"2023078569","0532","0","0","0","0","0","0","0","0","0","5","0","","67","09","2023","1","40.0022","-75.1296","0507","06","0","0","0","0","0","0","0","0","","0","0","0","05","3","0","00","N","0","40 00:07.850","","00","75 07:46.460","9","0","0","0","67301","0","0","0","N","0","0","0","1","67301","0","","6","01","","N","N","N","0","","0","0","3","0","0","","0507","0","3","0","0","0","0","1","2","0","3","03","03","N","","","","","","","","","","",""
"2023077569","2024","2","0","0","0","0","0","0","0","0","4","0","","67","08","2023","5","40.1105","-75.0247","2024","06","0","0","0","0","0","0","0","0","","0","0","0","20","3","2","02","","0","40 06:37.869","","00","75 01:28.903","8","0","0","0","67301","0","0","0","N","0","0","0","3","67301","0","","1","01","","N","N","N","0","","0","0","0","0","0","","2020","2","2","0","0","0","2","0","2","0","2","03","","N","","","","","","","","","","",""
"2023109399","0036","1","0","0","0","0","0","0","0","0","1","1","","67","11","2023","5","39.9984","-75.2191","0029","06","0","0","0","0","0","0","0","0","","0","1","0","00","3","1","00","N","1","39 59:54.379","1","00","75 13:08.669","4","0","0","0","67301","0","0","0","N","0","0","0","1","67301","1","","6","01","0030","N","N","N","0","","0","0","0","0","0","N","0020","1","2","0","0","0","0","0","2","0","2","03","03","N","","","","","","","","","","",""
"2023078689","2115","1","0","0","0","0","0","0","0","0","2","0","","67","09","2023","2","39.9917","-75.1957","2111","06","0","0","0","0","0","0","0","0","","0","0","0","21","3","2","00","N","2","39 59:30.056","6","00","75 11:44.369","3","0","0","0","67301","0","0","0","N","0","0","0","2","67301","0","","1","01","2230","N","N","N","0","","2","0","1","0","0","Y","2109","2","2","0","0","0","0","0","2","0","2","03","03","N","","","","","","","","","","",""
"2023079072","1635","2","0","0","0","0","0","0","0","0","5","0","","67","09","2023","7","40.0565","-75.0464","1635","06","0","0","0","0","0","0","1","1","","0","0","0","14","1","0","01","","0","40 03:23.345","","00","75 02:47.046","0","0","0","0","67301","0","0","0","N","0","0","0","3","67301","0","","1","01","","N","N","N","0","","0","0","1","3","2","","1400","0","3","0","0","1","0","0","2","0","3","03","03","N","","","","","","","","","","",""
"2023110928","1111","1","0","0","0","0","0","0","0","0","5","1","","67","11","2023","2","40.0052","-75.0758","1108","06","0","0","0","0","0","0","0","0","","0","1","0","11","1","0","00","N","2","40 00:18.710","1","00","75 04:32.850","0","0","0","0","67301","0","0","0","N","0","0","0","4","68K01","0","","1","01","1200","N","N","N","0","","0","0","2","0","0","N","1104","0","4","0","0","0","0","0","2","0","4","03","03","N","","","","","","","","","","",""