"CRN","ARRIVAL_TM","AUTOMOBILE_COUNT","BELTED_DEATH_COUNT","BELTED_SUSP_SERIOUS_INJ_COUNT","BICYCLE_COUNT","BICYCLE_DEATH_COUNT","BICYCLE_SUSP_SERIOUS_INJ_COUNT","BUS_COUNT","CHLDPAS_DEATH_COUNT","CHLDPAS_SUSP_SERIOUS_INJ_COUNT","COLLISION_TYPE","COMM_VEH_COUNT","CONS_ZONE_SPD_LIM","COUNTY","CRASH_MONTH","CRASH_YEAR","DAY_OF_WEEK","DEC_LAT","DEC_LONG","DISPATCH_TM","DISTRICT","DRIVER_COUNT_16YR","DRIVER_COUNT_17YR","DRIVER_COUNT_18YR","DRIVER_COUNT_19YR","DRIVER_COUNT_20YR","DRIVER_COUNT_50_64YR","DRIVER_COUNT_65_74YR","DRIVER_COUNT_75PLUS","EST_HRS_CLOSED","FATAL_COUNT","HEAVY_TRUCK_COUNT","HORSE_BUGGY_COUNT","HOUR_OF_DAY","ILLUMINATION","INJURY_COUNT","INTERSECT_TYPE","INTERSECTION_RELATED","LANE_CLOSED","LATITUDE","LN_CLOSE_DIR","LOCATION_TYPE","LONGITUDE","MAX_SEVERITY_LEVEL","MCYCLE_DEATH_COUNT","MCYCLE_SUSP_SERIOUS_INJ_COUNT","MOTORCYCLE_COUNT","MUNICIPALITY","NONMOTR_COUNT","NONMOTR_DEATH_COUNT","NONMOTR_SUSP_SERIOUS_INJ_COUNT","NTFY_HIWY_MAINT","PED_COUNT","PED_DEATH_COUNT","PED_SUSP_SERIOUS_INJ_COUNT","PERSON_COUNT","POLICE_AGCY","POSSIBLE_INJ_COUNT","RDWY_SURF_TYPE_CD","RELATION_TO_ROAD","ROAD_CONDITION","ROADWAY_CLEARED","SCH_BUS_IND","SCH_ZONE_IND","SECONDARY_CRASH","SMALL_TRUCK_COUNT","SPEC_JURIS_CD","SUSP_MINOR_INJ_COUNT","SUSP_SERIOUS_INJ_COUNT","SUV_COUNT","TCD_FUNC_CD","TCD_TYPE","TFC_DETOUR_IND","TIME_OF_DAY","TOT_INJ_COUNT","TOTAL_UNITS","UNB_DEATH_COUNT","UNB_SUSP_SERIOUS_INJ_COUNT","UNBELTED_OCC_COUNT","UNK_INJ_DEG_COUNT","UNK_INJ_PER_COUNT","URBAN_RURAL","VAN_COUNT","VEHICLE_COUNT","WEATHER1","WEATHER2","WORK_ZONE_IND","WORK_ZONE_LOC","WORK_ZONE_TYPE","WORKERS_PRES","WZ_CLOSE_DETOUR","WZ_FLAGGER","WZ_LAW_OFFCR_IND","WZ_LN_CLOSURE","WZ_MOVING","WZ_OTHER","WZ_SHLDER_MDN","WZ_WORKERS_INJ_KILLED"
"2023079730","2115","0","0","0","0","0","0","0","0","0","8","0","","67","09","2023","7","39.9801","-75.2272","2108","06","0","0","0","0","0","0","0","0","","0","0","0","14","1","1","01","","0","39 58:48.466","","00","75 13:37.980","3","0","0","0","67301","1","0","0","N","1","0","0","2","67301","0","","1","01","","N","N","N","0","","1","0","1","0","0","","1430","1","2","0","0","1","0","0","2","0","1","03","","N","","","","","","","","","","",""
"2023110908","0451","1","0","0","0","0","0","0","0","0","1","0","","67","10","2023","2","39.981","-75.2065","0439","06","0","0","0","0","0","0","0","0","","0","0","0","04","3","0","00","N","1","39 58:51.529","3","00","75 12:23.577","0","0","0","0","67301","0","0","0","N","0","0","0","5","68K01","0","","1","01","0537","N","N","N","0","","0","0","1","0","0","N","0435","0","2","0","0","0","0","0","2","0","2","03","","N","","","","","","","","","","",""
"2023077282","1246","2","0","0","0","0","0","0","0","0","4","0","","67","08","2023","4","39.9985","-75.1535","1244","06","0","0","0","0","1","0","0","0","","0","0","0","12","1","0","02","","1","39 59:54.696","2","00","75 09:13.003","9","0","0","0","67301","0","0","0","N","0","0","0","3","67301","0","","1","01","1305","N","N","N","0","","0","0","0","3","2","N","1240","0","2","0","0","0","0","1","2","0","2","03","","N","","","","","","","","","","",""
"2023077275","1031","1","0","0","0","0","0","0","0","0","1","0","","67","08","2023","4","40.078","-75.0237","1030","06","0","0","0","0","0","0","0","0","","0","0","0","05","3","1","02","","0","40 04:40.772","","00","75 01:25.266","8","0","0","0","67301","0","0","0","N","0","0","0","2","67301","0","","1","01","","N","N","N","0","","0","0","0","3","2","","0525","1","2","0","0","0","1","0","2","0","2","03","03","N","","","","","","","","","","",""
"2023077935","1320","1","0","0","0","0","0","0","0","0","5","0","","67","09","2023","7","40.0319","-75.177","1310","06","0","0","0","0","0","0","0","0","","0","0","0","13","1","1","00","N","0","40 01:54.760","","00","75 10:37.320","4","0","0","0","67301","0","0","0","N","0","0","0","3","67301","1","","1","01","","N","N","N","0","","0","0","1","0","0","","1300","1","2","0","0","1","0","0","2","0","2","03","03","N","","","","","","","","","","",""
"2023077570","2010","1","0","0","0","0","0","0","0","0","7","0","","67","08","2023","5","40.0695","-74.9814","2007","06","0","0","0","0","0","0","0","0","","0","0","0","19","3","0","02","","0","40 04:10.185","","07","74 58:53.111","0","0","0","0","67301","0","0","0","N","0","0","0","1","67301","0","","4","01","","N","N","N","0","","0","0","0","3","2","","1922","0","1","0","0","1","0","0","2","0","1","03","03","N","","","","","","","","","","",""
"2023078271","1740","1","0","0","0","0","0","0","0","0","1","0","","67","09","2023","1","40.0564","-75.0128","1729","06","0","0","0","0","0","0","0","1","","0","0","0","17","1","0","01","","0","40 03:23.098","","00","75 00:46.082","9","0","0","0","67301","0","0","0","N","0","0","0","2","67301","0","","1","01","","N","N","N","0","","0","0","1","3","2","","1719","0","2","0","0","0","0","2","2","0","2","03","03","N","","","","","","","","","","",""
"2023098641","","0","0","0","0","0","0","0","0","0","4","0","","67","07","2023","1","39.9704","-75.15","","06","0","0","0","0","0","0","0","0","","0","0","0","21","3","1","01","","0","39 58:14.005","","00","75 08:59.639","8","0","0","0","67301","0","0","0","N","0","0","0","2","00000","0","","1","01","","","","N","0","","0","0","0","3","2","","2130","1","2","0","0","0","1","0","2","1","2","03","","N","","","","","","","","","","",""
"2023111151","1201","0","0","0","0","0","0","0","0","0","2","0","","67","12","2023","6","40.0086","-75.1973","1200","06","0","0","0","0","0","1","0","0","","0","0","0","10","1","2","00","N","0","40 00:30.890","","03","75 11:50.160","3","0","0","0","67301","0","0","0","N","0","0","0","2","67301","0","","1","01","","N","N","Y","0","","2","0","2","0","0","","1030","2","2","0","0","0","0","0","2","0","2","03","03","N","","","","","","","","","","",""
"2023109599","1805","1","0","0","0","0","0","0","0","0","1","0","","67","11","2023","4","39.9258","-75.1941","1751","06","0","0","0","0","0","1","0","0","","0","0","0","17","3","0","00","N","0","39 55:33.027","","00","75 11:38.819","9","0","0","0","67301","0","0","0","N","0","0","0","3","68K01","0","","1","01","","N","N","N","0","","0","0","1","0","0","","1749","0","3","0","0","0","0","1","2","0","3","03","","N","","","","","","","","","","",""
"2023074585","1642","2","0","0","0","0","0","0","0","0","4","0","","67","08","2023","2","39.9798","-75.2456","1642","06","0","0","0","0","0","1","0","0","","0","0","0","16","1","0","00","N","0","39 58:47.100","","07","75 14:44.100","9","0","0","0","67301","0","0","0","N","0","0","0","2","67301","0","","1","01","","N","N","N","0","","0","0","0","0","0","","1615","0","2","0","0","0","0","2","2","0","2","03","","N","","","","","","","","","","",""
"2023102676","0722","1","0","0","0","0","0","0","0","0","1","0","","67","11","2023","1","39.9447","-75.1913","0713","06","0","0","0","0","0","2","0","0","","0","0","0","07","1","0","06","","1","39 56:40.988","4","02","75 11:28.802","0","0","0","0","67301","0","0","0","N","0","0","0","2","68K01","0","","1","01","0725","N","N","N","0","","0","0","1","3","4","N","0704","0","2","0","0","0","0","0","2","0","2","03","03","N","","","","","","","","","","",""
"2023100487","2015","0","0","0","0","0","0","0","0","0","1","0","","67","11","2023","7","40.1087","-74.9975","2011","06","0","0","0","0","0","0","0","0","","0","0","0","18","1","1","00","N","9","40 06:31.270","","00","74 59:50.984","3","0","0","0","67301","0","0","0","N","0","0","0","3","67301","0","","1","01","","N","N","N","0","","1","0","2","0","0","","1830","1","2","0","0","0","0","1","2","0","2","03","03","N","","","","","","","","","","",""
"2023080708","1200","1","0","0","0","0","0","0","0","0","1","0","","67","08","2023","3","40.0184","-75.1491","1200","06","0","0","0","0","0","0","1","0","","0","0","0","10","1","0","01","","0","40 01:06.272","","00","75 08:57.287","0","0","0","0","67301","0","0","0","N","0","0","0","2","67301","0","","1","01","","N","N","N","0","","0","0","1","3","2","","1000","0","2","0","0","0","0","0","2","0","2","03","03","N","","","","","","","","","","",""
"2023077926","0940","0","0","0","0","0","0","0","0","0","1","0","","67","09","2023","7","39.9573","-75.1581","0940","06","0","0","0","0","0","2","0","0","","0","0","0","09","1","1","00","N","1","39 57:26.192","3","00","75 09:29.009","8","0","0","0","67301","0","0","0","N","0","0","0","3","68K01","0","","1","01","0940","N","N","Y","1","","0","0","2","0","0","N","0940","1","3","0","0","0","1","0","2","0","3","03","03","N","","","","","","","","","","",""
"2023078688","1758","0","0","0","0","0","0","0","0","0","8","0","","67","09","2023","1","39.99","-75.1604","1748","06","0","0","0","0","0","0","0","0","","0","0","0","17","1","1","01","","0","39 59:24.010","","00","75 09:37.328","2","0","0","0","67301","1","0","1","N","1","0","1","2","67301","0","","1","01","","N","N","N","0","","0","1","1","3","2","","1745","1","2","0","0","0","0","1","2","0","1","03","03","N","","","","","","","","","","",""
"2023110347","1100","0","0","0","0","0","0","0","0","0","7","1","","67","12","2023","2","40.0428","-75.1903","1048","06","0","0","0","0","0","0","0","0","","0","1","0","10","1","2","00","N","0","40 02:34.000","","01","75 11:24.900","3","0","0","0","67301","0","0","0","N","0","0","0","3","67301","0","","1","01","","N","N","N","0","","2","0","0","0","0","","1042","2","1","0","0","2","0","0","2","0","1","03","","N","","","","","","","","","","",""
"2023110758","1645","1","0","0","0","0","0","1","0","0","6","1","","67","11","2023","3","40.0151","-75.1257","1617","06","0","0","0","0","0","0","0","0","","0","0","0","16","4","1","00","N","0","40 00:54.400","","00","75 07:32.600","8","0","0","0","67301","0","0","0","N","0","0","0","2","67508","0","","1","09","","","","N","0","","0","0","0","0","0","","1615","1","2","0","0","0","1","1","2","0","2","07","07","N","","","","","","","","","","",""
"2023110271","0151","0","0","0","0","0","0","0","0","0","7","0","","67","11","2023","6","39.9568","-75.1548","0150","06","0","0","0","0","0","0","0","0","","0","0","0","01","3","1","00","N","1","39 57:24.590","3","00","75 09:17.107","3","0","0","0","67301","0","0","0","N","0","0","0","1","68K01","0","","4","01","0214","N","N","N","0","","1","0","1","0","0","N","0150","1","1","0","0","0","0","0","2","0","1","03","","N","","","","","","","","","","",""
"2023109390","1920","2","0","0","0","0","0","0","0","0","4","0","","67","12","2023","6","39.9227","-75.1569","1915","06","0","0","0","0","0","0","0","0","","0","0","0","18","3","1","00","N","1","39 55:21.837","3","00","75 09:24.941","3","0","0","0","67301","0","0","0","N","0","0","0","2","67301","0","","1","09","1930","N","N","N","0","","1","0","0","0","0","N","1808","1","2","0","0","0","0","0","2","0","2","07","","N","","","","","","","","","","",""
"2023079713","1030","0","0","0","0","0","0","0","0","0","1","0","","67","09","2023","1","40.0306","-75.1041","1030","06","0","0","0","0","0","0","0","0","","0","0","0","18","1","1","02","","0","40 01:50.059","","00","75 06:14.604","8","0","0","0","67301","0","0","0","N","0","0","0","6","67301","0","","1","01","","N","N","N","0","","0","0","0","3","2","","1805","1","2","0","0","0","1","5","2","2","2","99","","N","","","","","","","","","","",""
"2023078975","0230","0","0","0","0","0","0","0","0","0","4","0","","67","09","2023","1","39.9882","-75.1461","0219","06","0","0","0","0","0","1","0","0","","0","0","0","02","3","1","05","","0","39 59:17.343","","00","75 08:45.981","3","0","0","0","67301","0","0","0","N","0","0","0","2","67301","0","","1","01","","N","N","N","0","","1","0","2","3","2","","0218","1","2","0","0","0","0","0","2","0","2","03","","N","","","","","","","","","","",""
"2023110220","1355","2","0","0","0","0","0","0","0","0","1","0","","67","11","2023","1","39.9533","-75.1961","1354","06","0","0","0","0","0","0","0","0","","0","0","0","13","1","1","00","N","0","39 57:11.925","","00","75 11:45.892","4","0","0","0","67301","0","0","0","N","0","0","0","1","67504","1","","1","09","","N","N","Y","0","","0","0","3","0","0","","1351","1","5","0","0","0","0","0","2","0","5","07","","N","","","","","","","","","","",""
"2023079337","1104","1","0","0","0","0","0","0","0","0","4","0","","67","09","2023","3","40.0429","-75.15","1044","06","0","0","0","0","0","0","0","0","","0","0","0","07","1","5","01","","0","40 02:34.562","","00","75 08:59.841","3","0","0","0","67301","0","0","0","N","0","0","0","5","67301","0","","1","01","","N","N","N","0","","5","0","1","3","2","","0739","5","2","0","0","0","0","0","2","0","2","03","03","N","","","","","","","","","","",""
"2023080490","1430","0","0","0","0","0","0","0","0","0","4","0","","67","09","2023","3","39.9597","-75.2288","1430","06","0","0","0","0","0","0","1","0","","0","0","0","13","1","0","01","","0","39 57:34.880","","00","75 13:43.604","0","0","0","0","67301","0","0","0","N","0","0","0","2","67301","0","","1","01","","N","N","N","0","","0","0","1","3","3","","1300","0","2","0","0","0","0","0","2","1","2","03","03","N","","","","","","","","","","",""
"2023079074","2238","1","0","0","0","0","0","0","0","0","4","0","","67","09","2023","2","40.1204","-75.017","2233","06","0","0","0","0","0","0","0","0","","0","0","0","22","3","1","00","N","0","40 07:13.423","","07","75 01:01.289","8","0","0","1","67301","0","0","0","N","0","0","0","2","67301","0","","1","01","","N","N","N","0","","0","0","0","0","0","","2229","1","2","0","0","0","1","0","2","0","2","03","03","N","","","","","","","","","","",""
"2023087303","","1","0","0","0","0","0","0","0","0","1","0","","67","08","2023","6","39.958","-75.1629","","06","0","0","0","0","0","0","0","0","","0","0","0","09","1","1","00","N","0","39 57:28.814","","00","75 09:46.329","8","0","0","0","67301","0","0","0","N","0","0","0","2","00000","0","","1","01","","","","N","0","","0","0","0","0","0","","0900","1","2","0","0","0","1","0","2","1","2","03","","N","","","","","","","","","","",""
"2023078016","1818","0","0","0","0","0","0","0","0","0","4","0","","67","09","2023","7","40.0378","-75.0379","1818","06","0","0","0","0","0","0","0","0","","0","0","0","18","1","1","01","","0","40 02:16.069","","00","75 02:16.469","8","0","0","1","67301","0","0","0","N","0","0","0","3","67301","0","","1","01","","N","N","N","0","","0","0","1","3","2","","1815","1","2","0","0","0","1","0","2","0","2","03","","N","","","","","","","","","","",""
"2023078182","1409","1","0","0","0","0","0","0","0","0","7","0","","67","08","2023","4","40.0142","-75.096","1409","06","0","0","0","0","0","0","0","0","","0","0","0","14","1","1","02","","0","40 00:51.270","","00","75 05:45.550","3","0","0","0","67301","0","0","0","N","0","0","0","1","67301","0","","4","01","","N","N","N","0","","1","0","0","3","2","","1409","1","1","0","0","0","0","0","2","0","1","03","03","N","","","","","","","","","","",""
"2023080478","1830","0","0","0","0","0","0","0","0","0","4","0","","67","09","2023","6","40.0321","-75.0812","1758","06","0","0","0","0","0","0","1","0","","0","0","0","16","4","0","01","","0","40 01:55.477","","00","75 04:52.420","0","0","0","0","67301","0","0","0","N","0","0","0","2","67301","0","","1","01","","N","N","N","0","","0","0","2","3","3","","1658","0","2","0","0","0","0","0","2","0","2","03","03","N","","","","","","","","","","",""
"2023077568","1109","1","0","0","0","0","0","0","0","0","4","0","","67","08","2023","5","40.095","-75.0154","1050","06","0","0","0","0","0","1","0","0","","0","0","0","10","1","1","01","","0","40 05:41.842","","00","75 00:55.583","3","0","0","0","67301","0","0","0","N","0","0","0","2","67301","0","","1","01","","N","N","N","0","","1","0","1","3","2","","1013","1","2","0","0","1","0","0","2","0","2","03","","N","","","","","","","","","","",""
"2023077625","0249","1","0","0","0","0","0","0","0","0","7","0","","67","08","2023","4","40.0209","-75.0798","0247","06","0","0","0","0","0","0","0","0","","0","0","0","02","3","0","00","N","0","40 01:15.186","","01","75 04:47.378","9","0","0","0","67301","0","0","0","N","0","0","0","1","67301","0","","5","01","","N","N","N","0","","0","0","0","0","0","","0247","0","1","0","0","0","0","1","2","0","1","03","03","N","","","","","","","","","","",""
"2023085374","1700","1","0","0","0","0","0","0","0","0","5","0","","67","09","2023","3","39.9721","-75.125","1700","06","0","0","0","0","0","0","0","1","","0","0","0","16","1","1","00","N","0","39 58:19.672","","00","75 07:30.033","3","0","0","0","67301","0","0","0","N","0","0","0","2","67301","0","","1","99","","N","N","N","0","","1","0","1","0","0","","1630","1","2","0","0","0","0","0","2","0","2","99","","N","","","","","","","","","","",""
"2023077936","1045","1","0","0","0","0","0","0","0","0","4","0","","67","09","2023","7","39.9971","-75.2047","1045","06","0","0","0","0","0","2","0","0","","0","0","0","10","1","0","01","","0","39 59:49.588","","00","75 12:17.053","0","0","0","0","67301","0","0","0","N","0","0","0","2","67301","0","","1","01","","N","N","N","0","","0","0","1","3","3","","1036","0","2","0","0","0","0","0","2","0","2","03","03","N","","","","","","","","","","",""
"2023075201","1630","1","0","0","0","0","0","0","0","0","2","0","","67","08","2023","5","40.0459","-75.0605","1630","06","0","0","0","0","0","2","0","0","","0","0","0","16","1","0","00","Y","1","40 02:45.084","2","00","75 03:37.732","0","0","0","0","67301","0","0","0","N","0","0","0","4","67301","0","","1","09","0100","N","N","N","0","","0","0","2","3","2","N","1630","0","3","0","0","0","0","0","2","0","3","04","07","N","","","","","","","","","","",""
"2023099820","0240","2","0","0","0","0","0","0","0","0","4","0","","67","11","2023","1","39.9249","-75.1725","0236","06","0","0","0","0","0","0","0","0","","0","0","0","02","3","0","03","","2","39 55:29.766","7","00","75 10:21.167","0","0","0","0","67301","0","0","0","N","0","0","0","1","67301","0","","1","01","0400","N","N","N","0","","0","0","0","3","2","Y","0218","0","2","0","0","0","0","0","2","0","2","03","03","N","","","","","","","","","","",""
"2023110285","0520","0","0","0","0","0","0","0","0","0","1","1","","67","11","2023","4","39.9995","-75.1952","0509","06","0","0","0","0","0","1","0","0","","0","1","0","04","3","1","00","N","1","39 59:58.376","4","00","75 11:42.626","3","0","0","0","67301","0","0","0","N","0","0","0","2","68K01","0","","1","09","0540","N","N","N","1","","1","0","0","0","0","N","0444","1","2","0","0","0","0","0","2","0","2","07","","N","","","","","","","","","","",""
"2023078296","2235","0","0","0","0","0","0","0","0","0","8","0","","67","08","2023","5","40.0032","-75.1781","2226","06","0","0","0","0","0","0","1","0","","0","0","0","20","6","1","00","N","0","40 00:11.590","","00","75 10:41.160","8","0","0","0","67301","1","0","0","N","1","0","0","2","67301","0","","1","99","","N","N","N","0","","0","0","1","0","0","","2020","1","2","0","0","1","1","0","2","0","1","99","","N","","","","","","","","","","",""
"2023110303","0755","1","0","0","0","0","0","0","0","0","1","1","","67","11","2023","2","40.0074","-75.2008","0752","06","0","0","0","0","0","1","0","0","","0","1","0","07","1","0","00","N","0","40 00:26.579","","00","75 12:02.714","9","0","0","0","67301","0","0","0","N","0","0","0","3","68K01","0","","1","09","","N","N","N","1","","0","0","0","0","0","","0751","0","3","0","0","0","0","1","2","0","3","03","","N","","","","","","","","","","",""
"2023077628","2047","1","0","0","0","0","0","0","0","0","7","0","","67","09","2023","6","39.9448","-75.2444","2047","06","0","0","0","0","0","0","0","0","","0","0","0","20","3","0","00","N","0","39 56:41.100","","00","75 14:39.800","0","0","0","0","67301","0","0","0","N","0","0","0","1","67301","0","","5","01","","N","N","N","0","","0","0","0","0","0","","2047","0","1","0","0","0","0","0","2","0","1","03","","N","","","","","","","","","","",""
"2023109340","1751","2","1","0","0","0","0","0","0","0","7","0","","67","10","2023","1","39.9821","-75.2076","1751","06","0","0","0","0","0","0","0","0","","1","0","0","17","1","4","00","N","2","39 58:55.538","3","03","75 12:27.422","1","0","0","0","67301","0","0","0","N","0","0","0","8","68K01","0","2","2","01","2249","N","N","N","0","0","4","0","0","0","0","Y","1751","4","2","0","0","3","0","0","2","0","2","03","","N","","","","","","","","","","",""
"2023106767","0042","3","0","0","0","0","0","0","0","0","2","0","","67","11","2023","5","40.0797","-75.0825","0035","06","0","0","0","0","0","0","0","0","","0","0","0","00","3","0","00","N","1","40 04:47.040","1","00","75 04:57.070","9","0","0","0","67301","0","0","0","N","0","0","0","1","67301","0","","6","01","0300","N","N","N","0","","0","0","0","0","0","N","0030","0","3","0","0","0","0","1","2","0","3","03","03","N","","","","","","","","","","",""
"2023094562","","1","0","0","0","0","0","0","0","0","4","0","","67","08","2023","3","","","","06","0","0","0","0","0","0","0","0","","0","0","0","17","1","1","01","","0","","","00","","8","0","0","0","67301","0","0","0","N","0","0","0","2","00000","0","","1","01","","","","N","1","","0","0","0","3","3","","1740","1","2","0","0","0","1","0","1","0","2","03","","N","","","","","","","","","","",""
"2023078566","1759","0","0","0","0","0","0","0","0","0","4","0","","67","08","2023","4","40.0075","-75.128","1756","06","0","0","1","0","0","1","0","0","","0","0","0","17","1","1","00","N","0","40 00:27.075","","07","75 07:40.923","3","0","0","1","67301","0","0","0","N","0","0","0","2","67301","0","","1","01","","N","N","N","0","","1","0","1","0","0","","1745","1","2","0","0","0","0","0","2","0","2","03","","N","","","","","","","","","","",""
"2023110552","2306","1","0","0","0","0","0","0","0","0","1","0","","67","11","2023","1","39.9667","-75.1351","2258","06","0","0","0","0","0","0","0","0","","0","0","0","22","3","1","00","N","1","39 58:00.177","2","00","75 08:06.345","8","0","0","0","67301","0","0","0","N","0","0","0","6","68K01","0","","1","08","2331","N","N","N","0","","0","0","1","0","0","N","2257","1","2","0","0","1","1","0","2","0","2","07","","N","","","","","","","","","","",""
"2023078287","2130","0","0","0","0","0","0","0","0","0","5","0","","67","09","2023","1","40.0469","-75.1381","2130","06","0","0","0","0","0","0","0","0","","0","0","0","20","4","0","00","N","0","40 02:48.755","","00","75 08:17.063","9","0","0","0","67301","0","0","0","N","0","0","0","1","67301","0","","6","01","","N","N","N","0","","0","0","3","0","0","","2030","0","3","0","0","1","0","1","2","0","3","03","03","N","","","","","","","","","","",""
"2023078013","1040","1","0","0","0","0","0","0","0","0","4","0","","67","09","2023","1","40.0374","-75.1818","1023","06","0","0","0","0","0","1","0","0","","0","0","0","10","1","1","01","","0","40 02:14.686","","00","75 10:54.569","3","0","0","0","67301","0","0","0","N","0","0","0","2","67301","0","","1","01","","N","N","N","0","","1","0","1","3","2","","1015","1","2","0","0","1","0","0","2","0","2","03","","N","","","","","","","","","","",""
"2023109623","1557","1","0","0","0","0","0","0","0","0","3","0","","67","12","2023","7","39.9172","-75.2463","1551","06","0","0","0","0","0","1","0","0","","0","0","0","15","1","0","01","","0","39 55:01.859","","00","75 14:46.691","0","0","0","0","67301","0","0","0","N","0","0","0","3","67301","0","","1","01","","N","N","N","0","","0","0","1","3","2","","1542","0","2","0","0","1","0","0","2","0","2","03","03","N","","","","","","","","","","",""
"2023078572","2318","0","0","0","0","0","0","0","0","0","8","0","","67","09","2023","1","40.0107","-75.1508","2318","06","0","0","0","0","0","0","0","0","","0","0","0","23","3","1","01","","1","40 00:38.613","1","00","75 09:02.915","2","0","0","0","67301","1","0","1","N","1","0","1","2","67301","0","","1","01","0142","N","N","N","0","","0","1","0","3","2","N","2317","1","2","0","0","0","0","1","2","0","1","03","","N","","","","","","","","","","",""
"2023078560","1634","2","0","0","0","0","0","0","0","0","4","0","","67","09","2023","2","40.0785","-75.1745","1632","06","0","0","0","0","0","0","0","0","","0","0","0","15","1","0","01","","1","40 04:42.436","4","00","75 10:28.308","0","0","0","0","67301","0","0","0","N","0","0","0","2","67301","0","","1","01","1634","N","N","N","0","","0","0","0","3","3","N","1557","0","2","0","0","1","0","0","2","0","2","03","98","N","","","","","","","","","","",""
"2023078190","0017","1","0","0","0","0","0","0","0","0","5","0","","67","09","2023","7","40.0297","-75.1153","0015","06","0","0","0","0","0","0","0","0","","0","0","0","00","3","0","00","N","2","40 01:46.910","5","00","75 06:55.070","0","0","0","0","67301","0","0","0","N","0","0","0","1","67301","0","","6","01","0104","N","N","N","0","","0","0","2","0","0","N","0003","0","3","0","0","1","0","0","2","0","3","03","03","N","","","","","","","","","","",""
"2023079076","1450","0","0","0","0","0","0","0","0","0","6","0","","67","09","2023","3","40.0438","-75.0191","1447","06","0","0","0","0","0","2","0","0","","0","0","0","14","1","2","00","N","0","40 02:37.554","","00","75 01:08.684","3","0","0","0","67301","0","0","0","N","0","0","0","2","67301","0","","1","01","","N","N","N","0","","2","0","2","0","0","","1447","2","2","0","0","0","0","0","2","0","2","03","03","N","","","","","","","","","","",""
"2023078277","1544","1","0","0","1","0","0","0","0","0","8","0","","67","09","2023","1","39.9891","-75.1534","1526","06","0","0","0","0","0","0","0","0","","0","0","0","15","1","1","01","","0","39 59:20.727","","00","75 09:12.186","4","0","0","0","67301","1","0","0","N","0","0","0","2","67301","1","","1","01","","N","N","N","0","","0","0","0","3","3","","1520","1","2","0","0","0","0","0","2","0","1","03","03","N","","","","","","","","","","",""
"2023078268","1141","2","0","0","0","0","0","0","0","0","4","0","","67","09","2023","6","40.0474","-75.0678","1140","06","0","0","0","0","0","0","0","0","","0","0","0","11","1","1","01","","0","40 02:50.521","","00","75 04:03.993","8","0","0","0","67301","0","0","0","N","0","0","0","2","67301","0","","1","01","","N","N","N","0","","0","0","0","3","3","","1130","1","2","0","0","0","1","1","2","0","2","03","03","N","","","","","","","","","","",""
"2023078183","1245","0","0","0","1","0","0","0","0","0","8","0","","67","08","2023","4","39.9898","-75.1255","1245","06","0","0","0","0","0","0","0","0","","0","0","0","18","4","1","01","","0","39 59:23.480","","01","75 07:31.544","4","0","0","0","67301","1","0","0","N","0","0","0","2","67301","1","","1","01","","N","N","N","0","","0","0","1","3","2","","1800","1","2","0","0","1","0","0","2","0","1","03","03","N","","","","","","","","","","",""
"2023080705","2023","0","0","0","0","0","0","0","0","0","8","0","","67","09","2023","1","40.0485","-75.1508","2019","06","0","0","0","0","0","0","0","0","","0","0","0","20","3","1","01","","2","40 02:54.643","7","00","75 09:02.970","2","0","0","0","67301","1","0","1","N","1","0","1","4","67301","0","","1","01","2200","N","N","N","1","","0","1","0","3","2","Y","2011","1","2","0","0","0","0","0","2","0","1","03","03","N","","","","","","","","","","",""
"2023080709","1550","1","0","0","0","0","0","0","0","0","8","0","","67","09","2023","2","40.0016","-75.1696","1538","06","0","0","0","0","0","0","0","0","","0","0","0","11","1","1","02","","0","40 00:05.925","","00","75 10:10.408","3","0","0","0","67301","1","0","0","N","1","0","0","2","67301","0","","1","01","","N","N","N","0","","1","0","0","0","0","","1140","1","2","0","0","1","0","0","2","0","1","03","03","N","","","","","","","","","","",""
"2023078568","2306","1","0","0","0","0","0","0","0","0","1","0","","67","09","2023","1","40.0129","-75.1315","2306","06","0","0","0","0","0","1","0","0","","0","0","0","21","3","0","00","N","0","40 00:46.340","","00","75 07:53.390","0","0","0","0","67301","0","0","0","N","0","0","0","2","67301","0","","1","01","","N","N","N","0","","0","0","1","0","0","","2153","0","2","0","0","0","0","0","2","0","2","03","","N","","","","","","","","","","",""
"2023110199","1756","2","0","0","0","0","0","0","0","0","6","0","","67","11","2023","5","40.0368","-75.1211","1755","06","0","0","0","0","0","1","0","0","","0","0","0","17","3","2","01","","1","40 02:12.585","3","00","75 07:16.022","3","0","0","0","67301","0","0","0","N","0","0","0","2","67301","0","","1","01","1830","N","N","N","0","","2","0","0","3","2","N","1748","2","2","0","0","0","0","0","2","0","2","03","","N","","","","","","","","","","",""
"2023081807","1520","2","0","0","0","0","0","0","0","0","1","0","","67","09","2023","7","39.9903","-75.2204","1509","06","0","0","0","0","0","1","0","0","","0","0","0","14","1","1","01","N","0","39 59:25.124","","00","75 13:13.262","8","0","0","0","67301","0","0","0","N","0","0","0","3","67301","0","","1","01","","N","N","N","0","","0","0","0","3","2","","1413","1","3","0","0","0","1","2","2","1","3","03","","N","","","","","","","","","","",""