"CRN","ARRIVAL_TM","AUTOMOBILE_COUNT","BELTED_DEATH_COUNT","BELTED_SUSP_SERIOUS_INJ_COUNT","BICYCLE_COUNT","BICYCLE_DEATH_COUNT","BICYCLE_SUSP_SERIOUS_INJ_COUNT","BUS_COUNT","CHLDPAS_DEATH_COUNT","CHLDPAS_SUSP_SERIOUS_INJ_COUNT","COLLISION_TYPE","COMM_VEH_COUNT","CONS_ZONE_SPD_LIM","COUNTY","CRASH_MONTH","CRASH_YEAR","DAY_OF_WEEK","DEC_LAT","DEC_LONG","DISPATCH_TM","DISTRICT","DRIVER_COUNT_16YR","DRIVER_COUNT_17YR","DRIVER_COUNT_18YR","DRIVER_COUNT_19YR","DRIVER_COUNT_20YR","DRIVER_COUNT_50_64YR","DRIVER_COUNT_65_74YR","DRIVER_COUNT_75PLUS","EST_HRS_CLOSED","FATAL_COUNT","HEAVY_TRUCK_COUNT","HORSE_BUGGY_COUNT","HOUR_OF_DAY","ILLUMINATION","INJURY_COUNT","INTERSECT_TYPE","INTERSECTION_RELATED","LANE_CLOSED","LATITUDE","LN_CLOSE_DIR","LOCATION_TYPE","LONGITUDE","MAX_SEVERITY_LEVEL","MCYCLE_DEATH_COUNT","MCYCLE_SUSP_SERIOUS_INJ_COUNT","MOTORCYCLE_COUNT","MUNICIPALITY","NONMOTR_COUNT","NONMOTR_DEATH_COUNT","NONMOTR_SUSP_SERIOUS_INJ_COUNT","NTFY_HIWY_MAINT","PED_COUNT","PED_DEATH_COUNT","PED_SUSP_SERIOUS_INJ_COUNT","PERSON_COUNT","POLICE_AGCY","POSSIBLE_INJ_COUNT","RDWY_SURF_TYPE_CD","RELATION_TO_ROAD","ROAD_CONDITION","ROADWAY_CLEARED","SCH_BUS_IND","SCH_ZONE_IND","SECONDARY_CRASH","SMALL_TRUCK_COUNT","SPEC_JURIS_CD","SUSP_MINOR_INJ_COUNT","SUSP_SERIOUS_INJ_COUNT","SUV_COUNT","TCD_FUNC_CD","TCD_TYPE","TFC_DETOUR_IND","TIME_OF_DAY","TOT_INJ_COUNT","TOTAL_UNITS","UNB_DEATH_COUNT","UNB_SUSP_SERIOUS_INJ_COUNT","UNBELTED_OCC_COUNT","UNK_INJ_DEG_COUNT","UNK_INJ_PER_COUNT","URBAN_RURAL","VAN_COUNT","VEHICLE_COUNT","WEATHER1","WEATHER2","WORK_ZONE_IND","WORK_ZONE_LOC","WORK_ZONE_TYPE","WORKERS_PRES","WZ_CLOSE_DETOUR","WZ_FLAGGER","WZ_LAW_OFFCR_IND","WZ_LN_CLOSURE","WZ_MOVING","WZ_OTHER","WZ_SHLDER_MDN","WZ_WORKERS_INJ_KILLED"
"2023109790","1945","1","0","0","0","0","0","0","0","0","8","0","","67","12","2023","1","39.9863","-75.1561","1940","06","0","0","0","0","0","0","0","0","","0","0","0","18","3","1","01","N","0","39 59:10.638","","00","75 09:22.115","3","0","0","0","67301","1","0","0","N","1","0","0","3","67505","0","","1","09","","N","N","N","0","","1","0","0","3","2","","1845","1","2","0","0","0","0","0","2","0","1","07","04","N","","","","","","","","","","",""
"2023110945","1519","0","0","0","0","0","0","0","0","0","1","0","","67","11","2023","7","39.9658","-75.1368","1519","06","0","0","0","0","0","0","0","0","","0","0","0","15","1","3","00","N","2","39 57:56.883","2","00","75 08:12.634","3","0","0","0","67301","0","0","0","N","0","0","0","6","68K01","1","","1","01","1545","N","N","N","0","","1","0","2","0","0","N","1519","3","2","0","0","0","1","0","2","0","2","03","","N","","","","","","","","","","",""
"2023078968","1055","0","0","0","0","0","0","0","0","0","4","0","","67","09","2023","6","39.9512","-75.245","1055","06","0","0","0","0","0","0","1","0","","0","0","0","13","1","1","01","","0","39 57:04.237","","00","75 14:42.147","8","0","0","0","67301","0","0","0","N","0","0","0","2","67301","0","","1","01","","N","N","N","0","","0","0","1","3","3","","1357","1","2","0","0","0","1","0","2","0","2","03","","N","","","","","","","","","","",""
"2023077623","2117","0","0","0","0","0","0","0","0","0","4","0","","67","08","2023","5","40.0522","-75.056","2117","06","1","0","0","0","0","0","1","0","","0","0","0","21","3","0","01","","1","40 03:08.002","1","00","75 03:21.588","0","0","0","0","67301","0","0","0","N","0","0","0","3","67301","0","","1","01","0030","N","N","N","0","","0","0","2","3","3","Y","2117","0","2","0","0","3","0","0","2","0","2","03","03","N","","","","","","","","","","",""
"2023109393","1141","2","0","0","0","0","0","0","0","0","4","0","","67","12","2023","6","40.084","-74.9646","1139","06","0","0","0","0","1","0","0","0","","0","0","0","11","1","0","00","N","1","40 05:02.400","1","00","74 57:52.630","9","0","0","0","67301","0","0","0","N","0","0","0","3","67301","0","","1","01","0030","N","N","N","0","","0","0","0","3","8","N","1128","0","2","0","0","0","0","1","2","0","2","03","","N","","","","","","","","","","",""
"2023110943","1212","2","0","0","0","0","0","0","0","0","5","0","","67","11","2023","6","39.9247","-75.1929","1209","06","0","0","0","0","0","1","0","0","","0","0","0","12","1","1","00","N","0","39 55:28.771","","00","75 11:34.467","8","0","0","0","67301","0","0","0","N","0","0","0","7","68K01","0","","1","01","","N","N","N","0","","0","0","0","0","0","","1202","1","3","0","0","1","1","1","2","1","3","03","03","N","","","","","","","","","","",""
"2023080493","0432","2","0","0","0","0","0","0","0","0","2","0","","67","09","2023","1","39.9685","-75.2351","0417","06","0","0","0","0","0","0","0","0","","0","0","0","04","3","0","00","N","0","39 58:06.680","","00","75 14:06.270","0","0","0","0","67301","0","0","0","N","0","0","0","1","67301","0","","6","01","","N","N","N","0","","0","0","0","0","0","","0405","0","2","0","0","1","0","0","2","0","2","03","03","N","","","","","","","","","","",""
"2023078293","1035","1","0","0","0","0","0","0","0","0","4","0","","67","08","2023","4","40.0122","-75.1505","1030","06","0","0","0","0","0","2","0","0","","0","0","0","10","1","1","01","","0","40 00:44.064","","00","75 09:01.733","3","0","0","0","67301","0","0","0","N","0","0","0","2","67301","0","","1","01","","N","N","N","0","","1","0","1","3","2","","1002","1","2","0","0","0","0","0","2","0","2","03","03","N","","","","","","","","","","",""
"2023110321","0155","3","0","0","0","0","0","0","0","0","1","0","","67","12","2023","1","40.043","-75.0034","0154","06","0","0","0","0","0","0","0","0","","0","0","0","01","3","2","00","N","1","40 02:34.807","2","00","75 00:12.113","4","0","0","0","67301","0","0","0","N","0","0","0","3","68K01","2","","1","09","0210","N","N","N","0","","0","0","0","0","0","N","0151","2","3","0","0","0","0","0","2","0","3","07","07","N","","","","","","","","","","",""
"2023078662","0115","1","0","0","0","0","0","0","0","0","7","0","","67","09","2023","1","39.923","-75.191","0103","06","0","0","0","0","0","0","0","0","","0","0","0","00","3","0","00","N","0","39 55:22.776","","00","75 11:27.734","0","0","0","0","67301","0","0","0","N","0","0","0","4","68K01","0","","4","01","","N","N","N","0","","0","0","0","0","0","","0056","0","1","0","0","0","0","0","2","0","1","03","03","N","","","","","","","","","","",""
"2023078201","1720","0","0","0","0","0","0","0","0","0","1","0","","67","09","2023","2","39.9541","-75.1406","1718","06","0","0","0","0","0","0","0","0","","0","0","0","17","1","5","00","N","2","39 57:14.733","4","03","75 08:26.114","3","0","0","0","67301","0","0","0","N","0","0","0","9","67501","0","","1","01","1758","N","N","N","0","","5","0","3","3","8","N","1718","5","3","0","0","0","0","0","2","0","3","03","03","N","","","","","","","","","","",""
"2023085282","1555","3","0","0","0","0","0","0","0","0","1","0","","67","09","2023","1","39.957","-75.156","1543","06","0","0","0","0","0","0","0","0","","0","0","0","15","1","2","00","N","2","39 57:25.215","3","00","75 09:21.711","4","0","0","0","67301","0","0","0","N","0","0","0","8","68K01","1","","1","01","1626","N","N","N","0","","0","0","3","0","0","N","1541","2","6","0","0","0","1","0","2","0","6","03","","N","","","","","","","","","","",""
"2023094565","","1","0","0","0","0","0","0","0","0","3","0","","67","08","2023","7","","","","06","0","0","0","0","0","1","0","0","","0","0","0","23","3","1","00","N","0","","","00","","8","0","0","0","67301","0","0","0","N","0","0","0","2","00000","0","","1","01","","","","N","0","","0","0","1","0","0","","2330","1","2","0","0","1","1","0","1","0","2","03","","N","","","","","","","","","","",""
"2023109909","1735","1","0","0","0","0","0","0","0","0","1","0","","67","11","2023","2","39.9687","-75.2644","1730","06","0","0","0","0","0","3","0","0","","0","0","0","17","3","1","00","N","2","39 58:07.210","6","00","75 15:51.860","3","0","0","0","67301","0","0","0","N","0","0","0","5","67301","0","","1","01","1857","N","N","N","0","","1","0","4","0","0","Y","1726","1","5","0","0","0","0","0","2","0","5","03","03","N","","","","","","","","","","",""
"2023078556","1320","2","0","0","0","0","0","0","0","0","4","0","","67","09","2023","2","39.932","-75.1603","1306","06","0","0","0","0","0","1","1","0","","0","0","0","12","1","0","00","N","0","39 55:55.040","","07","75 09:37.190","9","0","0","0","67301","0","0","0","N","0","0","0","2","67301","0","","1","01","","N","N","N","0","","0","0","0","0","0","","1248","0","2","0","0","0","0","1","2","0","2","03","","N","","","","","","","","","","",""
"2023109521","0020","0","0","0","0","0","0","0","0","0","7","0","","67","12","2023","7","39.9952","-75.1158","0020","06","0","0","0","0","0","0","0","0","","0","0","0","00","3","2","05","","0","39 59:42.616","","00","75 06:56.835","3","0","0","0","67301","0","0","0","N","0","0","0","2","67301","0","","4","09","","N","N","N","0","","2","0","1","3","2","","0020","2","1","0","0","0","0","0","2","0","1","07","07","N","","","","","","","","","","",""
"2023110208","1137","2","0","0","0","0","0","0","0","0","1","0","","67","12","2023","6","40.0292","-75.1746","1137","06","0","0","0","0","0","0","0","0","","0","0","0","11","1","0","01","","2","40 01:45.227","6","00","75 10:28.439","9","0","0","0","67301","0","0","0","N","0","0","0","2","67301","0","","2","01","0100","N","N","N","1","","0","0","1","3","1","N","1137","0","4","0","0","0","0","1","2","0","4","03","03","N","","","","","","","","","","",""
"2023106776","1949","5","0","0","0","0","0","0","0","0","6","0","","67","11","2023","4","39.9501","-75.224","1949","06","0","0","0","0","0","0","0","1","","0","0","0","19","3","0","00","N","0","39 57:00.380","","00","75 13:26.290","9","0","0","0","67301","0","0","0","N","0","0","0","2","67301","0","","1","01","","N","N","Y","0","","0","0","1","0","0","","1915","0","6","0","0","2","0","1","2","0","6","03","","N","","","","","","","","","","",""
"2023101667","1500","0","0","0","0","0","0","0","0","0","4","0","","67","11","2023","1","40.0022","-75.1645","1500","06","0","0","0","0","0","0","0","0","","0","0","0","14","1","0","01","","0","40 00:07.981","","00","75 09:52.174","0","0","0","0","67301","0","0","0","N","0","0","0","2","67301","0","","1","01","","N","N","N","0","","0","0","2","3","3","","1415","0","2","0","0","2","0","0","2","0","2","03","","N","","","","","","","","","","",""
"2023101665","0043","2","0","0","0","0","0","0","0","0","1","0","","67","11","2023","1","40.0223","-75.162","0042","06","0","0","0","1","0","0","0","0","","0","0","0","00","3","0","01","","0","40 01:20.289","","00","75 09:43.290","0","0","0","0","67301","0","0","0","N","0","0","0","3","67301","0","","1","01","","N","N","N","0","","0","0","0","3","2","","0042","0","2","0","0","0","0","0","2","0","2","03","03","N","","","","","","","","","","",""
"2023099821","0720","0","0","0","0","0","0","0","0","0","1","0","","67","11","2023","7","40.0591","-75.0091","0715","06","0","1","0","0","0","0","0","0","","0","0","0","07","5","1","00","N","0","40 03:32.594","","00","75 00:32.776","4","0","0","0","67301","0","0","0","N","0","0","0","1","67301","1","","6","01","","N","N","N","1","","0","0","2","0","0","","0705","1","3","0","0","0","0","0","2","0","3","03","03","N","","","","","","","","","","",""
"2023109541","0001","1","0","0","0","0","0","0","0","0","7","0","","67","12","2023","6","39.9087","-75.1513","0001","06","0","0","0","0","0","0","0","0","","0","0","0","00","3","0","02","","0","39 54:31.236","","02","75 09:04.585","0","0","0","0","67301","0","0","0","N","0","0","0","2","67501","0","","5","09","","N","N","N","0","","0","0","0","0","0","","0001","0","1","0","0","2","0","0","2","0","1","07","05","N","","","","","","","","","","",""
"2023100947","1802","1","0","0","0","0","0","0","0","0","4","0","","67","11","2023","2","40.0752","-74.9885","1756","06","0","0","0","0","0","1","0","0","","0","0","0","17","3","1","01","","0","40 04:30.850","","00","74 59:18.444","3","0","0","0","67301","0","0","0","N","0","0","0","2","67301","0","","1","01","","N","N","N","0","","1","0","1","0","0","","1755","1","2","0","0","0","0","0","2","0","2","03","03","N","","","","","","","","","","",""
"2023110748","1625","1","0","0","0","0","0","0","0","0","4","0","","67","12","2023","2","39.9757","-75.2418","1625","06","0","0","0","0","0","0","0","0","","0","0","0","16","4","0","01","","0","39 58:32.671","","00","75 14:30.472","0","0","0","0","67301","0","0","0","N","0","0","0","2","67301","0","","1","01","","N","N","N","0","","0","0","0","3","2","","1620","0","2","0","0","0","0","0","2","1","2","03","03","N","","","","","","","","","","",""
"2023110747","0058","1","0","0","0","0","0","0","0","0","5","0","","67","12","2023","7","39.9719","-75.2345","0058","06","0","0","0","0","0","0","0","0","","0","0","0","00","3","0","00","N","0","39 58:18.944","","00","75 14:04.046","9","0","0","0","67301","0","0","0","N","0","0","0","2","67301","0","","1","09","","N","N","N","0","","0","0","3","0","0","","0026","0","4","0","0","1","0","2","2","0","4","03","03","N","","","","","","","","","","",""
"2023106451","1410","0","0","0","0","0","0","0","0","0","4","0","","67","11","2023","3","40.0314","-75.1548","1401","06","0","0","0","0","0","1","0","0","","0","0","0","13","1","1","01","","0","40 01:53.219","","00","75 09:17.182","3","0","0","0","67301","0","0","0","N","0","0","0","2","67301","0","","1","09","","N","N","N","0","","1","0","1","3","2","","1355","1","2","0","0","0","0","0","2","1","2","07","07","N","","","","","","","","","","",""
"2023113237","1816","2","0","0","0","0","0","0","0","0","4","0","","67","11","2023","2","39.9858","-75.181","1816","06","0","0","0","0","0","0","0","0","","0","0","0","22","3","1","01","","0","39 59:09.038","","00","75 10:51.648","3","0","0","0","67301","0","0","0","N","0","0","0","2","67301","0","","1","01","","N","N","N","0","","1","0","0","3","2","","2200","1","2","0","0","1","0","0","2","0","2","04","98","N","","","","","","","","","","",""
"2023110191","0433","1","0","0","0","0","0","0","0","0","6","0","","67","12","2023","2","40.063","-75.0864","0428","06","0","0","0","0","0","2","0","0","","0","0","0","04","3","1","00","N","1","40 03:46.864","6","07","75 05:11.036","8","0","0","0","67301","0","0","0","N","0","0","0","2","67301","0","","1","09","0030","N","N","Y","0","","0","0","1","0","0","Y","0425","1","2","0","0","2","1","0","2","0","2","04","04","N","","","","","","","","","","",""
"2023109622","1808","1","0","0","0","0","0","0","0","0","8","0","","67","12","2023","6","39.9654","-75.1741","1802","06","0","0","0","0","0","0","0","0","","0","0","0","18","3","1","01","","0","39 57:55.493","","00","75 10:26.918","3","0","0","0","67301","1","0","0","N","1","0","0","2","67301","0","","1","09","","N","N","N","0","","1","0","0","3","2","","1800","1","2","0","0","0","0","0","2","0","1","07","07","N","","","","","","","","","","",""
"2023111024","1920","1","0","0","0","0","0","0","0","0","4","0","","67","12","2023","7","40.0995","-74.9864","1911","06","0","0","0","0","0","0","0","0","","0","0","0","19","3","1","02","","0","40 05:58.265","","02","74 59:10.887","3","0","0","0","67301","0","0","0","N","0","0","0","3","67301","0","","1","01","","N","N","N","2","","1","0","0","3","2","","1905","1","3","0","0","0","0","0","2","0","3","03","03","N","","","","","","","","","","",""
"2023105707","1133","2","0","0","0","0","0","0","0","0","4","0","","67","11","2023","2","40.0285","-75.0579","1133","06","0","0","0","0","0","0","0","0","","0","0","0","11","1","1","01","","0","40 01:42.775","","00","75 03:28.507","4","0","0","0","67301","0","0","0","N","0","0","0","3","67301","1","","1","01","","N","N","N","0","","0","0","0","3","2","","1130","1","2","0","0","0","0","0","2","0","2","03","03","N","","","","","","","","","","",""
"2023107314","0749","0","0","0","0","0","0","0","0","0","1","0","","67","11","2023","3","40.0253","-75.0291","0719","06","0","0","0","0","0","1","0","0","","0","0","0","06","1","0","00","N","0","40 01:31.183","","00","75 01:44.821","9","0","0","0","67301","0","0","0","N","0","0","0","3","68K01","0","","1","01","","N","N","N","0","","0","0","2","0","0","","0604","0","3","0","0","0","0","1","2","0","3","03","03","N","","","","","","","","","","",""
"2023106534","1712","1","0","0","0","0","0","0","0","0","8","0","","67","11","2023","3","40.0482","-75.1834","1659","06","0","0","0","0","0","0","0","0","","0","0","0","16","3","1","01","","0","40 02:53.638","","00","75 11:00.210","3","0","0","0","67301","1","0","0","N","1","0","0","2","67301","0","","1","09","","N","N","N","0","","1","0","0","3","2","","1654","1","2","0","0","0","0","0","2","0","1","07","07","N","","","","","","","","","","",""
"2023113228","1518","1","0","0","0","0","0","0","0","0","4","0","","67","12","2023","6","40.0285","-75.0579","1517","06","0","0","0","0","0","1","0","0","","0","0","0","15","1","1","01","","0","40 01:42.531","","00","75 03:28.266","4","0","0","0","67301","0","0","0","N","0","0","0","2","67301","1","","1","09","","N","N","N","0","","0","0","1","3","2","","1515","1","2","0","0","0","0","0","2","0","2","07","07","N","","","","","","","","","","",""
"2023108299","1947","0","0","0","0","0","0","0","0","0","8","0","","67","11","2023","3","40.022","-75.173","1934","06","0","0","0","0","0","0","0","0","","0","0","0","19","3","1","00","N","0","40 01:19.300","","00","75 10:22.900","8","0","0","0","67301","1","0","0","N","1","0","0","2","67301","0","","1","09","","N","N","N","0","","0","0","0","0","0","","1900","1","2","0","0","0","1","1","2","0","1","07","07","N","","","","","","","","","","",""
"2023106772","0850","1","0","0","0","0","0","0","0","0","8","0","","67","11","2023","3","40.0248","-75.0439","0839","06","0","0","0","0","0","1","0","0","","0","0","0","06","5","1","00","N","0","40 01:29.450","","00","75 02:38.150","8","0","0","0","67301","1","0","0","N","1","0","0","2","67301","0","","1","01","","N","N","N","0","","0","0","0","0","0","","0630","1","2","0","0","0","1","0","2","0","1","03","","N","","","","","","","","","","",""
"2023109028","0551","3","0","0","0","0","0","0","0","0","1","0","","67","11","2023","4","39.9599","-75.1814","0543","06","0","0","0","0","0","0","0","0","","0","0","0","05","3","1","00","N","0","39 57:35.617","","02","75 10:53.143","3","0","0","0","67301","0","0","0","N","0","0","0","4","68K01","0","","1","09","","N","N","Y","0","","1","0","1","0","0","","0520","1","4","0","0","2","0","0","2","0","4","07","07","N","","","","","","","","","","",""
"2023106688","1240","1","0","0","0","0","0","0","0","0","4","0","","67","11","2023","2","39.9167","-75.2169","1236","06","0","0","0","0","0","0","1","0","","0","0","0","12","1","1","00","N","1","39 55:00.152","6","00","75 13:00.718","4","0","0","0","67301","0","0","0","N","0","0","0","2","67301","1","","1","01","1313","N","N","N","0","","0","0","1","0","0","N","1232","1","2","0","0","0","0","0","2","0","2","03","03","N","","","","","","","","","","",""
"2023106530","1533","1","0","0","0","0","0","0","0","0","8","0","","67","11","2023","3","40.1235","-75.0154","1533","06","0","0","0","0","0","0","0","0","","0","0","0","14","1","1","01","","0","40 07:24.748","","00","75 00:55.269","3","0","0","0","67301","1","0","0","N","1","0","0","2","67301","0","","1","09","","N","N","N","0","","1","0","0","3","2","","1400","1","2","0","0","0","0","0","2","0","1","07","","N","","","","","","","","","","",""
"2023101668","1919","2","0","0","0","0","0","0","0","0","4","0","","67","11","2023","1","40.0144","-75.1781","1919","06","0","0","0","0","0","0","0","0","","0","0","0","17","1","0","01","","0","40 00:51.660","","00","75 10:41.196","0","0","0","0","67301","0","0","0","N","0","0","0","2","67301","0","","1","01","","N","N","N","0","","0","0","0","3","2","","1721","0","2","0","0","2","0","0","2","0","2","03","","N","","","","","","","","","","",""
"2023106426","1752","0","0","0","0","0","0","0","0","0","8","0","","67","11","2023","3","39.9583","-75.1673","1743","06","0","0","0","0","0","0","0","0","","0","0","0","17","3","1","01","","0","39 57:29.757","","00","75 10:02.184","3","0","0","0","67301","1","0","0","N","1","0","0","2","67301","0","","1","09","","N","N","N","0","","1","0","1","3","2","","1735","1","2","0","0","0","0","0","2","0","1","07","07","N","","","","","","","","","","",""
"2023115793","0430","0","0","0","0","0","0","0","0","0","8","0","","67","12","2023","1","39.9982","-75.0999","0423","06","0","0","0","0","0","0","0","0","","0","0","0","03","3","1","00","N","0","39 59:53.460","","00","75 05:59.660","3","0","0","0","67301","1","0","0","N","1","0","0","2","67301","0","","1","09","","N","N","N","0","","1","0","0","0","0","","0350","1","2","0","0","0","0","0","2","0","1","07","07","N","","","","","","","","","","",""
"2023111028","1723","1","0","0","0","0","0","0","0","0","6","0","","67","12","2023","1","40.0201","-75.0727","1217","06","0","0","0","0","0","0","0","0","","0","0","0","22","3","0","00","N","0","40 01:12.190","","00","75 04:21.580","9","0","0","0","67301","0","0","0","N","0","0","0","3","67301","0","","4","09","","N","N","N","1","","0","0","1","0","0","","2247","0","3","0","0","0","0","1","2","0","3","07","05","N","","","","","","","","","","",""
"2023106015","0757","1","0","0","0","0","0","0","0","0","4","0","","67","11","2023","2","39.9626","-75.163","0750","06","0","0","0","0","0","0","0","0","","0","0","0","06","1","3","01","","1","39 57:45.352","3","00","75 09:46.940","3","0","0","0","67301","0","0","0","N","0","0","0","3","67301","0","","1","01","0920","N","N","N","0","","3","0","1","3","2","N","0645","3","2","0","0","0","0","0","2","0","2","03","","N","","","","","","","","","","",""
"2023106903","0635","1","0","0","0","0","0","0","0","0","5","0","","67","11","2023","3","40.0266","-75.2265","0627","06","0","0","0","0","0","0","0","0","","0","0","0","06","1","1","00","N","0","40 01:35.870","","00","75 13:35.570","3","0","0","0","67301","0","0","0","N","0","0","0","1","67301","0","","6","01","","N","N","Y","0","","1","0","0","0","0","","0615","1","2","0","0","0","0","0","2","1","2","03","03","N","","","","","","","","","","",""
"2023114584","1339","0","0","0","0","0","0","0","0","0","1","0","","67","12","2023","1","39.957","-75.1558","1313","06","0","0","0","0","0","1","0","0","","0","0","0","13","1","0","00","N","0","39 57:25.087","","00","75 09:20.754","0","0","0","0","67301","0","0","0","N","0","0","0","2","68K01","0","","1","09","","N","N","N","0","","0","0","2","0","0","","1305","0","2","0","0","0","0","0","2","0","2","07","04","N","","","","","","","","","","",""
"2023107419","2128","2","0","0","0","0","0","0","0","0","7","0","","67","11","2023","3","40.0409","-75.0053","2118","06","0","0","0","0","0","0","0","0","","0","0","0","21","3","0","00","N","0","40 02:27.254","","00","75 00:18.926","0","0","0","0","67301","0","0","0","N","0","0","0","3","68K01","0","","2","09","","N","N","N","0","","0","0","0","0","0","","2110","0","2","0","0","0","0","0","2","0","2","03","","N","","","","","","","","","","",""
"2023106681","1636","0","0","0","0","0","0","0","0","0","8","0","","67","11","2023","3","39.9188","-75.186","1634","06","0","0","0","0","0","0","0","0","","0","0","0","16","3","1","01","","0","39 55:07.528","","00","75 11:09.776","4","0","0","0","67301","1","0","0","N","1","0","0","2","67301","1","","1","09","","N","N","N","0","","0","0","1","3","2","","1631","1","2","0","0","0","0","0","2","0","1","07","","N","","","","","","","","","","",""
"2023110340","1815","0","0","0","0","0","0","0","0","0","8","0","","67","11","2023","3","39.9249","-75.1729","1810","06","0","0","0","0","0","0","0","0","","0","0","0","18","3","1","05","","0","39 55:29.523","","00","75 10:22.421","2","0","0","0","67301","1","0","1","N","1","0","1","2","67301","0","","1","09","","N","N","N","0","","0","1","0","3","2","","1803","1","2","0","0","0","0","1","2","0","1","07","07","N","","","","","","","","","","",""
"2023107118","2315","1","0","1","0","0","0","0","0","0","1","0","","67","11","2023","2","39.9466","-75.246","2311","06","0","0","0","0","0","1","0","0","","0","0","0","23","3","2","01","","1","39 56:47.640","1","00","75 14:45.765","2","0","0","0","67301","0","0","0","N","0","0","0","3","67301","0","","1","01","1140","N","N","N","0","","1","1","0","3","2","N","2309","2","2","0","0","0","0","0","2","0","2","04","03","N","","","","","","","","","","",""
"2023106023","0818","1","0","0","0","0","0","0","0","0","4","0","","67","11","2023","2","40.0087","-75.1467","0815","06","0","0","0","0","0","1","0","0","","0","0","0","08","1","1","02","","0","40 00:31.227","","00","75 08:48.005","3","0","0","0","67301","0","0","0","N","0","0","0","1","67301","0","","1","01","","N","N","N","0","","1","0","1","0","0","","0810","1","2","0","0","0","0","0","2","0","2","03","03","N","","","","","","","","","","",""
"2023105589","0355","1","0","0","0","0","0","0","0","0","8","0","","67","11","2023","5","39.9925","-75.1207","0353","06","0","0","0","0","0","0","0","0","","0","0","0","03","3","1","00","N","0","39 59:33.040","","01","75 07:14.430","3","0","0","0","67301","1","0","0","N","1","0","0","2","67301","0","","1","01","","N","N","N","0","","1","0","0","0","0","","0345","1","2","0","0","1","0","0","2","0","1","03","03","N","","","","","","","","","","",""
"2023105246","2200","0","0","0","0","0","0","0","0","0","1","0","","67","11","2023","5","39.9922","-75.1813","2200","06","0","0","0","0","0","0","0","0","","0","0","0","20","3","1","00","N","0","39 59:31.780","","00","75 10:52.640","3","0","0","0","67301","0","0","0","N","0","0","0","1","67301","0","","6","01","","N","N","N","0","","1","0","2","0","0","","2050","1","2","0","0","0","0","0","2","0","2","03","03","N","","","","","","","","","","",""
"2023106520","1808","1","0","0","0","0","0","0","0","0","5","0","","67","11","2023","2","40.0376","-75.0646","1804","06","0","0","0","0","0","0","0","0","","0","0","0","18","3","1","00","N","0","40 02:15.500","","00","75 03:52.700","3","0","0","0","67301","0","0","0","N","0","0","0","2","67301","0","","1","01","","N","N","N","0","","1","0","0","0","0","","1800","1","2","0","0","0","0","0","2","1","2","03","03","N","","","","","","","","","","",""
"2023104862","0454","2","0","0","0","0","0","0","0","0","5","0","","67","11","2023","5","39.9697","-75.1451","0448","06","0","0","0","0","0","1","0","0","","0","0","0","04","3","1","00","N","0","39 58:10.800","","00","75 08:42.490","8","0","0","0","67301","0","0","0","N","0","0","0","1","67301","0","","6","01","","N","N","Y","0","","0","0","2","0","0","","0445","1","4","0","0","0","1","0","2","0","4","03","","N","","","","","","","","","","",""
"2023106702","0051","1","0","0","0","0","0","0","0","0","1","0","","67","11","2023","4","40.0449","-75.1129","0051","06","0","0","0","0","0","0","0","0","","0","0","0","21","3","1","00","N","0","40 02:41.541","","07","75 06:46.391","2","0","0","0","67301","0","0","0","N","0","0","0","3","67301","0","","1","01","","N","N","N","0","","0","1","0","0","0","","2100","1","2","0","0","0","0","0","2","0","2","03","03","N","","","","","","","","","","",""
"2023104593","0740","2","0","0","0","0","0","0","0","0","4","0","","67","11","2023","5","40.0129","-75.1503","0737","06","0","0","0","0","0","0","0","0","","0","0","0","07","3","0","03","","0","40 00:46.426","","00","75 09:01.219","0","0","0","0","67301","0","0","0","N","0","0","0","2","67301","0","","1","01","","N","N","N","0","","0","0","0","0","0","","0725","0","2","0","0","0","0","0","2","0","2","03","03","N","","","","","","","","","","",""
"2023103838","1228","0","0","0","0","0","0","0","0","0","4","0","","67","11","2023","4","39.9042","-75.1646","1228","06","0","0","0","0","0","1","0","0","","0","0","0","11","1","2","01","","0","39 54:15.296","","00","75 09:52.687","3","0","0","0","67301","0","0","0","N","0","0","0","2","67301","0","","1","01","","N","N","N","1","","2","0","1","3","2","","1155","2","2","0","0","0","0","0","2","0","2","03","03","N","","","","","","","","","","",""
"2023110210","2127","2","0","0","0","0","0","0","0","0","4","0","","67","12","2023","1","40.0064","-75.1536","2120","06","0","0","0","0","0","0","0","0","","0","0","0","19","3","1","01","","0","40 00:22.903","","00","75 09:12.819","8","0","0","0","67301","0","0","0","N","0","0","0","4","67301","0","","1","09","","N","N","N","0","","0","0","1","3","3","","1956","1","3","0","0","0","1","3","2","0","3","07","07","N","","","","","","","","","","",""
"2023110745","0504","1","0","0","0","0","0","0","0","0","4","0","","67","12","2023","1","39.959","-75.229","0504","06","0","0","0","0","0","1","0","0","","0","0","0","04","3","1","02","","0","39 57:32.224","","99","75 13:44.207","3","0","0","0","67301","0","0","0","N","0","0","0","2","67301","0","","1","09","","N","N","N","0","","1","0","1","3","2","","0432","1","2","0","0","0","0","0","2","0","2","07","07","N","","","","","","","","","","",""