"CRN","ARRIVAL_TM","AUTOMOBILE_COUNT","BELTED_DEATH_COUNT","BELTED_SUSP_SERIOUS_INJ_COUNT","BICYCLE_COUNT","BICYCLE_DEATH_COUNT","BICYCLE_SUSP_SERIOUS_INJ_COUNT","BUS_COUNT","CHLDPAS_DEATH_COUNT","CHLDPAS_SUSP_SERIOUS_INJ_COUNT","COLLISION_TYPE","COMM_VEH_COUNT","CONS_ZONE_SPD_LIM","COUNTY","CRASH_MONTH","CRASH_YEAR","DAY_OF_WEEK","DEC_LAT","DEC_LONG","DISPATCH_TM","DISTRICT","DRIVER_COUNT_16YR","DRIVER_COUNT_17YR","DRIVER_COUNT_18YR","DRIVER_COUNT_19YR","DRIVER_COUNT_20YR","DRIVER_COUNT_50_64YR","DRIVER_COUNT_65_74YR","DRIVER_COUNT_75PLUS","EST_HRS_CLOSED","FATAL_COUNT","HEAVY_TRUCK_COUNT","HORSE_BUGGY_COUNT","HOUR_OF_DAY","ILLUMINATION","INJURY_COUNT","INTERSECT_TYPE","INTERSECTION_RELATED","LANE_CLOSED","LATITUDE","LN_CLOSE_DIR","LOCATION_TYPE","LONGITUDE","MAX_SEVERITY_LEVEL","MCYCLE_DEATH_COUNT","MCYCLE_SUSP_SERIOUS_INJ_COUNT","MOTORCYCLE_COUNT","MUNICIPALITY","NONMOTR_COUNT","NONMOTR_DEATH_COUNT","NONMOTR_SUSP_SERIOUS_INJ_COUNT","NTFY_HIWY_MAINT","PED_COUNT","PED_DEATH_COUNT","PED_SUSP_SERIOUS_INJ_COUNT","PERSON_COUNT","POLICE_AGCY","POSSIBLE_INJ_COUNT","RDWY_SURF_TYPE_CD","RELATION_TO_ROAD","ROAD_CONDITION","ROADWAY_CLEARED","SCH_BUS_IND","SCH_ZONE_IND","SECONDARY_CRASH","SMALL_TRUCK_COUNT","SPEC_JURIS_CD","SUSP_MINOR_INJ_COUNT","SUSP_SERIOUS_INJ_COUNT","SUV_COUNT","TCD_FUNC_CD","TCD_TYPE","TFC_DETOUR_IND","TIME_OF_DAY","TOT_INJ_COUNT","TOTAL_UNITS","UNB_DEATH_COUNT","UNB_SUSP_SERIOUS_INJ_COUNT","UNBELTED_OCC_COUNT","UNK_INJ_DEG_COUNT","UNK_INJ_PER_COUNT","URBAN_RURAL","VAN_COUNT","VEHICLE_COUNT","WEATHER1","WEATHER2","WORK_ZONE_IND","WORK_ZONE_LOC","WORK_ZONE_TYPE","WORKERS_PRES","WZ_CLOSE_DETOUR","WZ_FLAGGER","WZ_LAW_OFFCR_IND","WZ_LN_CLOSURE","WZ_MOVING","WZ_OTHER","WZ_SHLDER_MDN","WZ_WORKERS_INJ_KILLED"
"2023109401","0915","1","0","0","0","0","0","0","0","0","1","0","","67","12","2023","6","39.982","-75.1237","0908","06","0","0","0","0","0","0","0","0","","0","0","0","09","1","0","00","Y","0","39 58:55.216","","00","75 07:25.491","9","0","0","0","67301","0","0","0","N","0","0","0","1","67301","0","","4","01","","N","N","N","0","","0","0","1","0","0","","0900","0","2","0","0","0","0","1","2","0","2","03","03","N","","","","","","","","","","",""
"2023106902","1845","0","0","0","0","0","0","0","0","0","8","0","","67","11","2023","4","39.9211","-75.1537","1844","06","0","0","0","0","0","0","1","0","","0","0","0","18","3","2","01","","2","39 55:15.787","2","00","75 09:13.402","2","0","0","0","67301","2","0","1","N","2","0","1","3","67301","0","","1","01","1902","N","N","N","0","","1","1","1","3","3","Y","1844","2","3","0","0","0","0","0","2","0","1","03","","N","","","","","","","","","","",""
"2023107647","2143","0","0","0","0","0","0","0","0","0","7","0","","67","11","2023","2","40.0035","-75.0772","2135","06","0","0","0","0","0","0","0","0","","0","0","0","21","3","1","00","N","1","40 00:12.496","1","00","75 04:38.017","3","0","0","0","67301","0","0","0","N","0","0","0","1","68K01","0","","4","01","2347","N","N","N","0","","1","0","1","0","0","N","2135","1","1","0","0","0","0","0","2","0","1","03","03","N","","","","","","","","","","",""
"2023102021","1900","0","0","0","0","0","0","0","0","0","4","0","","67","11","2023","1","40.0765","-75.0327","1900","06","0","0","0","0","0","1","0","0","","0","0","0","14","1","1","01","","0","40 04:35.499","","00","75 01:57.662","2","0","0","0","67301","0","0","0","N","0","0","0","2","67301","0","","1","01","","N","N","N","1","","0","1","0","3","2","","1425","1","2","0","0","0","0","1","2","1","2","03","98","N","","","","","","","","","","",""
"2023113230","1707","1","0","0","0","0","0","0","0","0","8","0","","67","12","2023","6","40.0379","-75.0548","1702","06","0","0","0","0","0","0","1","0","","0","0","0","17","3","1","00","N","0","40 02:16.450","","00","75 03:17.400","4","0","0","0","67301","1","0","0","N","1","0","0","2","67301","1","","1","09","","N","N","N","0","","0","0","0","0","0","","1701","1","2","0","0","1","0","0","2","0","1","07","07","N","","","","","","","","","","",""
"2023106692","0154","1","0","0","0","0","0","0","0","0","4","0","","67","11","2023","4","39.9131","-75.2433","0152","06","0","0","0","0","0","0","0","0","","0","0","0","01","3","0","05","","0","39 54:47.100","","00","75 14:35.859","9","0","0","0","67301","0","0","0","N","0","0","0","2","67301","0","","1","09","","N","N","N","0","","0","0","1","3","2","","0140","0","2","0","0","0","0","2","2","0","2","07","07","N","","","","","","","","","","",""
"2023106430","0043","2","0","0","0","0","0","0","0","0","6","0","","67","11","2023","5","40.0449","-75.1654","0042","06","0","0","0","0","0","0","0","0","","0","0","0","00","3","1","00","N","1","40 02:41.800","3","00","75 09:55.310","4","0","0","0","67301","0","0","0","N","0","0","0","1","67301","1","","6","01","0202","N","N","N","0","","0","0","1","0","0","Y","0040","1","3","0","0","1","0","0","2","0","3","03","03","N","","","","","","","","","","",""
"2023118301","1930","2","0","0","0","0","0","0","0","0","5","0","55","67","12","2023","1","40.0353","-75.0181","1929","06","0","0","0","0","0","0","0","0","","0","0","0","19","3","0","00","N","0","40 02:07.069","","00","75 01:05.264","0","0","0","0","67301","0","0","0","N","0","0","0","2","68K01","0","","1","09","","N","N","N","0","","0","0","0","0","0","","1926","0","2","0","0","0","0","0","2","0","2","07","07","Y","4","1","N","","","N","","","","Y","N"
"2023112341","2105","0","0","0","0","0","0","0","0","0","1","0","","67","12","2023","1","39.9319","-75.1437","2059","06","0","0","0","0","0","1","0","0","","0","0","0","20","3","1","00","N","2","39 55:54.981","1","00","75 08:37.316","8","0","0","0","67301","0","0","0","N","0","0","0","4","67301","0","","1","01","2349","N","N","N","1","","0","0","3","0","0","N","2055","1","4","0","0","0","1","2","2","0","4","03","03","N","","","","","","","","","","",""
"2023106691","1720","0","0","0","0","0","0","0","0","0","1","0","","67","11","2023","3","39.9194","-75.2114","1711","06","0","0","0","0","0","1","0","0","","0","0","0","17","3","0","00","N","0","39 55:09.890","","00","75 12:40.960","0","0","0","0","67301","0","0","0","N","0","0","0","1","67301","0","","1","09","","N","N","N","1","","0","0","1","0","0","","1711","0","2","0","0","0","0","0","2","0","2","07","","N","","","","","","","","","","",""
"2023110345","0115","2","0","0","0","0","0","0","0","0","4","0","","67","12","2023","1","39.9272","-75.2363","0108","06","0","0","0","0","0","0","0","0","","0","0","0","01","3","1","01","","0","39 55:38.056","","00","75 14:10.687","3","0","0","0","67301","0","0","0","N","0","0","0","3","67301","0","","1","09","","N","N","N","0","","1","0","0","2","3","","0105","1","2","0","0","0","0","2","2","0","2","07","04","N","","","","","","","","","","",""
"2023106689","1658","0","0","0","0","0","0","0","0","0","4","0","","67","11","2023","2","39.9222","-75.2182","1652","06","0","0","0","0","0","0","0","0","","0","0","0","16","2","2","00","N","0","39 55:19.960","","00","75 13:05.350","3","0","0","0","67301","0","0","0","N","0","0","0","5","67301","0","","1","01","","N","N","N","0","","1","0","2","0","0","","1650","2","2","0","0","0","1","3","2","0","2","03","03","N","","","","","","","","","","",""
"2023110188","1232","0","0","0","0","0","0","0","0","0","4","0","","67","12","2023","1","39.8994","-75.1748","1228","06","0","0","0","0","0","1","0","0","","0","0","0","12","1","1","02","","0","39 53:57.844","","02","75 10:29.207","3","0","0","0","67301","0","0","0","N","0","0","0","7","67301","0","","1","09","","N","N","N","0","","1","0","2","3","2","","1225","1","2","0","0","0","0","0","2","0","2","07","07","N","","","","","","","","","","",""
"2023113981","0947","0","0","0","0","0","0","0","0","0","1","0","","67","11","2023","3","40.0185","-75.0471","0944","06","0","0","0","0","0","1","0","0","","0","0","0","09","1","0","00","N","2","40 01:06.479","1","00","75 02:49.438","0","0","0","0","67301","0","0","0","N","0","0","0","3","68K01","0","","1","01","1030","N","N","N","0","","0","0","3","0","0","N","0942","0","3","0","0","0","0","0","2","0","3","03","","N","","","","","","","","","","",""
"2023102117","1955","1","0","0","0","0","0","0","0","0","1","0","","67","11","2023","1","39.9391","-75.192","1950","06","0","0","0","0","0","1","0","0","","0","0","0","19","3","1","00","Y","2","39 56:20.700","3","00","75 11:31.100","3","0","0","0","67301","0","0","0","N","0","0","0","4","67301","0","","1","01","2155","N","N","N","0","","1","0","2","3","2","Y","1948","1","3","0","0","0","0","0","2","0","3","03","03","N","","","","","","","","","","",""
"2023110209","0857","0","0","0","0","0","0","0","0","0","4","0","","67","12","2023","1","40.0017","-75.1663","0857","06","0","0","0","0","0","0","0","0","","0","0","0","08","1","1","01","","0","40 00:06.008","","00","75 09:58.507","3","0","0","0","67301","0","0","0","N","0","0","0","2","67301","0","","1","09","","N","N","N","0","","1","0","2","3","2","","0852","1","2","0","0","0","0","0","2","0","2","07","07","N","","","","","","","","","","",""
"2023110278","0130","1","0","0","0","0","0","0","0","0","5","0","","67","11","2023","3","40.0068","-75.0735","0121","06","0","0","0","0","0","0","0","0","","0","0","0","01","3","4","00","N","1","40 00:24.352","1","00","75 04:24.724","3","0","0","0","67301","0","0","0","N","0","0","0","4","68K01","0","","1","01","0218","N","N","N","0","","4","0","1","0","0","N","0119","4","2","0","0","0","0","0","2","0","2","03","","N","","","","","","","","","","",""
"2023106717","2359","0","0","0","0","0","0","0","0","0","5","0","","67","11","2023","4","39.9555","-75.1481","2358","06","0","0","0","0","0","0","0","0","","0","0","0","23","3","1","00","N","1","39 57:19.729","4","02","75 08:53.156","3","0","0","0","67301","0","0","0","N","0","0","0","4","67501","0","","1","09","0006","N","N","N","0","","1","0","2","0","0","N","2356","1","2","0","0","0","0","0","2","0","2","07","","N","","","","","","","","","","",""
"2023111042","2105","1","0","0","0","0","0","0","0","0","1","0","","67","12","2023","1","39.9074","-75.1431","2105","06","0","0","0","1","0","0","0","0","","0","0","0","21","3","0","00","N","2","39 54:26.800","3","03","75 08:35.200","0","0","0","0","67301","0","0","0","N","0","0","0","3","67501","0","","1","09","2145","N","N","N","0","","0","0","1","0","0","N","2105","0","2","0","0","0","0","0","2","0","2","07","05","N","","","","","","","","","","",""
"2023104581","1058","0","0","0","0","0","0","0","0","0","8","0","","67","11","2023","5","39.9548","-75.1751","1051","06","0","0","0","0","0","0","0","0","","0","0","0","10","1","1","00","N","0","39 57:17.280","","00","75 10:30.236","2","0","0","0","67301","1","0","1","N","1","0","1","2","67301","0","","1","01","","N","N","N","0","","0","1","1","0","0","","1040","1","2","0","0","1","0","0","2","0","1","03","03","N","","","","","","","","","","",""
"2023106766","2044","1","0","0","0","0","0","0","0","0","8","0","","67","11","2023","2","39.9373","-75.1623","2044","06","0","0","0","0","0","0","0","0","","0","0","0","14","1","1","00","N","0","39 56:14.100","","07","75 09:44.400","8","0","0","0","67301","1","0","0","N","1","0","0","2","67301","0","","1","01","","N","N","N","0","","0","0","0","0","0","","1400","1","2","0","0","0","1","0","2","0","1","03","","N","","","","","","","","","","",""
"2023113229","1645","1","0","0","0","0","0","0","0","0","1","1","","67","12","2023","6","40.0204","-75.0806","1638","06","0","0","0","0","0","0","0","0","","0","1","0","16","1","1","00","N","0","40 01:13.400","","00","75 04:50.300","3","0","0","0","67301","0","0","0","N","0","0","0","2","67301","0","","1","09","","N","N","N","0","","1","0","0","3","2","","1607","1","2","0","0","1","0","0","2","0","2","07","07","N","","","","","","","","","","",""
"2023113037","1742","2","0","0","0","0","0","0","0","0","5","0","","67","12","2023","7","39.9546","-75.1408","1735","06","0","0","0","0","0","0","0","0","","0","0","0","17","3","2","00","N","2","39 57:16.654","1","00","75 08:26.890","2","0","0","0","67301","0","0","0","N","0","0","0","4","68K01","0","","1","01","1913","N","N","N","0","","1","1","1","0","0","N","1732","2","3","0","1","1","0","0","2","0","3","03","03","N","","","","","","","","","","",""
"2023101660","2012","0","0","0","0","0","0","0","0","0","4","0","","67","11","2023","2","40.0584","-75.1692","2011","06","0","0","0","0","0","0","0","0","","0","0","0","20","3","0","00","N","0","40 03:30.330","","00","75 10:09.230","9","0","0","0","67301","0","0","0","N","0","0","0","3","67301","0","","1","01","","N","N","N","0","","0","0","0","3","3","","2010","0","2","0","0","0","0","1","2","1","2","03","03","N","","","","","","","","","","",""
"2023106682","0914","1","0","0","0","0","0","0","0","0","4","0","","67","11","2023","4","40.0408","-75.073","0854","06","0","0","0","0","0","1","0","0","","0","0","0","08","1","0","01","","0","40 02:26.818","","00","75 04:22.792","0","0","0","0","67301","0","0","0","N","0","0","0","2","67301","0","","1","01","","N","N","N","0","","0","0","0","3","3","","0828","0","2","0","0","0","0","0","2","1","2","03","03","N","","","","","","","","","","",""
"2023109904","1845","2","0","0","0","0","0","0","0","0","4","0","","67","12","2023","6","39.9487","-75.1525","1840","06","0","0","0","0","0","0","0","0","","0","0","0","18","3","0","01","","0","39 56:55.282","","00","75 09:08.973","0","0","0","0","67301","0","0","0","N","0","0","0","2","67301","0","","1","09","","N","N","N","0","","0","0","0","3","3","","1830","0","2","0","0","0","0","0","2","0","2","07","07","N","","","","","","","","","","",""
"2023104218","1820","0","0","0","0","0","0","0","0","0","4","0","","67","11","2023","4","40.0739","-75.0776","1812","06","0","0","1","0","0","1","0","0","","0","0","0","17","3","0","01","","0","40 04:26.082","","00","75 04:39.292","9","0","0","0","67301","0","0","0","N","0","0","0","3","67301","0","","1","01","","N","N","N","0","","0","0","1","0","0","","1724","0","2","0","0","0","0","1","2","1","2","03","03","N","","","","","","","","","","",""
"2023107297","1326","0","0","0","0","0","0","0","0","0","7","0","","67","11","2023","2","39.9602","-75.1805","1326","06","0","0","0","0","0","0","0","0","","0","0","0","18","3","1","00","N","0","39 57:36.731","","00","75 10:49.919","3","0","0","0","67301","0","0","0","N","0","0","0","1","68K01","0","","4","01","","N","N","N","0","","1","0","1","0","0","","1800","1","1","0","0","0","0","0","2","0","1","03","03","N","","","","","","","","","","",""
"2023106178","0120","1","0","0","0","0","0","0","0","0","5","0","","67","11","2023","3","40.0504","-75.1423","0120","06","0","0","0","0","0","0","0","0","","0","0","0","00","3","0","00","N","0","40 03:01.588","","00","75 08:32.129","0","0","0","0","67301","0","0","0","N","0","0","0","2","67301","0","","1","01","","N","N","N","0","","0","0","1","0","0","","0056","0","2","0","0","2","0","0","2","0","2","03","03","N","","","","","","","","","","",""
"2023106246","1618","0","0","0","0","0","0","0","0","0","1","0","","67","11","2023","4","39.9793","-75.1578","1615","06","0","0","0","0","0","0","1","0","","0","0","0","16","1","1","00","N","1","39 58:45.505","2","00","75 09:28.098","8","0","0","0","67301","0","0","0","N","0","0","0","3","67505","0","","1","01","1645","N","N","N","0","","0","0","2","0","0","Y","1610","1","2","0","0","2","1","0","2","0","2","03","04","N","","","","","","","","","","",""
"2023104243","2016","1","0","0","1","0","0","0","0","0","8","0","","67","11","2023","4","39.938","-75.1682","2016","06","0","0","0","0","0","0","0","0","","0","0","0","18","3","1","00","N","0","39 56:16.940","","00","75 10:05.680","8","0","0","0","67301","1","0","0","N","0","0","0","3","67301","0","","1","01","","N","N","N","0","","0","0","1","0","0","","1847","1","3","0","0","0","1","0","2","0","2","03","","N","","","","","","","","","","",""
"2023100338","1751","0","0","0","0","0","0","0","0","0","4","0","","67","11","2023","1","40.0443","-75.118","1751","06","0","0","0","0","0","1","0","0","","0","0","0","17","3","1","00","N","2","40 02:39.574","4","07","75 07:04.730","8","0","0","1","67301","0","0","0","N","0","0","0","2","67301","0","","1","01","1830","N","N","N","0","","0","0","1","0","0","Y","1750","1","2","0","0","0","1","0","2","0","2","03","","N","","","","","","","","","","",""
"2023105714","0500","0","0","0","0","0","0","0","0","0","1","0","","67","11","2023","4","40.0058","-75.1123","0500","06","0","0","0","0","0","0","0","0","","0","0","0","02","3","0","00","N","0","40 00:20.742","","00","75 06:44.144","0","0","0","0","67301","0","0","0","N","0","0","0","1","67301","0","","6","01","","N","N","N","0","","0","0","1","0","0","","0257","0","2","0","0","0","0","0","2","0","2","03","03","N","","","","","","","","","","",""
"2023106693","1651","0","0","0","0","0","0","0","0","0","8","0","","67","11","2023","4","39.9265","-75.2331","1651","06","0","0","0","0","0","1","0","0","","0","0","0","16","4","1","01","","2","39 55:35.252","6","00","75 13:59.106","3","0","0","0","67301","1","0","0","N","1","0","0","2","67301","0","","1","01","1716","N","N","N","0","","1","0","1","3","2","Y","1650","1","2","0","0","0","0","0","2","0","1","03","","N","","","","","","","","","","",""
"2023100482","1323","0","0","0","0","0","0","0","0","0","1","0","","67","11","2023","2","39.9346","-75.1427","1300","06","0","0","0","0","0","1","0","0","","0","0","0","12","1","1","00","N","0","39 56:04.512","","99","75 08:33.735","8","0","0","0","67301","0","0","0","N","0","0","0","2","67301","0","","1","01","","N","N","N","0","","0","0","1","0","0","","1223","1","2","0","0","0","1","1","2","1","2","03","03","N","","","","","","","","","","",""
"2023106523","1140","3","0","1","0","0","0","0","0","0","5","0","","67","11","2023","3","40.0539","-75.0546","1139","06","0","0","0","0","0","0","0","1","","0","0","0","11","1","1","00","N","0","40 03:13.877","","00","75 03:16.578","2","0","0","0","67301","0","0","0","N","0","0","0","1","67301","0","","6","01","","N","N","Y","0","","0","1","0","0","0","","1130","1","3","0","0","0","0","0","2","0","3","03","03","N","","","","","","","","","","",""
"2023109394","1550","1","0","0","0","0","0","0","0","0","4","0","","67","12","2023","6","40.0917","-74.9824","1532","06","0","0","0","0","0","0","0","0","","0","0","0","14","1","0","02","","0","40 05:30.069","","00","74 58:56.779","0","0","0","0","67301","0","0","0","N","0","0","0","2","67301","0","","1","09","","N","N","N","0","","0","0","1","0","0","","1449","0","2","0","0","0","0","0","2","0","2","07","07","N","","","","","","","","","","",""
"2023112026","1743","1","0","0","0","0","0","0","0","0","1","0","","67","12","2023","2","40.0975","-75.048","1737","06","0","0","0","0","0","1","0","0","","0","0","0","17","3","1","00","N","0","40 05:50.998","","00","75 02:52.700","3","0","0","0","67301","0","0","0","N","0","0","0","2","67301","0","","1","01","","N","N","N","0","","1","0","1","0","0","","1735","1","2","0","0","0","0","0","2","0","2","03","03","N","","","","","","","","","","",""
"2023104586","1700","0","0","0","0","0","0","0","0","0","4","0","","67","11","2023","5","40.0024","-75.0797","1657","06","0","0","0","0","0","0","0","0","","0","0","0","16","1","2","03","","2","40 00:08.772","1","00","75 04:47.367","3","0","0","0","67301","0","0","0","N","0","0","0","7","67301","0","","1","01","0100","N","N","Y","1","","2","0","0","3","2","Y","1641","2","4","0","0","0","0","0","2","2","4","03","03","N","","","","","","","","","","",""
"2023100953","0009","1","0","0","0","0","0","0","0","0","4","0","","67","11","2023","2","40.0685","-75.1483","0004","06","0","0","0","0","0","0","0","0","","0","0","0","23","3","3","02","","0","40 04:06.442","","00","75 08:54.104","3","0","0","0","67301","0","0","0","N","0","0","0","3","67301","2","","1","01","","N","N","N","0","","1","0","1","3","2","","2355","3","2","0","0","0","0","0","2","0","2","03","03","N","","","","","","","","","","",""
"2023110193","0159","0","0","0","0","0","0","0","0","0","7","0","","67","12","2023","2","40.0798","-75.03","0148","06","0","0","0","0","0","0","0","0","","0","0","0","01","3","0","00","N","0","40 04:47.364","","00","75 01:48.178","0","0","0","0","67301","0","0","0","N","0","0","0","1","67301","0","","4","09","","N","N","N","0","","0","0","1","0","0","","0145","0","1","0","0","0","0","0","2","0","1","03","03","N","","","","","","","","","","",""
"2023110743","1840","2","0","0","0","0","0","0","0","0","5","0","","67","12","2023","1","39.9657","-75.1606","1830","06","0","0","0","0","0","1","1","0","","0","0","0","18","3","1","00","Y","0","39 57:56.464","","00","75 09:38.233","3","0","0","0","67301","0","0","0","N","0","0","0","4","67301","0","","1","09","","N","N","N","1","","1","0","0","3","2","","1800","1","4","0","0","0","0","1","2","0","4","07","07","N","","","","","","","","","","",""
"2023099828","0234","3","0","0","0","0","0","0","0","0","5","0","","67","11","2023","1","39.9833","-75.1322","0229","06","0","0","0","0","0","0","0","0","","0","0","0","02","3","0","00","N","2","39 58:59.980","1","00","75 07:55.750","0","0","0","0","67301","0","0","0","N","0","0","0","1","67301","0","","4","01","0355","N","N","N","0","","0","0","2","0","0","Y","0225","0","5","0","0","0","0","0","2","0","5","03","03","N","","","","","","","","","","",""
"2023110346","0445","1","0","0","0","0","0","0","0","0","1","0","","67","12","2023","2","39.9282","-75.2334","0444","06","0","0","0","0","0","0","0","0","","0","0","0","04","3","0","00","N","0","39 55:41.650","","00","75 14:00.330","0","0","0","0","67301","0","0","0","N","0","0","0","1","67301","0","","1","99","","N","N","N","0","","0","0","1","0","0","","0410","0","2","0","0","0","0","0","2","0","2","03","03","N","","","","","","","","","","",""
"2023111708","2015","0","0","0","1","0","0","0","0","0","8","0","","67","12","2023","6","39.9564","-75.2021","2011","06","0","0","0","0","0","1","0","0","","0","0","0","18","3","1","01","","0","39 57:22.950","","00","75 12:07.628","3","0","0","0","67301","1","0","0","N","0","0","0","2","68Z99","0","","1","09","","N","N","N","0","","1","0","1","3","3","","1845","1","2","0","0","0","0","0","2","0","1","07","07","N","","","","","","","","","","",""
"2023113611","1840","1","0","0","0","0","0","0","0","0","1","0","","67","11","2023","3","39.9438","-75.1427","1840","06","0","0","0","0","0","0","2","0","","0","0","0","18","3","0","00","N","0","39 56:37.798","","00","75 08:33.613","0","0","0","0","67301","0","0","0","N","0","0","0","2","68K01","0","","1","09","","N","N","N","0","","0","0","1","0","0","","1838","0","2","0","0","0","0","0","2","0","2","03","03","N","","","","","","","","","","",""
"2023106686","1705","0","0","0","0","0","0","0","0","0","7","0","30","67","11","2023","3","40.0536","-75.0085","1657","06","0","0","0","0","0","0","0","1","","0","0","0","16","3","0","03","","2","40 03:12.920","1","00","75 00:30.637","0","0","0","0","67301","0","0","0","N","0","0","0","1","67301","0","","1","09","0100","N","N","N","0","","0","0","1","3","2","Y","1635","0","1","0","0","0","0","0","2","0","1","07","07","Y","2","1","N","N","N","N","Y","N","N","N","N"
"2023106022","1016","2","0","0","0","0","0","0","0","0","4","0","","67","11","2023","2","39.9954","-75.1055","1015","06","0","0","0","0","0","1","0","0","","0","0","0","10","1","1","01","","0","39 59:43.551","","00","75 06:19.875","3","0","0","0","67301","0","0","0","N","0","0","0","3","67301","0","","1","01","","N","N","N","1","","1","0","0","3","2","","1000","1","3","0","0","0","0","0","2","0","3","03","03","N","","","","","","","","","","",""
"2023106433","0148","0","0","0","0","0","0","0","0","0","4","0","","67","11","2023","4","40.0355","-75.0431","0141","06","0","0","0","0","0","0","0","0","","0","0","0","01","3","1","02","","0","40 02:08.020","","00","75 02:35.783","3","0","0","0","67301","0","0","0","N","0","0","0","2","67301","0","","1","09","","N","N","N","2","","1","0","0","3","3","","0117","1","2","0","0","1","0","0","2","0","2","07","07","N","","","","","","","","","","",""
"2023102121","1610","2","0","0","0","0","0","0","0","0","1","0","","67","11","2023","1","40.0147","-75.1183","1605","06","0","0","0","0","0","0","0","0","","0","0","0","15","1","2","00","N","0","40 00:52.851","","00","75 07:05.853","4","0","0","0","67301","0","0","0","N","0","0","0","4","67301","2","","1","01","","N","N","N","0","","0","0","0","0","0","","1554","2","2","0","0","2","0","0","2","0","2","03","03","N","","","","","","","","","","",""
"2023106447","1659","0","0","0","0","0","0","0","0","0","4","0","","67","11","2023","3","39.9788","-75.1149","1653","06","0","0","0","0","0","0","0","0","","0","0","0","16","3","2","00","N","0","39 58:43.994","","00","75 06:54.199","3","0","0","0","67301","0","0","0","N","0","0","0","3","67301","0","","1","09","","N","N","N","0","","2","0","2","0","0","","1652","2","2","0","0","3","0","0","2","0","2","07","07","N","","","","","","","","","","",""
"2023099971","0809","1","0","0","0","0","0","0","0","0","8","0","","67","11","2023","1","39.8974","-75.1754","0806","06","0","0","0","0","0","0","0","0","","0","0","0","08","1","1","01","","0","39 53:50.613","","00","75 10:31.514","8","0","0","0","67301","1","0","0","N","1","0","0","2","67301","0","","1","01","","N","N","N","0","","0","0","0","3","2","","0800","1","2","0","0","0","1","0","2","0","1","03","03","N","","","","","","","","","","",""
"2023106443","0550","1","0","0","0","0","0","0","0","0","4","0","","67","11","2023","2","39.9896","-75.1572","0546","06","0","0","0","0","0","0","1","0","","0","0","0","05","3","0","01","","2","39 59:22.506","4","00","75 09:26.013","0","0","0","0","67301","0","0","0","N","0","0","0","2","67301","0","","1","01","0700","N","N","N","0","","0","0","1","1","2","Y","0545","0","2","0","0","1","0","0","2","0","2","03","","N","","","","","","","","","","",""
"2023118134","0220","1","0","0","0","0","0","0","0","0","7","0","","67","11","2023","4","40","-75.1952","0211","06","0","0","0","0","0","0","0","0","","0","0","0","02","2","1","00","N","0","39 59:59.826","","00","75 11:42.859","3","0","0","0","67301","0","0","0","N","0","0","0","1","68K01","0","","4","08","","N","N","N","0","","1","0","0","0","0","","0211","1","1","0","0","0","0","0","2","0","1","07","03","N","","","","","","","","","","",""
"2023110353","1543","1","0","0","0","0","0","0","0","0","4","0","","67","12","2023","6","40.0314","-75.1548","1543","06","0","0","0","0","0","0","1","0","","0","0","0","16","4","3","01","","0","40 01:53.219","","00","75 09:17.182","3","0","0","0","67301","0","0","0","N","0","0","0","3","67301","0","","1","01","","N","N","N","0","","3","0","1","3","2","","1610","3","2","0","0","0","0","0","2","0","2","03","03","N","","","","","","","","","","",""
"2023106701","2330","2","0","0","0","0","0","0","0","0","2","0","","67","11","2023","4","40.0301","-75.1426","2330","06","0","0","0","0","0","1","0","0","","0","0","0","20","3","1","00","N","0","40 01:48.260","","00","75 08:33.400","3","0","0","0","67301","0","0","0","N","0","0","0","2","67301","0","","1","01","","N","N","N","0","","1","0","0","0","0","","2035","1","2","0","0","0","0","0","2","0","2","04","","N","","","","","","","","","","",""
"2023110198","1137","1","0","0","0","0","0","0","0","0","3","0","","67","11","2023","3","40.0126","-75.1408","1137","06","0","0","0","0","0","1","0","0","","0","0","0","10","1","3","01","","0","40 00:45.377","","00","75 08:26.717","3","0","0","0","67301","0","0","0","N","0","0","0","4","67301","0","","1","01","","N","N","N","0","","3","0","1","3","3","","1045","3","2","0","0","1","0","0","2","0","2","03","03","N","","","","","","","","","","",""
"2023111025","2110","0","0","0","0","0","0","0","0","0","1","0","","67","12","2023","2","40.0908","-75.0078","2059","06","0","0","0","0","0","0","0","0","","0","0","0","20","3","0","00","N","2","40 05:26.870","2","00","75 00:27.930","9","0","0","0","67301","0","0","0","N","0","0","0","2","67301","0","","1","01","2330","N","N","N","1","","0","0","1","0","0","N","2050","0","2","0","0","0","0","1","2","0","2","03","03","N","","","","","","","","","","",""
"2023110749","1218","0","0","0","0","0","0","0","0","0","8","0","","67","12","2023","6","39.9836","-75.1719","1218","06","0","0","0","0","0","0","0","0","","0","0","0","19","3","1","01","","0","39 59:01.028","","00","75 10:18.732","3","0","0","0","67301","1","0","0","N","1","0","0","2","67301","0","","1","08","","N","N","N","0","","1","0","0","3","3","","1930","1","2","0","0","0","0","1","2","0","1","07","07","N","","","","","","","","","","",""
"2023103839","1738","1","0","0","0","0","0","0","0","0","8","0","","67","11","2023","4","39.9147","-75.155","1736","06","0","0","0","0","0","0","0","0","","0","0","0","17","3","1","02","","2","39 54:53.150","4","00","75 09:17.889","2","0","0","0","67301","1","0","1","N","1","0","1","2","67301","0","","1","01","1815","N","N","N","0","","0","1","0","3","2","Y","1734","1","2","0","0","0","0","0","2","0","1","03","","N","","","","","","","","","","",""