"CRN","ARRIVAL_TM","AUTOMOBILE_COUNT","BELTED_DEATH_COUNT","BELTED_SUSP_SERIOUS_INJ_COUNT","BICYCLE_COUNT","BICYCLE_DEATH_COUNT","BICYCLE_SUSP_SERIOUS_INJ_COUNT","BUS_COUNT","CHLDPAS_DEATH_COUNT","CHLDPAS_SUSP_SERIOUS_INJ_COUNT","COLLISION_TYPE","COMM_VEH_COUNT","CONS_ZONE_SPD_LIM","COUNTY","CRASH_MONTH","CRASH_YEAR","DAY_OF_WEEK","DEC_LAT","DEC_LONG","DISPATCH_TM","DISTRICT","DRIVER_COUNT_16YR","DRIVER_COUNT_17YR","DRIVER_COUNT_18YR","DRIVER_COUNT_19YR","DRIVER_COUNT_20YR","DRIVER_COUNT_50_64YR","DRIVER_COUNT_65_74YR","DRIVER_COUNT_75PLUS","EST_HRS_CLOSED","FATAL_COUNT","HEAVY_TRUCK_COUNT","HORSE_BUGGY_COUNT","HOUR_OF_DAY","ILLUMINATION","INJURY_COUNT","INTERSECT_TYPE","INTERSECTION_RELATED","LANE_CLOSED","LATITUDE","LN_CLOSE_DIR","LOCATION_TYPE","LONGITUDE","MAX_SEVERITY_LEVEL","MCYCLE_DEATH_COUNT","MCYCLE_SUSP_SERIOUS_INJ_COUNT","MOTORCYCLE_COUNT","MUNICIPALITY","NONMOTR_COUNT","NONMOTR_DEATH_COUNT","NONMOTR_SUSP_SERIOUS_INJ_COUNT","NTFY_HIWY_MAINT","PED_COUNT","PED_DEATH_COUNT","PED_SUSP_SERIOUS_INJ_COUNT","PERSON_COUNT","POLICE_AGCY","POSSIBLE_INJ_COUNT","RDWY_SURF_TYPE_CD","RELATION_TO_ROAD","ROAD_CONDITION","ROADWAY_CLEARED","SCH_BUS_IND","SCH_ZONE_IND","SECONDARY_CRASH","SMALL_TRUCK_COUNT","SPEC_JURIS_CD","SUSP_MINOR_INJ_COUNT","SUSP_SERIOUS_INJ_COUNT","SUV_COUNT","TCD_FUNC_CD","TCD_TYPE","TFC_DETOUR_IND","TIME_OF_DAY","TOT_INJ_COUNT","TOTAL_UNITS","UNB_DEATH_COUNT","UNB_SUSP_SERIOUS_INJ_COUNT","UNBELTED_OCC_COUNT","UNK_INJ_DEG_COUNT","UNK_INJ_PER_COUNT","URBAN_RURAL","VAN_COUNT","VEHICLE_COUNT","WEATHER1","WEATHER2","WORK_ZONE_IND","WORK_ZONE_LOC","WORK_ZONE_TYPE","WORKERS_PRES","WZ_CLOSE_DETOUR","WZ_FLAGGER","WZ_LAW_OFFCR_IND","WZ_LN_CLOSURE","WZ_MOVING","WZ_OTHER","WZ_SHLDER_MDN","WZ_WORKERS_INJ_KILLED"
"2023110352","1200","2","0","0","0","0","0","0","0","0","4","0","","67","12","2023","7","39.9916","-75.1847","1200","06","0","0","0","0","0","0","0","0","","0","0","0","15","1","0","01","","0","39 59:29.698","","00","75 11:04.939","0","0","0","0","67301","0","0","0","N","0","0","0","2","67301","0","","1","09","","N","N","N","0","","0","0","0","3","2","","1530","0","2","0","0","0","0","0","2","0","2","04","04","N","","","","","","","","","","",""
"2023101258","2353","1","0","0","0","0","0","0","0","0","5","0","","67","11","2023","1","40.095","-75.0378","2348","06","0","0","0","0","0","0","0","1","","0","0","0","22","3","0","00","N","0","40 05:42.040","","00","75 02:16.070","9","0","0","0","67301","0","0","0","N","0","0","0","1","67301","0","","2","01","","N","N","N","1","","0","0","4","0","0","","2252","0","6","0","0","0","0","1","2","0","6","03","03","N","","","","","","","","","","",""
"2023102122","1920","1","0","0","0","0","0","0","0","0","2","0","","67","11","2023","2","40.0004","-75.1431","1919","06","0","0","0","0","0","1","0","0","","0","0","0","19","3","3","03","","1","39 59:57.632","3","00","75 08:08.493","3","0","0","0","67301","0","0","0","N","0","0","0","4","67301","1","","1","01","2030","N","N","N","0","","2","0","0","3","2","N","1909","3","2","0","0","0","0","0","2","1","2","03","03","N","","","","","","","","","","",""
"2023111059","2227","1","0","0","0","0","0","0","0","0","7","0","","67","12","2023","1","39.9162","-75.1904","2227","06","0","0","0","0","0","0","0","0","","0","0","0","22","3","1","00","N","1","39 54:58.342","4","00","75 11:25.328","4","0","0","0","67301","0","0","0","N","0","0","0","1","67501","1","","2","09","2249","N","N","N","0","","0","0","0","0","0","N","2224","1","1","0","0","0","0","0","2","0","1","07","07","N","","","","","","","","","","",""
"2023104583","1818","0","0","0","0","0","0","0","0","0","8","0","","67","11","2023","5","39.9556","-75.1728","1818","06","0","0","0","0","0","1","0","0","","0","0","0","18","3","1","01","","0","39 57:20.163","","00","75 10:21.961","3","0","0","0","67301","1","0","0","N","1","0","0","2","67301","0","","1","01","","N","N","N","1","","1","0","0","3","2","","1800","1","2","0","0","0","0","0","2","0","1","03","","N","","","","","","","","","","",""
"2023113244","2136","0","0","0","0","0","0","0","0","0","8","0","","67","11","2023","4","40.0062","-75.0958","2117","06","0","0","0","0","0","0","0","0","","0","0","0","21","3","2","00","N","0","40 00:22.260","","01","75 05:44.900","2","0","0","0","67301","2","0","1","N","2","0","1","3","67301","0","","1","01","","N","N","N","0","","1","1","0","0","0","","2110","2","3","0","0","0","0","0","2","0","1","03","98","N","","","","","","","","","","",""
"2023101670","1619","0","0","0","0","0","0","0","0","0","1","0","","67","11","2023","2","40.018","-75.155","1554","06","0","0","0","0","0","0","0","1","","0","0","0","15","1","1","02","","2","40 01:04.726","5","00","75 09:18.002","3","0","0","0","67301","0","0","0","N","0","0","0","1","67301","0","","4","01","1750","N","N","N","0","","1","0","2","3","2","Y","1554","1","2","0","0","0","0","0","2","0","2","03","03","N","","","","","","","","","","",""
"2023115794","0310","1","0","0","0","0","0","0","0","0","4","0","","67","12","2023","3","40.0057","-75.099","0310","06","0","0","0","0","0","0","0","0","","0","0","0","03","3","1","01","","2","40 00:20.750","5","00","75 05:56.564","3","0","0","0","67301","0","0","0","N","0","0","0","2","67301","0","","1","01","0500","N","N","N","0","","1","0","1","3","2","N","0305","1","2","0","0","1","0","0","2","0","2","03","03","N","","","","","","","","","","",""
"2023100495","1920","0","0","0","0","0","0","0","0","0","8","0","","67","11","2023","1","39.9537","-75.2323","1920","06","0","0","0","0","0","0","0","0","","0","0","0","16","1","1","01","","0","39 57:13.402","","00","75 13:56.208","8","0","0","0","67301","1","0","0","N","1","0","0","2","67301","0","","1","01","","N","N","N","0","","0","0","0","3","3","","1650","1","2","0","0","0","1","0","2","1","1","03","","N","","","","","","","","","","",""
"2023099972","0024","3","0","0","0","0","0","0","0","0","5","0","","67","11","2023","1","40.0466","-75.1042","0015","06","0","0","0","0","0","0","0","0","","0","0","0","00","3","0","00","N","0","40 02:47.640","","00","75 06:15.110","0","0","0","0","67301","0","0","0","N","0","0","0","1","67301","0","","6","01","","N","N","N","0","","0","0","0","0","0","","0010","0","3","0","0","1","0","0","2","0","3","03","03","N","","","","","","","","","","",""
"2023106543","1845","1","0","0","0","0","0","0","0","0","7","0","","67","11","2023","3","39.882","-75.2119","1830","06","0","0","0","0","0","0","0","0","","0","0","0","18","3","1","00","N","0","39 52:55.090","","01","75 12:42.760","3","0","0","0","67301","0","0","0","N","0","0","0","2","67301","0","","4","09","","N","N","N","0","","1","0","0","0","0","","1810","1","1","0","0","0","0","0","2","0","1","07","07","N","","","","","","","","","","",""
"2023106444","0005","0","0","0","0","0","0","0","0","0","8","0","","67","11","2023","3","39.9909","-75.1483","2356","06","0","0","0","0","0","0","0","0","","0","0","0","23","3","1","00","N","0","39 59:27.360","","00","75 08:53.730","2","0","0","0","67301","1","0","1","N","1","0","1","2","67301","0","","1","08","","N","N","N","0","","0","1","0","0","0","","2310","1","2","0","0","0","0","0","2","0","1","07","","N","","","","","","","","","","",""
"2023100501","1315","1","0","0","0","0","0","0","0","0","6","0","","67","11","2023","1","39.9769","-75.1195","1315","06","0","0","0","0","0","0","0","0","","0","0","0","21","3","0","00","N","0","39 58:35.648","","00","75 07:10.591","9","0","0","0","67301","0","0","0","N","0","0","0","2","67301","0","","1","99","","N","N","N","0","","0","0","1","0","0","","2100","0","2","0","0","1","0","1","2","0","2","99","","N","","","","","","","","","","",""
"2023108283","1035","1","0","0","0","0","0","0","0","0","8","0","","67","11","2023","4","40.0236","-75.0564","1035","06","0","0","0","0","0","0","0","0","","0","0","0","06","1","1","01","","0","40 01:25.034","","00","75 03:23.168","2","0","0","0","67301","1","0","1","N","1","0","1","2","67301","0","","1","09","","N","N","N","0","","0","1","0","3","2","","0656","1","2","0","0","0","0","1","2","0","1","04","07","N","","","","","","","","","","",""
"2023106769","0800","0","0","0","0","0","0","0","0","0","8","0","","67","11","2023","4","40.0459","-74.9946","0740","06","0","0","0","0","0","0","0","0","","0","0","0","23","3","1","01","","0","40 02:45.118","","00","74 59:40.643","8","0","0","0","67301","1","0","0","N","1","0","0","2","67301","0","","1","99","","N","N","N","1","","0","0","0","3","2","","2300","1","2","0","0","0","1","0","2","0","1","99","03","N","","","","","","","","","","",""
"2023111143","1656","0","0","0","0","0","0","0","0","0","8","0","","67","12","2023","1","40.0146","-75.1074","1653","06","0","0","0","0","0","0","0","0","","0","0","0","16","3","1","01","","1","40 00:52.732","3","00","75 06:26.582","8","0","0","0","67301","1","0","0","N","1","0","0","2","67301","0","","1","09","1710","N","N","N","1","","0","0","0","3","2","Y","1647","1","2","0","0","0","1","1","2","0","1","04","07","N","","","","","","","","","","",""
"2023109624","1720","1","0","0","0","0","0","0","0","0","5","0","","67","12","2023","7","39.9065","-75.2411","1712","06","0","0","0","0","0","1","0","0","","0","0","0","17","1","0","00","N","2","39 54:23.349","2","00","75 14:27.814","9","0","0","0","67301","0","0","0","N","0","0","0","4","67301","0","","1","01","1850","N","N","N","0","","0","0","1","0","0","N","1702","0","4","0","0","0","0","2","2","1","4","03","03","N","","","","","","","","","","",""
"2023101669","1351","2","0","0","0","0","0","0","0","0","4","0","","67","11","2023","2","40.0278","-75.1761","1350","06","0","0","0","0","0","0","0","0","","0","0","0","13","1","1","01","","0","40 01:40.105","","00","75 10:33.790","4","0","0","0","67301","0","0","0","N","0","0","0","3","67301","1","","1","01","","N","N","N","0","","0","0","0","3","3","","1349","1","2","0","0","2","0","1","2","0","2","03","03","N","","","","","","","","","","",""
"2023100335","0512","1","0","0","0","0","0","0","0","0","5","0","","67","11","2023","1","39.9627","-75.2171","0509","06","0","0","0","0","0","0","0","0","","0","0","0","05","3","1","00","N","0","39 57:45.841","","00","75 13:01.386","4","0","0","0","67301","0","0","0","N","0","0","0","1","67301","1","","2","01","","N","N","N","0","","0","0","2","0","0","","0506","1","3","0","0","0","0","0","2","0","3","03","03","N","","","","","","","","","","",""
"2023111026","2310","2","0","0","0","0","0","0","0","0","4","0","","67","12","2023","2","40.1047","-75.0015","2256","06","0","0","0","0","1","1","0","0","","0","0","0","22","3","2","01","","1","40 06:16.829","7","00","75 00:05.337","3","0","0","0","67301","0","0","0","N","0","0","0","2","67301","0","","1","01","0100","N","N","N","0","","2","0","0","3","2","Y","2205","2","2","0","0","2","0","0","2","0","2","03","03","N","","","","","","","","","","",""
"2023109519","0215","0","0","0","0","0","0","0","0","0","4","0","","67","12","2023","6","39.952","-75.1734","0213","06","0","0","0","0","0","1","0","0","","0","0","0","02","3","1","02","","0","39 57:07.358","","00","75 10:24.208","8","0","0","0","67301","0","0","0","N","0","0","0","3","67301","0","","1","01","","N","N","N","0","","0","0","2","3","1","","0210","1","2","0","0","0","1","2","2","0","2","03","03","N","","","","","","","","","","",""
"2023106685","1710","1","0","0","0","0","0","0","0","0","4","0","","67","11","2023","3","40.0515","-75.0091","1704","06","0","0","0","0","0","0","0","0","","0","0","0","16","3","1","02","","0","40 03:05.232","","00","75 00:32.644","3","0","0","0","67301","0","0","0","N","0","0","0","2","67301","0","","1","09","","N","N","N","0","","1","0","1","3","2","","1630","1","2","0","0","0","0","1","2","0","2","07","07","N","","","","","","","","","","",""
"2023107406","2024","1","0","0","0","0","0","0","0","0","1","0","","67","11","2023","1","39.9803","-75.2053","2017","06","0","0","0","0","0","2","0","0","","0","0","0","20","3","1","00","N","1","39 58:49.100","4","00","75 12:19.168","4","0","0","0","67301","0","0","0","N","0","0","0","3","68K01","1","","1","01","2136","N","N","N","0","","0","0","1","0","0","Y","2011","1","2","0","0","0","0","0","2","0","2","03","","N","","","","","","","","","","",""
"2023116242","0623","3","0","0","0","0","0","0","0","0","1","0","","67","12","2023","6","39.9517","-75.1835","0622","06","0","0","0","0","0","0","0","0","","0","0","0","06","3","0","00","N","0","39 57:06.278","","00","75 11:00.633","0","0","0","0","67301","0","0","0","N","0","0","0","1","67504","0","","2","01","","N","N","N","0","","0","0","2","0","0","","0612","0","5","0","0","0","0","0","2","0","5","03","03","N","","","","","","","","","","",""
"2023105601","0000","2","0","0","0","0","0","0","0","0","4","0","","67","11","2023","1","39.9702","-75.1451","2357","06","0","0","0","0","0","1","0","0","","0","0","0","23","3","0","01","","2","39 58:12.576","3","00","75 08:42.266","0","0","0","0","67301","0","0","0","N","0","0","0","3","67301","0","","1","01","0054","N","N","N","0","","0","0","0","3","2","Y","2356","0","2","0","0","0","0","0","2","0","2","03","","N","","","","","","","","","","",""
"2023109908","1950","1","0","0","0","0","0","0","0","0","1","0","","67","12","2023","1","40.067","-75.1649","1943","06","0","0","0","0","0","1","0","0","","0","0","0","19","3","1","00","N","0","40 04:01.100","","00","75 09:53.500","3","0","0","0","67301","0","0","0","N","0","0","0","1","67301","0","","4","09","","N","N","N","1","","1","0","1","0","0","","1930","1","3","0","0","0","0","0","2","0","3","07","07","N","","","","","","","","","","",""
"2023109692","1355","2","0","0","0","0","0","0","0","0","5","0","","67","12","2023","1","39.9799","-75.1538","1345","06","0","0","0","0","0","0","0","0","","0","0","0","13","1","3","00","N","2","39 58:47.800","2","00","75 09:13.600","4","0","0","0","67301","0","0","0","N","0","0","0","5","67505","3","","1","09","1430","N","N","N","0","","0","0","2","3","3","Y","1339","3","4","0","0","0","0","0","2","0","4","07","04","N","","","","","","","","","","",""
"2023109625","0400","2","0","0","0","0","0","0","0","0","6","0","","67","12","2023","7","39.947","-75.2361","0355","06","0","0","0","0","0","0","0","0","","0","0","0","03","3","1","00","N","0","39 56:49.060","","00","75 14:10.110","3","0","0","0","67301","0","0","0","N","0","0","0","1","67301","0","","4","09","","N","N","N","1","","1","0","0","3","3","","0355","1","4","0","0","0","0","0","2","1","4","03","03","N","","","","","","","","","","",""
"2023109781","0032","1","0","0","0","0","0","0","0","0","4","0","","67","12","2023","7","39.9612","-75.1466","0030","06","0","0","0","0","0","1","0","0","","0","0","0","00","3","6","01","","2","39 57:40.427","7","00","75 08:47.691","2","0","0","0","67301","0","0","0","N","0","0","0","8","67301","0","","1","09","0306","N","N","N","0","","5","1","0","3","2","Y","0026","6","2","0","0","0","0","0","2","1","2","03","03","N","","","","","","","","","","",""
"2023103774","0925","1","0","0","0","0","0","0","0","0","1","0","","67","11","2023","4","40.0559","-75.0894","0922","06","0","0","0","0","0","1","0","0","","0","0","0","09","1","1","00","N","0","40 03:21.189","","00","75 05:21.948","3","0","0","0","67301","0","0","0","N","0","0","0","2","67301","0","","1","01","","N","N","N","0","","1","0","0","0","0","","0916","1","2","0","0","0","0","0","2","1","2","03","03","N","","","","","","","","","","",""
"2023106423","0838","0","0","0","0","0","0","0","0","0","8","0","","67","11","2023","2","39.9517","-75.1582","0830","06","0","0","0","0","0","0","0","0","","0","0","0","08","8","1","01","","0","39 57:06.266","","00","75 09:29.838","4","0","0","0","67301","1","0","0","N","1","0","0","2","67301","1","","1","01","","N","N","N","0","","0","0","1","3","2","","0825","1","2","0","0","0","0","0","2","0","1","03","03","N","","","","","","","","","","",""
"2023106914","2359","1","0","0","0","0","0","0","0","0","8","0","","67","11","2023","5","39.9627","-75.2467","2357","06","0","0","0","0","0","0","0","0","","0","0","0","23","3","1","01","","0","39 57:45.805","","01","75 14:48.154","8","0","0","0","67301","1","0","0","N","1","0","0","2","67301","0","","1","01","","N","N","N","0","","0","0","0","3","2","","2346","1","2","0","0","0","1","0","2","0","1","03","03","N","","","","","","","","","","",""
"2023104341","1527","1","0","0","0","0","0","0","0","0","4","0","","67","11","2023","4","39.93","-75.1803","1526","06","0","0","0","0","0","0","0","0","","0","0","0","15","1","3","01","","2","39 55:47.824","2","00","75 10:48.941","3","0","0","0","67301","0","0","0","N","0","0","0","3","67301","0","","1","01","1620","N","N","N","0","","3","0","1","3","3","Y","1523","3","2","0","0","0","0","0","2","0","2","03","03","N","","","","","","","","","","",""
"2023100497","1700","1","0","0","0","0","0","0","0","0","4","0","","67","11","2023","1","39.9738","-75.2452","1632","06","0","0","0","0","0","1","0","0","","0","0","0","14","1","1","01","","0","39 58:25.565","","00","75 14:43.057","3","0","0","0","67301","0","0","0","N","0","0","0","2","67301","0","","1","01","","N","N","N","0","","1","0","1","3","2","","1430","1","2","0","0","0","0","0","2","0","2","03","03","N","","","","","","","","","","",""
"2023104819","2139","3","0","0","0","0","0","0","0","0","1","0","","67","11","2023","2","40.0036","-75.0771","2127","06","0","0","0","0","0","0","0","0","","0","0","0","21","3","7","00","N","1","40 00:12.827","1","00","75 04:37.736","3","0","0","0","67301","0","0","0","N","0","0","0","7","68K01","0","","1","01","2230","N","N","N","0","","7","0","0","0","0","N","2124","7","3","0","0","0","0","0","2","0","3","03","03","N","","","","","","","","","","",""
"2023113131","1912","1","0","0","0","0","0","0","0","0","1","0","","67","12","2023","6","39.9064","-75.1366","1910","06","0","1","0","0","0","0","0","0","","0","0","0","18","3","0","00","N","2","39 54:23.200","3","03","75 08:11.900","0","0","0","0","67301","0","0","0","N","0","0","0","4","67501","0","","1","01","1944","N","N","N","0","","0","0","1","0","0","N","1830","0","2","0","0","0","0","0","2","0","2","03","03","N","","","","","","","","","","",""
"2023111029","0250","1","0","0","0","0","0","0","0","0","4","0","","67","12","2023","2","40.035","-75.0575","0245","06","0","0","0","0","0","0","1","0","","0","0","0","02","3","0","01","","0","40 02:06.090","","00","75 03:27.140","9","0","0","0","67301","0","0","0","N","0","0","0","2","67301","0","","1","01","","N","N","N","1","","0","0","0","3","3","","0235","0","2","0","0","0","0","1","2","0","2","03","03","N","","","","","","","","","","",""
"2023106529","1604","1","0","0","0","0","0","0","0","0","4","0","","67","11","2023","3","40.0818","-75.0305","1601","06","0","0","0","1","0","0","0","0","","0","0","0","15","1","1","01","","0","40 04:54.834","","00","75 01:49.382","3","0","0","0","67301","0","0","0","N","0","0","0","2","67301","0","","1","09","","N","N","N","0","","1","0","1","3","3","","1555","1","2","0","0","0","0","0","2","0","2","07","","N","","","","","","","","","","",""
"2023100909","0223","0","0","0","0","0","0","0","0","0","7","0","","67","11","2023","1","40.0369","-75.0136","0216","06","0","0","0","0","0","0","0","0","","0","0","0","02","3","0","00","N","1","40 02:12.983","1","00","75 00:48.801","0","0","0","0","67301","0","0","0","N","0","0","0","1","68K01","0","","2","01","0255","N","N","N","0","","0","0","1","0","0","Y","0212","0","1","0","0","0","0","0","2","0","1","03","","N","","","","","","","","","","",""
"2023099970","0405","2","0","0","0","0","0","0","0","0","1","0","","67","11","2023","1","39.9211","-75.1938","0400","06","0","0","0","0","0","0","0","0","","0","0","0","02","3","1","01","","0","39 55:16.550","","00","75 11:37.727","3","0","0","0","67301","0","0","0","N","0","0","0","2","67301","0","","1","01","","N","N","N","0","","1","0","0","3","2","","0238","1","2","0","0","0","0","0","2","0","2","03","03","N","","","","","","","","","","",""
"2023101778","1552","2","0","0","0","0","0","0","0","0","4","0","","67","11","2023","2","39.9756","-75.2427","1552","06","0","0","0","0","0","2","0","0","","0","0","0","15","1","2","01","","1","39 58:32.311","6","00","75 14:33.662","3","0","0","0","67301","0","0","0","N","0","0","0","4","67301","1","","1","01","1635","N","N","N","0","","1","0","0","3","3","Y","1549","2","2","0","0","0","0","0","2","0","2","03","03","N","","","","","","","","","","",""
"2023104584","0413","1","0","0","0","0","0","0","0","0","5","0","","67","11","2023","4","39.9409","-75.2244","0357","06","0","0","0","0","0","0","0","0","","0","0","0","03","3","0","00","N","0","39 56:27.330","","00","75 13:27.930","9","0","0","0","67301","0","0","0","N","0","0","0","1","67301","0","","6","01","","N","N","N","0","","0","0","3","0","0","","0344","0","4","0","0","1","0","1","2","0","4","03","03","N","","","","","","","","","","",""
"2023113449","1028","1","0","0","0","0","0","0","0","0","1","0","","67","12","2023","6","40.0233","-75.0352","1028","06","0","0","0","0","0","0","0","0","","0","0","0","10","1","0","00","N","0","40 01:23.727","","00","75 02:06.881","0","0","0","0","67301","0","0","0","N","0","0","0","2","68K01","0","","1","01","","N","N","N","0","","0","0","1","0","0","","1018","0","2","0","0","0","0","0","2","0","2","04","04","N","","","","","","","","","","",""
"2023100941","1935","2","0","0","0","0","0","0","0","0","5","0","","67","11","2023","1","39.9366","-75.1568","1929","06","0","0","0","0","0","0","0","0","","0","0","0","19","1","1","00","N","2","39 56:11.730","2","00","75 09:24.300","3","0","0","0","67301","0","0","0","N","0","0","0","1","67301","0","","1","01","2149","N","N","N","0","","1","0","0","0","0","Y","1927","1","2","0","0","0","0","0","2","0","2","03","03","N","","","","","","","","","","",""
"2023110357","0907","1","0","0","0","0","0","0","0","0","4","0","","67","12","2023","1","40.0064","-75.1536","0907","06","0","0","0","0","0","0","0","0","","0","0","0","20","3","0","02","","0","40 00:22.903","","00","75 09:12.819","9","0","0","0","67301","0","0","0","N","0","0","0","2","67301","0","","1","09","","N","N","N","0","","0","0","1","0","0","","2015","0","2","0","0","0","0","1","2","0","2","07","07","N","","","","","","","","","","",""
"2023117176","1500","0","0","0","0","0","0","0","0","0","8","0","","67","11","2023","6","39.9495","-75.1659","1500","06","0","0","0","0","0","0","0","0","","0","0","0","19","3","1","01","","0","39 56:58.361","","00","75 09:57.142","3","0","0","0","67301","1","0","0","N","1","0","0","2","67301","0","","1","01","","N","N","N","0","","1","0","1","3","2","","1920","1","2","0","0","1","0","0","2","0","1","03","03","N","","","","","","","","","","",""
"2023109905","0021","1","0","0","0","0","0","0","0","0","1","0","","67","12","2023","1","40.0909","-75.0107","0018","06","0","0","0","0","0","1","0","0","","0","0","0","00","3","2","00","N","0","40 05:27.410","","00","75 00:38.500","3","0","0","0","67301","0","0","0","N","0","0","0","2","67301","1","","1","09","","N","N","N","0","","1","0","1","0","0","","0008","2","2","0","0","0","0","0","2","0","2","07","07","N","","","","","","","","","","",""
"2023117919","2235","0","0","0","0","0","0","0","0","0","1","0","","67","11","2023","4","39.9824","-75.1867","2228","06","0","0","0","0","0","0","0","0","","0","0","0","22","3","1","01","","0","39 58:56.629","","00","75 11:12.069","4","0","0","0","67301","0","0","0","N","0","0","0","2","67508","1","","1","01","","N","N","N","0","","0","0","2","3","2","","2228","1","2","0","0","0","0","0","2","0","2","03","03","N","","","","","","","","","","",""
"2023115802","1916","1","0","0","0","0","0","0","0","0","4","0","","67","12","2023","6","40.0124","-75.1395","1914","06","0","0","0","0","0","0","0","0","","0","0","0","19","3","4","01","","0","40 00:44.791","","00","75 08:22.131","3","0","0","0","67301","0","0","0","N","0","0","0","7","67301","0","","1","09","","N","N","N","1","","4","0","0","0","0","","1910","4","2","0","0","7","0","1","2","0","2","07","07","N","","","","","","","","","","",""
"2023106522","0516","2","0","0","0","0","0","0","0","0","4","0","","67","11","2023","3","40.0428","-75.0766","0513","06","0","0","0","0","0","1","0","0","","0","0","0","05","3","3","05","","0","40 02:34.015","","00","75 04:35.655","3","0","0","0","67301","0","0","0","N","0","0","0","3","67301","0","","1","01","","N","N","Y","0","","3","0","2","3","2","","0509","3","5","0","0","0","0","0","2","1","5","03","","N","","","","","","","","","","",""
"2023100957","1750","0","0","0","0","0","0","0","0","0","5","0","","67","11","2023","2","40.0092","-75.0866","1738","06","0","0","0","0","0","0","0","0","","0","0","0","17","3","0","00","N","0","40 00:33.280","","00","75 05:11.910","9","0","0","0","67301","0","0","0","N","0","0","0","1","67301","0","","4","01","","N","N","N","0","","0","0","2","0","0","","1710","0","2","0","0","0","0","1","2","0","2","03","03","N","","","","","","","","","","",""
"2023109520","1731","1","0","0","0","0","0","0","0","0","4","0","","67","12","2023","6","39.9929","-75.0923","1730","06","0","0","0","1","0","1","0","0","","0","0","0","17","3","1","00","N","0","39 59:34.600","","07","75 05:32.400","3","0","0","0","67301","0","0","0","N","0","0","0","2","67301","0","","1","09","","N","N","N","0","","1","0","1","0","0","","1725","1","2","0","0","0","0","0","2","0","2","04","07","N","","","","","","","","","","",""
"2023106535","2021","1","0","0","0","0","0","0","0","0","4","0","","67","11","2023","3","39.9768","-75.2523","2015","06","0","0","0","0","0","0","0","0","","0","0","0","18","6","2","01","","0","39 58:36.469","","00","75 15:08.388","8","0","0","0","67301","0","0","0","N","0","0","0","3","67301","0","","1","09","","N","N","N","0","","0","0","0","3","3","","1816","2","2","0","0","0","2","1","2","1","2","07","07","N","","","","","","","","","","",""
"2023110744","0535","2","0","0","0","0","0","0","0","0","4","0","","67","12","2023","2","39.9423","-75.2338","0532","06","0","0","0","0","0","0","0","0","","0","0","0","05","3","4","01","","1","39 56:32.369","6","00","75 14:01.754","4","0","0","0","67301","0","0","0","N","0","0","0","4","67301","4","","1","01","0630","N","N","N","0","","0","0","0","3","1","N","0531","4","2","0","0","2","0","0","2","0","2","03","03","N","","","","","","","","","","",""
"2023113231","1515","1","0","0","0","0","0","0","0","0","8","0","","67","12","2023","2","40.0377","-75.0425","1509","06","0","0","0","0","0","0","0","0","","0","0","0","14","1","1","01","","0","40 02:15.762","","00","75 02:32.815","3","0","0","0","67301","1","0","0","N","1","0","0","2","67301","0","","1","01","","N","N","N","0","","1","0","0","3","2","","1448","1","2","0","0","0","0","1","2","0","1","03","03","N","","","","","","","","","","",""
"2023106524","1651","1","0","0","0","0","0","0","0","0","1","0","","67","11","2023","3","40.0445","-75.0729","1651","06","0","0","0","0","0","0","0","0","","0","0","0","16","3","0","00","N","2","40 02:40.230","4","00","75 04:22.310","9","0","0","0","67301","0","0","0","N","0","0","0","1","67301","0","","6","09","1800","N","N","Y","0","","0","0","2","0","0","N","1651","0","3","0","0","0","0","1","2","0","3","07","","N","","","","","","","","","","",""
"2023107452","2021","0","0","0","1","0","0","0","0","0","8","0","","67","11","2023","4","39.9859","-75.1661","2021","06","0","0","0","0","0","0","0","0","","0","0","0","19","3","1","01","","0","39 59:09.409","","00","75 09:58.014","3","0","0","0","67301","1","0","0","N","0","0","0","2","67301","0","","1","09","","N","N","N","0","","1","0","0","3","2","","1952","1","2","0","0","0","0","0","2","0","1","07","07","N","","","","","","","","","","",""
"2023110284","0120","1","0","0","0","0","0","0","0","0","7","0","","67","11","2023","4","40.0442","-75.0027","0120","06","0","0","1","0","0","0","0","0","","0","0","0","01","3","0","00","N","1","40 02:39.185","1","00","75 00:09.836","0","0","0","0","67301","0","0","0","N","0","0","0","2","68K01","0","","2","09","0203","N","N","N","0","","0","0","0","0","0","Y","0120","0","2","0","0","0","0","0","2","1","2","07","","N","","","","","","","","","","",""
"2023105109","2147","0","0","0","0","0","0","0","0","0","5","0","","67","11","2023","5","39.9254","-75.2345","2141","06","0","0","0","0","0","0","0","0","","0","0","0","21","3","0","00","N","0","39 55:31.550","","00","75 14:04.370","0","0","0","0","67301","0","0","0","N","0","0","0","2","67301","0","","1","01","","N","N","N","0","","0","0","2","0","0","","2141","0","2","0","0","0","0","0","2","0","2","03","03","N","","","","","","","","","","",""
"2023106687","1755","0","0","0","0","0","0","0","0","0","8","0","","67","11","2023","3","40.0978","-74.9647","1734","06","0","0","0","0","0","1","0","0","","0","0","0","16","3","1","01","","1","40 05:52.069","3","00","74 57:52.952","3","0","0","0","67301","1","0","0","N","1","0","0","2","67301","0","","1","09","1815","N","N","N","1","","1","0","0","3","3","N","1650","1","2","0","0","0","0","0","2","0","1","07","07","N","","","","","","","","","","",""