"CRN","ARRIVAL_TM","AUTOMOBILE_COUNT","BELTED_DEATH_COUNT","BELTED_SUSP_SERIOUS_INJ_COUNT","BICYCLE_COUNT","BICYCLE_DEATH_COUNT","BICYCLE_SUSP_SERIOUS_INJ_COUNT","BUS_COUNT","CHLDPAS_DEATH_COUNT","CHLDPAS_SUSP_SERIOUS_INJ_COUNT","COLLISION_TYPE","COMM_VEH_COUNT","CONS_ZONE_SPD_LIM","COUNTY","CRASH_MONTH","CRASH_YEAR","DAY_OF_WEEK","DEC_LAT","DEC_LONG","DISPATCH_TM","DISTRICT","DRIVER_COUNT_16YR","DRIVER_COUNT_17YR","DRIVER_COUNT_18YR","DRIVER_COUNT_19YR","DRIVER_COUNT_20YR","DRIVER_COUNT_50_64YR","DRIVER_COUNT_65_74YR","DRIVER_COUNT_75PLUS","EST_HRS_CLOSED","FATAL_COUNT","HEAVY_TRUCK_COUNT","HORSE_BUGGY_COUNT","HOUR_OF_DAY","ILLUMINATION","INJURY_COUNT","INTERSECT_TYPE","INTERSECTION_RELATED","LANE_CLOSED","LATITUDE","LN_CLOSE_DIR","LOCATION_TYPE","LONGITUDE","MAX_SEVERITY_LEVEL","MCYCLE_DEATH_COUNT","MCYCLE_SUSP_SERIOUS_INJ_COUNT","MOTORCYCLE_COUNT","MUNICIPALITY","NONMOTR_COUNT","NONMOTR_DEATH_COUNT","NONMOTR_SUSP_SERIOUS_INJ_COUNT","NTFY_HIWY_MAINT","PED_COUNT","PED_DEATH_COUNT","PED_SUSP_SERIOUS_INJ_COUNT","PERSON_COUNT","POLICE_AGCY","POSSIBLE_INJ_COUNT","RDWY_SURF_TYPE_CD","RELATION_TO_ROAD","ROAD_CONDITION","ROADWAY_CLEARED","SCH_BUS_IND","SCH_ZONE_IND","SECONDARY_CRASH","SMALL_TRUCK_COUNT","SPEC_JURIS_CD","SUSP_MINOR_INJ_COUNT","SUSP_SERIOUS_INJ_COUNT","SUV_COUNT","TCD_FUNC_CD","TCD_TYPE","TFC_DETOUR_IND","TIME_OF_DAY","TOT_INJ_COUNT","TOTAL_UNITS","UNB_DEATH_COUNT","UNB_SUSP_SERIOUS_INJ_COUNT","UNBELTED_OCC_COUNT","UNK_INJ_DEG_COUNT","UNK_INJ_PER_COUNT","URBAN_RURAL","VAN_COUNT","VEHICLE_COUNT","WEATHER1","WEATHER2","WORK_ZONE_IND","WORK_ZONE_LOC","WORK_ZONE_TYPE","WORKERS_PRES","WZ_CLOSE_DETOUR","WZ_FLAGGER","WZ_LAW_OFFCR_IND","WZ_LN_CLOSURE","WZ_MOVING","WZ_OTHER","WZ_SHLDER_MDN","WZ_WORKERS_INJ_KILLED"
"2023081960","1222","1","0","0","0","0","0","0","0","0","8","0","","67","09","2023","2","40.0381","-75.0546","1222","06","0","0","0","0","0","0","0","0","","0","0","0","07","1","1","01","","0","40 02:17.228","","00","75 03:16.682","8","0","0","0","67301","1","0","0","N","1","0","0","2","67301","0","","1","01","","N","Y","N","0","","0","0","0","3","5","","0700","1","2","0","0","0","1","1","2","0","1","03","","N","","","","","","","","","","",""
"2023083066","0328","0","0","0","0","0","0","0","0","0","6","0","","67","09","2023","1","40.0078","-75.203","0317","06","0","0","0","0","0","1","0","0","","0","0","0","03","3","0","00","N","1","40 00:28.140","6","07","75 12:10.820","0","0","0","0","67301","0","0","0","N","0","0","0","2","67301","0","","1","01","0407","N","N","N","0","","0","0","2","0","0","N","0302","0","2","0","0","0","0","0","2","0","2","03","","N","","","","","","","","","","",""
"2023118116","0639","3","0","0","0","0","0","0","0","0","1","0","","67","08","2023","2","40.0077","-75.0722","0639","06","0","0","0","0","0","0","0","0","","0","0","0","06","1","0","00","N","1","40 00:27.614","2","00","75 04:20.057","0","0","0","0","67301","0","0","0","N","0","0","0","5","68K01","0","","1","01","0639","N","N","N","0","","0","0","1","0","0","N","0638","0","5","0","0","0","0","0","2","1","5","03","","N","","","","","","","","","","",""
"2023100896","","1","0","0","0","0","0","0","0","0","1","0","","67","09","2023","3","","","","06","0","0","0","0","0","0","0","0","","0","0","0","17","1","1","00","N","0","","","00","","8","0","0","0","67301","0","0","0","N","0","0","0","2","00000","0","","1","01","","","","N","0","","0","0","0","0","0","","1742","1","2","0","0","0","1","0","1","0","2","03","","N","","","","","","","","","","",""
"2023100945","","1","0","0","0","0","0","0","0","0","4","0","","67","09","2023","5","40.039","-75.0801","","06","0","0","0","0","0","0","0","0","","0","0","0","18","1","2","01","","0","40 02:20.562","","00","75 04:48.376","8","0","0","0","67301","0","0","0","N","0","0","0","3","00000","0","","1","01","","","","N","0","","0","0","1","3","3","","1815","2","2","0","0","1","2","0","2","0","2","03","","N","","","","","","","","","","",""
"2023117383","1330","1","0","0","0","0","0","0","0","0","5","0","","67","11","2023","5","39.9784","-75.1101","1330","06","0","0","0","0","0","0","1","0","","0","0","0","13","1","0","00","N","0","39 58:42.286","","00","75 06:36.530","0","0","0","0","67301","0","0","0","N","0","0","0","1","68K01","0","","1","01","","N","N","N","0","","0","0","1","0","0","","1327","0","2","0","0","0","0","0","2","0","2","03","","N","","","","","","","","","","",""
"2023082804","2033","1","0","0","0","0","0","0","0","0","4","0","","67","09","2023","3","39.9991","-75.2309","2033","06","0","0","0","0","0","0","0","0","","0","0","0","20","3","1","01","","0","39 59:56.764","","00","75 13:51.134","3","0","0","0","67301","0","0","0","N","0","0","0","2","67301","0","","1","01","","N","N","N","0","","1","0","1","3","2","","2030","1","2","0","0","0","0","0","2","0","2","03","03","N","","","","","","","","","","",""
"2023081967","1841","2","0","0","0","0","0","0","0","0","4","0","","67","09","2023","6","39.9843","-75.2458","1841","06","0","0","0","0","0","0","0","0","","0","0","0","18","1","1","01","","0","39 59:03.406","","00","75 14:44.748","3","0","0","0","67301","0","0","0","N","0","0","0","2","67301","0","","1","01","","N","N","N","0","","1","0","0","3","2","","1837","1","2","0","0","0","0","0","2","0","2","03","","N","","","","","","","","","","",""
"2023114033","1235","0","1","0","0","0","0","0","0","0","2","0","","67","12","2023","3","40.0333","-75.1558","1211","06","0","0","0","0","0","1","0","0","","1","0","0","12","1","1","00","N","2","40 01:59.800","6","00","75 09:20.850","1","0","0","0","67301","0","0","0","N","0","0","0","2","67301","0","2","1","01","1927","N","N","N","0","0","1","0","1","0","0","Y","1200","1","2","0","0","0","0","0","2","1","2","03","","N","","","","","","","","","","",""
"2023116793","1345","0","0","0","0","0","0","0","0","0","4","1","","67","12","2023","3","40.1015","-75.0061","1340","06","0","0","0","0","0","0","0","0","","0","1","0","13","1","1","01","","1","40 06:05.989","2","00","75 00:22.303","3","0","0","0","67301","0","0","0","N","0","0","0","2","67301","0","","1","01","1540","N","N","N","0","","1","0","1","3","2","N","1315","1","2","0","0","0","0","0","2","0","2","03","03","N","","","","","","","","","","",""
"2023083488","1720","1","0","0","0","0","0","0","0","0","4","0","","67","09","2023","1","40.0281","-75.1827","1718","06","0","0","0","0","0","0","0","0","","0","0","0","17","1","1","02","","0","40 01:41.019","","00","75 10:57.687","3","0","0","0","67301","0","0","0","N","0","0","0","2","67301","0","","1","09","","N","N","N","0","","1","0","1","3","3","","1715","1","2","0","0","0","0","0","2","0","2","04","04","N","","","","","","","","","","",""
"2023117689","1249","1","0","0","0","0","0","0","0","0","5","0","","67","12","2023","2","39.9887","-75.0884","1246","06","0","0","0","1","0","0","0","0","","0","0","0","12","1","0","00","N","0","39 59:19.186","","00","75 05:18.418","0","0","0","0","67301","0","0","0","N","0","0","0","2","68K01","0","","1","01","","N","N","N","0","","0","0","1","0","0","","1234","0","2","0","0","0","0","0","2","0","2","03","03","N","","","","","","","","","","",""
"2023117313","1421","0","0","0","0","0","0","0","0","0","7","0","","67","09","2023","1","39.9005","-75.1555","1406","06","0","0","0","0","0","0","0","0","","0","0","0","14","1","0","00","N","1","39 54:01.825","1","00","75 09:19.945","0","0","0","0","67301","0","0","0","N","0","0","0","1","68K01","0","","4","09","1434","N","N","N","0","","0","0","1","0","0","N","1403","0","1","0","0","0","0","0","2","0","1","07","","N","","","","","","","","","","",""
"2023100970","","1","0","0","0","0","0","0","0","0","1","0","","67","09","2023","3","","","","06","0","0","0","0","0","0","1","0","","0","0","0","08","1","1","00","N","0","","","00","","8","0","0","0","67301","0","0","0","N","0","0","0","2","00000","0","","1","01","","","","N","1","","0","0","0","0","0","","0830","1","2","0","0","1","1","0","1","0","2","03","","N","","","","","","","","","","",""
"2023082786","1707","1","0","0","0","0","0","0","0","0","2","0","","67","09","2023","1","40.0483","-75.013","1706","06","0","0","0","0","1","0","0","0","","0","0","0","17","1","3","00","N","1","40 02:53.812","1","00","75 00:46.972","3","0","0","0","67301","0","0","0","N","0","0","0","5","67301","0","","1","09","1815","N","N","N","0","","3","0","0","0","0","N","1701","3","2","0","0","0","0","0","2","1","2","07","07","N","","","","","","","","","","",""
"2023082321","1830","0","0","0","0","0","0","0","0","0","7","0","","67","09","2023","1","39.9624","-75.1768","1820","06","0","0","0","0","0","0","0","0","","0","0","0","17","1","1","00","N","0","39 57:44.680","","00","75 10:36.411","3","0","0","0","67301","0","0","0","N","0","0","0","1","67301","0","","4","09","","N","N","N","0","","1","0","1","0","0","","1754","1","1","0","0","0","0","0","2","0","1","07","","N","","","","","","","","","","",""
"2023101002","","1","0","0","0","0","0","0","0","0","4","0","","67","07","2023","6","39.9893","-75.1555","","06","0","0","0","0","0","0","0","0","","0","0","0","15","1","2","01","","0","39 59:21.609","","00","75 09:19.709","8","0","0","0","67301","0","0","0","N","0","0","0","3","00000","0","","1","01","","","","N","0","","0","0","1","3","2","","1500","2","2","0","0","1","2","0","2","0","2","03","","N","","","","","","","","","","",""
"2023081958","0119","1","0","0","0","0","0","0","0","0","4","0","","67","09","2023","7","40.0512","-75.0661","0119","06","0","0","0","0","0","1","0","0","","0","0","0","00","3","1","01","","1","40 03:04.318","4","00","75 03:58.116","3","0","0","0","67301","0","0","0","N","0","0","0","4","67301","0","","1","01","0220","N","N","N","0","","1","0","2","3","2","N","0031","1","3","0","0","1","0","0","2","0","3","03","","N","","","","","","","","","","",""
"2023080078","2225","1","0","0","0","0","0","0","0","0","7","0","","67","09","2023","1","39.9789","-75.1578","2222","06","0","0","0","0","0","0","0","0","","0","0","0","22","3","0","00","N","0","39 58:43.967","","00","75 09:27.931","0","0","0","0","67301","0","0","0","N","0","0","0","5","67505","0","","4","09","","N","N","N","0","","0","0","0","0","0","","2205","0","1","0","0","0","0","0","2","0","1","07","07","N","","","","","","","","","","",""
"2023080485","0207","1","0","0","0","0","0","0","0","0","4","0","","67","09","2023","1","40.0192","-75.0886","0205","06","0","0","0","0","0","0","0","0","","0","0","0","02","3","2","01","","0","40 01:09.084","","00","75 05:18.823","3","0","0","0","67301","0","0","0","N","0","0","0","3","67301","0","","1","01","","N","N","N","0","","2","0","1","3","3","","0200","2","2","0","0","0","0","0","2","0","2","03","03","N","","","","","","","","","","",""
"2023080509","0218","1","0","0","0","0","0","0","0","0","4","0","","67","09","2023","1","40.0439","-75.1436","0218","06","0","0","0","0","0","1","0","0","","0","0","0","02","3","3","00","N","2","40 02:37.869","5","00","75 08:36.868","3","0","0","0","67301","0","0","0","N","0","0","0","3","67301","2","","1","01","0327","N","N","N","0","","1","0","1","0","0","Y","0218","3","2","0","0","0","0","0","2","0","2","03","03","N","","","","","","","","","","",""
"2023080977","1713","1","0","0","0","0","0","0","0","0","1","0","","67","09","2023","2","40.0522","-75.1757","1713","06","0","0","0","0","0","0","0","0","","0","0","0","16","1","0","00","N","0","40 03:07.819","","00","75 10:32.583","9","0","0","0","67301","0","0","0","N","0","0","0","1","67301","0","","6","01","","N","N","N","0","","0","0","1","0","0","","1600","0","2","0","0","0","0","1","2","0","2","03","","N","","","","","","","","","","",""
"2023081398","0108","0","0","0","0","0","0","0","0","0","8","0","","67","09","2023","4","40.0202","-75.1483","0103","06","0","0","0","0","0","0","0","0","","0","0","0","18","3","1","00","N","0","40 01:12.800","","00","75 08:53.700","3","0","0","0","67301","1","0","0","N","1","0","0","2","67301","0","","1","01","","N","N","N","0","","1","0","0","0","0","","1852","1","2","0","0","1","0","0","2","1","1","03","03","N","","","","","","","","","","",""
"2023116736","0328","0","0","0","0","0","0","0","0","0","7","0","","67","12","2023","7","39.9777","-75.201","0323","06","0","0","0","0","0","0","0","0","","0","0","0","03","3","1","00","N","0","39 58:39.708","","00","75 12:03.428","4","0","0","0","67301","0","0","0","N","0","0","0","1","68K01","1","","4","01","","N","N","N","0","","0","0","1","0","0","","0320","1","1","0","0","0","0","0","2","0","1","03","","N","","","","","","","","","","",""
"2023080989","0920","1","0","0","0","0","0","0","0","0","4","0","","67","09","2023","3","40.0123","-75.1505","0920","06","0","0","0","0","0","0","0","0","","0","0","0","08","1","0","01","","0","40 00:44.680","","00","75 09:01.992","9","0","0","0","67301","0","0","0","N","0","0","0","2","67301","0","","1","01","","N","N","N","0","","0","0","1","3","2","","0845","0","2","0","0","0","0","1","2","0","2","03","03","N","","","","","","","","","","",""
"2023080972","0038","1","0","0","0","0","0","0","0","0","5","0","","67","09","2023","4","40.0363","-75.0773","0032","06","0","0","0","0","1","0","0","0","","0","0","0","00","3","1","02","","0","40 02:10.533","","00","75 04:38.117","3","0","0","0","67301","0","0","0","N","0","0","0","2","67301","0","","1","01","","N","N","Y","0","","1","0","1","0","0","","0030","1","2","0","0","0","0","0","2","0","2","03","03","N","","","","","","","","","","",""
"2023117380","0705","2","0","0","0","0","0","0","0","0","1","1","","67","10","2023","6","40.0371","-75.0132","0659","06","0","0","0","0","0","1","1","0","","0","1","0","06","1","1","00","N","1","40 02:13.520","1","00","75 00:47.391","3","0","0","0","67301","0","0","0","N","0","0","0","4","68K01","0","","1","01","0710","N","N","N","0","","1","0","1","0","0","N","0649","1","4","0","0","0","0","0","2","0","4","03","03","N","","","","","","","","","","",""
"2023117999","0954","1","0","0","0","0","0","1","0","0","5","1","","67","11","2023","6","39.9736","-75.2089","0946","06","0","0","0","0","0","0","0","0","","0","0","0","09","1","2","02","","0","39 58:24.797","","00","75 12:32.036","4","0","0","0","67301","0","0","0","N","0","0","0","3","67508","2","","1","01","","N","N","N","0","","0","0","0","3","2","","0946","2","2","0","0","1","0","1","2","0","2","03","03","N","","","","","","","","","","",""
"2023118808","1016","2","0","0","0","0","0","0","0","0","4","0","","67","12","2023","5","40.0868","-74.9718","1015","06","0","0","0","0","0","0","0","0","","0","0","0","10","1","0","01","","1","40 05:12.685","4","00","74 58:19.097","0","0","0","0","67301","0","0","0","N","0","0","0","2","67301","0","","1","09","0020","N","N","N","0","","0","0","0","3","2","Y","1014","0","2","0","0","0","0","0","2","0","2","07","07","N","","","","","","","","","","",""
"2023101057","","2","0","0","0","0","0","0","0","0","1","0","","67","06","2023","3","40.047","-75.0514","","06","0","0","0","0","1","0","0","0","","0","0","0","17","1","2","02","","0","40 02:49.230","","00","75 03:05.062","8","0","0","0","67301","0","0","0","N","0","0","0","5","00000","0","","1","01","","","","N","0","","0","0","0","0","0","","1750","2","2","0","0","1","2","0","2","0","2","03","","N","","","","","","","","","","",""
"2023080763","1035","3","0","0","0","0","0","0","0","0","4","0","","67","09","2023","3","40.0608","-75.0681","1030","06","0","0","0","0","0","0","0","0","","0","0","0","10","1","2","01","","1","40 03:38.926","2","00","75 04:05.005","3","0","0","0","67301","0","0","0","N","0","0","0","2","67301","1","","1","01","0100","N","N","N","0","","1","0","0","3","2","N","1025","2","3","0","0","0","0","0","2","0","3","03","03","N","","","","","","","","","","",""
"2023101060","","1","0","0","0","0","0","0","0","0","1","0","","67","07","2023","3","39.9585","-75.1807","","06","0","0","0","0","0","1","0","0","","0","0","0","06","1","1","00","N","0","39 57:30.500","","02","75 10:50.627","8","0","0","0","67301","0","0","0","N","0","0","0","2","00000","0","","1","01","","","","N","1","","0","0","0","0","0","","0600","1","2","0","0","0","1","0","2","0","2","03","","N","","","","","","","","","","",""
"2023080973","1914","1","0","0","0","0","0","0","0","0","4","0","","67","09","2023","2","39.9375","-75.155","1909","06","0","0","0","0","0","0","0","0","","0","0","0","19","1","0","01","","0","39 56:14.884","","00","75 09:17.872","0","0","0","0","67301","0","0","0","N","0","0","0","2","67301","0","","1","01","","N","N","N","0","","0","0","0","3","3","","1900","0","2","0","0","0","0","0","2","1","2","99","","N","","","","","","","","","","",""
"2023087595","1327","1","0","0","0","0","0","0","0","0","7","0","","67","09","2023","6","39.9091","-75.1491","1327","06","0","0","0","0","0","0","0","1","","0","0","0","13","1","1","00","N","0","39 54:32.874","","00","75 08:56.785","8","0","0","0","67301","0","0","0","N","0","0","0","2","68K01","0","","2","01","","N","N","N","0","","0","0","0","0","0","","1317","1","1","0","0","0","1","0","2","0","1","03","","N","","","","","","","","","","",""
"2023081708","1135","0","0","0","0","0","0","0","0","0","5","0","","67","09","2023","5","39.9314","-75.1764","1135","06","0","0","0","0","0","1","0","0","","0","0","0","11","1","1","00","N","0","39 55:53.200","","00","75 10:35.000","4","0","0","0","67301","0","0","0","N","0","0","0","1","67301","1","","6","01","","N","N","N","0","","0","0","3","0","0","","1130","1","3","0","0","0","0","0","2","0","3","03","03","N","","","","","","","","","","",""
"2023081393","0015","1","0","0","0","0","0","0","0","0","4","0","","67","09","2023","5","40.0818","-75.0305","0010","06","0","0","0","0","0","0","1","0","","0","0","0","00","3","2","01","","0","40 04:54.834","","00","75 01:49.382","4","0","0","0","67301","0","0","0","N","0","0","0","2","67301","1","","1","01","","N","N","N","0","","0","0","1","3","3","","0007","2","2","0","0","0","1","0","2","0","2","03","03","N","","","","","","","","","","",""
"2023081713","1235","1","0","0","0","0","0","0","0","0","5","0","","67","09","2023","5","40.05","-75.1228","1235","06","0","0","0","0","0","1","0","0","","0","0","0","12","1","1","00","N","0","40 03:00.000","","00","75 07:21.900","3","0","0","0","67301","0","0","0","N","0","0","0","2","67301","0","","1","01","","N","N","N","0","","1","0","1","0","0","","1227","1","3","0","0","0","0","0","2","1","3","03","03","N","","","","","","","","","","",""
"2023115279","0125","1","0","0","0","0","0","0","0","0","4","0","","67","12","2023","6","39.9731","-75.1678","0121","06","0","0","0","0","0","0","1","0","","0","0","0","01","3","0","00","N","2","39 58:23.030","3","00","75 10:04.070","0","0","0","0","67301","0","0","0","N","0","0","0","1","67301","0","","1","01","0209","N","N","N","0","","0","0","2","0","0","Y","0103","0","3","0","0","0","0","0","2","0","3","03","03","N","","","","","","","","","","",""
"2023082793","2210","1","0","0","0","0","0","0","0","0","5","0","","67","09","2023","6","39.9605","-75.2417","2207","06","0","0","0","0","0","0","0","0","","0","0","0","22","3","2","00","N","0","39 57:37.872","","00","75 14:30.105","3","0","0","0","67301","0","0","0","N","0","0","0","4","67301","0","","1","01","","N","N","N","0","","2","0","1","0","0","","2204","2","2","0","0","0","0","0","2","0","2","03","","N","","","","","","","","","","",""
"2023115431","2337","2","0","0","0","0","0","0","0","0","5","0","","67","12","2023","7","39.8988","-75.1799","2320","06","0","0","0","0","0","0","0","0","","0","0","0","23","3","2","00","N","0","39 53:55.812","","00","75 10:47.549","3","0","0","0","67301","0","0","0","N","0","0","0","2","68K01","0","","1","01","","N","N","N","0","","2","0","0","0","0","","2314","2","2","0","0","0","0","0","2","0","2","03","03","N","","","","","","","","","","",""
"2023080470","0823","0","0","0","0","0","0","0","0","0","7","0","","67","09","2023","1","40.1002","-74.9876","0818","06","0","0","0","0","0","0","0","0","","0","0","0","08","1","1","06","","0","40 06:00.863","","02","74 59:15.327","3","0","0","0","67301","0","0","0","N","0","0","0","1","67301","0","","2","08","","N","N","N","0","","1","0","1","0","0","","0817","1","1","0","0","0","0","0","2","0","1","04","07","N","","","","","","","","","","",""
"2023081706","2030","0","0","0","0","0","0","0","0","0","4","0","","67","09","2023","5","40.0512","-75.0661","2030","06","0","0","0","0","0","1","1","0","","0","0","0","20","3","1","01","","0","40 03:04.390","","00","75 03:57.615","3","0","0","0","67301","0","0","0","N","0","0","0","4","67301","0","","1","01","","N","N","N","0","","1","0","0","3","2","","2030","1","3","0","0","2","0","0","2","2","3","03","03","N","","","","","","","","","","",""
"2023085788","0818","0","0","0","1","0","0","0","0","0","8","0","","67","09","2023","3","39.9453","-75.1516","0817","06","0","0","0","0","0","1","0","0","","0","0","0","08","1","1","01","","0","39 56:43.184","","00","75 09:05.860","3","0","0","0","67301","1","0","0","N","0","0","0","2","67301","0","","1","01","","N","N","N","0","","1","0","1","3","2","","0815","1","2","0","0","1","0","0","2","0","1","03","03","N","","","","","","","","","","",""
"2023098438","1802","1","0","0","0","0","0","0","0","0","5","0","","67","09","2023","7","39.9421","-75.143","1756","06","0","0","0","0","0","0","0","0","","0","0","0","17","1","4","00","N","2","39 56:31.452","1","00","75 08:34.778","2","0","0","0","67301","0","0","0","N","0","0","0","6","68K01","0","","1","09","1840","N","N","N","0","","0","2","0","0","0","N","1756","4","3","0","2","2","2","0","2","1","3","04","","N","","","","","","","","","","",""
"2023080461","0053","1","0","0","0","0","0","0","0","0","4","0","","67","09","2023","2","40.0419","-75.075","0053","06","0","0","0","0","0","0","0","0","","0","0","0","00","3","0","05","","0","40 02:31.046","","00","75 04:30.152","0","0","0","0","67301","0","0","0","N","0","0","0","3","67301","0","","1","09","","N","N","N","0","","0","0","1","3","2","","0053","0","2","0","0","0","0","0","2","0","2","07","","N","","","","","","","","","","",""
"2023082635","2320","1","0","0","0","0","0","0","0","0","1","0","","67","09","2023","1","40.0385","-75.0361","2312","06","0","0","0","0","0","0","1","0","","0","0","0","22","3","0","00","N","0","40 02:18.755","","00","75 02:09.951","9","0","0","0","67301","0","0","0","N","0","0","0","3","67301","0","","1","09","","N","N","N","0","","0","0","1","0","0","","2255","0","2","0","0","0","0","1","2","0","2","07","","N","","","","","","","","","","",""
"2023083072","0011","1","0","0","0","0","0","0","0","0","1","0","","67","09","2023","2","40.0325","-75.1491","0011","06","0","0","0","0","0","0","0","0","","0","0","0","00","3","0","00","N","0","40 01:57.150","","00","75 08:56.930","0","0","0","0","67301","0","0","0","N","0","0","0","1","67301","0","","1","09","","N","N","N","0","","0","0","1","0","0","","0011","0","2","0","0","0","0","0","2","0","2","07","07","N","","","","","","","","","","",""
"2023100583","","0","0","0","0","0","0","0","0","0","4","0","","67","06","2023","4","40.0235","-75.1684","","06","0","0","0","0","0","0","0","0","","0","0","0","99","1","1","02","","0","40 01:24.581","","00","75 10:06.380","8","0","0","0","67301","0","0","0","N","0","0","0","2","00000","0","","1","01","","","","N","0","","0","0","1","0","0","","9999","1","2","0","0","0","1","0","2","0","2","03","","N","","","","","","","","","","",""
"2023100003","","1","0","0","0","0","0","0","0","0","5","0","","67","08","2023","6","","","","06","0","0","0","0","0","0","0","0","","0","0","0","22","3","1","00","N","0","","","00","","8","0","0","0","67301","0","0","0","N","0","0","0","2","00000","0","","1","01","","","","N","0","","0","0","1","0","0","","2231","1","2","0","0","1","1","0","1","0","2","03","","N","","","","","","","","","","",""
"2023081547","1300","1","0","0","0","0","0","0","0","0","4","0","","67","09","2023","6","40.0049","-75.1539","1252","06","0","0","0","0","0","0","0","0","","0","0","0","12","1","1","01","","2","40 00:17.589","7","00","75 09:14.000","8","0","0","0","67301","0","0","0","Y","0","0","0","2","67505","0","","1","01","1252","N","Y","N","0","","0","0","0","3","2","Y","1252","1","2","0","0","1","1","0","2","1","2","03","03","N","","","","","","","","","","",""
"2023082319","0055","1","0","0","0","0","0","0","0","0","4","0","","67","09","2023","6","40.116","-75.0292","0052","06","0","0","0","0","0","0","0","0","","0","0","0","00","3","1","01","","0","40 06:57.445","","00","75 01:45.087","8","0","0","0","67301","0","0","0","N","0","0","0","2","67301","0","","1","01","","N","N","N","0","","0","0","1","3","3","","0045","1","4","0","0","1","1","0","2","2","4","03","","N","","","","","","","","","","",""
"2023111293","0410","2","0","0","0","0","0","0","0","0","8","0","","67","10","2023","1","39.9591","-75.1714","0405","06","0","0","0","0","0","0","0","0","","1","0","0","03","3","2","00","N","2","39 57:32.640","4","00","75 10:17.078","1","0","0","0","67301","1","1","0","N","1","1","0","3","68K01","0","2","1","01","0900","N","N","Y","0","0","2","0","0","0","0","Y","0358","2","3","0","0","0","0","0","2","0","2","03","","N","","","","","","","","","","",""
"2023093294","1717","1","0","0","0","0","0","0","0","0","2","1","","67","09","2023","2","","","1711","06","0","0","0","0","0","0","0","0","","0","1","0","17","1","1","01","","0","","","00","","4","0","0","0","67301","0","0","0","N","0","0","0","2","67508","1","","1","01","","N","N","N","0","","0","0","0","9","9","","1707","1","2","0","0","1","0","0","1","0","2","03","03","N","","","","","","","","","","",""
"2023107926","","1","0","0","0","0","0","0","0","0","4","0","","67","07","2023","7","39.9841","-75.1395","","06","0","0","0","0","0","0","0","0","","0","0","0","14","1","1","01","","0","39 59:02.846","","00","75 08:22.297","8","0","0","0","67301","0","0","0","N","0","0","0","2","00000","0","","1","01","","","","N","0","","0","0","0","3","3","","1420","1","2","0","0","0","1","0","2","0","2","03","","N","","","","","","","","","","",""
"2023080976","0355","1","0","0","0","0","0","0","0","0","2","0","","67","09","2023","2","40.0799","-75.1744","0350","06","0","0","0","0","0","0","0","0","","0","0","0","01","3","0","00","N","2","40 04:47.670","1","00","75 10:27.820","0","0","0","0","67301","0","0","0","N","0","0","0","1","67301","0","","6","09","0600","N","N","N","1","","0","0","0","0","0","Y","0151","0","2","0","0","0","0","0","2","0","2","07","03","N","","","","","","","","","","",""
"2023083606","2216","1","0","0","0","0","0","0","0","0","1","0","","67","09","2023","3","39.9304","-75.1577","2216","06","0","0","0","1","0","0","0","0","","0","0","0","22","3","0","00","N","0","39 55:49.260","","00","75 09:27.850","0","0","0","0","67301","0","0","0","N","0","0","0","1","67301","0","","6","01","","N","N","N","0","","0","0","1","0","0","","2215","0","2","0","0","0","0","0","2","0","2","03","03","N","","","","","","","","","","",""
"2023080979","0250","1","0","0","0","0","0","0","0","0","1","0","","67","09","2023","4","40.0185","-75.0838","0248","06","0","0","0","0","0","0","0","0","","0","0","0","01","3","0","00","N","0","40 01:06.730","","00","75 05:01.790","0","0","0","0","67301","0","0","0","N","0","0","0","1","67301","0","","1","01","","N","N","Y","1","","0","0","1","0","0","","0143","0","3","0","0","1","0","0","2","0","3","03","03","N","","","","","","","","","","",""
"2023082632","1908","0","0","0","0","0","0","0","0","0","8","0","","67","09","2023","5","39.9971","-75.074","1857","06","0","0","0","0","0","0","1","0","","0","0","0","18","4","1","00","N","0","39 59:49.423","","00","75 04:26.276","8","0","0","0","67301","1","0","0","N","1","0","0","2","67301","0","","1","01","","N","N","N","0","","0","0","1","0","0","","1857","1","2","0","0","0","1","0","2","0","1","03","03","N","","","","","","","","","","",""
"2023081959","2020","1","0","0","0","0","0","0","0","0","8","0","","67","09","2023","6","40.0317","-75.1789","2018","06","0","0","0","0","0","0","0","0","","0","0","0","20","3","3","01","","0","40 01:54.253","","00","75 10:43.938","2","0","0","0","67301","2","0","2","N","2","0","2","3","67301","0","","1","01","","N","N","N","0","","1","2","0","3","2","","2016","3","3","0","0","1","0","0","2","0","1","03","","N","","","","","","","","","","",""
"2023080716","0918","1","0","0","0","0","0","0","0","0","5","0","","67","09","2023","2","39.9955","-75.1664","0916","06","0","0","0","0","0","1","0","0","","0","0","0","09","1","0","00","N","0","39 59:43.660","","00","75 09:58.871","0","0","0","0","67301","0","0","0","N","0","0","0","2","67301","0","","6","01","","N","Y","N","0","","0","0","1","0","0","","0915","0","2","0","0","0","0","0","2","0","2","03","04","N","","","","","","","","","","",""
"2023111144","1539","1","0","0","0","0","0","0","0","0","8","0","","67","09","2023","5","40.0012","-75.142","1539","06","0","0","0","0","0","0","0","0","","0","0","0","18","1","2","03","","0","40 00:04.435","","00","75 08:31.124","2","0","0","0","67301","1","0","1","N","1","0","1","2","67301","0","","1","01","","N","N","N","0","","0","2","0","3","3","","1830","2","2","0","1","1","0","0","2","0","1","03","03","N","","","","","","","","","","",""