"CRN","ARRIVAL_TM","AUTOMOBILE_COUNT","BELTED_DEATH_COUNT","BELTED_SUSP_SERIOUS_INJ_COUNT","BICYCLE_COUNT","BICYCLE_DEATH_COUNT","BICYCLE_SUSP_SERIOUS_INJ_COUNT","BUS_COUNT","CHLDPAS_DEATH_COUNT","CHLDPAS_SUSP_SERIOUS_INJ_COUNT","COLLISION_TYPE","COMM_VEH_COUNT","CONS_ZONE_SPD_LIM","COUNTY","CRASH_MONTH","CRASH_YEAR","DAY_OF_WEEK","DEC_LAT","DEC_LONG","DISPATCH_TM","DISTRICT","DRIVER_COUNT_16YR","DRIVER_COUNT_17YR","DRIVER_COUNT_18YR","DRIVER_COUNT_19YR","DRIVER_COUNT_20YR","DRIVER_COUNT_50_64YR","DRIVER_COUNT_65_74YR","DRIVER_COUNT_75PLUS","EST_HRS_CLOSED","FATAL_COUNT","HEAVY_TRUCK_COUNT","HORSE_BUGGY_COUNT","HOUR_OF_DAY","ILLUMINATION","INJURY_COUNT","INTERSECT_TYPE","INTERSECTION_RELATED","LANE_CLOSED","LATITUDE","LN_CLOSE_DIR","LOCATION_TYPE","LONGITUDE","MAX_SEVERITY_LEVEL","MCYCLE_DEATH_COUNT","MCYCLE_SUSP_SERIOUS_INJ_COUNT","MOTORCYCLE_COUNT","MUNICIPALITY","NONMOTR_COUNT","NONMOTR_DEATH_COUNT","NONMOTR_SUSP_SERIOUS_INJ_COUNT","NTFY_HIWY_MAINT","PED_COUNT","PED_DEATH_COUNT","PED_SUSP_SERIOUS_INJ_COUNT","PERSON_COUNT","POLICE_AGCY","POSSIBLE_INJ_COUNT","RDWY_SURF_TYPE_CD","RELATION_TO_ROAD","ROAD_CONDITION","ROADWAY_CLEARED","SCH_BUS_IND","SCH_ZONE_IND","SECONDARY_CRASH","SMALL_TRUCK_COUNT","SPEC_JURIS_CD","SUSP_MINOR_INJ_COUNT","SUSP_SERIOUS_INJ_COUNT","SUV_COUNT","TCD_FUNC_CD","TCD_TYPE","TFC_DETOUR_IND","TIME_OF_DAY","TOT_INJ_COUNT","TOTAL_UNITS","UNB_DEATH_COUNT","UNB_SUSP_SERIOUS_INJ_COUNT","UNBELTED_OCC_COUNT","UNK_INJ_DEG_COUNT","UNK_INJ_PER_COUNT","URBAN_RURAL","VAN_COUNT","VEHICLE_COUNT","WEATHER1","WEATHER2","WORK_ZONE_IND","WORK_ZONE_LOC","WORK_ZONE_TYPE","WORKERS_PRES","WZ_CLOSE_DETOUR","WZ_FLAGGER","WZ_LAW_OFFCR_IND","WZ_LN_CLOSURE","WZ_MOVING","WZ_OTHER","WZ_SHLDER_MDN","WZ_WORKERS_INJ_KILLED"
"2023081731","2356","0","0","0","0","0","0","0","0","0","8","0","","67","09","2023","6","39.9787","-75.1579","2356","06","0","0","0","0","0","1","0","0","","0","0","0","23","3","1","01","","0","39 58:43.276","","00","75 09:28.368","2","0","0","0","67301","1","0","1","N","1","0","1","2","67505","0","","1","01","","N","N","N","0","","0","1","1","3","2","","2355","1","2","0","0","0","0","0","2","0","1","03","03","N","","","","","","","","","","",""
"2023082630","0426","1","0","0","0","0","0","0","0","0","2","0","","67","09","2023","6","40.1047","-75.0203","0422","06","0","0","0","0","0","0","0","0","","0","0","0","04","3","2","00","N","0","40 06:17.000","","00","75 01:12.900","3","0","0","0","67301","0","0","0","N","0","0","0","3","67301","0","","1","01","","N","N","N","0","","2","0","1","0","0","","0422","2","2","0","0","0","0","1","2","0","2","03","03","N","","","","","","","","","","",""
"2023072351","1835","1","0","0","0","0","0","0","0","0","5","0","","67","08","2023","3","40.0527","-75.0808","1830","06","0","0","1","0","0","0","0","0","","0","0","0","18","1","2","00","N","2","40 03:09.620","6","00","75 04:50.790","3","0","0","0","67301","0","0","0","N","0","0","0","2","67301","0","","6","01","1900","N","N","N","0","","2","0","1","0","0","Y","1825","2","2","0","0","0","0","0","2","0","2","03","03","N","","","","","","","","","","",""
"2023091605","2205","1","0","0","0","0","0","0","0","0","7","0","","67","08","2023","2","39.9772","-75.1993","2158","06","0","0","0","0","0","0","0","0","","0","0","0","21","3","0","00","N","0","39 58:37.897","","00","75 11:57.414","0","0","0","0","67301","0","0","0","N","0","0","0","1","68K01","0","","3","01","","N","N","N","0","","0","0","0","0","0","","2151","0","1","0","0","0","0","0","2","0","1","03","","N","","","","","","","","","","",""
"2023072237","0033","0","0","0","0","0","0","0","0","0","0","0","","67","08","2023","1","39.9231","-75.1699","0033","06","0","0","0","0","0","0","0","0","","0","0","0","22","3","1","01","","0","39 55:23.275","","00","75 10:11.576","3","0","0","1","67301","0","0","0","N","0","0","0","1","67301","0","","1","01","","N","N","N","0","","1","0","0","3","2","","2225","1","2","0","0","0","0","0","2","0","1","03","03","N","","","","","","","","","","",""
"2023073319","0130","0","0","0","0","0","0","0","0","0","4","0","","67","08","2023","7","39.9662","-75.137","0122","06","0","0","0","0","0","0","0","0","","0","0","0","22","3","0","01","","0","39 57:58.456","","01","75 08:13.232","0","0","0","0","67301","0","0","0","N","0","0","0","2","67301","0","","1","01","","N","N","N","0","","0","0","2","3","3","","2240","0","3","0","0","0","0","0","2","1","3","03","03","N","","","","","","","","","","",""
"2023058019","2141","0","0","0","0","0","0","0","0","0","4","0","","67","06","2023","6","40.0059","-75.152","2141","06","0","0","1","0","0","0","0","0","","0","0","0","21","3","1","00","N","1","40 00:21.581","1","00","75 09:07.091","8","0","0","1","67301","0","0","0","N","0","0","0","3","67505","0","","1","01","2205","N","N","N","0","","0","0","1","0","0","N","2141","1","2","0","0","0","1","0","2","0","2","03","03","N","","","","","","","","","","",""
"2023074581","1450","1","0","0","0","0","0","0","0","0","4","0","","67","08","2023","3","39.993","-75.2176","1445","06","0","0","0","0","0","2","0","0","","0","0","0","14","1","0","01","","0","39 59:34.507","","00","75 13:03.597","0","0","0","0","67301","0","0","0","N","0","0","0","2","67301","0","","1","01","","N","N","N","0","","0","0","1","2","2","","1430","0","2","0","0","0","0","0","2","0","2","03","03","N","","","","","","","","","","",""
"2023071890","2121","2","0","0","0","0","0","0","0","0","1","0","","67","08","2023","1","40.0396","-75.0458","2121","06","0","0","0","0","0","0","0","0","","0","0","0","21","3","1","01","","1","40 02:22.485","4","00","75 02:44.644","4","0","0","0","67301","0","0","0","N","0","0","0","4","67301","1","","1","01","0100","N","N","N","0","","0","0","1","3","2","N","2121","1","3","0","0","3","0","0","2","0","3","03","","N","","","","","","","","","","",""
"2023096532","0905","2","0","0","0","0","0","0","0","0","1","0","","67","10","2023","4","39.9582","-75.2109","0905","06","0","0","0","0","0","0","0","0","","0","0","0","09","1","1","00","N","1","39 57:29.575","3","00","75 12:39.181","3","0","0","0","67301","0","0","0","N","0","0","0","1","67301","0","","1","01","1000","N","N","N","0","","1","0","0","0","0","N","0905","1","2","0","0","0","0","0","2","0","2","03","04","N","","","","","","","","","","",""
"2023073512","1203","0","0","0","0","0","0","0","0","0","4","0","","67","08","2023","5","40.0215","-75.158","1203","06","0","0","0","0","0","1","0","0","","0","0","0","12","1","1","02","","2","40 01:17.509","5","00","75 09:28.691","8","0","0","0","67301","0","0","0","N","0","0","0","3","67301","0","","1","01","1300","N","N","N","1","","0","0","2","3","3","Y","1203","1","3","0","0","1","1","2","2","0","3","03","","N","","","","","","","","","","",""
"2023097547","0017","2","0","0","0","0","0","0","0","0","4","0","","67","10","2023","4","39.9246","-75.1714","0015","06","0","0","0","0","0","1","0","0","","0","0","0","00","3","0","01","","0","39 55:28.566","","00","75 10:17.048","0","0","0","0","67301","0","0","0","N","0","0","0","2","67301","0","","1","01","","N","N","N","0","","0","0","0","3","2","","0010","0","2","0","0","0","0","0","2","0","2","03","","N","","","","","","","","","","",""
"2023072995","2250","1","0","0","0","0","0","0","0","0","4","0","","67","08","2023","4","39.9858","-75.181","2240","06","0","0","0","0","1","0","0","0","","0","0","0","22","3","1","01","","0","39 59:09.038","","00","75 10:51.648","3","0","0","0","67301","0","0","0","N","0","0","0","2","67301","0","","1","01","","N","N","N","1","","1","0","0","3","2","","2200","1","2","0","0","1","0","0","2","0","2","03","03","N","","","","","","","","","","",""
"2023096665","0443","3","0","0","0","0","0","0","0","0","5","0","","67","04","2023","7","39.982","-75.1265","0440","06","0","0","0","0","0","0","0","0","","0","0","0","04","3","0","00","N","2","39 58:55.330","3","00","75 07:35.310","0","0","0","0","67301","0","0","0","N","0","0","0","1","67301","0","","6","01","0545","N","N","N","0","","0","0","1","0","0","N","0410","0","4","0","0","1","0","0","2","0","4","03","","N","","","","","","","","","","",""
"2023098439","2110","1","0","0","0","0","0","0","0","0","1","0","","67","09","2023","4","40.0208","-75.0419","2110","06","0","0","0","0","0","0","0","0","","0","0","0","20","3","1","00","N","0","40 01:15.030","","00","75 02:30.833","8","0","0","0","67301","0","0","0","N","0","0","0","2","68K01","0","","1","01","","N","N","N","0","","0","0","1","0","0","","2031","1","2","0","0","0","1","0","2","0","2","03","","N","","","","","","","","","","",""
"2023073641","1555","3","0","0","0","0","0","0","0","0","1","0","","67","08","2023","4","39.9837","-75.097","1541","06","0","0","0","0","0","1","0","0","","0","0","0","15","1","1","00","N","0","39 59:01.452","","03","75 05:49.346","4","0","0","0","67301","0","0","0","N","0","0","0","3","68K01","1","","1","01","","N","N","N","0","","0","0","0","0","0","","1531","1","3","0","0","0","0","0","2","0","3","03","03","N","","","","","","","","","","",""
"2023074050","1230","2","0","0","0","0","0","0","0","0","4","0","","67","08","2023","5","39.9298","-75.1442","1227","06","0","0","0","0","0","0","0","0","","0","0","0","11","1","0","02","","0","39 55:47.159","","07","75 08:39.047","0","0","0","0","67301","0","0","0","N","0","0","0","2","67301","0","","1","01","","N","N","N","0","","0","0","0","3","2","","1155","0","2","0","0","0","0","0","2","0","2","03","03","N","","","","","","","","","","",""
"2023089490","0108","1","0","0","0","0","0","0","0","0","5","0","","67","08","2023","1","39.9571","-75.1438","0059","06","0","0","0","0","0","0","0","0","","0","0","0","00","3","1","00","N","1","39 57:25.644","4","08","75 08:37.786","8","0","0","0","67301","0","0","0","N","0","0","0","2","68K01","0","","1","01","0126","N","N","N","1","","0","0","0","0","0","N","0055","1","2","0","0","1","1","1","2","0","2","03","","N","","","","","","","","","","",""
"2023098989","1402","1","0","0","0","0","0","0","0","0","4","1","","67","10","2023","2","39.9606","-75.2","1402","06","0","0","0","0","0","1","0","0","","0","1","0","14","1","0","01","","0","39 57:38.012","","00","75 12:00.086","0","0","0","0","67301","0","0","0","N","0","0","0","1","67301","0","","1","01","","N","N","N","0","","0","0","0","3","3","","1402","0","2","0","0","0","0","0","2","0","2","03","03","N","","","","","","","","","","",""
"2023098842","0033","1","0","0","0","0","0","0","0","0","6","0","","67","10","2023","2","40.0203","-75.1628","0029","06","0","0","0","0","0","0","0","0","","0","0","0","23","3","1","01","","0","40 01:13.127","","00","75 09:46.089","3","0","0","0","67301","0","0","0","N","0","0","0","1","67301","0","","9","01","","N","N","N","0","","1","0","0","3","3","","2300","1","2","0","0","0","0","0","2","0","2","03","03","N","","","","","","","","","","",""
"2023039236","2359","1","0","0","0","0","0","0","0","0","7","0","","67","05","2023","2","40.0555","-75.1592","2353","06","0","0","0","0","0","0","0","0","","0","0","0","23","3","0","00","N","0","40 03:19.770","","07","75 09:33.100","9","0","0","0","67301","0","0","0","N","0","0","0","1","67301","0","","5","09","","N","N","N","0","","0","0","0","0","0","","2345","0","1","0","0","1","0","1","2","0","1","07","","N","","","","","","","","","","",""
"2023025903","0918","1","0","0","0","0","0","0","0","0","4","0","","67","03","2023","7","40.0599","-75.0184","0915","06","0","0","0","0","0","0","0","2","","0","0","0","09","1","1","01","","1","40 03:35.733","5","00","75 01:06.209","3","0","0","0","67301","0","0","0","N","0","0","0","4","67301","0","","1","01","0100","N","N","N","0","","1","0","2","3","2","Y","0913","1","3","0","0","0","0","0","2","0","3","03","","N","","","","","","","","","","",""
"2023028840","2157","1","0","0","0","0","0","0","0","0","4","0","","67","03","2023","5","40.1037","-75.0359","2149","06","0","0","0","0","0","1","0","0","","0","0","0","21","3","1","00","N","0","40 06:13.347","","00","75 02:09.250","3","0","0","0","67301","0","0","0","N","0","0","0","2","67301","0","","1","09","","N","N","N","0","","1","0","1","0","0","","2138","1","2","0","0","0","0","1","2","0","2","07","","N","","","","","","","","","","",""
"2023026643","1357","1","0","0","0","0","0","0","0","0","5","0","","67","03","2023","1","40.0041","-75.154","1354","06","0","0","0","0","0","0","0","0","","0","0","0","13","1","0","00","N","0","40 00:14.930","","00","75 09:14.560","0","0","0","0","67301","0","0","0","N","0","0","0","1","67301","0","","6","01","","N","N","N","0","","0","0","2","0","0","","1342","0","3","0","0","1","0","0","2","0","3","03","03","N","","","","","","","","","","",""
"2023026266","2206","0","0","0","0","0","0","0","0","0","4","0","","67","03","2023","2","39.9042","-75.1646","2206","06","0","0","0","0","1","0","0","0","","0","0","0","22","3","0","01","","1","39 54:15.296","4","00","75 09:52.687","0","0","0","0","67301","0","0","0","N","0","0","0","5","67301","0","","1","01","2240","N","N","N","0","","0","0","2","3","2","N","2205","0","2","0","0","0","0","0","2","0","2","03","03","N","","","","","","","","","","",""
"2023027062","0915","0","0","0","0","0","0","0","0","0","4","0","","67","03","2023","2","40.0091","-75.15","0901","06","0","0","0","0","0","1","0","0","","0","0","0","09","1","3","02","","0","40 00:32.740","","00","75 08:59.862","3","0","0","0","67301","0","0","0","N","0","0","0","3","67301","0","","1","01","","N","N","N","0","","3","0","2","3","3","","0900","3","2","0","0","1","0","0","2","0","2","03","03","N","","","","","","","","","","",""
"2023027301","1724","0","0","0","0","0","0","0","0","0","2","0","","67","03","2023","7","39.9624","-75.208","1718","06","0","0","0","0","0","0","0","0","","0","0","0","17","1","0","00","N","2","39 57:44.549","6","00","75 12:28.943","9","0","0","0","67301","0","0","0","N","0","0","0","2","67301","0","","1","09","1802","N","N","N","0","","0","0","3","0","0","Y","1717","0","3","0","0","1","0","1","2","0","3","07","03","N","","","","","","","","","","",""
"2023025507","1650","1","0","0","0","0","0","0","0","0","8","0","","67","03","2023","7","40.0645","-74.999","1646","06","0","0","0","0","1","0","0","0","","0","0","0","16","1","1","02","","0","40 03:52.071","","00","74 59:56.303","8","0","0","0","67301","1","0","0","N","1","0","0","2","67301","0","","1","01","","N","N","N","0","","0","0","0","3","2","","1640","1","2","0","0","1","1","0","2","0","1","03","","N","","","","","","","","","","",""
"2023029447","1927","0","0","0","0","0","0","0","0","0","4","0","","67","03","2023","1","39.9719","-75.236","1926","06","0","0","0","0","0","0","0","0","","0","0","0","19","1","3","01","","0","39 58:18.875","","00","75 14:09.636","3","0","0","0","67301","0","0","0","N","0","0","0","3","67301","0","","1","01","","N","N","N","0","","3","0","2","3","3","","1925","3","2","0","0","0","0","0","2","0","2","03","03","N","","","","","","","","","","",""
"2023039941","2057","1","0","0","0","0","0","0","0","0","7","0","","67","05","2023","4","39.9738","-75.2066","2057","06","0","0","0","0","0","0","0","0","","0","0","0","20","3","0","00","N","0","39 58:25.729","","00","75 12:23.799","9","0","0","0","67301","0","0","0","N","0","0","0","1","67301","0","","2","01","","N","N","N","0","","0","0","0","0","0","","2052","0","1","0","0","0","0","1","2","0","1","03","03","N","","","","","","","","","","",""
"2023029449","1416","1","0","0","0","0","0","0","0","0","1","0","","67","03","2023","1","39.9928","-75.1819","1414","06","0","0","0","0","0","0","1","0","","0","0","0","14","1","0","00","N","0","39 59:34.020","","00","75 10:54.740","0","0","0","0","67301","0","0","0","N","0","0","0","1","67301","0","","6","01","","N","N","N","1","","0","0","1","0","0","","1400","0","4","0","0","0","0","0","2","1","4","03","03","N","","","","","","","","","","",""
"2023039896","0808","0","0","0","0","0","0","0","0","0","7","0","","67","04","2023","7","39.9503","-75.1417","0802","06","0","0","0","0","0","0","0","0","","0","0","0","08","1","0","00","N","0","39 57:01.202","","00","75 08:30.030","0","0","0","0","67301","0","0","0","N","0","0","0","1","68K01","0","","2","09","","N","N","N","0","","0","0","1","0","0","","0800","0","1","0","0","0","0","0","2","0","1","07","","N","","","","","","","","","","",""
"2023026005","1545","1","0","0","0","0","0","0","0","0","2","0","","67","03","2023","1","39.996","-75.1707","1540","06","0","0","0","0","0","0","0","0","","0","0","0","15","1","1","01","","0","39 59:45.711","","00","75 10:14.729","3","0","0","0","67301","0","0","0","N","0","0","0","2","67301","0","","1","01","","N","N","N","0","","1","0","1","3","2","","1540","1","2","0","0","1","0","0","2","0","2","03","03","N","","","","","","","","","","",""
"2023037305","0336","1","0","0","0","0","0","0","0","0","5","1","","67","04","2023","1","39.9084","-75.1482","0334","06","0","0","0","0","0","1","0","0","","0","1","0","03","3","0","00","N","2","39 54:30.311","3","03","75 08:53.483","0","0","0","0","67301","0","0","0","N","0","0","0","5","67501","0","","1","09","0414","N","N","N","0","","0","0","0","0","0","Y","0330","0","2","0","0","0","0","0","2","0","2","07","04","N","","","","","","","","","","",""
"2023027653","1950","1","0","0","0","0","0","0","0","0","1","0","","67","03","2023","1","40.0203","-75.0616","1932","06","0","0","0","0","0","1","0","0","","0","0","0","18","3","1","00","N","0","40 01:13.060","","00","75 03:41.850","3","0","0","0","67301","0","0","0","N","0","0","0","2","67301","0","","6","01","","N","N","N","1","","1","0","0","0","0","","1832","1","2","0","0","0","0","0","2","0","2","03","03","N","","","","","","","","","","",""
"2023039256","0805","0","0","0","0","0","0","1","0","0","4","1","","67","04","2023","3","39.9961","-75.1471","0752","06","0","0","0","0","0","1","0","0","","0","0","0","07","1","1","01","","0","39 59:46.111","","00","75 08:49.516","8","0","0","0","67301","0","0","0","N","0","0","0","3","67508","0","","1","01","","N","N","N","0","","0","0","0","3","2","","0752","1","2","0","0","2","1","0","2","1","2","03","03","N","","","","","","","","","","",""
"2023027417","1145","1","0","0","0","0","0","0","0","0","4","0","","67","03","2023","7","40.0427","-75.0731","1145","06","0","0","0","0","0","0","0","0","","0","0","0","21","3","1","01","","0","40 02:33.820","","00","75 04:23.019","8","0","0","0","67301","0","0","0","N","0","0","0","2","67301","0","","1","09","","N","N","N","0","","0","0","0","3","3","","2145","1","2","0","0","0","1","1","2","1","2","07","07","N","","","","","","","","","","",""
"2023038539","2114","2","0","0","0","0","0","0","0","0","1","0","","67","04","2023","2","39.9533","-75.2091","2114","06","0","0","0","0","0","0","0","0","","0","0","0","21","3","0","00","N","0","39 57:11.850","","00","75 12:32.760","0","0","0","0","67301","0","0","0","N","0","0","0","2","67504","0","","1","01","","N","N","N","0","","0","0","0","0","0","","2113","0","2","0","0","1","0","0","2","0","2","03","03","N","","","","","","","","","","",""
"2023038721","2321","2","0","0","0","0","0","0","0","0","4","0","","67","05","2023","2","39.9558","-75.1915","2321","06","0","0","1","0","0","0","0","0","","0","0","0","23","3","1","01","","1","39 57:20.922","3","00","75 11:29.283","4","0","0","0","67301","0","0","0","N","0","0","0","2","67507","1","","1","09","0012","","","N","0","","0","0","0","3","2","Y","2321","1","2","0","0","0","0","0","2","0","2","07","07","N","","","","","","","","","","",""
"2023039897","1117","0","0","0","0","0","0","0","0","0","7","0","","67","04","2023","7","40.0428","-75.0035","1117","06","0","0","0","0","0","0","0","0","","0","0","0","11","1","0","00","N","1","40 02:33.963","2","00","75 00:12.699","0","0","0","0","67301","0","0","0","N","0","0","0","3","68K01","0","","2","09","1200","N","N","N","0","","0","0","1","0","0","N","1115","0","1","0","0","0","0","0","2","0","1","07","","N","","","","","","","","","","",""
"2023026921","2050","1","0","0","0","0","0","0","0","0","5","0","","67","03","2023","5","39.9782","-75.2461","2032","06","0","0","0","0","0","0","0","0","","0","0","0","20","3","0","00","N","0","39 58:41.358","","00","75 14:46.002","0","0","0","0","67301","0","0","0","N","0","0","0","2","67301","0","","1","09","","N","N","N","0","","0","0","0","0","0","","2030","0","2","0","0","0","0","0","2","0","2","07","07","N","","","","","","","","","","",""
"2023027654","1824","1","0","0","0","0","0","0","0","0","4","0","","67","03","2023","1","39.9643","-75.2132","1812","06","0","0","0","0","0","0","0","0","","0","0","0","16","1","2","01","","0","39 57:51.591","","00","75 12:47.602","3","0","0","0","67301","0","0","0","N","0","0","0","3","67301","0","","1","01","","N","N","N","0","","2","0","0","3","2","","1613","2","2","0","0","1","0","0","2","1","2","03","","N","","","","","","","","","","",""
"2023038326","1844","1","0","0","0","0","0","1","0","0","3","1","","67","04","2023","5","40.0061","-75.1392","1844","06","0","0","0","0","0","0","0","0","","0","0","0","18","1","2","01","","0","40 00:21.783","","00","75 08:21.022","3","0","0","0","67301","0","0","0","N","0","0","0","4","67301","0","","1","01","","N","N","N","0","","2","0","0","3","2","","1844","2","2","0","0","0","0","0","2","0","2","03","03","N","","","","","","","","","","",""
"2023037929","1612","3","0","0","0","0","0","0","0","0","1","0","","67","03","2023","1","39.9593","-75.1807","1602","06","0","0","0","0","0","1","0","0","","0","0","0","16","1","7","00","N","1","39 57:33.523","4","00","75 10:50.384","3","0","0","0","67301","0","0","0","N","0","0","0","7","68K01","0","","1","01","1714","N","N","N","0","","7","0","0","0","0","Y","1600","7","3","0","0","0","0","0","2","0","3","03","","N","","","","","","","","","","",""
"2023040111","0924","0","0","0","0","0","0","0","0","0","7","1","","67","02","2023","6","39.8876","-75.2158","0914","06","0","0","0","0","0","1","0","0","","0","1","0","09","1","1","00","N","1","39 53:15.181","2","03","75 12:56.923","8","0","0","0","67301","0","0","0","N","0","0","0","1","68K01","0","","2","09","1130","N","N","N","0","","0","0","0","0","0","N","0913","1","1","0","0","0","1","0","2","0","1","07","07","N","","","","","","","","","","",""
"2023027064","1505","1","0","0","0","0","0","0","0","0","4","0","","67","03","2023","4","40.022","-75.1149","1505","06","0","0","0","0","0","0","0","0","","0","0","0","14","1","0","01","","0","40 01:19.131","","00","75 06:53.542","0","0","0","0","67301","0","0","0","N","0","0","0","1","67301","0","","1","01","","N","N","N","0","","0","0","1","3","3","","1456","0","2","0","0","1","0","0","2","0","2","03","03","N","","","","","","","","","","",""
"2023029180","0303","1","0","0","0","0","0","0","0","0","8","0","","67","03","2023","1","40.0266","-75.068","0243","06","0","0","0","0","0","0","0","0","","0","0","0","02","3","1","03","","0","40 01:35.676","","00","75 04:04.746","3","0","0","0","67301","1","0","0","N","1","0","0","2","67301","0","","1","01","","N","N","N","0","","1","0","0","3","2","","0239","1","2","0","0","1","0","0","2","0","1","03","","N","","","","","","","","","","",""
"2023027143","1635","0","0","0","0","0","0","0","0","0","8","0","","67","03","2023","6","39.9374","-75.2203","1633","06","0","0","0","0","0","0","0","0","","0","0","0","16","1","1","01","","0","39 56:14.787","","00","75 13:12.918","3","0","0","0","67301","1","0","0","N","1","0","0","2","67301","0","","1","01","","N","N","N","0","","1","0","0","3","3","","1630","1","2","0","0","0","0","0","2","0","1","04","03","N","","","","","","","","","","",""
"2023027778","0920","1","0","0","0","0","0","0","0","0","1","0","","67","03","2023","1","39.9644","-75.2227","0914","06","0","0","0","0","0","0","0","0","","0","0","0","09","1","0","00","N","0","39 57:51.874","","00","75 13:21.679","0","0","0","0","67301","0","0","0","N","0","0","0","1","67301","0","","6","01","","N","N","N","0","","0","0","1","0","0","","0909","0","2","0","0","1","0","0","2","0","2","03","","N","","","","","","","","","","",""
"2023039943","0800","0","0","0","1","0","1","0","0","0","8","1","","67","05","2023","3","39.9396","-75.1982","0736","06","0","0","0","0","0","0","0","0","","0","1","0","07","1","1","01","","2","39 56:22.681","2","00","75 11:53.378","2","0","0","0","67301","1","0","1","N","0","0","0","2","67301","0","","1","09","0900","N","N","N","0","","0","1","0","3","2","Y","0715","1","2","0","0","0","0","0","2","0","1","04","07","N","","","","","","","","","","",""
"2023027303","1055","2","0","0","0","0","0","0","0","0","4","0","","67","03","2023","6","39.9392","-75.1917","1053","06","0","0","0","0","0","0","0","0","","0","0","0","10","1","0","02","","0","39 56:21.015","","07","75 11:29.968","0","0","0","0","67301","0","0","0","N","0","0","0","2","67301","0","","1","09","","N","N","N","0","","0","0","0","3","2","","1047","0","2","0","0","0","0","0","2","0","2","07","04","N","","","","","","","","","","",""
"2023027999","0218","0","0","0","0","0","0","0","0","0","4","0","","67","03","2023","7","39.9939","-75.1418","0215","06","0","0","0","0","0","0","0","0","","0","0","0","01","3","0","01","","0","39 59:38.184","","00","75 08:30.587","0","0","0","0","67301","0","0","0","N","0","0","0","2","67301","0","","1","09","","N","N","N","0","","0","0","2","3","2","","0159","0","2","0","0","0","0","0","2","0","2","07","04","N","","","","","","","","","","",""
"2023033972","0308","3","0","0","0","0","0","0","0","0","5","0","","67","03","2023","1","40.0178","-75.1557","0307","06","0","0","0","0","0","0","0","0","","0","0","0","03","3","0","00","N","0","40 01:04.190","","00","75 09:20.610","0","0","0","0","67301","0","0","0","N","0","0","0","1","67301","0","","6","01","","N","N","N","0","","0","0","2","0","0","","0302","0","5","0","0","1","0","0","2","0","5","03","03","N","","","","","","","","","","",""
"2023025128","1003","1","0","0","0","0","0","0","0","0","1","0","","67","03","2023","7","39.9539","-75.2011","1002","06","0","0","0","0","0","0","0","0","","0","0","0","10","8","0","00","N","0","39 57:14.212","","00","75 12:04.109","0","0","0","0","67301","0","0","0","N","0","0","0","3","67504","0","","1","01","","N","N","N","0","","0","0","2","0","0","","1000","0","3","0","0","1","0","0","2","0","3","03","03","N","","","","","","","","","","",""
"2023029448","1230","1","0","0","0","0","0","0","0","0","4","0","","67","03","2023","7","39.9898","-75.1588","1230","06","0","0","0","0","0","0","0","0","","0","0","0","22","3","0","01","","0","39 59:23.243","","00","75 09:31.636","9","0","0","0","67301","0","0","0","N","0","0","0","2","67301","0","","1","99","","N","N","N","0","","0","0","1","3","3","","2200","0","2","0","0","0","0","2","2","0","2","99","","N","","","","","","","","","","",""
"2023039312","1620","1","0","0","0","0","0","1","0","0","5","1","","67","04","2023","3","40.0502","-75.1422","1550","06","0","0","0","0","0","0","0","0","","0","0","0","15","1","1","00","N","0","40 03:00.787","","00","75 08:31.872","8","0","0","0","67301","0","0","0","N","0","0","0","2","67508","0","","1","01","","N","N","Y","0","","0","0","0","0","0","","1550","1","2","0","0","0","1","0","2","0","2","03","03","N","","","","","","","","","","",""
"2023033432","2010","2","0","0","0","0","0","0","0","0","1","0","","67","04","2023","6","40.0758","-75.1701","2010","06","0","0","0","0","0","0","0","0","","0","0","0","20","1","1","00","N","2","40 04:33.000","3","00","75 10:12.400","3","0","0","0","67301","0","0","0","N","0","0","0","2","68K01","0","","1","01","2137","N","N","N","1","","1","0","1","0","0","Y","2010","1","4","0","0","0","0","1","2","0","4","03","","N","","","","","","","","","","",""
"2023025715","2340","2","0","0","0","0","0","0","0","0","1","0","","67","03","2023","1","39.9931","-75.1479","2339","06","0","0","0","0","1","0","0","0","","0","0","0","23","3","3","01","","0","39 59:35.083","","00","75 08:52.393","3","0","0","0","67301","0","0","0","N","0","0","0","3","67301","0","","1","01","","N","N","N","0","","3","0","0","3","2","","2339","3","2","0","0","1","0","0","2","0","2","03","04","N","","","","","","","","","","",""
"2023040184","2258","0","0","0","0","0","0","0","0","0","4","0","","67","05","2023","5","40.0799","-75.1716","2256","06","0","0","0","0","0","0","0","0","","0","0","0","12","1","0","00","N","0","40 04:47.590","","00","75 10:17.840","0","0","0","0","67301","0","0","0","N","0","0","0","0","67301","0","","6","01","","N","N","N","0","","0","0","1","0","0","","1200","0","2","0","0","0","0","0","2","0","2","03","03","N","","","","","","","","","","",""
"2023025512","1958","1","0","0","0","0","0","0","0","0","7","0","","67","03","2023","6","39.9318","-75.2167","1958","06","0","0","0","0","0","0","0","0","","0","0","0","19","3","0","03","","2","39 55:54.338","3","00","75 13:00.262","0","0","0","0","67301","0","0","0","N","0","0","0","3","67301","0","","4","01","2047","N","N","Y","0","","0","0","1","3","2","Y","1955","0","2","0","0","0","0","0","2","0","2","04","04","N","","","","","","","","","","",""