"CRN","ARRIVAL_TM","AUTOMOBILE_COUNT","BELTED_DEATH_COUNT","BELTED_SUSP_SERIOUS_INJ_COUNT","BICYCLE_COUNT","BICYCLE_DEATH_COUNT","BICYCLE_SUSP_SERIOUS_INJ_COUNT","BUS_COUNT","CHLDPAS_DEATH_COUNT","CHLDPAS_SUSP_SERIOUS_INJ_COUNT","COLLISION_TYPE","COMM_VEH_COUNT","CONS_ZONE_SPD_LIM","COUNTY","CRASH_MONTH","CRASH_YEAR","DAY_OF_WEEK","DEC_LAT","DEC_LONG","DISPATCH_TM","DISTRICT","DRIVER_COUNT_16YR","DRIVER_COUNT_17YR","DRIVER_COUNT_18YR","DRIVER_COUNT_19YR","DRIVER_COUNT_20YR","DRIVER_COUNT_50_64YR","DRIVER_COUNT_65_74YR","DRIVER_COUNT_75PLUS","EST_HRS_CLOSED","FATAL_COUNT","HEAVY_TRUCK_COUNT","HORSE_BUGGY_COUNT","HOUR_OF_DAY","ILLUMINATION","INJURY_COUNT","INTERSECT_TYPE","INTERSECTION_RELATED","LANE_CLOSED","LATITUDE","LN_CLOSE_DIR","LOCATION_TYPE","LONGITUDE","MAX_SEVERITY_LEVEL","MCYCLE_DEATH_COUNT","MCYCLE_SUSP_SERIOUS_INJ_COUNT","MOTORCYCLE_COUNT","MUNICIPALITY","NONMOTR_COUNT","NONMOTR_DEATH_COUNT","NONMOTR_SUSP_SERIOUS_INJ_COUNT","NTFY_HIWY_MAINT","PED_COUNT","PED_DEATH_COUNT","PED_SUSP_SERIOUS_INJ_COUNT","PERSON_COUNT","POLICE_AGCY","POSSIBLE_INJ_COUNT","RDWY_SURF_TYPE_CD","RELATION_TO_ROAD","ROAD_CONDITION","ROADWAY_CLEARED","SCH_BUS_IND","SCH_ZONE_IND","SECONDARY_CRASH","SMALL_TRUCK_COUNT","SPEC_JURIS_CD","SUSP_MINOR_INJ_COUNT","SUSP_SERIOUS_INJ_COUNT","SUV_COUNT","TCD_FUNC_CD","TCD_TYPE","TFC_DETOUR_IND","TIME_OF_DAY","TOT_INJ_COUNT","TOTAL_UNITS","UNB_DEATH_COUNT","UNB_SUSP_SERIOUS_INJ_COUNT","UNBELTED_OCC_COUNT","UNK_INJ_DEG_COUNT","UNK_INJ_PER_COUNT","URBAN_RURAL","VAN_COUNT","VEHICLE_COUNT","WEATHER1","WEATHER2","WORK_ZONE_IND","WORK_ZONE_LOC","WORK_ZONE_TYPE","WORKERS_PRES","WZ_CLOSE_DETOUR","WZ_FLAGGER","WZ_LAW_OFFCR_IND","WZ_LN_CLOSURE","WZ_MOVING","WZ_OTHER","WZ_SHLDER_MDN","WZ_WORKERS_INJ_KILLED"
"2023025543","0140","2","0","0","0","0","0","0","0","0","4","0","","67","03","2023","7","39.9772","-75.2268","0140","06","0","0","0","0","0","0","0","0","","0","0","0","01","3","2","01","","1","39 58:37.995","5","00","75 13:36.385","3","0","0","0","67301","0","0","0","N","0","0","0","3","67301","0","","1","09","0210","N","N","N","0","","2","0","0","3","2","Y","0139","2","2","0","0","0","0","0","2","0","2","07","03","N","","","","","","","","","","",""
"2023039736","1730","1","0","0","0","0","0","0","0","0","5","1","","67","04","2023","4","40.0239","-75.0319","1716","06","0","0","0","0","0","0","0","0","","0","1","0","17","1","0","00","N","1","40 01:25.883","1","00","75 01:54.741","0","0","0","0","67301","0","0","0","N","0","0","0","2","68K01","0","","1","01","0030","N","N","N","0","","0","0","0","0","0","N","1714","0","2","0","0","0","0","0","2","0","2","03","03","N","","","","","","","","","","",""
"2023027141","1317","2","0","0","0","0","0","0","0","0","4","0","","67","03","2023","7","39.9304","-75.1614","1317","06","0","0","0","0","0","0","0","0","","0","0","0","12","8","0","01","","0","39 55:49.468","","00","75 09:40.878","0","0","0","0","67301","0","0","0","N","0","0","0","3","67301","0","","1","09","","N","N","N","0","","0","0","1","3","3","","1235","0","3","0","0","1","0","0","2","0","3","07","04","N","","","","","","","","","","",""
"2023029176","0101","0","0","0","0","0","0","0","0","0","4","0","","67","03","2023","7","40.0497","-75.1605","0058","06","0","0","0","0","0","0","0","0","","0","0","0","00","3","5","01","","0","40 02:58.808","","00","75 09:37.897","2","0","0","0","67301","0","0","0","N","0","0","0","5","67301","0","","1","01","","N","N","N","0","","0","5","2","3","2","","0047","5","2","0","0","0","0","0","2","0","2","03","03","N","","","","","","","","","","",""
"2023027066","0854","1","0","0","0","0","0","0","0","0","1","0","","67","03","2023","5","40.0475","-75.1124","0853","06","0","0","0","0","0","1","0","0","","0","0","0","08","1","1","03","","0","40 02:51.156","","00","75 06:44.551","3","0","0","0","67301","0","0","0","N","0","0","0","3","67301","0","","1","09","","N","N","N","0","","1","0","2","3","2","","0834","1","3","0","0","0","0","1","2","0","3","07","04","N","","","","","","","","","","",""
"2023039481","1351","1","0","0","0","0","0","0","0","0","2","0","","67","05","2023","3","40.0113","-75.1061","1351","06","0","0","0","0","0","0","0","0","","0","0","0","13","1","2","01","","0","40 00:40.660","","00","75 06:21.970","3","0","0","0","67301","0","0","0","N","0","0","0","3","67301","0","","1","01","","N","N","N","0","","2","0","1","3","2","","1345","2","2","0","0","1","0","0","2","0","2","04","03","N","","","","","","","","","","",""
"2023027059","1122","1","0","0","0","0","0","0","0","0","4","0","","67","03","2023","2","40.0146","-75.1074","1110","06","0","0","0","0","0","0","0","0","","0","0","0","09","1","1","01","","0","40 00:52.732","","00","75 06:26.582","3","0","0","0","67301","0","0","0","N","0","0","0","2","67301","0","","1","01","","N","N","N","0","","1","0","1","3","2","","0920","1","2","0","0","1","0","0","2","0","2","03","","N","","","","","","","","","","",""
"2023025018","0108","1","0","0","0","0","0","0","0","0","5","0","","67","03","2023","1","39.9785","-75.1596","0108","06","0","0","0","0","0","1","0","0","","0","0","0","01","3","1","00","N","0","39 58:42.700","","00","75 09:34.700","8","0","0","0","67301","0","0","0","N","0","0","0","2","67505","0","","1","01","","","","N","0","","0","0","1","0","0","","0108","1","2","0","0","1","1","0","2","0","2","03","03","N","","","","","","","","","","",""
"2023030965","1627","1","0","0","0","0","0","0","0","0","7","0","","67","03","2023","7","40.0312","-75.0214","1613","06","0","0","0","0","0","1","0","0","","0","0","0","16","1","1","00","N","2","40 01:52.388","1","03","75 01:17.087","8","0","0","0","67301","0","0","0","N","0","0","0","1","68K01","0","","3","01","1700","N","N","N","0","","0","0","0","0","0","N","1611","1","1","0","0","0","1","0","2","0","1","03","03","N","","","","","","","","","","",""
"2023027781","1830","4","0","0","0","0","0","0","0","0","1","0","","67","03","2023","1","39.9506","-75.2248","1830","06","0","0","0","1","0","0","0","0","","0","0","0","18","1","1","00","N","0","39 57:02.020","","00","75 13:29.390","4","0","0","0","67301","0","0","0","N","0","0","0","4","67301","1","","1","01","","N","N","N","0","","0","0","0","0","0","","1830","1","4","0","0","0","0","0","2","0","4","03","","N","","","","","","","","","","",""
"2023039735","1530","1","0","0","0","0","0","0","0","0","1","0","","67","04","2023","4","39.9829","-75.099","1525","06","0","0","0","0","0","1","0","0","","0","0","0","15","1","0","00","N","1","39 58:58.287","1","00","75 05:56.304","0","0","0","0","67301","0","0","0","N","0","0","0","2","68K01","0","","1","01","0015","N","N","N","0","","0","0","1","0","0","N","1522","0","2","0","0","0","0","0","2","0","2","03","03","N","","","","","","","","","","",""
"2023026003","1015","0","0","0","0","0","0","0","0","0","4","0","","67","03","2023","3","39.9481","-75.2376","1010","06","0","0","0","0","0","0","0","0","","0","0","0","10","1","0","02","","0","39 56:53.303","","00","75 14:15.356","0","0","0","0","67301","0","0","0","N","0","0","0","3","67301","0","","1","01","","N","N","N","1","","0","0","1","3","3","","1008","0","2","0","0","0","0","0","2","0","2","03","03","N","","","","","","","","","","",""
"2023025523","0921","0","0","0","0","0","0","0","0","0","4","0","","67","03","2023","7","40.0283","-75.0744","0912","06","0","0","0","0","0","1","0","0","","0","0","0","08","1","1","01","","0","40 01:41.931","","00","75 04:28.236","3","0","0","0","67301","0","0","0","N","0","0","0","2","67301","0","","1","01","","N","N","N","0","","1","0","2","3","3","","0843","1","2","0","0","1","0","0","2","0","2","03","03","N","","","","","","","","","","",""
"2023025515","0019","0","0","0","0","0","0","0","0","0","8","0","","67","03","2023","7","40.0573","-75.1533","0013","06","0","0","0","0","0","0","0","0","","0","0","0","00","3","1","00","N","2","40 03:26.100","6","00","75 09:11.990","3","0","0","0","67301","1","0","0","N","1","0","0","2","67301","0","","1","09","0150","N","N","N","0","","1","0","0","0","0","N","0009","1","2","0","0","0","0","0","2","0","1","07","07","N","","","","","","","","","","",""
"2023031405","1700","1","0","0","0","0","0","0","0","0","8","0","","67","03","2023","7","40.0063","-75.141","1651","06","0","0","0","0","0","1","0","0","","0","0","0","16","1","1","00","N","0","40 00:22.570","","00","75 08:27.640","3","0","0","0","67301","1","0","0","N","1","0","0","2","67301","0","","1","01","","N","N","N","0","","1","0","0","0","0","","1616","1","2","0","0","0","0","0","2","0","1","03","03","N","","","","","","","","","","",""
"2023027300","1102","0","0","0","0","0","0","0","0","0","4","0","","67","03","2023","7","39.9627","-75.2039","1057","06","0","0","0","0","0","0","0","0","","0","0","0","10","8","0","01","","0","39 57:45.818","","00","75 12:14.114","0","0","0","0","67301","0","0","0","N","0","0","0","3","67301","0","","1","09","","N","N","N","0","","0","0","2","3","3","","1023","0","2","0","0","0","0","0","2","0","2","07","04","N","","","","","","","","","","",""
"2023037859","1157","1","0","0","0","0","0","0","0","0","5","1","","67","04","2023","6","39.9289","-75.2296","1157","06","0","0","0","0","0","0","0","0","","0","1","0","11","1","1","00","N","0","39 55:44.160","","00","75 13:46.430","3","0","0","0","67301","0","0","0","N","0","0","0","2","67301","0","","1","01","","N","N","N","0","","1","0","0","0","0","","1110","1","2","0","0","2","0","0","2","0","2","04","04","N","","","","","","","","","","",""
"2023027658","1618","2","0","0","0","0","0","0","0","0","2","0","","67","03","2023","6","39.9942","-75.1567","1618","06","0","0","0","0","0","0","0","0","","0","0","0","15","1","0","02","","1","39 59:39.178","4","00","75 09:24.176","0","0","0","0","67301","0","0","0","N","0","0","0","2","67301","0","","1","01","1640","N","N","N","0","","0","0","0","0","0","N","1530","0","2","0","0","0","0","0","2","0","2","03","","N","","","","","","","","","","",""
"2023024676","1410","1","0","0","0","0","0","0","0","0","1","0","","67","03","2023","6","39.9825","-75.157","1405","06","0","0","0","0","0","0","0","0","","0","0","0","13","1","1","00","Y","1","39 58:57.091","1","00","75 09:25.069","4","0","0","0","67301","0","0","0","N","0","0","0","3","67505","1","","1","01","1420","N","N","N","0","","0","0","1","3","2","N","1355","1","3","0","0","0","0","2","2","1","3","03","03","N","","","","","","","","","","",""
"2023025714","2111","4","0","0","0","0","0","0","0","0","2","0","","67","03","2023","1","40.0396","-75.0458","2111","06","0","0","0","0","0","1","0","0","","0","0","0","21","3","2","01","","0","40 02:22.384","","00","75 02:44.945","2","0","0","0","67301","0","0","0","N","0","0","0","5","67301","0","","1","01","","N","N","Y","0","","1","1","3","3","2","","2110","2","7","0","0","0","0","0","2","0","7","03","03","N","","","","","","","","","","",""
"2023027651","2110","0","0","0","0","0","0","0","0","0","1","0","","67","03","2023","1","40.1006","-75.0377","2105","06","0","0","0","0","0","0","0","0","","0","0","0","21","3","1","00","N","0","40 06:01.980","","00","75 02:15.820","3","0","0","0","67301","0","0","0","N","0","0","0","1","67301","0","","6","01","","N","N","N","1","","1","0","2","0","0","","2103","1","3","0","0","0","0","0","2","0","3","03","03","N","","","","","","","","","","",""
"2023026190","1542","2","0","0","0","0","0","0","0","0","4","0","","67","03","2023","2","40.0169","-75.1495","1542","06","0","0","0","0","0","1","0","0","","0","0","0","15","1","3","01","","2","40 01:00.719","2","00","75 08:58.111","3","0","0","0","67301","0","0","0","N","0","0","0","4","67301","0","","1","01","0200","N","N","N","0","","3","0","1","3","2","Y","1542","3","3","0","0","0","0","0","2","0","3","03","","N","","","","","","","","","","",""
"2023025904","0220","2","0","0","0","0","0","0","0","0","5","0","","67","03","2023","7","40.1117","-74.9914","0215","06","0","0","0","0","0","0","0","0","","0","0","0","22","3","0","00","Y","0","40 06:41.948","","00","74 59:28.905","0","0","0","0","67301","0","0","0","N","0","0","0","2","67301","0","","1","99","","N","N","N","0","","0","0","0","3","2","","2252","0","2","0","0","2","0","0","2","0","2","03","04","N","","","","","","","","","","",""
"2023027885","2252","1","0","0","0","0","0","0","0","0","8","0","","67","03","2023","6","39.9559","-75.2048","2251","06","0","0","0","0","0","0","0","0","","0","0","0","22","3","2","02","","0","39 57:21.402","","00","75 12:17.143","3","0","0","0","67301","2","0","0","N","2","0","0","3","67504","0","","1","01","","N","N","N","0","","2","0","0","3","2","","2250","2","3","0","0","0","0","0","2","0","1","03","03","N","","","","","","","","","","",""
"2023025511","2356","1","0","0","0","0","0","0","0","0","1","0","","67","03","2023","7","39.9482","-75.1644","2313","06","0","0","0","0","0","0","0","0","","0","0","0","23","3","1","01","","0","39 56:53.591","","00","75 09:52.428","4","0","0","0","67301","0","0","0","N","0","0","0","2","67301","1","","1","01","","N","N","N","0","","0","0","1","3","2","","2310","1","2","0","0","0","0","0","2","0","2","03","","N","","","","","","","","","","",""
"2023039519","1800","1","0","0","0","0","0","0","0","0","1","0","","67","02","2023","4","39.9815","-75.1018","1746","06","0","0","0","0","0","1","0","0","","0","0","0","17","3","0","00","N","1","39 58:53.561","1","00","75 06:06.534","0","0","0","0","67301","0","0","0","N","0","0","0","2","68K01","0","","1","01","1845","N","N","N","0","","0","0","1","0","0","N","1744","0","2","0","0","0","0","0","2","0","2","03","03","N","","","","","","","","","","",""
"2023039804","1604","0","0","0","0","0","0","0","0","0","4","1","","67","05","2023","2","40.0118","-75.1095","1529","06","0","0","0","0","0","0","0","0","","0","1","0","15","1","1","02","","0","40 00:42.400","","00","75 06:34.100","3","0","0","0","67301","0","0","0","N","0","0","0","2","67301","0","","1","01","","N","N","N","0","","1","0","0","0","0","","1529","1","2","0","0","1","0","0","2","1","2","03","03","N","","","","","","","","","","",""
"2023025579","2346","0","0","0","0","0","0","0","0","0","4","0","","67","03","2023","1","40.0257","-75.1542","2346","06","0","0","0","0","0","0","0","0","","0","0","0","22","3","0","01","","0","40 01:32.386","","00","75 09:15.105","0","0","0","0","67301","0","0","0","N","0","0","0","3","67301","0","","1","01","","N","N","N","0","","0","0","2","3","2","","2230","0","2","0","0","2","0","0","2","0","2","03","","N","","","","","","","","","","",""
"2023039731","1635","1","0","0","0","0","0","0","0","0","4","0","","67","04","2023","5","39.957","-75.1526","1631","06","0","0","0","0","0","1","0","0","","0","0","0","16","1","0","00","N","0","39 57:25.109","","00","75 09:09.429","0","0","0","0","67301","0","0","0","N","0","0","0","2","68K01","0","","1","01","","N","N","N","0","","0","0","1","0","0","","1629","0","2","0","0","0","0","0","2","0","2","03","03","N","","","","","","","","","","",""
"2023025518","0942","2","0","0","0","0","0","0","0","0","4","0","","67","03","2023","7","40.0707","-75.162","0940","06","0","0","0","0","0","1","0","0","","0","0","0","09","1","1","01","","0","40 04:14.487","","00","75 09:43.335","3","0","0","0","67301","0","0","0","N","0","0","0","3","67301","0","","1","01","","N","N","N","0","","1","0","0","3","3","","0940","1","2","0","0","0","0","0","2","0","2","03","","N","","","","","","","","","","",""
"2023025560","1325","0","0","0","0","0","0","0","0","0","8","0","","67","03","2023","7","40.0057","-75.099","1321","06","0","0","0","0","0","1","0","0","","0","0","0","13","1","1","01","","0","40 00:20.692","","00","75 05:56.577","3","0","0","0","67301","1","0","0","N","1","0","0","2","67301","0","","1","01","","N","N","N","0","","1","0","1","3","2","","1321","1","2","0","0","1","0","0","2","0","1","03","03","N","","","","","","","","","","",""
"2023027995","0032","3","0","0","0","0","0","0","0","0","4","0","","67","03","2023","4","40.0246","-75.0573","0030","06","0","0","0","0","0","0","0","0","","0","0","0","00","3","0","01","","2","40 01:28.725","3","00","75 03:26.392","9","0","0","0","67301","0","0","0","N","0","0","0","3","67301","0","","1","01","0200","N","N","N","0","","0","0","0","3","2","Y","0015","0","4","0","0","0","0","3","2","0","4","03","","N","","","","","","","","","","",""
"2023030242","1035","2","0","0","0","0","0","0","0","0","4","0","","67","03","2023","6","40.0298","-75.1756","1030","06","0","0","0","0","0","0","0","0","","0","0","0","10","1","1","02","","1","40 01:47.446","2","00","75 10:32.262","4","0","0","0","67301","0","0","0","N","0","0","0","2","67301","1","","1","09","1045","N","N","N","0","","0","0","0","0","0","N","1025","1","2","0","0","0","0","1","2","0","2","07","04","N","","","","","","","","","","",""
"2023040196","1708","1","0","0","0","0","0","0","0","0","8","0","","67","05","2023","4","40.0066","-75.1553","1708","06","0","0","0","0","0","0","0","0","","0","0","0","15","1","1","00","N","0","40 00:23.760","","00","75 09:19.120","2","0","0","0","67301","1","0","1","N","1","0","1","2","67301","0","","1","01","","N","N","N","0","","0","1","0","0","0","","1559","1","2","0","0","0","0","0","2","0","1","04","04","N","","","","","","","","","","",""
"2023039462","0927","0","0","0","0","0","0","0","0","0","5","0","","67","05","2023","3","39.9594","-75.1743","0915","06","0","0","0","0","0","0","1","0","","0","0","0","09","1","0","00","N","1","39 57:33.960","4","00","75 10:27.456","0","0","0","0","67301","0","0","0","N","0","0","0","2","68K01","0","","1","01","0930","N","N","N","0","","0","0","2","0","0","N","0913","0","2","0","0","0","0","0","2","0","2","03","03","N","","","","","","","","","","",""
"2023025905","1115","1","0","0","0","0","0","0","0","0","7","0","","67","03","2023","1","40.1078","-74.997","1109","06","0","0","0","0","0","0","0","0","","0","0","0","11","1","0","00","N","0","40 06:28.028","","00","74 59:49.059","0","0","0","0","67301","0","0","0","N","0","0","0","2","67301","0","","3","01","","N","N","N","0","","0","0","0","0","0","","1100","0","1","0","0","0","0","0","2","0","1","03","03","N","","","","","","","","","","",""
"2023025574","0850","1","0","0","0","0","0","0","0","0","4","0","","67","03","2023","7","39.9699","-75.1431","0847","06","0","0","0","0","0","0","0","0","","0","0","0","08","1","0","01","","0","39 58:11.965","","00","75 08:35.133","0","0","0","0","67301","0","0","0","N","0","0","0","2","67301","0","","1","01","","N","N","N","0","","0","0","1","3","2","","0844","0","2","0","0","1","0","0","2","0","2","03","03","N","","","","","","","","","","",""
"2023039893","0543","1","0","0","0","0","0","0","0","0","7","0","","67","04","2023","7","40.0339","-75.0196","0539","06","0","0","0","0","0","0","0","0","","0","0","0","05","3","0","00","N","2","40 02:02.191","1","00","75 01:10.614","0","0","0","0","67301","0","0","0","N","0","0","0","1","68K01","0","","3","09","0600","N","N","N","0","","0","0","0","0","0","N","0533","0","1","0","0","0","0","0","2","0","1","07","","N","","","","","","","","","","",""
"2023025517","0416","0","0","0","0","0","0","0","0","0","7","0","","67","03","2023","7","40.0471","-75.2069","0416","06","0","0","0","0","0","0","0","0","","0","0","0","04","3","0","03","","1","40 02:49.632","4","00","75 12:24.943","0","0","0","0","67301","0","0","0","N","0","0","0","1","67301","0","","4","01","0451","N","N","N","0","","0","0","1","0","0","Y","0400","0","1","0","0","1","0","0","2","0","1","03","03","N","","","","","","","","","","",""
"2023039763","0645","1","0","0","0","0","0","0","0","0","4","0","","67","04","2023","6","40.0408","-75.005","0622","06","0","0","0","0","0","0","0","0","","0","0","0","06","1","0","00","N","0","40 02:26.995","","00","75 00:17.956","9","0","0","0","67301","0","0","0","N","0","0","0","2","68K01","0","","1","01","","N","N","N","0","","0","0","1","0","0","","0603","0","2","0","0","0","0","1","2","0","2","03","03","N","","","","","","","","","","",""
"2023039033","0153","1","0","0","0","0","0","0","0","0","8","0","","67","04","2023","7","40.0261","-75.0702","0153","06","0","0","0","0","0","0","0","0","","0","0","0","21","3","1","00","N","9","40 01:33.931","","00","75 04:12.669","3","0","0","0","67301","1","0","0","N","1","0","0","1","67301","0","","1","09","","N","N","N","0","","1","0","0","0","0","","2150","1","2","0","0","0","0","0","2","0","1","07","07","N","","","","","","","","","","",""
"2023027657","0009","2","0","0","0","0","0","0","0","0","2","0","","67","03","2023","1","40.0288","-75.1382","0008","06","0","0","0","0","0","0","0","0","","0","0","0","23","3","0","00","N","0","40 01:43.760","","00","75 08:17.480","0","0","0","0","67301","0","0","0","N","0","0","0","1","67301","0","","6","01","","N","Y","N","1","","0","0","1","0","0","","2359","0","4","0","0","1","0","0","2","0","4","03","03","N","","","","","","","","","","",""
"2023039895","0725","1","0","0","0","0","0","0","0","0","7","0","","67","04","2023","7","40.0368","-75.0138","0719","06","0","0","0","0","0","1","0","0","","0","0","0","07","1","0","00","N","1","40 02:12.610","1","00","75 00:49.780","0","0","0","0","67301","0","0","0","N","0","0","0","1","68K01","0","","2","09","0735","N","N","N","0","","0","0","0","0","0","N","0710","0","1","0","0","0","0","0","2","0","1","07","","N","","","","","","","","","","",""
"2023028844","0234","1","0","0","0","0","0","0","0","0","4","0","","67","03","2023","1","40.0011","-75.2266","0218","06","0","0","0","0","0","0","0","0","","0","0","0","02","3","1","00","N","0","40 00:03.950","","07","75 13:35.786","3","0","0","0","67301","0","0","0","N","0","0","0","2","67301","0","","1","01","","N","N","N","0","","1","0","1","0","0","","0200","1","2","0","0","1","0","0","2","0","2","03","","N","","","","","","","","","","",""
"2023026918","2155","2","0","0","0","0","0","0","0","0","4","0","","67","03","2023","2","40.0702","-75.1667","2145","06","0","0","0","0","0","0","0","0","","0","0","0","21","3","2","01","","0","40 04:12.647","","00","75 10:00.224","3","0","0","0","67301","0","0","0","N","0","0","0","3","67301","0","","1","01","","N","N","N","0","","2","0","0","3","2","","2130","2","4","0","0","1","0","0","2","2","4","03","03","N","","","","","","","","","","",""
"2023039038","1356","1","0","0","0","0","0","0","0","0","4","1","","67","05","2023","2","39.9565","-75.2215","1354","06","0","0","0","0","0","0","0","0","","0","1","0","13","1","0","01","","1","39 57:23.323","2","00","75 13:17.707","0","0","0","0","67301","0","0","0","N","0","0","0","2","67301","0","","1","01","1430","N","N","N","0","","0","0","0","3","2","N","1350","0","2","0","0","0","0","0","2","0","2","03","04","N","","","","","","","","","","",""
"2023029341","0956","2","0","0","0","0","0","0","0","0","4","0","","67","03","2023","5","40.039","-75.1501","0955","06","0","0","0","0","0","0","0","0","","0","0","0","09","1","2","01","","0","40 02:20.300","","00","75 09:00.181","4","0","0","0","67301","0","0","0","N","0","0","0","2","67301","2","","1","09","","N","N","N","0","","0","0","0","1","2","","0950","2","2","0","0","0","0","0","2","0","2","04","07","N","","","","","","","","","","",""
"2023029852","1223","0","0","0","0","0","0","0","0","0","7","0","","67","03","2023","5","40.0044","-75.1748","1215","06","0","0","0","0","0","0","0","0","","0","0","0","11","1","0","01","","0","40 00:15.919","","00","75 10:29.344","0","0","0","0","67301","0","0","0","N","0","0","0","1","67301","0","","4","09","","N","N","N","0","","0","0","0","0","0","","1155","0","1","0","0","0","0","0","2","1","1","07","07","N","","","","","","","","","","",""
"2023039220","1128","2","0","0","0","0","0","0","0","0","1","0","","67","05","2023","2","40.047","-75.0004","1112","06","0","0","0","0","0","3","0","0","","0","0","0","11","1","1","00","N","0","40 02:49.070","","02","75 00:01.578","4","0","0","0","67301","0","0","0","N","0","0","0","3","68K01","1","","1","01","","N","N","N","0","","0","0","1","0","0","","1103","1","3","0","0","0","0","0","2","0","3","03","03","N","","","","","","","","","","",""
"2023039186","2311","0","0","0","0","0","0","0","0","0","7","0","","67","04","2023","5","39.8861","-75.2118","2259","06","0","0","0","0","0","0","0","0","","0","0","0","22","3","1","07","","0","39 53:09.886","","00","75 12:42.475","4","0","0","0","67301","0","0","0","N","0","0","0","1","68K01","1","","4","01","","N","N","N","0","","0","0","1","0","0","","2248","1","1","0","0","0","0","0","2","0","1","03","","N","","","","","","","","","","",""
"2023039626","0145","0","0","0","0","0","0","1","0","0","5","1","","67","04","2023","5","40.0531","-75.0922","0125","06","0","0","0","0","0","0","0","1","","0","0","0","01","3","2","05","","2","40 03:11.276","7","00","75 05:31.765","4","0","0","0","67301","0","0","0","N","0","0","0","3","67508","2","","1","09","9999","N","N","Y","0","","0","0","1","3","2","Y","0125","2","3","0","0","0","0","1","2","1","3","07","07","N","","","","","","","","","","",""
"2023034727","1406","1","0","0","0","0","0","0","0","0","1","0","","67","03","2023","1","40.0201","-75.0437","1347","06","0","0","0","0","0","0","0","0","","0","0","0","13","1","0","00","N","0","40 01:12.312","","00","75 02:37.402","0","0","0","0","67301","0","0","0","N","0","0","0","3","68K01","0","","1","01","","N","N","N","0","","0","0","2","0","0","","1337","0","3","0","0","0","0","0","2","0","3","03","03","N","","","","","","","","","","",""
"2023030243","1143","0","0","0","0","0","0","0","0","0","4","0","","67","03","2023","7","39.9991","-75.1701","1141","06","0","0","0","0","0","1","0","0","","0","0","0","11","1","4","01","","2","39 59:56.810","7","00","75 10:12.287","4","0","0","0","67301","0","0","0","N","0","0","0","4","67301","4","","1","09","1300","N","N","N","0","","0","0","2","3","2","N","1139","4","3","0","0","0","0","0","2","1","3","04","07","N","","","","","","","","","","",""
"2023027060","2340","1","0","0","0","0","0","0","0","0","4","0","","67","03","2023","3","40.0054","-75.1094","2324","06","0","0","0","0","0","1","0","0","","0","0","0","22","3","2","01","","0","40 00:19.420","","00","75 06:33.689","3","0","0","0","67301","0","0","0","N","0","0","0","2","67301","0","","1","01","","N","N","N","0","","1","0","1","3","2","","2245","2","2","0","0","0","1","0","2","0","2","03","","N","","","","","","","","","","",""
"2023025506","1554","0","0","0","0","0","0","0","0","0","8","0","","67","03","2023","6","40.058","-75.0194","1549","06","0","0","0","0","0","0","0","0","","0","0","0","15","1","1","00","N","0","40 03:28.930","","00","75 01:09.740","8","0","0","0","67301","1","0","0","N","1","0","0","2","67301","0","","1","01","","N","N","N","1","","0","0","0","0","0","","1520","1","2","0","0","1","1","0","2","0","1","03","03","N","","","","","","","","","","",""
"2023029181","0005","1","0","0","0","0","0","0","0","0","4","0","","67","03","2023","2","40.0306","-75.0826","0001","06","0","0","0","0","0","0","0","0","","0","0","0","00","3","1","01","","0","40 01:50.040","","00","75 04:57.502","3","0","0","0","67301","0","0","0","N","0","0","0","3","67301","0","","1","01","","N","N","N","0","","1","0","1","3","2","","0000","1","2","0","0","0","0","1","2","0","2","03","03","N","","","","","","","","","","",""
"2023036505","1121","0","0","0","0","0","0","0","0","0","5","0","","67","03","2023","6","39.9643","-75.1384","1112","06","0","0","0","0","0","1","1","0","","0","0","0","11","1","3","00","N","0","39 57:51.496","","00","75 08:18.195","3","0","0","0","67301","0","0","0","N","0","0","0","6","68K01","2","","1","09","","N","N","N","1","","1","0","1","0","0","","1107","3","3","0","0","0","0","1","2","0","3","07","","N","","","","","","","","","","",""
"2023040181","0848","1","0","0","0","0","0","0","0","0","7","0","","67","05","2023","6","40.0578","-75.2334","0847","06","0","0","0","0","0","0","0","0","","0","0","0","08","1","1","00","N","1","40 03:28.076","1","00","75 14:00.410","2","0","0","0","67301","0","0","0","N","0","0","0","1","67301","0","","5","01","1000","N","N","N","0","","0","1","0","0","0","N","0828","1","1","0","0","0","0","0","2","0","1","03","03","N","","","","","","","","","","",""
"2023025906","1238","0","0","0","1","0","0","0","0","0","8","0","","67","03","2023","1","39.9401","-75.168","1235","06","0","0","0","0","0","0","0","0","","0","0","0","12","8","1","00","N","0","39 56:24.250","","00","75 10:04.770","4","0","0","0","67301","1","0","0","N","0","0","0","2","67301","1","","1","01","","N","N","N","1","","0","0","0","0","0","","1230","1","2","0","0","1","0","0","2","0","1","03","","N","","","","","","","","","","",""
"2023027996","0800","2","0","0","0","0","0","0","0","0","5","0","","67","03","2023","1","40.014","-75.0863","0756","06","0","0","0","0","0","0","0","0","","0","0","0","07","3","2","00","N","2","40 00:50.391","5","01","75 05:10.629","3","0","0","0","67301","0","0","0","N","0","0","0","2","67301","0","","3","01","0040","N","N","N","0","","2","0","0","0","0","Y","0753","2","2","0","0","0","0","0","2","0","2","03","03","N","","","","","","","","","","",""