"CRN","ARRIVAL_TM","AUTOMOBILE_COUNT","BELTED_DEATH_COUNT","BELTED_SUSP_SERIOUS_INJ_COUNT","BICYCLE_COUNT","BICYCLE_DEATH_COUNT","BICYCLE_SUSP_SERIOUS_INJ_COUNT","BUS_COUNT","CHLDPAS_DEATH_COUNT","CHLDPAS_SUSP_SERIOUS_INJ_COUNT","COLLISION_TYPE","COMM_VEH_COUNT","CONS_ZONE_SPD_LIM","COUNTY","CRASH_MONTH","CRASH_YEAR","DAY_OF_WEEK","DEC_LAT","DEC_LONG","DISPATCH_TM","DISTRICT","DRIVER_COUNT_16YR","DRIVER_COUNT_17YR","DRIVER_COUNT_18YR","DRIVER_COUNT_19YR","DRIVER_COUNT_20YR","DRIVER_COUNT_50_64YR","DRIVER_COUNT_65_74YR","DRIVER_COUNT_75PLUS","EST_HRS_CLOSED","FATAL_COUNT","HEAVY_TRUCK_COUNT","HORSE_BUGGY_COUNT","HOUR_OF_DAY","ILLUMINATION","INJURY_COUNT","INTERSECT_TYPE","INTERSECTION_RELATED","LANE_CLOSED","LATITUDE","LN_CLOSE_DIR","LOCATION_TYPE","LONGITUDE","MAX_SEVERITY_LEVEL","MCYCLE_DEATH_COUNT","MCYCLE_SUSP_SERIOUS_INJ_COUNT","MOTORCYCLE_COUNT","MUNICIPALITY","NONMOTR_COUNT","NONMOTR_DEATH_COUNT","NONMOTR_SUSP_SERIOUS_INJ_COUNT","NTFY_HIWY_MAINT","PED_COUNT","PED_DEATH_COUNT","PED_SUSP_SERIOUS_INJ_COUNT","PERSON_COUNT","POLICE_AGCY","POSSIBLE_INJ_COUNT","RDWY_SURF_TYPE_CD","RELATION_TO_ROAD","ROAD_CONDITION","ROADWAY_CLEARED","SCH_BUS_IND","SCH_ZONE_IND","SECONDARY_CRASH","SMALL_TRUCK_COUNT","SPEC_JURIS_CD","SUSP_MINOR_INJ_COUNT","SUSP_SERIOUS_INJ_COUNT","SUV_COUNT","TCD_FUNC_CD","TCD_TYPE","TFC_DETOUR_IND","TIME_OF_DAY","TOT_INJ_COUNT","TOTAL_UNITS","UNB_DEATH_COUNT","UNB_SUSP_SERIOUS_INJ_COUNT","UNBELTED_OCC_COUNT","UNK_INJ_DEG_COUNT","UNK_INJ_PER_COUNT","URBAN_RURAL","VAN_COUNT","VEHICLE_COUNT","WEATHER1","WEATHER2","WORK_ZONE_IND","WORK_ZONE_LOC","WORK_ZONE_TYPE","WORKERS_PRES","WZ_CLOSE_DETOUR","WZ_FLAGGER","WZ_LAW_OFFCR_IND","WZ_LN_CLOSURE","WZ_MOVING","WZ_OTHER","WZ_SHLDER_MDN","WZ_WORKERS_INJ_KILLED"
"2023039857","2002","2","0","0","0","0","0","0","0","0","5","0","","67","03","2023","1","39.9938","-75.1992","1956","06","0","0","0","0","0","0","0","0","","0","0","0","19","3","0","00","N","0","39 59:37.796","","00","75 11:57.041","9","0","0","0","67301","0","0","0","N","0","0","0","2","68K01","0","","1","01","","N","N","N","0","","0","0","0","0","0","","1955","0","2","0","0","0","0","1","2","0","2","03","03","N","","","","","","","","","","",""
"2023027418","2102","1","0","0","0","0","0","0","0","0","4","0","","67","03","2023","3","40.0823","-75.0377","2051","06","0","0","0","0","0","0","0","0","","0","0","0","20","3","0","00","N","0","40 04:56.165","","07","75 02:15.654","0","0","0","0","67301","0","0","0","N","0","0","0","2","67301","0","","1","01","","N","N","N","0","","0","0","1","0","0","","2045","0","2","0","0","0","0","0","2","0","2","03","","N","","","","","","","","","","",""
"2023025498","0021","1","0","0","0","0","0","0","0","0","1","0","","67","03","2023","2","40.045","-75.0942","0021","06","0","0","0","0","0","0","0","0","","0","0","0","00","3","0","02","","0","40 02:41.992","","00","75 05:39.112","0","0","0","0","67301","0","0","0","N","0","0","0","3","67301","0","","1","01","","N","N","N","0","","0","0","1","3","2","","0002","0","2","0","0","0","0","0","2","0","2","03","03","N","","","","","","","","","","",""
"2023031406","2315","2","0","0","0","0","0","0","0","0","4","0","","67","03","2023","7","40.0019","-75.1184","2312","06","0","0","0","0","0","0","0","0","","0","0","0","23","3","0","02","","0","40 00:06.699","","00","75 07:06.135","0","0","0","0","67301","0","0","0","N","0","0","0","1","67301","0","","1","01","","N","N","N","0","","0","0","0","3","3","","2311","0","2","0","0","0","0","0","2","0","2","03","03","N","","","","","","","","","","",""
"2023039771","1117","1","0","0","0","0","0","0","0","0","7","0","","67","04","2023","7","40.0403","-75.006","1112","06","0","0","0","0","0","0","0","0","","0","0","0","11","1","1","00","N","0","40 02:25.217","","00","75 00:21.672","4","0","0","0","67301","0","0","0","N","0","0","0","1","68K01","1","","2","09","","N","N","N","0","","0","0","0","0","0","","1108","1","1","0","0","0","0","0","2","0","1","07","","N","","","","","","","","","","",""
"2023039575","1635","0","0","0","0","0","0","0","0","0","8","0","","67","04","2023","6","39.9909","-75.1675","1630","06","0","0","0","0","0","0","1","0","","0","0","0","16","1","1","02","","0","39 59:27.333","","00","75 10:03.118","3","0","0","0","67301","1","0","0","N","1","0","0","2","67301","0","","1","09","","N","N","N","0","","1","0","1","3","3","","1615","1","2","0","0","0","0","0","2","0","1","07","07","N","","","","","","","","","","",""
"2023026244","0825","1","0","0","0","0","0","0","0","0","7","0","","67","03","2023","1","39.885","-75.2439","0823","06","0","0","0","0","1","0","0","0","","0","0","0","08","1","0","00","N","0","39 53:05.869","","00","75 14:38.163","0","0","0","0","67301","0","0","0","N","0","0","0","1","68K01","0","","3","01","","N","N","N","0","","0","0","0","0","0","","0814","0","1","0","0","1","0","0","2","0","1","03","","N","","","","","","","","","","",""
"2023038858","0900","1","0","0","0","0","0","0","0","0","8","0","","67","02","2023","4","40.0131","-75.202","0900","06","0","0","0","0","0","0","0","0","","0","0","0","09","1","1","02","","0","40 00:47.031","","00","75 12:07.323","3","0","0","0","67301","1","0","0","N","1","0","0","2","67301","0","","1","01","","N","N","N","0","","1","0","0","3","2","","0900","1","2","0","0","1","0","0","2","0","1","03","03","N","","","","","","","","","","",""
"2023026000","2140","0","0","0","0","0","0","0","0","0","4","0","","67","03","2023","2","39.931","-75.1442","2128","06","0","0","0","0","0","0","0","0","","0","0","0","20","3","0","03","","0","39 55:51.498","","02","75 08:39.139","0","0","0","0","67301","0","0","0","N","0","0","0","2","67301","0","","1","01","","N","N","N","0","","0","0","1","0","0","","2050","0","2","0","0","0","0","0","2","0","2","03","","N","","","","","","","","","","",""
"2023027140","1550","1","0","0","0","0","0","0","0","0","4","0","","67","03","2023","7","40.0392","-75.11","1550","06","0","0","0","0","1","0","0","0","","0","0","0","15","1","0","01","","0","40 02:20.942","","00","75 06:36.006","0","0","0","0","67301","0","0","0","N","0","0","0","2","67301","0","","1","09","","N","N","N","0","","0","0","1","3","2","","1550","0","2","0","0","0","0","0","2","0","2","07","04","N","","","","","","","","","","",""
"2023027299","1740","0","0","0","0","0","0","0","0","0","4","0","","67","03","2023","7","40.0275","-75.0624","1734","06","0","0","0","0","0","1","0","0","","0","0","0","17","1","2","01","","1","40 01:38.974","2","00","75 03:44.728","3","0","0","0","67301","0","0","0","N","0","0","0","2","67301","0","","1","09","1630","N","N","N","0","","2","0","1","3","2","N","1734","2","2","0","0","0","0","0","2","1","2","07","07","N","","","","","","","","","","",""
"2023025709","0840","1","0","0","0","0","0","0","0","0","2","0","","67","03","2023","2","39.915","-75.1498","0835","06","0","0","0","0","0","1","0","0","","0","0","0","08","1","1","00","N","0","39 54:54.080","","00","75 08:59.250","3","0","0","0","67301","0","0","0","N","0","0","0","1","67301","0","","6","01","","N","N","Y","1","","1","0","3","0","0","","0833","1","5","0","0","0","0","0","2","0","5","03","","N","","","","","","","","","","",""
"2023027063","1050","1","0","0","0","0","0","0","0","0","6","0","","67","03","2023","4","40.0011","-75.1467","1036","06","0","0","0","0","0","0","0","0","","0","0","0","10","1","3","00","N","0","40 00:04.094","","00","75 08:48.006","3","0","0","0","67301","0","0","0","N","0","0","0","4","67301","1","","1","01","","N","N","N","0","","2","0","1","0","0","","1015","3","2","0","0","0","0","0","2","0","2","03","","N","","","","","","","","","","",""
"2023025495","0930","1","0","0","0","0","0","0","0","0","7","0","","67","03","2023","1","39.9252","-75.1938","0928","06","0","0","0","0","0","0","0","0","","0","0","0","09","1","1","00","N","0","39 55:30.840","","00","75 11:37.520","4","0","0","0","67301","0","0","0","N","0","0","0","1","67301","1","","4","01","","N","N","N","0","","0","0","0","0","0","","0912","1","1","0","0","0","0","0","2","0","1","03","03","N","","","","","","","","","","",""
"2023037359","0037","1","0","0","0","0","0","0","0","0","5","0","","67","03","2023","5","39.9724","-75.19","0035","06","0","0","0","0","0","0","0","0","","0","0","0","00","3","0","00","N","0","39 58:20.608","","00","75 11:24.045","0","0","0","0","67301","0","0","0","N","0","0","0","2","67301","0","","1","01","","N","N","N","0","","0","0","0","0","0","","0031","0","2","0","0","1","0","0","2","0","2","03","03","N","","","","","","","","","","",""
"2023025907","2315","0","0","0","0","0","0","0","0","0","8","0","","67","03","2023","6","40.0028","-75.1378","2311","06","0","0","0","0","0","0","0","0","","0","0","0","23","3","1","05","","0","40 00:10.040","","00","75 08:16.231","3","0","0","0","67301","1","0","0","N","1","0","0","2","67301","0","","1","01","","N","N","N","1","","1","0","0","3","2","","2308","1","2","0","0","0","0","1","2","0","1","03","03","N","","","","","","","","","","",""
"2023026270","2220","2","0","0","0","0","0","0","0","0","4","0","","67","03","2023","2","39.9589","-75.2414","2215","06","0","0","0","0","1","0","0","0","","0","0","0","22","3","2","01","","0","39 57:32.142","","00","75 14:29.013","3","0","0","0","67301","0","0","0","N","0","0","0","3","67301","0","","1","01","","N","N","N","0","","2","0","0","3","2","","2213","2","3","0","0","3","0","0","2","1","3","03","03","N","","","","","","","","","","",""
"2023039950","0808","1","0","0","0","0","0","0","0","0","2","0","","67","05","2023","4","40.0128","-75.154","0806","06","0","0","1","0","0","0","0","0","","0","0","0","07","1","0","00","N","0","40 00:45.910","","00","75 09:14.320","0","0","0","0","67301","0","0","0","N","0","0","0","1","67301","0","","1","01","","N","N","N","0","","0","0","1","0","0","","0750","0","2","0","0","0","0","0","2","0","2","04","","N","","","","","","","","","","",""
"2023027428","2018","1","0","0","0","0","0","0","0","0","4","0","","67","03","2023","6","40.0272","-75.1512","2017","06","0","0","0","0","0","1","0","0","","0","0","0","18","1","1","01","","0","40 01:37.898","","00","75 09:04.471","3","0","0","0","67301","0","0","0","N","0","0","0","2","67301","0","","1","01","","N","N","N","0","","1","0","1","3","2","","1850","1","2","0","0","1","0","0","2","0","2","03","03","N","","","","","","","","","","",""
"2023027065","0252","2","0","0","0","0","0","0","0","0","1","0","","67","03","2023","4","40.0264","-75.142","0251","06","0","0","0","0","0","0","0","0","","0","0","0","02","3","0","00","N","0","40 01:34.990","","00","75 08:31.230","9","0","0","0","67301","0","0","0","N","0","0","0","1","67301","0","","6","01","","N","N","Y","0","","0","0","1","0","0","","0250","0","3","0","0","0","0","1","2","0","3","03","03","N","","","","","","","","","","",""
"2023026271","1930","2","0","0","0","0","0","0","0","0","4","0","","67","03","2023","4","39.9537","-75.209","1928","06","0","0","0","0","0","0","0","0","","0","0","0","19","3","0","01","","0","39 57:13.410","","00","75 12:32.421","0","0","0","0","67301","0","0","0","N","0","0","0","2","67301","0","","1","01","","N","N","N","0","","0","0","0","3","2","","1926","0","2","0","0","0","0","0","2","0","2","03","04","N","","","","","","","","","","",""
"2023025496","0040","1","0","0","0","0","0","0","0","0","4","0","","67","03","2023","1","40.0265","-75.0975","0038","06","0","0","0","0","0","1","0","0","","0","0","0","00","3","1","01","","1","40 01:35.508","2","00","75 05:51.151","2","0","1","1","67301","0","0","0","N","0","0","0","2","67301","0","","1","01","0130","N","N","N","0","","0","1","0","3","2","Y","0036","1","2","0","0","0","0","0","2","0","2","03","","N","","","","","","","","","","",""
"2023026905","2317","1","0","0","0","0","0","0","0","0","1","0","","67","03","2023","4","39.9313","-75.1995","2317","06","0","0","0","0","0","1","0","0","","0","0","0","23","3","2","00","N","1","39 55:52.703","3","00","75 11:58.114","3","0","0","0","67301","0","0","0","N","0","0","0","2","68Z99","0","","1","01","0015","N","N","N","0","","2","0","1","0","0","N","2317","2","2","0","0","1","0","0","2","0","2","03","","N","","","","","","","","","","",""
"2023039802","1300","1","0","0","0","0","0","0","0","0","1","0","","67","04","2023","1","40.0317","-75.1789","1300","06","0","0","0","0","0","0","0","0","","0","0","0","00","3","3","01","","0","40 01:54.253","","00","75 10:43.938","3","0","0","0","67301","0","0","0","N","0","0","0","4","67301","0","","1","01","","N","N","N","1","","3","0","0","3","2","","0013","3","2","0","0","0","0","0","2","0","2","03","","N","","","","","","","","","","",""
"2023026920","2321","0","0","0","0","0","0","0","0","0","4","0","","67","03","2023","3","39.9653","-75.2255","2317","06","0","0","0","0","0","0","0","0","","0","0","0","23","3","1","01","","2","39 57:55.055","3","00","75 13:31.731","3","0","0","0","67301","0","0","0","N","0","0","0","4","67301","0","","1","01","0102","N","N","N","0","","1","0","2","3","2","Y","2305","1","2","0","0","4","0","2","2","0","2","03","","N","","","","","","","","","","",""
"2023037684","0535","1","0","0","0","0","0","0","0","0","4","1","","67","04","2023","5","39.9217","-75.19","0529","06","0","0","0","0","0","1","0","0","","0","1","0","05","3","1","05","","2","39 55:17.970","1","08","75 11:24.724","3","0","0","0","67301","0","0","0","N","0","0","0","2","67301","0","","1","09","0625","N","N","N","0","","1","0","0","3","2","N","0529","1","2","0","0","0","0","0","2","0","2","04","04","N","","","","","","","","","","",""
"2023027298","1015","0","0","0","0","0","0","0","0","0","4","0","","67","03","2023","5","40.0189","-75.0495","1010","06","0","0","0","0","0","0","0","0","","0","0","0","09","1","1","01","","0","40 01:08.120","","00","75 02:58.216","4","0","0","0","67301","0","0","0","N","0","0","0","2","67301","1","","1","09","","N","N","N","0","","0","0","1","3","3","","0900","1","2","0","0","0","0","0","2","0","2","07","07","N","","","","","","","","","","",""
"2023027149","0114","0","0","0","0","0","0","0","0","0","4","0","","67","03","2023","6","40.0261","-75.1475","0256","06","0","0","0","0","0","0","0","0","","0","0","0","01","3","2","01","","0","40 01:33.900","","00","75 08:50.860","3","0","0","0","67301","0","0","0","N","0","0","0","2","67301","0","","1","09","","N","N","N","0","","2","0","2","3","2","","0110","2","2","0","0","0","0","0","2","0","2","07","07","N","","","","","","","","","","",""
"2023031653","1839","0","0","0","1","0","0","0","0","0","8","0","","67","03","2023","1","39.9509","-75.1964","1837","06","0","0","0","0","0","0","0","0","","0","0","0","18","4","1","00","N","0","39 57:03.340","","00","75 11:47.210","4","0","0","0","67301","1","0","0","N","0","0","0","2","67504","1","","1","01","","N","N","N","0","","0","0","1","0","0","","1835","1","2","0","0","0","0","0","2","0","1","03","03","N","","","","","","","","","","",""
"2023026535","1931","1","0","0","0","0","0","0","0","0","2","0","","67","03","2023","4","40.0441","-75.073","1931","06","0","0","0","0","0","0","0","0","","0","0","0","19","4","1","00","N","1","40 02:38.761","1","00","75 04:22.712","3","0","0","0","67301","0","0","0","N","0","0","0","2","67301","0","","1","01","1949","N","N","N","0","","1","0","0","0","0","Y","1931","1","2","0","0","0","0","0","2","1","2","03","03","N","","","","","","","","","","",""
"2023034969","0220","1","0","0","0","0","0","0","0","0","4","0","","67","03","2023","1","40.0184","-75.1491","0215","06","0","0","0","0","0","0","0","0","","0","0","0","02","3","0","01","","2","40 01:06.376","5","00","75 08:56.880","0","0","0","0","67301","0","0","0","N","0","0","0","2","67301","0","","1","08","0400","N","N","N","0","","0","0","2","3","2","Y","0200","0","3","0","0","2","0","0","2","0","3","07","04","N","","","","","","","","","","",""
"2023025535","0105","1","0","0","0","0","0","0","0","0","2","0","","67","03","2023","1","39.9621","-75.2469","0100","06","0","0","0","0","0","0","0","0","","0","0","0","00","3","0","00","N","0","39 57:43.656","","00","75 14:48.958","0","0","0","0","67301","0","0","0","N","0","0","0","2","67301","0","","1","01","","N","N","N","0","","0","0","1","0","0","","0059","0","2","0","0","1","0","0","2","0","2","03","03","N","","","","","","","","","","",""
"2023027317","0420","1","0","0","0","0","0","0","0","0","1","0","","67","03","2023","7","","","0420","06","0","0","0","0","0","1","0","0","","0","0","0","04","3","0","00","N","1","","4","03","","0","0","0","0","67301","0","0","0","N","0","0","0","3","67501","0","","1","01","0510","N","N","N","0","","0","0","0","3","1","N","0420","0","2","0","0","0","0","0","1","1","2","03","","N","","","","","","","","","","",""
"2023036498","0105","1","0","0","0","0","0","0","0","0","5","0","","67","03","2023","3","39.9892","-75.2064","0048","06","0","0","0","0","0","0","0","0","","0","0","0","00","3","1","00","N","0","39 59:21.078","","00","75 12:22.882","4","0","0","0","67301","0","0","0","N","0","0","0","3","68K01","1","","1","01","","N","N","N","0","","0","0","2","0","0","","0045","1","3","0","0","0","0","0","2","0","3","03","03","N","","","","","","","","","","",""
"2023027055","1400","2","0","0","0","0","0","0","0","0","4","0","","67","03","2023","6","40.0595","-75.0806","1550","06","0","0","0","0","0","0","0","0","","0","0","0","14","1","1","01","","1","40 03:34.187","2","00","75 04:49.989","3","0","0","0","67301","0","0","0","N","0","0","0","2","67301","0","","1","01","1500","N","N","N","0","","1","0","0","3","2","N","1400","1","2","0","0","0","0","0","2","0","2","03","03","N","","","","","","","","","","",""
"2023025513","2345","1","0","0","0","0","0","0","0","0","4","0","","67","03","2023","7","39.9249","-75.2265","2338","06","0","0","0","0","0","1","0","0","","0","0","0","23","3","0","01","","0","39 55:29.657","","00","75 13:35.372","0","0","0","0","67301","0","0","0","N","0","0","0","2","67301","0","","1","01","","N","N","N","1","","0","0","1","3","2","","2305","0","3","0","0","1","0","0","2","0","3","03","03","N","","","","","","","","","","",""
"2023026264","0840","1","0","0","0","0","0","0","0","0","4","0","","67","03","2023","4","39.9074","-75.1903","0830","06","0","0","0","0","0","0","0","0","","0","0","0","06","5","0","01","","0","39 54:26.657","","00","75 11:24.944","0","0","0","0","67301","0","0","0","N","0","0","0","2","67301","0","","1","01","","N","N","N","0","","0","0","1","3","2","","0610","0","2","0","0","0","0","0","2","0","2","03","","N","","","","","","","","","","",""
"2023027655","1703","2","0","0","0","0","0","0","0","0","4","0","","67","03","2023","1","39.9858","-75.2156","1703","06","0","0","0","0","0","1","0","0","","0","0","0","17","1","3","01","","1","39 59:08.741","5","00","75 12:56.531","3","0","0","0","67301","0","0","0","N","0","0","0","4","67301","0","","1","01","2000","N","N","N","0","","3","0","0","3","2","N","1703","3","2","0","0","0","0","0","2","0","2","03","","N","","","","","","","","","","",""
"2023038541","0603","0","0","1","0","0","0","0","0","0","4","1","","67","04","2023","5","39.9535","-75.1976","0601","06","0","0","0","0","0","0","1","0","","0","1","0","06","1","2","00","N","0","39 57:12.641","","00","75 11:51.518","2","0","0","0","67301","0","0","0","N","0","0","0","2","67504","0","","1","01","","N","N","N","0","","1","1","1","0","0","","0601","2","2","0","0","0","0","0","2","0","2","03","03","N","","","","","","","","","","",""
"2023029329","0305","0","0","0","0","0","0","0","0","0","7","0","","67","03","2023","1","40.0341","-75.0299","0305","06","0","0","0","0","0","0","0","0","","0","0","0","03","3","0","01","","0","40 02:02.666","","00","75 01:47.513","0","0","0","0","67301","0","0","0","N","0","0","0","1","67301","0","","4","09","","N","N","N","0","","0","0","1","3","3","","0305","0","1","0","0","1","0","0","2","0","1","07","","N","","","","","","","","","","",""
"2023039095","2351","1","0","0","0","0","0","0","0","0","5","0","","67","03","2023","4","39.9732","-75.1938","2351","06","0","0","0","0","0","0","0","0","","0","0","0","23","2","1","00","N","1","39 58:23.520","4","00","75 11:37.505","4","0","0","0","67301","0","0","0","N","0","0","0","4","68K01","1","","1","01","0010","N","N","N","0","","0","0","2","0","0","N","2348","1","3","0","0","1","0","1","2","0","3","03","","N","","","","","","","","","","",""
"2023029446","0049","2","0","0","0","0","0","0","0","0","2","0","","67","03","2023","7","39.9639","-75.1931","0049","06","0","0","0","0","0","0","0","0","","0","0","0","00","3","1","01","","0","39 57:50.050","","00","75 11:35.001","4","0","0","0","67301","0","0","0","N","0","0","0","2","67301","1","","1","01","","N","N","N","0","","0","0","0","3","3","","0048","1","2","0","0","0","0","0","2","0","2","03","03","N","","","","","","","","","","",""
"2023025534","1712","2","0","0","0","0","0","0","0","0","1","0","","67","03","2023","6","39.9564","-75.1961","1712","06","0","0","0","0","0","0","0","0","","0","0","0","18","1","1","00","N","0","39 57:23.001","","00","75 11:45.846","3","0","0","0","67301","0","0","0","N","0","0","0","3","67301","0","","1","01","","N","N","N","0","","1","0","0","0","0","","1800","1","2","0","0","0","0","0","2","0","2","99","03","N","","","","","","","","","","",""
"2023036129","1025","3","0","0","0","0","0","0","0","0","1","0","","67","03","2023","1","39.9459","-75.1897","1011","06","0","0","0","0","0","0","0","0","","0","0","0","10","1","0","06","","0","39 56:45.066","","02","75 11:22.863","0","0","0","0","67301","0","0","0","N","0","0","0","4","68K01","0","","7","01","","N","N","N","0","","0","0","0","3","4","","1009","0","3","0","0","0","0","0","2","0","3","03","","N","","","","","","","","","","",""
"2023039898","1133","0","0","0","0","0","0","0","0","0","1","2","","67","04","2023","7","39.9576","-75.1603","1133","06","0","0","0","0","0","0","0","0","","0","2","0","11","1","1","00","N","2","39 57:27.258","3","00","75 09:36.976","3","0","0","0","67301","0","0","0","N","0","0","0","2","68K01","0","","3","09","1230","N","N","N","0","","1","0","0","0","0","N","1133","1","2","0","0","0","0","0","2","0","2","07","","N","","","","","","","","","","",""
"2023038540","2221","1","0","0","0","0","0","0","0","0","4","0","","67","04","2023","3","39.9536","-75.1986","2219","06","0","0","0","0","0","1","0","0","","0","0","0","22","3","1","01","","0","39 57:12.991","","00","75 11:55.200","8","0","0","0","67301","0","0","0","N","0","0","0","3","67504","0","","1","01","","N","N","N","0","","0","0","1","3","2","","2218","1","2","0","0","0","1","0","2","0","2","03","03","N","","","","","","","","","","",""
"2023028608","1240","0","0","0","0","0","0","0","0","0","1","0","","67","03","2023","7","40.0406","-75.0057","1236","06","0","0","0","0","0","0","1","0","","0","0","0","12","1","1","00","N","1","40 02:26.079","2","00","75 00:20.448","4","0","0","0","67301","0","0","0","N","0","0","0","4","68K01","1","","1","09","1300","N","N","N","0","","0","0","2","0","0","N","1235","1","2","0","0","1","0","0","2","0","2","03","03","N","","","","","","","","","","",""
"2023027305","0140","1","0","0","0","0","0","0","0","0","4","0","","67","03","2023","1","40.0297","-75.1463","0140","06","0","0","0","0","0","0","0","0","","0","0","0","01","3","1","00","N","0","40 01:47.060","","00","75 08:46.820","8","0","0","0","67301","0","0","0","N","0","0","0","2","67301","0","","1","09","","N","N","N","0","","0","0","0","0","0","","0135","1","2","0","0","0","1","0","2","0","2","05","04","N","","","","","","","","","","",""
"2023031408","1744","3","0","0","0","0","0","0","0","0","5","0","","67","03","2023","7","40.0075","-75.1461","1738","06","0","0","0","0","0","0","0","0","","0","0","0","17","8","1","00","N","0","40 00:26.880","","00","75 08:46.110","3","0","0","0","67301","0","0","0","N","0","0","0","2","67301","0","","6","09","","N","N","N","0","","1","0","0","0","0","","1730","1","3","0","0","1","0","0","2","0","3","07","04","N","","","","","","","","","","",""
"2023027726","1856","1","0","0","0","0","0","0","0","0","4","0","","67","03","2023","2","39.9728","-75.1807","1856","06","0","0","1","0","0","1","0","0","","0","0","0","18","1","1","01","","2","39 58:22.169","1","00","75 10:50.566","3","0","0","0","67301","0","0","0","N","0","0","0","3","68K01","0","","1","01","1700","N","N","N","0","","1","0","1","3","2","N","1826","1","3","0","0","1","0","1","2","1","3","03","03","N","","","","","","","","","","",""
"2023026627","1505","1","0","0","0","0","0","0","0","0","7","0","","67","03","2023","7","39.9456","-75.165","1505","06","0","0","0","0","0","0","0","0","","0","0","0","15","1","0","01","","0","39 56:44.019","","00","75 09:54.085","0","0","0","0","67301","0","0","0","N","0","0","0","1","67301","0","","4","01","","N","N","N","0","","0","0","0","3","2","","1505","0","1","0","0","0","0","0","2","0","1","03","","N","","","","","","","","","","",""
"2023026628","1415","1","0","0","0","0","0","0","0","0","4","0","","67","03","2023","3","39.9568","-75.1556","1405","06","0","0","0","0","0","1","0","0","","0","0","0","13","1","1","01","","0","39 57:24.468","","03","75 09:20.068","3","0","0","0","67301","0","0","0","N","0","0","0","2","67301","0","","1","01","","N","N","N","0","","1","0","1","3","2","","1355","1","2","0","0","0","0","0","2","0","2","03","03","N","","","","","","","","","","",""
"2023025262","0856","0","0","0","0","0","0","0","0","0","4","0","","67","03","2023","2","40.0047","-75.1521","0855","06","0","0","0","0","0","1","0","0","","0","0","0","08","1","2","01","","2","40 00:16.937","4","00","75 09:08.069","8","0","0","0","67301","1","0","0","N","1","0","0","4","67505","0","","1","01","0920","N","N","N","0","","0","0","2","3","2","Y","0854","2","3","0","0","0","2","0","2","0","2","03","03","N","","","","","","","","","","",""
"2023025536","1841","0","0","0","0","0","0","0","0","0","4","0","","67","03","2023","1","39.9575","-75.2112","1841","06","0","0","0","0","0","0","0","0","","0","0","0","18","1","1","01","","0","39 57:27.043","","00","75 12:40.359","4","0","0","0","67301","0","0","0","N","0","0","0","2","67301","1","","1","01","","N","N","N","0","","0","0","2","3","3","","1814","1","2","0","0","0","0","1","2","0","2","03","","N","","","","","","","","","","",""
"2023026854","0820","1","0","0","0","0","0","0","0","0","7","0","","67","03","2023","5","39.9945","-75.1919","0807","06","0","0","0","0","0","0","0","0","","0","0","0","06","5","1","00","N","1","39 59:40.120","3","03","75 11:30.940","3","0","0","0","67301","0","0","0","N","0","0","0","1","67301","0","","4","09","0845","N","N","N","0","","1","0","0","0","0","N","0612","1","1","0","0","0","0","0","2","0","1","07","07","N","","","","","","","","","","",""
"2023026843","2340","1","0","0","0","0","0","0","0","0","7","0","","67","03","2023","5","39.935","-75.2352","2340","06","0","0","0","0","0","0","0","0","","0","0","0","22","3","0","02","","0","39 56:06.028","","00","75 14:06.874","0","0","0","0","67301","0","0","0","N","0","0","0","1","67301","0","","4","09","","N","N","N","0","","0","0","0","3","2","","2254","0","1","0","0","0","0","0","2","0","1","07","07","N","","","","","","","","","","",""
"2023027429","1025","1","0","0","0","0","0","0","0","0","4","0","","67","03","2023","7","40.0215","-75.1398","1012","06","0","0","0","0","1","0","0","0","","0","0","0","09","1","1","01","","0","40 01:17.537","","00","75 08:23.331","3","0","0","0","67301","0","0","0","N","0","0","0","2","67301","0","","1","09","","N","N","N","0","","1","0","0","3","2","","0926","1","2","0","0","0","0","0","2","1","2","07","04","N","","","","","","","","","","",""
"2023039578","1226","0","0","0","0","0","0","0","0","0","7","1","","67","03","2023","1","40.0198","-75.1488","1212","06","0","0","0","0","0","0","0","0","","0","1","0","23","3","0","00","N","0","40 01:11.133","","01","75 08:56.104","0","0","0","0","67301","0","0","0","N","0","0","0","1","67301","0","","4","01","","N","N","N","0","","0","0","0","0","0","","2350","0","1","0","0","1","0","0","2","0","1","03","03","N","","","","","","","","","","",""
"2023039903","1206","0","0","0","0","0","0","0","0","0","7","1","","67","04","2023","1","39.9503","-75.1417","1156","06","0","0","0","0","0","0","0","0","","0","1","0","11","1","0","00","N","1","39 57:01.103","2","00","75 08:30.048","0","0","0","0","67301","0","0","0","N","0","0","0","1","68K01","0","","4","09","1315","N","N","N","0","","0","0","0","0","0","N","1155","0","1","0","0","0","0","0","2","0","1","07","","N","","","","","","","","","","",""
"2023025707","1012","1","0","0","0","0","0","0","0","0","1","0","","67","03","2023","2","39.9086","-75.1934","1010","06","0","0","1","0","0","1","0","0","","0","0","0","10","1","2","00","Y","0","39 54:30.973","","00","75 11:36.200","3","0","0","0","67301","0","0","0","N","0","0","0","3","67301","0","","1","01","","N","N","N","0","","2","0","2","3","2","","1000","2","3","0","0","1","0","0","2","0","3","03","03","N","","","","","","","","","","",""