"CRN","ARRIVAL_TM","AUTOMOBILE_COUNT","BELTED_DEATH_COUNT","BELTED_SUSP_SERIOUS_INJ_COUNT","BICYCLE_COUNT","BICYCLE_DEATH_COUNT","BICYCLE_SUSP_SERIOUS_INJ_COUNT","BUS_COUNT","CHLDPAS_DEATH_COUNT","CHLDPAS_SUSP_SERIOUS_INJ_COUNT","COLLISION_TYPE","COMM_VEH_COUNT","CONS_ZONE_SPD_LIM","COUNTY","CRASH_MONTH","CRASH_YEAR","DAY_OF_WEEK","DEC_LAT","DEC_LONG","DISPATCH_TM","DISTRICT","DRIVER_COUNT_16YR","DRIVER_COUNT_17YR","DRIVER_COUNT_18YR","DRIVER_COUNT_19YR","DRIVER_COUNT_20YR","DRIVER_COUNT_50_64YR","DRIVER_COUNT_65_74YR","DRIVER_COUNT_75PLUS","EST_HRS_CLOSED","FATAL_COUNT","HEAVY_TRUCK_COUNT","HORSE_BUGGY_COUNT","HOUR_OF_DAY","ILLUMINATION","INJURY_COUNT","INTERSECT_TYPE","INTERSECTION_RELATED","LANE_CLOSED","LATITUDE","LN_CLOSE_DIR","LOCATION_TYPE","LONGITUDE","MAX_SEVERITY_LEVEL","MCYCLE_DEATH_COUNT","MCYCLE_SUSP_SERIOUS_INJ_COUNT","MOTORCYCLE_COUNT","MUNICIPALITY","NONMOTR_COUNT","NONMOTR_DEATH_COUNT","NONMOTR_SUSP_SERIOUS_INJ_COUNT","NTFY_HIWY_MAINT","PED_COUNT","PED_DEATH_COUNT","PED_SUSP_SERIOUS_INJ_COUNT","PERSON_COUNT","POLICE_AGCY","POSSIBLE_INJ_COUNT","RDWY_SURF_TYPE_CD","RELATION_TO_ROAD","ROAD_CONDITION","ROADWAY_CLEARED","SCH_BUS_IND","SCH_ZONE_IND","SECONDARY_CRASH","SMALL_TRUCK_COUNT","SPEC_JURIS_CD","SUSP_MINOR_INJ_COUNT","SUSP_SERIOUS_INJ_COUNT","SUV_COUNT","TCD_FUNC_CD","TCD_TYPE","TFC_DETOUR_IND","TIME_OF_DAY","TOT_INJ_COUNT","TOTAL_UNITS","UNB_DEATH_COUNT","UNB_SUSP_SERIOUS_INJ_COUNT","UNBELTED_OCC_COUNT","UNK_INJ_DEG_COUNT","UNK_INJ_PER_COUNT","URBAN_RURAL","VAN_COUNT","VEHICLE_COUNT","WEATHER1","WEATHER2","WORK_ZONE_IND","WORK_ZONE_LOC","WORK_ZONE_TYPE","WORKERS_PRES","WZ_CLOSE_DETOUR","WZ_FLAGGER","WZ_LAW_OFFCR_IND","WZ_LN_CLOSURE","WZ_MOVING","WZ_OTHER","WZ_SHLDER_MDN","WZ_WORKERS_INJ_KILLED"
"2023045118","0102","2","0","0","0","0","0","0","0","0","5","0","","67","05","2023","6","40.0375","-75.0616","0052","06","0","0","1","0","0","0","0","0","","0","0","0","23","3","0","00","N","0","40 02:15.006","","00","75 03:41.671","0","0","0","0","67301","0","0","0","N","0","0","0","4","67301","0","","1","01","","N","N","N","0","","0","0","0","0","0","","2351","0","2","0","0","0","0","0","2","0","2","03","03","N","","","","","","","","","","",""
"2023033974","0055","4","0","0","0","0","0","0","0","0","1","0","","67","04","2023","5","39.9978","-75.1714","0053","06","0","0","0","0","0","0","0","0","","0","0","0","00","3","1","01","","2","39 59:51.971","7","00","75 10:17.187","8","0","0","0","67301","0","0","0","N","0","0","0","2","67301","0","","1","01","0130","N","N","N","0","","0","0","2","3","3","N","0050","1","6","0","0","0","1","0","2","0","6","03","","N","","","","","","","","","","",""
"2023032885","1005","0","0","0","0","0","0","0","0","0","8","0","","67","04","2023","3","39.9455","-75.2388","1000","06","0","0","0","0","0","0","0","0","","0","0","0","19","1","1","00","N","0","39 56:43.800","","07","75 14:19.800","3","0","0","0","67301","1","0","0","N","1","0","0","2","67301","0","","1","01","","N","N","N","0","","1","0","0","0","0","","1900","1","2","0","0","0","0","0","2","0","1","03","03","N","","","","","","","","","","",""
"2023044847","1108","0","0","0","0","0","0","0","0","0","7","0","","67","05","2023","7","39.8987","-75.1705","1050","06","0","0","0","0","0","0","0","0","","0","0","0","10","1","0","00","N","2","39 53:55.410","1","03","75 10:13.979","0","0","0","0","67301","0","0","0","N","0","0","0","2","68K01","0","","3","09","1100","N","N","N","0","","0","0","1","0","0","N","1044","0","1","0","0","0","0","0","2","0","1","07","","N","","","","","","","","","","",""
"2023033629","2253","2","0","0","0","0","0","0","0","0","1","0","","67","04","2023","1","39.9791","-75.1578","2250","06","0","0","1","0","0","0","0","0","","0","0","0","22","3","1","00","N","0","39 58:44.793","","00","75 09:28.253","4","0","0","0","67301","0","0","0","N","0","0","0","2","67505","1","","1","01","","N","N","N","0","","0","0","0","0","0","","2250","1","2","0","0","0","0","0","2","0","2","03","03","N","","","","","","","","","","",""
"2023038265","2135","1","0","0","0","0","0","0","0","0","7","0","","67","04","2023","2","39.9771","-75.1992","2134","06","0","0","0","0","0","0","0","0","","0","0","0","21","3","0","07","","2","39 58:37.394","3","02","75 11:57.233","0","0","0","0","67301","0","0","0","N","0","0","0","1","68K01","0","","7","01","2156","N","N","N","0","","0","0","0","0","0","N","2132","0","1","0","0","0","0","0","2","0","1","03","03","N","","","","","","","","","","",""
"2023030725","1646","0","0","0","0","0","0","0","0","0","4","0","","67","04","2023","4","40.0566","-75.0132","1646","06","0","0","0","0","0","0","0","1","","0","0","0","16","1","2","01","","1","40 03:23.817","3","00","75 00:47.353","8","0","0","0","67301","0","0","0","N","0","0","0","2","67301","0","","1","01","1700","N","N","N","0","","0","0","2","3","2","Y","1610","2","2","0","0","0","2","0","2","0","2","03","03","N","","","","","","","","","","",""
"2023043515","1545","0","0","0","0","0","0","1","0","0","4","1","","67","05","2023","3","39.9845","-75.1664","1545","06","0","0","0","0","0","0","0","0","","0","0","0","15","1","3","01","","0","39 59:04.034","","00","75 09:59.151","8","0","0","0","67301","0","0","0","N","0","0","0","7","67505","0","","1","01","","Y","N","N","0","","0","0","1","3","3","","1545","3","2","0","0","2","3","2","2","0","2","03","03","N","","","","","","","","","","",""
"2023031867","1408","0","0","0","0","0","0","0","0","0","4","0","","67","04","2023","1","39.9581","-75.1505","1406","06","0","0","0","0","0","0","0","0","","0","0","0","14","1","1","01","","2","39 57:29.275","4","00","75 09:01.648","2","0","1","1","67301","0","0","0","N","0","0","0","2","67301","0","","1","01","1550","N","N","N","0","","0","1","1","3","2","Y","1403","1","2","0","0","0","0","0","2","0","2","03","03","N","","","","","","","","","","",""
"2023043153","1925","1","0","0","0","0","0","0","0","0","1","0","","67","05","2023","3","40.0192","-75.0455","1914","06","0","0","0","0","0","0","0","0","","0","0","0","19","1","0","00","N","1","40 01:09.200","1","00","75 02:43.795","0","0","0","0","67301","0","0","0","N","0","0","0","3","68K01","0","","1","01","0020","N","N","N","0","","0","0","1","0","0","N","1913","0","3","0","0","0","0","0","2","1","3","03","03","N","","","","","","","","","","",""
"2023033955","1807","0","0","0","0","0","0","0","0","0","8","0","","67","04","2023","7","40.0422","-75.1789","1803","06","0","0","0","0","0","0","0","0","","0","0","0","17","1","1","00","N","0","40 02:32.090","","00","75 10:44.020","2","0","0","0","67301","1","0","1","N","1","0","1","2","67301","0","","1","09","","N","N","N","0","","0","1","1","0","0","","1758","1","2","0","0","0","0","0","2","0","1","04","","N","","","","","","","","","","",""
"2023033483","0945","0","0","0","0","0","0","0","0","0","5","0","","67","04","2023","1","39.9558","-75.1904","0945","06","0","0","0","0","0","2","0","0","","0","0","0","09","1","0","00","N","0","39 57:20.764","","00","75 11:25.319","0","0","0","0","67301","0","0","0","N","0","0","0","2","67507","0","","1","01","","N","N","N","1","","0","0","1","0","0","","0944","0","2","0","0","0","0","0","2","0","2","04","04","N","","","","","","","","","","",""
"2023033950","0825","1","0","0","0","0","0","0","0","0","4","0","","67","04","2023","6","40.0934","-75.0313","0822","06","0","0","0","0","0","1","0","0","","0","0","0","08","1","1","02","","0","40 05:36.348","","07","75 01:52.568","3","0","0","0","67301","0","0","0","N","0","0","0","3","67301","0","","1","01","","N","N","N","0","","1","0","1","3","2","","0819","1","2","0","0","3","0","0","2","0","2","03","03","N","","","","","","","","","","",""
"2023036548","1325","1","0","0","0","0","0","0","0","0","7","0","","67","04","2023","7","39.9932","-75.2","1321","06","0","0","0","0","0","0","0","0","","0","0","0","13","1","1","00","N","0","39 59:35.539","","00","75 11:59.913","3","0","0","0","67301","0","0","0","N","0","0","0","1","68K01","0","","2","01","","N","N","N","0","","1","0","0","0","0","","1318","1","1","0","0","0","0","0","2","0","1","03","03","N","","","","","","","","","","",""
"2023041112","1810","0","0","0","1","0","1","0","0","0","8","0","","67","04","2023","7","39.9607","-75.2308","1802","06","0","0","0","0","0","0","0","0","","0","0","0","16","1","1","02","","0","39 57:38.438","","00","75 13:50.900","2","0","0","0","67301","1","0","1","N","0","0","0","2","67301","0","","1","99","","N","N","N","0","","0","1","0","3","2","","1600","1","2","0","0","0","0","0","2","0","1","07","04","N","","","","","","","","","","",""
"2023033947","1802","1","0","0","0","0","0","0","0","0","8","0","","67","04","2023","7","39.9246","-75.15","1759","06","0","0","0","0","0","1","0","0","","0","0","0","17","1","1","00","N","0","39 55:28.600","","00","75 09:00.000","3","0","0","0","67301","1","0","0","N","1","0","0","2","67301","0","","1","01","","Y","Y","N","0","","1","0","0","0","0","","1750","1","2","0","0","0","0","0","2","0","1","04","04","N","","","","","","","","","","",""
"2023033603","2045","0","0","0","0","0","0","0","0","0","4","0","","67","04","2023","5","40.0314","-75.1524","2032","06","0","0","0","0","0","0","0","1","","0","0","0","18","4","1","01","","0","40 01:53.011","","00","75 09:08.560","3","0","0","0","67301","0","0","0","N","0","0","0","2","67301","0","","1","01","","N","N","N","0","","1","0","2","3","2","","1856","1","2","0","0","0","0","1","2","0","2","03","","N","","","","","","","","","","",""
"2023033963","1253","1","0","0","0","0","0","0","0","0","1","0","","67","04","2023","6","39.9785","-75.1567","1246","06","0","0","0","0","0","0","1","0","","0","0","0","12","1","0","02","","0","39 58:42.670","","00","75 09:24.291","0","0","0","0","67301","0","0","0","N","0","0","0","2","67301","0","","1","01","","N","N","N","0","","0","0","1","3","8","","1243","0","2","0","0","1","0","0","2","0","2","03","03","N","","","","","","","","","","",""
"2023034294","0346","1","0","0","0","0","0","0","0","0","4","0","","67","04","2023","1","40.0582","-75.027","0346","06","0","0","0","0","0","0","0","0","","0","0","0","20","3","2","00","N","0","40 03:29.400","","07","75 01:37.100","3","0","0","0","67301","0","0","0","N","0","0","0","3","67301","0","","1","01","","N","N","N","0","","1","0","1","0","0","","2050","2","2","0","0","0","1","1","2","0","2","03","03","N","","","","","","","","","","",""
"2023032583","1925","2","0","0","0","0","0","0","0","0","3","0","","67","04","2023","3","40.1181","-75.0185","1922","06","0","0","0","0","0","0","0","0","","0","0","0","18","1","1","00","N","0","40 07:05.313","","07","75 01:06.672","3","0","0","0","67301","0","0","0","N","0","0","0","2","67301","0","","1","01","","N","N","N","0","","1","0","0","0","0","","1827","1","2","0","0","0","0","0","2","0","2","03","","N","","","","","","","","","","",""
"2023036330","0044","2","0","0","0","0","0","0","0","0","4","0","","67","04","2023","6","40.0034","-75.0821","0038","06","0","1","0","0","0","0","0","0","","0","0","0","00","3","0","02","","0","40 00:12.297","","00","75 04:55.599","9","0","0","0","67301","0","0","0","N","0","0","0","4","67301","0","","1","01","","N","N","N","0","","0","0","0","3","3","","0011","0","2","0","0","0","0","2","2","0","2","03","","N","","","","","","","","","","",""
"2023031199","2000","0","0","0","0","0","0","0","0","0","8","0","","67","04","2023","7","39.9585","-75.1935","1958","06","0","0","0","0","0","1","0","0","","0","0","0","15","1","1","05","","0","39 57:30.808","","00","75 11:37.051","4","0","0","0","67301","1","0","0","N","1","0","0","2","67507","1","","1","02","","N","N","N","0","","0","0","1","3","2","","1530","1","2","0","0","0","0","0","2","0","1","03","03","N","","","","","","","","","","",""
"2023033598","0945","0","0","0","0","0","0","0","0","0","4","0","","67","04","2023","1","39.9855","-75.1629","0943","06","0","0","0","0","0","0","0","0","","0","0","0","09","1","2","01","","0","39 59:07.969","","00","75 09:46.601","3","0","0","0","67301","0","0","0","N","0","0","0","2","67301","0","","1","01","","N","N","N","0","","2","0","3","3","2","","0934","2","3","0","0","0","0","0","2","0","3","03","","N","","","","","","","","","","",""
"2023045184","1154","0","0","0","0","0","0","0","0","0","1","1","90","67","04","2023","2","40.1027","-74.9907","1127","06","0","0","0","0","0","1","0","0","","0","1","0","11","1","0","00","N","1","40 06:09.738","3","00","74 59:26.556","0","0","0","0","67301","0","0","0","N","0","0","0","2","68K01","0","","1","01","1154","N","N","N","0","","0","0","1","3","1","N","1123","0","2","0","0","0","0","0","2","0","2","03","","Y","4","2","Y","N","N","N","Y","N","N","N","N"
"2023039474","1359","0","0","0","0","0","0","0","0","0","8","0","","67","05","2023","2","40.0215","-75.0518","1359","06","0","0","0","0","0","0","0","0","","0","0","0","13","1","1","01","","0","40 01:17.505","","00","75 03:06.381","2","0","0","0","67301","1","0","1","N","1","0","1","2","67301","0","","1","01","","N","N","N","0","","0","1","0","3","2","","1319","1","2","0","0","0","0","1","2","0","1","03","","N","","","","","","","","","","",""
"2023033134","0201","4","0","0","0","0","0","0","0","0","4","0","","67","04","2023","7","39.9628","-75.1928","0200","06","0","0","0","0","0","0","0","0","","0","0","0","01","3","1","01","","0","39 57:45.966","","00","75 11:34.200","4","0","0","0","67301","0","0","0","N","0","0","0","3","67507","1","","1","01","","N","N","N","0","","0","0","0","3","3","","0155","1","4","0","0","1","0","0","2","0","4","03","03","N","","","","","","","","","","",""
"2023033102","1312","1","0","0","0","0","0","0","0","0","4","0","","67","04","2023","5","39.9051","-75.1938","1302","06","0","0","0","0","0","0","0","0","","0","0","0","12","1","2","03","","1","39 54:18.300","1","00","75 11:37.800","4","0","0","0","67301","0","0","0","N","0","0","0","2","67301","2","","1","01","1330","N","N","N","0","","0","0","1","3","8","N","1255","2","2","0","0","0","0","0","2","0","2","03","03","N","","","","","","","","","","",""
"2023036612","0155","0","0","0","0","0","0","0","0","0","1","0","","67","04","2023","5","40.0308","-75.1464","0155","06","0","0","0","0","0","1","0","0","","0","0","0","01","3","1","03","","1","40 01:50.986","2","00","75 08:47.570","4","0","0","0","67301","0","0","0","N","0","0","0","4","67301","1","","1","01","0400","N","N","N","0","","0","0","1","3","1","N","0150","1","2","0","0","0","0","1","2","1","2","03","03","N","","","","","","","","","","",""
"2023045107","0016","1","0","0","0","0","0","0","0","0","4","0","","67","05","2023","1","39.9219","-75.1892","0017","06","0","0","0","0","0","0","0","0","","0","0","0","00","3","0","00","N","0","39 55:18.661","","00","75 11:21.212","9","0","0","0","67301","0","0","0","N","0","0","0","1","67301","0","","2","09","","N","N","N","0","","0","0","0","3","2","","0015","0","2","0","0","1","0","1","2","0","2","07","07","N","","","","","","","","","","",""
"2023032589","0550","1","0","0","0","0","0","0","0","0","5","0","","67","04","2023","4","39.9583","-75.2366","0550","06","0","0","0","0","0","0","0","0","","0","0","0","05","3","0","00","N","0","39 57:29.990","","00","75 14:11.608","0","0","0","0","67301","0","0","0","N","0","0","0","1","67301","0","","6","01","","N","N","N","0","","0","0","1","0","0","","0550","0","2","0","0","0","0","0","2","0","2","03","03","N","","","","","","","","","","",""
"2023034780","2120","0","0","0","0","0","0","0","0","0","5","0","","67","04","2023","6","39.8994","-75.2508","2102","06","0","0","0","0","0","1","0","0","","0","0","0","20","3","0","00","N","0","39 53:58.010","","00","75 15:02.760","9","0","0","0","67301","0","0","0","N","0","0","0","3","67301","0","","1","01","","N","N","N","0","","0","0","2","0","0","","2049","0","2","0","0","1","0","2","2","0","2","03","03","N","","","","","","","","","","",""
"2023044666","0545","0","0","0","0","0","0","0","0","0","7","0","","67","04","2023","1","39.9845","-75.2082","0539","06","0","0","0","0","0","0","0","0","","0","0","0","05","3","0","00","N","1","39 59:04.229","4","00","75 12:29.549","0","0","0","0","67301","0","0","0","N","0","0","0","1","68K01","0","","4","09","0630","N","N","N","1","","0","0","0","0","0","Y","0539","0","1","0","0","0","0","0","2","0","1","07","","N","","","","","","","","","","",""
"2023032475","0910","0","0","0","1","0","0","0","0","0","8","0","","67","04","2023","4","40.0313","-75.0849","0902","06","0","0","0","0","0","0","0","0","","0","0","0","09","1","1","05","","0","40 01:52.852","","00","75 05:05.812","3","0","0","0","67301","1","0","0","N","0","0","0","2","67301","0","","1","01","","N","N","N","0","","1","0","0","3","2","","0902","1","2","0","0","0","0","0","2","0","1","03","","N","","","","","","","","","","",""
"2023039801","2338","1","0","0","0","0","0","0","0","0","2","0","","67","05","2023","4","40.0972","-75.0181","2332","06","0","0","0","0","1","0","0","0","","0","0","0","23","3","2","01","","0","40 05:49.760","","00","75 01:05.283","8","0","0","0","67301","0","0","0","N","0","0","0","3","67301","0","","1","01","","N","N","N","0","","0","0","2","3","2","","2330","2","3","0","0","0","2","0","2","0","3","03","","N","","","","","","","","","","",""
"2023026265","0854","1","0","0","0","0","0","0","0","0","4","0","","67","03","2023","4","40.0397","-75.0676","0845","06","0","0","0","0","0","0","0","0","","0","0","0","07","1","1","01","","0","40 02:22.779","","00","75 04:03.370","4","0","0","0","67301","0","0","0","N","0","0","0","2","67301","1","","1","01","","N","N","N","0","","0","0","1","3","3","","0749","1","2","0","0","1","0","0","2","0","2","03","03","N","","","","","","","","","","",""
"2023038695","1414","0","0","0","0","0","0","0","0","0","4","1","","67","04","2023","7","39.9553","-75.2319","1414","06","0","0","0","0","0","0","0","0","","0","1","0","14","1","0","01","","0","39 57:19.191","","00","75 13:55.012","0","0","0","0","67301","0","0","0","N","0","0","0","2","67301","0","","1","09","","N","N","N","0","","0","0","0","3","2","","1409","0","2","0","0","2","0","0","2","1","2","07","07","N","","","","","","","","","","",""
"2023039475","0042","2","0","0","0","0","0","0","0","0","2","0","","67","04","2023","1","39.9397","-75.1981","0035","06","0","0","1","1","0","0","0","0","","0","0","0","00","3","4","01","","0","39 56:22.803","","00","75 11:53.280","3","0","0","0","67301","0","0","0","N","0","0","0","5","67301","0","","1","01","","N","N","N","0","","2","0","1","3","2","","0013","4","3","0","0","0","2","1","2","0","3","03","03","N","","","","","","","","","","",""
"2023044705","2240","2","0","0","0","0","0","0","0","0","1","0","","67","05","2023","7","40.014","-75.1501","2233","06","0","0","0","0","0","1","0","0","","0","0","0","22","3","0","00","N","1","40 00:50.269","1","00","75 09:00.384","9","0","0","0","67301","0","0","0","N","0","0","0","3","67301","0","","1","01","2320","N","N","N","0","","0","0","1","3","2","N","2230","0","3","0","0","0","0","1","2","0","3","03","03","N","","","","","","","","","","",""
"2023036934","2342","1","0","0","0","0","0","0","0","0","5","0","","67","04","2023","4","40.0118","-75.0601","2321","06","0","0","0","0","0","0","0","0","","0","0","0","23","3","0","00","N","0","40 00:42.575","","03","75 03:36.503","9","0","0","0","67301","0","0","0","N","0","0","0","2","68K01","0","","1","01","","N","N","N","0","","0","0","0","0","0","","2313","0","2","0","0","0","0","1","2","0","2","03","03","N","","","","","","","","","","",""
"2023037976","1630","1","0","0","0","0","0","0","0","0","4","0","","67","04","2023","5","40.0356","-75.1239","1625","06","0","0","0","0","0","1","1","0","","0","0","0","16","1","1","01","","0","40 02:08.098","","00","75 07:25.905","8","0","0","0","67301","0","0","0","N","0","0","0","2","67301","0","","1","98","","N","N","N","0","","0","0","2","3","2","","1625","1","3","0","0","1","1","0","2","0","3","03","03","N","","","","","","","","","","",""
"2023045214","0950","1","0","0","0","0","0","0","0","0","1","0","","67","05","2023","6","39.9573","-75.1579","0930","06","0","0","0","0","0","0","0","0","","0","0","0","09","1","0","00","N","0","39 57:26.131","","00","75 09:28.552","0","0","0","0","67301","0","0","0","N","0","0","0","3","68K01","0","","1","01","","N","N","N","0","","0","0","1","0","0","","0930","0","2","0","0","0","0","0","2","0","2","03","03","N","","","","","","","","","","",""
"2023033025","1535","2","0","0","0","0","0","0","0","0","4","0","","67","04","2023","6","39.9604","-75.1894","1530","06","0","0","0","0","0","0","2","0","","0","0","0","15","1","1","01","","1","39 57:37.313","4","00","75 11:22.016","3","0","0","0","67301","0","0","0","N","0","0","0","2","67507","0","","1","01","9999","N","","N","0","","1","0","0","3","2","N","1520","1","2","0","0","1","0","0","2","0","2","03","03","N","","","","","","","","","","",""
"2023033357","0259","1","0","0","0","0","0","0","0","0","7","0","","67","04","2023","7","40.0563","-75.1278","0253","06","0","0","0","0","0","0","0","0","","0","0","0","02","3","0","00","N","0","40 03:22.627","","00","75 07:39.945","0","0","0","0","67301","0","0","0","N","0","0","0","1","67301","0","","1","01","","N","N","N","0","","0","0","0","0","0","","0250","0","1","0","0","0","0","0","2","0","1","03","","N","","","","","","","","","","",""
"2023033108","1705","1","0","0","0","0","0","0","0","0","5","0","","67","04","2023","3","39.9613","-75.1617","1659","06","0","0","0","0","0","0","0","0","","0","0","0","16","1","0","00","N","0","39 57:40.766","","00","75 09:42.104","9","0","0","1","67301","0","0","0","N","0","0","0","1","67301","0","","6","01","","N","N","N","1","","0","0","0","0","0","","1650","0","3","0","0","0","0","1","2","0","3","03","","N","","","","","","","","","","",""
"2023031862","0731","1","0","0","0","0","0","0","0","0","8","0","","67","04","2023","3","39.9558","-75.1911","0730","06","0","0","0","0","0","0","0","0","","0","0","0","07","1","1","00","N","0","39 57:20.755","","00","75 11:27.917","4","0","0","0","67301","1","0","0","N","1","0","0","2","67507","1","","1","01","","N","N","N","0","","0","0","0","0","0","","0728","1","2","0","0","0","0","0","2","0","1","03","03","N","","","","","","","","","","",""
"2023033351","1216","1","0","0","0","0","0","0","0","0","5","0","","67","04","2023","5","39.9541","-75.2434","1213","06","0","0","0","0","0","1","0","0","","0","0","0","12","8","1","00","N","0","39 57:14.760","","00","75 14:36.410","3","0","0","0","67301","0","0","0","N","0","0","0","1","67301","0","","6","01","","N","N","N","0","","1","0","1","0","0","","1209","1","2","0","0","0","0","0","2","0","2","03","03","N","","","","","","","","","","",""
"2023032225","0207","1","0","0","0","0","0","0","0","0","5","0","","67","04","2023","3","40.0145","-75.1414","0206","06","0","0","0","0","0","0","0","0","","0","0","0","02","3","0","00","N","0","40 00:52.300","","00","75 08:29.010","9","0","0","0","67301","0","0","0","N","0","0","0","1","67301","0","","6","01","","N","N","N","1","","0","0","2","0","0","","0204","0","4","0","0","0","0","1","2","0","4","03","","N","","","","","","","","","","",""
"2023035810","0031","2","0","0","0","0","0","0","0","0","1","0","","67","04","2023","1","40.0322","-75.1863","0028","06","0","0","0","0","0","0","0","0","","0","0","0","00","3","0","00","N","0","40 01:55.790","","00","75 11:10.700","9","0","0","0","67301","0","0","0","N","0","0","0","3","67301","0","","1","09","","N","N","N","0","","0","0","1","0","0","","0023","0","3","0","0","1","0","1","2","0","3","07","07","N","","","","","","","","","","",""
"2023049993","1155","1","0","0","0","0","0","0","0","0","1","0","","67","05","2023","2","40.0559","-75.0477","1152","06","0","0","0","0","0","0","0","0","","0","0","0","11","1","2","00","N","2","40 03:21.104","2","00","75 02:51.805","3","0","0","0","67301","0","0","0","N","0","0","0","2","67301","1","","1","01","1200","N","N","N","0","","1","0","1","3","2","N","1150","2","3","0","0","0","0","0","2","0","3","03","03","N","","","","","","","","","","",""
"2023035942","1215","1","0","0","0","0","0","0","0","0","7","0","","67","04","2023","7","40.0063","-75.1933","1215","06","0","0","0","0","0","0","0","0","","0","0","0","12","1","0","00","N","2","40 00:22.703","1","03","75 11:36.059","9","0","0","0","67301","0","0","0","N","0","0","0","1","67301","0","","4","01","1235","N","N","N","0","","0","0","0","0","0","N","1205","0","1","0","0","0","0","1","2","0","1","03","","N","","","","","","","","","","",""
"2023037288","1926","0","0","0","0","0","0","0","0","0","7","0","","67","04","2023","4","39.9123","-75.1738","1923","06","0","0","0","0","0","0","0","0","","0","0","0","19","1","0","00","N","2","39 54:44.400","2","02","75 10:25.800","0","0","0","0","67301","0","0","0","N","0","0","0","1","67501","0","","4","01","2005","N","N","N","0","","0","0","1","0","0","Y","1920","0","1","0","0","0","0","0","2","0","1","03","03","N","","","","","","","","","","",""
"2023036209","1645","0","0","0","0","0","0","0","0","0","8","0","","67","04","2023","2","39.9968","-75.1769","1634","06","0","0","0","0","0","0","0","0","","0","0","0","16","1","1","01","","0","39 59:48.597","","00","75 10:37.037","3","0","0","0","67301","1","0","0","N","1","0","0","2","67301","0","","1","01","","N","N","Y","0","","1","0","1","3","2","","1632","1","2","0","0","1","0","1","2","0","1","03","03","N","","","","","","","","","","",""
"2023031002","2352","2","0","0","0","0","0","0","0","0","4","0","","67","04","2023","3","39.9713","-75.2272","2349","06","0","0","0","0","0","0","0","0","","0","0","0","23","3","4","01","","1","39 58:16.510","4","00","75 13:37.977","3","0","0","0","67301","0","0","0","N","0","0","0","5","67301","0","","1","01","0042","N","N","N","0","","2","0","0","3","2","Y","2338","4","2","0","0","0","2","0","2","0","2","03","","N","","","","","","","","","","",""
"2023036523","2229","3","0","0","0","0","0","0","0","0","5","0","","67","04","2023","3","40.0214","-75.0403","2229","06","0","0","0","1","0","0","0","0","","0","0","0","22","3","0","00","N","0","40 01:16.885","","00","75 02:25.211","0","0","0","0","67301","0","0","0","N","0","0","0","4","68K01","0","","1","01","","N","N","Y","0","","0","0","0","0","0","","2215","0","3","0","0","1","0","0","2","0","3","03","03","N","","","","","","","","","","",""
"2023044315","1325","1","0","0","0","0","0","0","0","0","5","0","","67","05","2023","1","40.0555","-75.0619","1325","06","0","0","0","0","0","0","0","0","","0","0","0","12","1","2","01","","0","40 03:19.867","","00","75 03:42.980","3","0","0","0","67301","0","0","0","N","0","0","0","2","67301","0","","1","01","","N","N","N","0","","2","0","1","3","3","","1250","2","2","0","0","2","0","0","2","0","2","03","","N","","","","","","","","","","",""
"2023036152","1111","1","0","0","0","0","0","0","0","0","1","0","","67","04","2023","7","39.9885","-75.2071","1049","06","0","0","0","0","0","0","0","0","","0","0","0","10","1","1","00","N","1","39 59:18.544","3","00","75 12:25.562","8","0","0","0","67301","0","0","0","N","0","0","0","2","68K01","0","","1","01","1140","N","N","N","0","","0","0","1","0","0","N","1045","1","2","0","0","1","1","0","2","0","2","04","","N","","","","","","","","","","",""
"2023034094","1045","2","0","0","0","0","0","0","0","0","4","0","","67","04","2023","6","40.1317","-75.0122","1045","06","0","0","0","0","1","0","0","0","","0","0","0","21","3","1","01","","0","40 07:53.962","","00","75 00:43.919","4","0","0","0","67301","0","0","0","N","0","0","0","2","67301","1","","1","01","","N","N","N","0","","0","0","0","3","2","","2130","1","2","0","0","0","0","0","2","0","2","03","","N","","","","","","","","","","",""
"2023036333","1751","1","0","0","0","0","0","0","0","0","8","0","","67","04","2023","1","40.0336","-75.043","1743","06","0","0","0","0","0","0","0","0","","0","0","0","17","1","1","00","N","0","40 02:00.940","","00","75 02:34.780","3","0","0","0","67301","1","0","0","N","1","0","0","2","67301","0","","1","01","","N","N","N","0","","1","0","0","0","0","","1733","1","2","0","0","0","0","0","2","0","1","03","03","N","","","","","","","","","","",""
"2023046658","0051","1","0","0","0","0","0","0","0","0","2","0","","67","05","2023","1","40.0069","-75.0945","0051","06","0","0","0","0","0","0","0","0","","0","0","0","00","3","1","00","N","1","40 00:24.760","2","00","75 05:40.310","3","0","0","0","67301","0","0","0","N","0","0","0","1","67301","0","","6","09","0125","N","N","N","1","","1","0","0","0","0","N","0021","1","2","0","0","0","0","0","2","0","2","07","03","N","","","","","","","","","","",""
"2023036549","2318","1","0","0","0","0","0","0","0","0","7","0","","67","04","2023","1","39.958","-75.1638","2314","06","0","0","0","0","0","0","0","0","","0","0","0","23","3","1","00","N","1","39 57:28.873","3","00","75 09:49.549","8","0","0","0","67301","0","0","0","N","0","0","0","1","68K01","0","","3","01","0015","N","N","N","0","","0","0","0","0","0","N","2309","1","1","0","0","0","1","0","2","0","1","03","","N","","","","","","","","","","",""