"CRN","ARRIVAL_TM","AUTOMOBILE_COUNT","BELTED_DEATH_COUNT","BELTED_SUSP_SERIOUS_INJ_COUNT","BICYCLE_COUNT","BICYCLE_DEATH_COUNT","BICYCLE_SUSP_SERIOUS_INJ_COUNT","BUS_COUNT","CHLDPAS_DEATH_COUNT","CHLDPAS_SUSP_SERIOUS_INJ_COUNT","COLLISION_TYPE","COMM_VEH_COUNT","CONS_ZONE_SPD_LIM","COUNTY","CRASH_MONTH","CRASH_YEAR","DAY_OF_WEEK","DEC_LAT","DEC_LONG","DISPATCH_TM","DISTRICT","DRIVER_COUNT_16YR","DRIVER_COUNT_17YR","DRIVER_COUNT_18YR","DRIVER_COUNT_19YR","DRIVER_COUNT_20YR","DRIVER_COUNT_50_64YR","DRIVER_COUNT_65_74YR","DRIVER_COUNT_75PLUS","EST_HRS_CLOSED","FATAL_COUNT","HEAVY_TRUCK_COUNT","HORSE_BUGGY_COUNT","HOUR_OF_DAY","ILLUMINATION","INJURY_COUNT","INTERSECT_TYPE","INTERSECTION_RELATED","LANE_CLOSED","LATITUDE","LN_CLOSE_DIR","LOCATION_TYPE","LONGITUDE","MAX_SEVERITY_LEVEL","MCYCLE_DEATH_COUNT","MCYCLE_SUSP_SERIOUS_INJ_COUNT","MOTORCYCLE_COUNT","MUNICIPALITY","NONMOTR_COUNT","NONMOTR_DEATH_COUNT","NONMOTR_SUSP_SERIOUS_INJ_COUNT","NTFY_HIWY_MAINT","PED_COUNT","PED_DEATH_COUNT","PED_SUSP_SERIOUS_INJ_COUNT","PERSON_COUNT","POLICE_AGCY","POSSIBLE_INJ_COUNT","RDWY_SURF_TYPE_CD","RELATION_TO_ROAD","ROAD_CONDITION","ROADWAY_CLEARED","SCH_BUS_IND","SCH_ZONE_IND","SECONDARY_CRASH","SMALL_TRUCK_COUNT","SPEC_JURIS_CD","SUSP_MINOR_INJ_COUNT","SUSP_SERIOUS_INJ_COUNT","SUV_COUNT","TCD_FUNC_CD","TCD_TYPE","TFC_DETOUR_IND","TIME_OF_DAY","TOT_INJ_COUNT","TOTAL_UNITS","UNB_DEATH_COUNT","UNB_SUSP_SERIOUS_INJ_COUNT","UNBELTED_OCC_COUNT","UNK_INJ_DEG_COUNT","UNK_INJ_PER_COUNT","URBAN_RURAL","VAN_COUNT","VEHICLE_COUNT","WEATHER1","WEATHER2","WORK_ZONE_IND","WORK_ZONE_LOC","WORK_ZONE_TYPE","WORKERS_PRES","WZ_CLOSE_DETOUR","WZ_FLAGGER","WZ_LAW_OFFCR_IND","WZ_LN_CLOSURE","WZ_MOVING","WZ_OTHER","WZ_SHLDER_MDN","WZ_WORKERS_INJ_KILLED"
"2023045559","1228","2","0","0","0","0","0","0","0","0","4","0","","67","05","2023","1","40.0201","-75.0431","1222","06","0","0","1","0","0","0","0","0","","0","0","0","12","1","2","01","","0","40 01:12.306","","00","75 02:35.209","3","0","0","0","67301","0","0","0","N","0","0","0","2","67301","0","","1","01","","N","N","Y","0","","2","0","0","3","2","","1222","2","2","0","0","0","0","0","2","0","2","03","03","N","","","","","","","","","","",""
"2023038188","1645","0","0","0","0","0","0","0","0","0","4","0","","67","04","2023","3","39.9905","-75.1281","1650","06","0","0","0","0","0","0","0","0","","0","0","0","16","1","2","00","N","0","39 59:25.719","","07","75 07:41.246","3","0","0","1","67301","0","0","0","N","0","0","0","3","67301","0","","1","01","","N","N","N","0","","2","0","1","3","3","","1635","2","2","0","0","0","0","0","2","0","2","03","","N","","","","","","","","","","",""
"2023033189","1745","0","0","0","0","0","0","0","0","0","4","0","","67","04","2023","3","40.0207","-75.1486","1741","06","0","0","0","0","0","0","0","0","","0","0","0","15","1","1","02","","0","40 01:14.374","","00","75 08:55.521","3","0","0","0","67301","0","0","0","N","0","0","0","2","67301","0","","1","01","","N","N","N","0","","1","0","0","0","0","","1515","1","2","0","0","0","0","0","2","2","2","03","","N","","","","","","","","","","",""
"2023033966","0842","1","0","0","0","0","0","0","0","0","4","0","","67","04","2023","6","40.0518","-75.1554","0842","06","0","0","0","0","0","0","0","0","","0","0","0","22","3","0","01","","0","40 03:06.634","","00","75 09:19.274","9","0","0","0","67301","0","0","0","N","0","0","0","2","67301","0","","1","01","","N","N","N","0","","0","0","1","3","2","","2200","0","2","0","0","0","0","1","2","0","2","03","03","N","","","","","","","","","","",""
"2023030737","1800","1","0","0","0","0","0","0","0","0","4","0","","67","04","2023","3","40","-75.1003","1748","06","0","0","0","0","0","1","0","0","","0","0","0","17","1","1","01","","0","40 00:00.064","","00","75 06:01.105","3","0","0","0","67301","0","0","0","N","0","0","0","4","67301","0","","1","01","","N","N","N","0","","1","0","1","3","3","","1748","1","2","0","0","0","0","0","2","0","2","03","03","N","","","","","","","","","","",""
"2023035814","0335","1","0","0","0","0","0","0","0","0","0","0","","67","04","2023","4","39.9716","-75.1606","0328","06","0","0","0","0","0","0","0","0","","0","0","0","03","3","4","00","N","0","39 58:17.786","","00","75 09:38.192","8","0","0","0","67301","0","0","0","N","0","0","0","4","67301","0","","1","01","","N","N","N","0","","0","0","0","0","0","","0308","4","1","0","0","0","4","0","2","0","1","03","03","N","","","","","","","","","","",""
"2023033956","0020","0","0","0","0","0","0","0","0","0","4","0","","67","04","2023","1","40.0586","-75.1527","0018","06","0","0","0","0","0","0","0","0","","0","0","0","00","3","1","05","","0","40 03:30.931","","00","75 09:09.871","3","0","0","0","67301","0","0","0","N","0","0","0","2","67301","0","","1","01","","N","N","N","0","","1","0","1","3","2","","0008","1","2","0","0","0","0","0","2","1","2","03","03","N","","","","","","","","","","",""
"2023036949","2348","0","0","0","0","0","0","0","0","0","1","0","","67","04","2023","1","39.9915","-75.086","2344","06","0","0","0","0","0","1","0","0","","0","0","0","23","3","1","00","N","0","39 59:29.290","","00","75 05:09.651","3","0","0","0","67301","0","0","0","N","0","0","0","3","68K01","0","","1","01","","N","N","N","0","","1","0","2","0","0","","2342","1","2","0","0","2","0","0","2","0","2","03","03","N","","","","","","","","","","",""
"2023033976","1700","1","0","0","0","0","0","0","0","0","3","0","","67","04","2023","1","40.0043","-75.1706","1700","06","0","0","0","0","0","1","0","0","","0","0","0","16","1","2","00","N","0","40 00:15.400","","00","75 10:14.190","3","0","0","0","67301","0","0","0","N","0","0","0","4","67301","0","","6","01","","N","N","N","0","","2","0","0","0","0","","1600","2","2","0","0","0","0","1","2","1","2","03","","N","","","","","","","","","","",""
"2023032594","0828","1","0","0","0","0","0","0","0","0","4","0","","67","04","2023","5","39.9556","-75.1895","0826","06","0","0","0","0","0","0","0","0","","0","0","0","08","1","0","01","","1","39 57:20.049","6","00","75 11:22.152","9","0","0","0","67301","0","0","0","N","0","0","0","8","67507","0","","1","01","0916","N","N","Y","0","","0","0","2","3","2","N","0824","0","3","0","0","0","0","8","2","0","3","03","03","N","","","","","","","","","","",""
"2023045690","2324","0","0","0","0","0","0","0","0","0","1","0","","67","05","2023","5","40.0615","-75.0281","2303","06","0","0","0","0","0","0","0","0","","0","0","0","21","3","1","00","N","0","40 03:41.250","","00","75 01:41.070","2","0","0","0","67301","0","0","0","N","0","0","0","1","67301","0","","6","01","","N","N","N","1","","0","1","1","0","0","","2100","1","2","0","0","0","0","0","2","0","2","03","03","N","","","","","","","","","","",""
"2023044017","1950","0","0","0","0","0","0","0","0","0","8","0","","67","05","2023","1","40.0883","-75.0436","1932","06","0","0","0","0","0","0","0","0","","0","0","0","20","3","1","01","","0","40 05:17.895","","00","75 02:37.052","3","0","0","0","67301","1","0","0","N","1","0","0","2","67301","0","","1","99","","N","N","N","0","","1","0","0","9","2","","2000","1","2","0","0","0","0","1","2","0","1","99","","N","","","","","","","","","","",""
"2023045116","0512","1","0","0","0","0","0","0","0","0","4","0","","67","05","2023","5","40.0211","-75.0796","0512","06","0","0","0","0","0","1","0","0","","0","0","0","05","5","1","00","N","1","40 01:15.960","1","00","75 04:46.645","4","0","0","0","67301","0","0","0","N","0","0","0","1","67301","1","","1","01","0600","N","N","Y","1","","0","0","0","0","0","N","0512","1","2","0","0","0","0","0","2","0","2","03","","N","","","","","","","","","","",""
"2023035629","1025","2","0","0","0","0","0","0","0","0","4","0","","67","04","2023","7","40.0566","-75.019","1016","06","0","0","0","0","0","0","0","0","","0","0","0","10","1","1","01","","0","40 03:23.753","","00","75 01:08.562","8","0","0","0","67301","0","0","0","N","0","0","0","3","67301","0","","1","01","","N","N","N","0","","0","0","1","3","2","","1000","1","3","0","0","0","1","1","2","0","3","03","03","N","","","","","","","","","","",""
"2023037873","0820","1","0","0","0","0","0","0","0","0","1","0","","67","04","2023","5","40.0223","-75.199","0805","06","0","0","0","0","0","1","0","0","","0","0","0","07","1","1","00","N","0","40 01:20.180","","00","75 11:56.440","3","0","0","0","67301","0","0","0","N","0","0","0","2","67301","0","","1","09","","N","N","N","1","","1","0","0","0","0","","0751","1","2","0","0","0","0","0","2","0","2","07","04","N","","","","","","","","","","",""
"2023038674","1120","0","0","0","0","0","0","0","0","0","4","0","","67","04","2023","2","40.0269","-75.0972","1115","06","0","0","0","0","0","1","0","0","","0","0","0","11","1","1","01","","1","40 01:36.830","2","00","75 05:50.062","8","0","0","1","67301","0","0","0","N","0","0","0","2","67301","0","","1","01","0030","N","N","N","0","","0","0","1","3","2","Y","1110","1","2","0","0","1","1","0","2","0","2","03","03","N","","","","","","","","","","",""
"2023048932","1130","1","0","0","0","0","0","0","0","0","5","1","","67","05","2023","4","40.024","-75.1326","1130","06","0","0","0","0","0","0","1","0","","0","1","0","10","1","5","00","N","0","40 01:26.513","","00","75 07:57.435","3","0","0","0","67301","0","0","0","N","0","0","0","6","67301","0","","1","01","","N","N","N","0","","1","0","0","0","0","","1015","5","2","0","0","3","4","1","2","0","2","03","","N","","","","","","","","","","",""
"2023034791","0206","1","0","0","0","0","0","0","0","0","7","0","","67","04","2023","1","39.9819","-75.239","0206","06","0","0","0","0","0","0","0","0","","0","0","0","02","3","1","01","","0","39 58:55.028","","00","75 14:20.537","3","0","0","0","67301","0","0","0","N","0","0","0","2","67301","0","","4","01","","N","N","N","0","","1","0","0","3","2","","0206","1","1","0","0","2","0","0","2","0","1","03","","N","","","","","","","","","","",""
"2023033176","1053","1","0","0","0","0","0","0","0","0","8","0","","67","04","2023","6","40.0547","-75.0604","1043","06","0","0","0","0","0","0","0","1","","0","0","0","10","1","1","00","N","0","40 03:16.840","","00","75 03:37.410","4","0","0","0","67301","1","0","0","N","1","0","0","2","67301","1","","1","01","","N","N","N","0","","0","0","0","0","0","","1040","1","2","0","0","0","0","0","2","0","1","03","","N","","","","","","","","","","",""
"2023035238","1113","0","0","0","0","0","0","0","0","0","4","0","","67","04","2023","7","40.0711","-75.1713","1108","06","0","0","0","0","0","1","0","0","","0","0","0","11","1","3","01","","2","40 04:15.830","7","00","75 10:16.661","8","0","0","0","67301","0","0","0","N","0","0","0","5","68K01","0","","1","09","1340","N","N","N","1","","0","0","2","3","8","N","1108","3","4","0","0","0","3","1","2","1","4","07","07","N","","","","","","","","","","",""
"2023034393","1545","0","0","0","0","0","0","0","0","0","8","0","","67","04","2023","5","39.9417","-75.1498","1533","06","0","0","0","0","0","0","0","0","","0","0","0","15","1","1","00","N","0","39 56:30.100","","00","75 08:59.200","3","0","0","0","67301","1","0","0","N","1","0","0","2","67301","0","","1","01","","N","N","N","0","","1","0","1","0","0","","1503","1","2","0","0","1","0","0","2","0","1","03","03","N","","","","","","","","","","",""
"2023031494","1500","3","0","0","0","0","0","0","0","0","1","0","","67","04","2023","1","39.9747","-75.1984","1500","06","0","0","0","0","0","3","1","0","","0","0","0","14","1","0","02","","0","39 58:28.972","","02","75 11:54.269","9","0","0","0","67301","0","0","0","N","0","0","0","4","67301","0","","1","01","","N","N","N","0","","0","0","1","3","2","","1400","0","4","0","0","1","0","4","2","0","4","03","","N","","","","","","","","","","",""
"2023031192","1018","1","0","0","0","0","0","0","0","0","1","0","","67","04","2023","4","40.0226","-75.0363","1016","06","0","0","0","0","0","0","0","0","","0","0","0","10","1","2","00","N","0","40 01:21.535","","00","75 02:10.733","8","0","0","0","67301","0","0","0","N","0","0","0","5","68K01","0","","1","01","","N","N","N","0","","0","0","1","0","0","","1015","2","4","0","0","0","2","0","2","2","4","03","","N","","","","","","","","","","",""
"2023030948","0124","0","0","0","0","0","0","0","0","0","4","0","","67","04","2023","6","39.9533","-75.1838","0123","06","0","0","0","0","0","1","0","0","","0","0","0","01","3","2","01","","0","39 57:11.997","","03","75 11:01.475","4","0","0","0","67301","0","0","0","N","0","0","0","3","67504","2","","1","01","","N","N","N","0","","0","0","3","3","2","","0120","2","3","0","0","0","0","0","2","0","3","03","03","N","","","","","","","","","","",""
"2023036936","1755","3","0","0","0","0","0","0","0","0","1","0","","67","04","2023","5","40.0232","-75.0354","1731","06","0","0","0","0","0","0","0","0","","0","0","0","16","1","1","00","N","0","40 01:23.630","","00","75 02:07.277","4","0","0","0","67301","0","0","0","N","0","0","0","3","68K01","1","","1","01","","N","N","N","0","","0","0","0","0","0","","1656","1","3","0","0","0","0","0","2","0","3","03","03","N","","","","","","","","","","",""
"2023031738","0715","1","0","0","0","0","0","0","0","0","1","0","","67","04","2023","2","39.96","-75.1619","0710","06","0","0","0","0","0","1","0","0","","0","0","0","07","1","1","00","N","0","39 57:35.993","","03","75 09:42.695","3","0","0","0","67301","0","0","0","N","0","0","0","3","67301","0","","1","01","","N","N","N","1","","1","0","1","0","0","","0705","1","3","0","0","1","0","0","2","0","3","03","","N","","","","","","","","","","",""
"2023033354","1017","0","0","0","0","0","0","0","0","0","5","0","","67","04","2023","6","39.9554","-75.2133","1015","06","0","0","0","0","0","1","1","0","","0","0","0","10","1","1","00","N","2","39 57:19.616","4","00","75 12:47.745","3","0","0","0","67301","0","0","0","N","0","0","0","2","67301","0","","1","01","1117","N","N","N","0","","1","0","2","0","0","Y","1013","1","2","0","0","0","0","0","2","0","2","03","03","N","","","","","","","","","","",""
"2023044703","1355","0","0","0","0","0","0","0","0","0","4","1","","67","05","2023","5","39.9829","-75.098","1341","06","0","0","0","0","0","0","1","0","","0","1","0","13","1","1","02","","1","39 58:58.549","6","02","75 05:52.823","3","0","0","0","67301","0","0","0","N","0","0","0","2","67301","0","","1","01","1405","N","N","N","0","","1","0","1","3","3","Y","1334","1","2","0","0","0","0","0","2","0","2","03","","N","","","","","","","","","","",""
"2023034397","2135","1","0","0","0","0","0","0","0","0","4","0","","67","04","2023","3","40.1109","-75.0036","2132","06","0","0","0","0","0","1","0","0","","0","0","0","21","3","2","02","","0","40 06:39.095","","00","75 00:12.819","3","0","0","0","67301","0","0","0","N","0","0","0","2","67301","0","","1","01","","N","N","N","0","","2","0","1","3","2","","2130","2","2","0","0","0","0","0","2","0","2","03","","N","","","","","","","","","","",""
"2023033592","2320","0","0","0","0","0","0","0","0","0","8","0","","67","04","2023","7","39.8962","-75.2536","2316","06","0","0","0","0","0","0","0","0","","0","0","0","22","2","1","00","N","0","39 53:46.490","","00","75 15:12.970","2","0","0","0","67301","1","0","1","N","1","0","1","2","67301","0","","1","09","","N","N","N","0","","0","1","0","0","0","","2243","1","2","0","0","0","0","0","2","0","1","03","03","N","","","","","","","","","","",""
"2023037275","2327","0","0","0","0","0","0","0","0","0","4","0","","67","04","2023","7","39.9717","-75.1259","2326","06","0","0","0","1","0","0","0","0","","0","0","0","23","3","0","01","","1","39 58:18.518","4","00","75 07:33.433","0","0","0","0","67301","0","0","0","N","0","0","0","3","67301","0","","1","01","0300","N","N","N","0","","0","0","2","3","2","N","2323","0","2","0","0","0","0","0","2","0","2","03","","N","","","","","","","","","","",""
"2023044545","0631","2","0","0","0","0","0","0","0","0","1","0","","67","03","2023","5","39.9638","-75.1844","0629","06","0","0","0","0","0","1","0","0","","0","0","0","06","3","0","00","N","0","39 57:49.852","","00","75 11:04.013","0","0","0","0","67301","0","0","0","N","0","0","0","6","68K01","0","","1","01","","N","N","Y","0","","0","0","1","3","8","","0628","0","4","0","0","0","0","0","2","1","4","03","03","N","","","","","","","","","","",""
"2023038846","2330","0","0","0","0","0","0","0","0","0","8","0","","67","04","2023","5","40.0359","-75.0424","2314","06","0","0","0","0","0","0","0","0","","0","0","0","22","3","1","01","","0","40 02:09.501","","00","75 02:33.041","4","0","0","0","67301","1","0","0","N","1","0","0","2","67301","1","","1","01","","N","N","N","0","","0","0","0","3","2","","2200","1","2","0","0","0","0","0","2","0","1","03","03","N","","","","","","","","","","",""
"2023037869","1223","0","0","0","0","0","0","0","0","0","1","0","","67","04","2023","3","40.0213","-75.1602","1223","06","0","0","0","0","0","0","0","0","","0","0","0","12","1","1","01","","0","40 01:16.660","","00","75 09:36.790","3","0","0","0","67301","0","0","0","N","0","0","0","5","67301","0","","1","01","","N","N","N","0","","1","0","2","3","2","","1223","1","2","0","0","0","0","0","2","0","2","03","03","N","","","","","","","","","","",""
"2023044515","2245","2","0","0","0","0","0","0","0","0","5","0","","67","05","2023","1","39.9558","-75.2036","2242","06","0","0","0","0","0","0","0","0","","0","0","0","22","3","1","00","N","1","39 57:20.893","3","00","75 12:13.057","3","0","0","0","67301","0","0","0","N","0","0","0","1","67504","0","","6","01","2355","N","N","Y","0","","1","0","1","3","2","N","2240","1","3","0","0","1","0","0","2","0","3","03","03","N","","","","","","","","","","",""
"2023034606","0052","2","0","0","0","0","0","0","0","0","1","0","","67","04","2023","1","40.0181","-75.0478","0034","06","0","0","0","0","0","0","0","0","","0","0","0","00","3","1","00","N","0","40 01:05.223","","00","75 02:51.971","3","0","0","0","67301","0","0","0","N","0","0","0","5","68K01","0","","1","01","","N","N","N","0","","1","0","1","0","0","","0033","1","3","0","0","0","0","0","2","0","3","03","03","N","","","","","","","","","","",""
"2023032585","2006","0","0","0","0","0","0","0","0","0","4","0","","67","04","2023","2","39.9216","-75.2427","2006","06","0","0","0","0","0","0","0","0","","0","0","0","09","1","1","01","","0","39 55:17.939","","00","75 14:33.702","3","0","0","0","67301","0","0","0","N","0","0","0","2","67301","0","","1","01","","N","N","N","0","","1","0","2","3","2","","0930","1","2","0","0","0","0","0","2","0","2","03","03","N","","","","","","","","","","",""
"2023036922","2353","1","0","0","0","0","0","0","0","0","5","0","","67","04","2023","7","39.9255","-75.1469","2345","06","0","0","0","0","0","1","0","0","","0","0","0","23","3","0","00","N","0","39 55:31.700","","03","75 08:48.858","0","0","0","0","67301","0","0","0","N","0","0","0","2","68K01","0","","1","01","","N","N","N","0","","0","0","1","0","0","","2340","0","2","0","0","0","0","0","2","0","2","03","","N","","","","","","","","","","",""
"2023036944","1006","1","0","0","0","0","0","0","0","0","7","0","","67","04","2023","1","39.961","-75.1404","1002","06","0","0","0","1","0","0","0","0","","0","0","0","10","1","0","00","N","0","39 57:39.720","","03","75 08:25.449","0","0","0","0","67301","0","0","0","N","0","0","0","1","68K01","0","","3","01","","N","N","N","0","","0","0","0","0","0","","1001","0","1","0","0","0","0","0","2","0","1","03","","N","","","","","","","","","","",""
"2023033590","1159","1","0","0","0","0","0","0","0","0","8","0","","67","04","2023","5","40.023","-75.2146","1153","06","0","0","0","0","0","0","1","0","","0","0","0","11","1","1","00","N","0","40 01:22.730","","00","75 12:52.410","8","0","0","0","67301","1","0","0","N","1","0","0","2","67301","0","","1","01","","N","N","N","0","","0","0","0","0","0","","1147","1","2","0","0","0","1","0","2","0","1","03","03","N","","","","","","","","","","",""
"2023046668","2227","2","0","0","0","0","0","0","0","0","4","0","","67","05","2023","5","40.0281","-75.1619","2227","06","0","0","0","0","0","0","0","0","","0","0","0","22","3","0","00","N","0","40 01:41.246","","00","75 09:43.008","0","0","0","0","67301","0","0","0","N","0","0","0","1","67301","0","","1","01","","N","N","N","0","","0","0","0","0","0","","2227","0","2","0","0","1","0","0","2","0","2","03","","N","","","","","","","","","","",""
"2023037090","2020","1","0","0","0","0","0","0","0","0","1","0","","67","04","2023","2","40.071","-75.0378","2000","06","0","0","0","0","0","1","0","0","","0","0","0","07","1","1","01","","0","40 04:15.698","","00","75 02:16.038","2","0","0","0","67301","0","0","0","N","0","0","0","2","67301","0","","1","01","","N","N","N","0","","0","1","1","3","2","","0715","1","2","0","0","0","0","0","2","0","2","03","03","N","","","","","","","","","","",""
"2023051369","1605","0","0","0","0","0","0","0","0","0","5","0","","67","04","2023","1","40.0384","-75.0102","1605","06","0","0","0","0","0","0","0","0","","0","0","0","15","1","1","00","N","0","40 02:18.302","","00","75 00:36.898","8","0","0","0","67301","0","0","0","N","0","0","0","2","68K01","0","","1","09","","N","N","N","1","","0","0","1","0","0","","1551","1","2","0","0","0","1","0","2","0","2","07","","N","","","","","","","","","","",""
"2023031743","0200","1","0","0","0","0","0","0","0","0","7","0","","67","04","2023","2","40.0582","-75.043","0151","06","0","0","0","0","0","0","0","0","","0","0","0","01","3","1","02","","0","40 03:29.364","","00","75 02:34.886","3","0","0","0","67301","0","0","0","N","0","0","0","1","67301","0","","4","01","","N","N","N","0","","1","0","0","3","2","","0100","1","2","0","0","0","0","0","2","0","1","03","03","N","","","","","","","","","","",""
"2023032592","0730","2","0","0","0","0","0","0","0","0","4","0","","67","04","2023","5","39.9844","-75.1544","0728","06","0","0","0","0","1","0","1","0","","0","0","0","07","1","3","01","","1","39 59:03.868","4","00","75 09:15.876","8","0","0","0","67301","0","0","0","N","0","0","0","4","67505","0","","1","01","0845","N","N","N","0","","0","0","0","3","2","Y","0725","3","3","0","0","0","3","1","2","1","3","03","03","N","","","","","","","","","","",""
"2023033946","1953","2","0","0","0","0","0","0","0","0","1","0","","67","04","2023","3","39.9127","-75.1758","1949","06","0","0","0","0","0","0","0","0","","0","0","0","19","3","0","00","N","2","39 54:45.828","3","03","75 10:32.844","0","0","0","0","67301","0","0","0","N","0","0","0","2","67501","0","","1","01","2010","N","N","N","0","","0","0","0","0","0","N","1949","0","2","0","0","0","0","0","2","0","2","03","03","N","","","","","","","","","","",""
"2023043626","2118","1","0","0","1","1","0","0","0","0","8","0","","67","05","2023","1","40.0341","-75.0848","2111","06","0","0","0","0","0","0","0","0","","1","0","0","21","3","0","01","","2","40 02:02.600","7","00","75 05:05.317","1","0","0","0","67301","1","1","0","N","0","0","0","3","67301","0","2","1","01","2330","N","N","N","0","0","0","0","0","3","3","Y","2108","0","2","0","0","0","0","0","2","0","1","03","03","N","","","","","","","","","","",""
"2023029441","1630","2","0","0","0","0","0","0","0","0","4","0","","67","04","2023","7","40.0596","-75.0692","1624","06","0","0","0","0","0","0","0","0","","0","0","0","14","1","0","01","","1","40 03:34.538","4","00","75 04:09.217","0","0","0","0","67301","0","0","0","N","0","0","0","2","67301","0","","1","01","0200","N","N","N","0","","0","0","0","3","2","N","1430","0","2","0","0","1","0","0","2","0","2","03","","N","","","","","","","","","","",""
"2023037342","0202","1","0","0","0","0","0","0","0","0","1","0","","67","04","2023","7","39.9895","-75.0874","0153","06","0","0","0","0","0","0","0","0","","0","0","0","01","3","0","00","N","0","39 59:22.049","","00","75 05:14.516","9","0","0","0","67301","0","0","0","N","0","0","0","2","68K01","0","","1","01","","N","N","N","1","","0","0","0","0","0","","0148","0","2","0","0","0","0","1","2","0","2","03","03","N","","","","","","","","","","",""
"2023046313","0024","1","0","0","0","0","0","0","0","0","1","0","","67","05","2023","7","39.9608","-75.1817","0011","06","0","0","0","0","0","1","0","0","","0","0","0","00","3","0","00","N","0","39 57:38.761","","00","75 10:54.124","0","0","0","0","67301","0","0","0","N","0","0","0","2","68K01","0","","1","01","","N","N","N","0","","0","0","1","0","0","","0008","0","2","0","0","0","0","0","2","0","2","03","","N","","","","","","","","","","",""
"2023045121","1013","1","0","0","0","0","0","0","0","0","5","0","","67","05","2023","1","39.9574","-75.2161","1011","06","0","0","0","0","0","0","0","0","","0","0","0","00","3","0","00","N","0","39 57:26.475","","00","75 12:57.872","0","0","0","0","67301","0","0","0","N","0","0","0","0","67301","0","","2","99","","N","N","N","0","","0","0","0","0","0","","0000","0","2","0","0","0","0","0","2","0","2","99","","N","","","","","","","","","","",""
"2023033178","2356","0","0","0","0","0","0","0","0","0","4","0","","67","04","2023","5","39.9402","-75.2164","2347","06","0","0","0","0","0","1","0","0","","0","0","0","22","3","1","01","","0","39 56:24.543","","00","75 12:58.939","8","0","0","0","67301","0","0","0","N","0","0","0","2","67301","0","","1","01","","N","N","N","0","","0","0","2","3","2","","2229","1","2","0","0","0","1","1","2","0","2","03","03","N","","","","","","","","","","",""
"2023034682","2253","0","0","0","0","0","0","0","0","0","99","0","","67","04","2023","3","40.0135","-75.1231","2253","06","0","0","0","0","0","0","0","0","","0","0","0","22","3","1","00","N","0","40 00:48.520","","99","75 07:23.150","4","0","0","0","67301","0","0","0","N","0","0","0","2","67301","1","","1","01","","N","N","N","0","","0","0","1","0","0","","2253","1","2","0","0","0","0","0","2","0","2","03","03","N","","","","","","","","","","",""
"2023034293","2004","1","0","0","1","0","0","0","0","0","8","0","","67","04","2023","1","39.9441","-75.1535","1952","06","0","0","0","0","0","0","0","0","","0","0","0","19","1","1","01","","0","39 56:38.805","","00","75 09:12.654","4","0","0","0","67301","1","0","0","N","0","0","0","2","67301","1","","1","01","","N","N","Y","0","","0","0","0","3","2","","1915","1","2","0","0","1","0","0","2","0","1","03","","N","","","","","","","","","","",""
"2023044582","1520","0","0","0","0","0","0","0","0","0","5","1","","67","05","2023","4","40.1097","-74.9868","1520","06","0","0","0","0","0","0","0","0","","0","1","0","15","1","0","01","","0","40 06:34.747","","00","74 59:12.411","0","0","0","0","67301","0","0","0","N","0","0","0","2","68K01","0","","1","01","","Y","N","N","0","","0","0","1","3","2","","1520","0","2","0","0","0","0","0","2","0","2","03","03","N","","","","","","","","","","",""
"2023044531","0543","1","0","0","0","0","0","0","0","0","7","0","","67","03","2023","2","39.9028","-75.1508","0530","06","0","0","0","0","0","0","0","0","","0","0","0","05","3","1","00","N","2","39 54:10.257","2","00","75 09:03.048","8","0","0","0","67301","0","0","0","N","0","0","0","2","68K01","0","","3","01","0550","N","N","N","0","","0","0","0","3","8","N","0529","1","1","0","0","0","1","0","2","0","1","03","03","N","","","","","","","","","","",""
"2023031875","1116","0","0","0","0","0","0","0","0","0","4","0","","67","04","2023","7","39.9975","-75.1213","1116","06","0","0","0","0","0","0","0","0","","0","0","0","10","1","1","01","","0","39 59:50.882","","00","75 07:16.643","3","0","0","1","67301","0","0","0","N","0","0","0","2","67301","0","","1","01","","N","N","N","0","","1","0","1","3","2","","1050","1","2","0","0","0","0","0","2","0","2","03","03","N","","","","","","","","","","",""
"2023043103","0857","2","0","0","0","0","0","0","0","0","1","0","","67","04","2023","3","39.8933","-75.1964","0854","06","0","0","0","0","0","0","0","0","","0","0","0","08","1","0","00","N","1","39 53:35.819","2","03","75 11:47.168","0","0","0","0","67301","0","0","0","N","0","0","0","4","68K01","0","","1","01","0953","N","N","N","1","","0","0","1","0","0","N","0853","0","4","0","0","0","0","0","2","0","4","03","03","N","","","","","","","","","","",""
"2023040972","2132","1","0","0","0","0","0","0","0","0","4","0","","67","04","2023","1","40.028","-75.11","2125","06","0","0","0","0","0","0","0","0","","0","0","0","21","3","2","01","","0","40 01:40.967","","00","75 06:36.138","4","0","0","0","67301","0","0","0","N","0","0","0","4","67301","2","","1","01","","N","N","N","0","","0","0","0","3","2","","2106","2","2","0","0","0","0","0","2","1","2","03","03","N","","","","","","","","","","",""
"2023036212","0234","0","0","0","0","0","0","0","0","0","4","0","","67","04","2023","1","40.0079","-75.1404","0234","06","0","0","0","0","0","0","0","0","","0","0","0","02","3","2","05","","0","40 00:28.363","","00","75 08:25.572","3","0","0","0","67301","0","0","0","N","0","0","0","5","67301","0","","1","09","","N","N","N","0","","2","0","2","3","2","","0220","2","2","0","0","0","0","0","2","0","2","03","03","N","","","","","","","","","","",""