"CRN","ARRIVAL_TM","AUTOMOBILE_COUNT","BELTED_DEATH_COUNT","BELTED_SUSP_SERIOUS_INJ_COUNT","BICYCLE_COUNT","BICYCLE_DEATH_COUNT","BICYCLE_SUSP_SERIOUS_INJ_COUNT","BUS_COUNT","CHLDPAS_DEATH_COUNT","CHLDPAS_SUSP_SERIOUS_INJ_COUNT","COLLISION_TYPE","COMM_VEH_COUNT","CONS_ZONE_SPD_LIM","COUNTY","CRASH_MONTH","CRASH_YEAR","DAY_OF_WEEK","DEC_LAT","DEC_LONG","DISPATCH_TM","DISTRICT","DRIVER_COUNT_16YR","DRIVER_COUNT_17YR","DRIVER_COUNT_18YR","DRIVER_COUNT_19YR","DRIVER_COUNT_20YR","DRIVER_COUNT_50_64YR","DRIVER_COUNT_65_74YR","DRIVER_COUNT_75PLUS","EST_HRS_CLOSED","FATAL_COUNT","HEAVY_TRUCK_COUNT","HORSE_BUGGY_COUNT","HOUR_OF_DAY","ILLUMINATION","INJURY_COUNT","INTERSECT_TYPE","INTERSECTION_RELATED","LANE_CLOSED","LATITUDE","LN_CLOSE_DIR","LOCATION_TYPE","LONGITUDE","MAX_SEVERITY_LEVEL","MCYCLE_DEATH_COUNT","MCYCLE_SUSP_SERIOUS_INJ_COUNT","MOTORCYCLE_COUNT","MUNICIPALITY","NONMOTR_COUNT","NONMOTR_DEATH_COUNT","NONMOTR_SUSP_SERIOUS_INJ_COUNT","NTFY_HIWY_MAINT","PED_COUNT","PED_DEATH_COUNT","PED_SUSP_SERIOUS_INJ_COUNT","PERSON_COUNT","POLICE_AGCY","POSSIBLE_INJ_COUNT","RDWY_SURF_TYPE_CD","RELATION_TO_ROAD","ROAD_CONDITION","ROADWAY_CLEARED","SCH_BUS_IND","SCH_ZONE_IND","SECONDARY_CRASH","SMALL_TRUCK_COUNT","SPEC_JURIS_CD","SUSP_MINOR_INJ_COUNT","SUSP_SERIOUS_INJ_COUNT","SUV_COUNT","TCD_FUNC_CD","TCD_TYPE","TFC_DETOUR_IND","TIME_OF_DAY","TOT_INJ_COUNT","TOTAL_UNITS","UNB_DEATH_COUNT","UNB_SUSP_SERIOUS_INJ_COUNT","UNBELTED_OCC_COUNT","UNK_INJ_DEG_COUNT","UNK_INJ_PER_COUNT","URBAN_RURAL","VAN_COUNT","VEHICLE_COUNT","WEATHER1","WEATHER2","WORK_ZONE_IND","WORK_ZONE_LOC","WORK_ZONE_TYPE","WORKERS_PRES","WZ_CLOSE_DETOUR","WZ_FLAGGER","WZ_LAW_OFFCR_IND","WZ_LN_CLOSURE","WZ_MOVING","WZ_OTHER","WZ_SHLDER_MDN","WZ_WORKERS_INJ_KILLED"
"2023023502","1721","1","0","0","0","0","0","0","0","0","4","0","","67","03","2023","4","39.9932","-75.1069","1712","06","0","0","0","0","0","1","0","0","","0","0","0","17","1","1","01","","0","39 59:35.466","","00","75 06:24.876","3","0","0","0","67301","0","0","0","N","0","0","0","2","67301","0","","1","01","","N","N","N","1","","1","0","0","3","3","","1708","1","2","0","0","0","0","0","2","0","2","03","03","N","","","","","","","","","","",""
"2023032106","0123","2","0","0","0","0","0","0","0","0","4","0","","67","04","2023","3","40.0345","-75.0789","0122","06","0","0","0","0","0","0","0","0","","0","0","0","01","3","0","01","","0","40 02:04.376","","00","75 04:44.018","9","0","0","0","67301","0","0","0","N","0","0","0","1","67301","0","","2","01","","N","N","N","0","","0","0","0","3","3","","0121","0","2","0","0","0","0","1","2","0","2","03","","N","","","","","","","","","","",""
"2023021719","0905","1","0","0","0","0","0","0","0","0","4","0","","67","03","2023","2","39.8975","-75.2525","0854","06","0","0","0","0","0","0","0","0","","0","0","0","08","1","0","01","","0","39 53:51.111","","00","75 15:08.912","0","0","0","0","67301","0","0","0","N","0","0","0","2","67301","0","","1","01","","N","N","N","0","","0","0","1","3","2","","0805","0","2","0","0","0","0","0","2","0","2","03","03","N","","","","","","","","","","",""
"2023033406","1522","1","0","0","0","0","0","0","0","0","1","0","","67","03","2023","2","40.0034","-75.0773","1459","06","0","0","0","0","0","1","0","0","","0","0","0","14","1","1","00","N","0","40 00:12.290","","00","75 04:38.193","3","0","0","0","67301","0","0","0","N","0","0","0","2","68K01","0","","1","01","","N","N","N","0","","1","0","1","0","0","","1455","1","2","0","0","0","0","0","2","0","2","03","03","N","","","","","","","","","","",""
"2023019382","1920","0","0","0","0","0","0","0","0","0","7","0","","67","02","2023","2","39.9209","-75.1955","1914","06","0","0","0","0","0","1","0","0","","0","0","0","19","3","1","00","N","0","39 55:15.367","","00","75 11:43.970","3","0","0","0","67301","0","0","0","N","0","0","0","1","67301","0","","3","09","","N","N","N","1","","1","0","0","0","0","","1900","1","1","0","0","1","0","0","2","0","1","07","07","N","","","","","","","","","","",""
"2023034400","1059","1","0","0","0","0","0","0","0","0","7","0","","67","04","2023","3","40.0504","-75.0105","1059","06","0","0","0","0","0","0","0","1","","0","0","0","10","1","1","00","N","0","40 03:01.343","","07","75 00:37.713","3","0","0","0","67301","0","0","0","N","0","0","0","1","67301","0","","5","01","","N","N","N","0","","1","0","0","0","0","","1050","1","1","0","0","0","0","0","2","0","1","03","03","N","","","","","","","","","","",""
"2023025908","1042","1","0","0","0","0","0","0","0","0","4","0","","67","02","2023","7","40.0456","-75.1285","1042","06","0","0","0","0","0","0","0","0","","0","0","0","15","1","0","01","","0","40 02:44.292","","00","75 07:42.562","0","0","0","0","67301","0","0","0","N","0","0","0","2","67301","0","","1","01","","N","N","N","0","","0","0","1","3","2","","1530","0","2","0","0","0","0","0","2","0","2","03","03","N","","","","","","","","","","",""
"2023018568","1415","2","0","0","0","0","0","0","0","0","4","0","","67","02","2023","7","40.0797","-74.9719","1410","06","0","0","0","0","0","1","0","0","","0","0","0","14","1","0","00","N","0","40 04:46.770","","00","74 58:18.840","0","0","0","0","67301","0","0","0","N","0","0","0","3","67301","0","","1","02","","N","N","N","0","","0","0","1","0","0","","1405","0","3","0","0","0","0","0","2","0","3","06","","N","","","","","","","","","","",""
"2023022660","2316","2","0","0","0","0","0","0","0","0","5","0","","67","03","2023","4","40.014","-75.0731","2314","06","0","0","0","0","0","0","0","0","","0","0","0","22","3","0","00","N","2","40 00:50.470","6","00","75 04:23.280","0","0","0","0","67301","0","0","0","N","0","0","0","1","67301","0","","6","01","0040","N","N","N","1","","0","0","0","0","0","Y","2230","0","3","0","0","1","0","0","2","0","3","03","03","N","","","","","","","","","","",""
"2023021710","0051","1","0","0","0","0","0","0","0","0","2","0","","67","03","2023","2","40.0846","-75.0381","0050","06","0","0","0","0","0","1","0","0","","0","0","0","00","3","1","00","N","0","40 05:04.691","","00","75 02:17.128","8","0","0","0","67301","0","0","0","N","0","0","0","2","67301","0","","1","01","","N","N","N","0","","0","0","1","0","0","","0050","1","2","0","0","0","1","0","2","0","2","03","","N","","","","","","","","","","",""
"2023022044","0520","3","0","0","0","0","0","0","0","0","5","0","","67","03","2023","2","39.972","-75.1627","0519","06","0","0","0","0","0","0","0","0","","0","0","0","05","3","0","00","N","0","39 58:19.180","","00","75 09:45.670","0","0","0","0","67301","0","0","0","N","0","0","0","1","67301","0","","6","01","","N","N","Y","0","","0","0","0","0","0","","0515","0","4","0","0","0","0","0","2","1","4","03","","N","","","","","","","","","","",""
"2023032059","2307","1","0","0","0","0","0","0","0","0","7","0","","67","03","2023","7","40.0351","-75.0185","2239","06","0","0","1","0","0","0","0","0","","0","0","0","22","3","1","00","N","1","40 02:06.270","2","00","75 01:06.678","4","0","0","0","67301","0","0","0","N","0","0","0","1","68K01","1","","3","09","2311","N","N","N","0","","0","0","0","0","0","N","2232","1","1","0","0","0","0","0","2","0","1","07","07","N","","","","","","","","","","",""
"2023018113","0823","2","0","0","0","0","0","0","0","0","4","0","","67","02","2023","5","40.0159","-75.1538","0820","06","0","0","0","0","0","0","0","0","","0","0","0","07","1","0","01","","0","40 00:57.144","","00","75 09:13.828","9","0","0","0","67301","0","0","0","N","0","0","0","3","67301","0","","1","01","","N","N","N","0","","0","0","1","3","2","","0721","0","3","0","0","0","0","1","2","0","3","03","04","N","","","","","","","","","","",""
"2023030726","2042","1","0","0","0","0","0","0","0","0","2","1","","67","04","2023","2","39.8837","-75.2138","2033","06","0","1","0","0","0","1","0","0","","1","1","0","20","3","2","00","N","0","39 53:01.460","","00","75 12:49.650","1","0","0","0","67301","0","0","0","N","0","0","0","4","67301","0","2","1","01","","N","N","N","0","0","0","1","0","0","0","","2031","2","2","0","0","0","1","0","2","0","2","03","03","N","","","","","","","","","","",""
"2023019946","0858","2","0","0","0","0","0","0","0","0","4","0","","67","03","2023","4","39.9487","-75.2252","0854","06","0","0","0","0","0","0","1","0","","0","0","0","08","1","1","01","","0","39 56:55.352","","00","75 13:30.748","3","0","0","0","67301","0","0","0","N","0","0","0","2","67301","0","","1","01","","N","N","N","0","","1","0","0","3","3","","0803","1","2","0","0","1","0","1","2","0","2","03","","N","","","","","","","","","","",""
"2023020421","0241","2","0","0","0","0","0","0","0","0","4","0","","67","02","2023","1","40.0457","-75.0315","0232","06","0","0","0","0","0","0","0","0","","0","0","0","02","3","0","01","","0","40 02:44.428","","00","75 01:53.506","0","0","0","0","67301","0","0","0","N","0","0","0","2","67301","0","","1","01","","N","N","N","0","","0","0","0","3","2","","0230","0","2","0","0","1","0","0","2","0","2","03","03","N","","","","","","","","","","",""
"2023025548","0530","0","0","0","0","0","0","0","0","0","4","0","","67","03","2023","1","39.9834","-75.1191","0515","06","0","0","0","0","0","1","0","0","","0","0","0","05","3","0","01","","0","39 59:00.677","","00","75 07:08.652","0","0","0","0","67301","0","0","0","N","0","0","0","2","67301","0","","1","01","","N","N","N","0","","0","0","2","3","2","","0500","0","2","0","0","0","0","0","2","0","2","03","","N","","","","","","","","","","",""
"2023026133","1843","2","0","0","0","0","0","0","0","0","1","0","","67","03","2023","6","40.0451","-75.0023","1825","06","0","0","0","0","0","0","0","0","","0","0","0","18","3","0","00","N","0","40 02:42.346","","00","75 00:08.270","0","0","0","0","67301","0","0","0","N","0","0","0","5","68K01","0","","1","09","","N","N","N","0","","0","0","1","0","0","","1824","0","3","0","0","0","0","0","2","0","3","07","07","N","","","","","","","","","","",""
"2023031005","0037","2","0","0","0","0","0","0","0","0","4","0","","67","04","2023","3","39.972","-75.1592","0036","06","0","0","0","0","0","0","0","0","","0","0","0","23","3","0","00","N","0","39 58:19.357","","00","75 09:33.286","9","0","0","0","67301","0","0","0","N","0","0","0","3","67301","0","","1","01","","N","N","N","0","","0","0","0","0","0","","2345","0","2","0","0","0","0","2","2","0","2","03","03","N","","","","","","","","","","",""
"2023021743","0108","1","0","0","0","0","0","0","0","0","6","0","","67","03","2023","1","39.9745","-75.2333","0054","06","0","0","0","0","0","0","0","0","","0","0","0","00","3","0","00","N","2","39 58:28.100","5","00","75 13:59.900","0","0","0","0","67301","0","0","0","N","0","0","0","1","67301","0","","6","01","0200","N","N","N","0","","0","0","2","0","0","Y","0047","0","4","0","0","0","0","0","2","1","4","03","03","N","","","","","","","","","","",""
"2023021732","1843","2","0","0","0","0","0","0","0","0","4","0","","67","03","2023","6","39.9537","-75.2405","1841","06","0","0","0","0","0","3","0","0","","0","0","0","18","3","0","01","","0","39 57:13.478","","00","75 14:25.710","0","0","0","0","67301","0","0","0","N","0","0","0","3","67301","0","","1","09","","N","N","N","0","","0","0","2","3","2","","1835","0","4","0","0","1","0","0","2","0","4","07","07","N","","","","","","","","","","",""
"2023031269","1101","0","0","0","0","0","0","0","0","0","8","0","","67","04","2023","7","39.9289","-75.2296","1100","06","0","0","0","0","0","0","0","0","","0","0","0","10","1","1","00","N","1","39 55:44.160","6","07","75 13:46.430","8","0","0","0","67301","1","0","0","N","1","0","0","1","67301","0","","6","01","1220","N","N","N","0","","0","0","0","0","0","N","1058","1","2","0","0","0","1","0","2","0","1","03","","N","","","","","","","","","","",""
"2023018567","1000","0","0","0","0","0","0","0","0","0","1","0","","67","02","2023","4","40.0557","-75.0085","1000","06","0","0","0","0","0","0","0","0","","0","0","0","08","1","1","00","N","0","40 03:20.505","","00","75 00:30.508","8","0","0","0","67301","0","0","0","N","0","0","0","2","67301","0","","1","01","","N","N","N","0","","0","0","2","0","0","","0805","1","2","0","0","0","1","0","2","0","2","03","03","N","","","","","","","","","","",""
"2023022817","2237","5","0","0","0","0","0","0","0","0","4","0","","67","03","2023","5","40.0421","-75.1821","2206","06","0","0","0","0","0","0","0","0","","0","0","0","21","3","0","02","","0","40 02:31.534","","00","75 10:55.492","9","0","0","0","67301","0","0","0","N","0","0","0","2","67301","0","","1","01","","N","N","N","0","","0","0","0","3","3","","2124","0","5","0","0","0","0","2","2","0","5","03","","N","","","","","","","","","","",""
"2023022399","1233","1","0","0","0","0","0","0","0","0","8","0","","67","03","2023","6","39.9553","-75.1871","1231","06","0","0","0","0","0","0","0","0","","0","0","0","12","1","1","02","","0","39 57:19.125","","00","75 11:13.598","8","0","0","0","67301","1","0","0","N","1","0","0","2","67507","0","","1","01","","N","N","N","0","","0","0","0","3","2","","1225","1","2","0","0","0","1","1","2","0","1","03","","N","","","","","","","","","","",""
"2023023191","1312","1","0","0","0","0","0","0","0","0","4","0","","67","03","2023","7","40.0404","-75.0655","1308","06","0","0","0","0","0","0","0","0","","0","0","0","11","1","2","05","","0","40 02:25.526","","00","75 03:55.923","8","0","0","0","67301","0","0","0","N","0","0","0","2","67301","0","","1","09","","N","N","N","0","","0","0","1","3","2","","1130","2","2","0","0","0","2","0","2","0","2","07","","N","","","","","","","","","","",""
"2023019391","0358","1","0","0","0","0","0","0","0","0","5","0","","67","02","2023","7","39.9965","-75.1413","0333","06","0","0","0","0","0","0","0","0","","0","0","0","03","3","0","00","N","2","39 59:47.330","2","00","75 08:28.590","0","0","0","0","67301","0","0","0","N","0","0","0","1","67301","0","","6","01","0500","N","N","N","0","","0","0","0","3","2","Y","0330","0","3","0","0","1","0","0","2","2","3","03","03","N","","","","","","","","","","",""
"2023018181","1740","1","0","0","0","0","0","0","0","0","5","0","","67","02","2023","6","39.9401","-75.1849","1740","06","0","0","0","0","0","0","0","0","","0","0","0","15","1","0","01","","0","39 56:24.399","","00","75 11:05.816","0","0","0","0","67301","0","0","0","N","0","0","0","2","67301","0","","1","01","","N","N","N","0","","0","0","1","3","2","","1545","0","2","0","0","0","0","0","2","0","2","03","03","N","","","","","","","","","","",""
"2023033185","1808","1","0","1","0","0","0","0","0","0","4","0","","67","04","2023","5","39.9867","-75.1464","1756","06","0","0","0","0","0","0","0","0","","0","0","0","17","1","2","02","","0","39 59:11.940","","00","75 08:47.191","2","0","0","0","67301","0","0","0","N","0","0","0","2","67301","0","","1","01","","N","N","N","0","","1","1","1","3","3","","1740","2","2","0","0","0","0","0","2","0","2","03","","N","","","","","","","","","","",""
"2023017621","2230","1","0","0","0","0","0","0","0","0","1","0","","67","02","2023","3","40.0492","-75.163","2215","06","0","0","0","0","0","0","0","0","","0","0","0","22","3","0","00","N","0","40 02:57.040","","00","75 09:46.660","0","0","0","0","67301","0","0","0","N","0","0","0","2","67301","0","","6","01","","N","N","N","0","","0","0","0","0","0","","2200","0","2","0","0","1","0","0","2","1","2","03","03","N","","","","","","","","","","",""
"2023018666","1005","0","0","0","0","0","0","0","0","0","1","0","","67","02","2023","1","39.9254","-75.1576","1005","06","0","0","0","0","0","0","0","0","","0","0","0","00","3","0","00","N","0","39 55:31.600","","00","75 09:27.400","0","0","0","0","67301","0","0","0","N","0","0","0","1","67301","0","","6","01","","N","N","N","1","","0","0","1","0","0","","0001","0","2","0","0","1","0","0","2","0","2","03","03","N","","","","","","","","","","",""
"2023033393","0838","0","0","0","0","0","0","0","0","0","1","0","","67","03","2023","5","39.9596","-75.1757","0824","06","0","0","0","0","0","0","0","0","","0","0","0","08","1","0","00","N","1","39 57:34.867","4","00","75 10:34.647","0","0","0","0","67301","0","0","0","N","0","0","0","7","68K01","0","","1","01","0925","N","N","N","0","","0","0","3","0","0","N","0824","0","3","0","0","0","0","0","2","0","3","03","","N","","","","","","","","","","",""
"2023024472","1305","1","0","0","0","0","0","0","0","0","8","0","","67","02","2023","2","39.9571","-75.2019","1304","06","0","0","0","0","0","0","1","0","","0","0","0","13","1","1","01","","0","39 57:25.865","","00","75 12:07.011","8","0","0","0","67301","1","0","0","N","1","0","0","2","67504","0","","1","01","","N","N","N","0","","0","0","0","3","2","","1304","1","2","0","0","0","1","0","2","0","1","03","03","N","","","","","","","","","","",""
"2023020133","1750","0","0","0","0","0","0","0","0","0","5","0","","67","02","2023","2","40.0169","-75.0637","1740","06","0","0","0","0","0","0","0","0","","0","0","0","17","3","0","00","N","0","40 01:00.880","","00","75 03:49.210","0","0","0","0","67301","0","0","0","N","0","0","0","1","67301","0","","6","09","","N","N","N","2","","0","0","0","0","0","","1729","0","2","0","0","1","0","0","2","0","2","07","07","N","","","","","","","","","","",""
"2023017838","1500","1","0","0","0","0","0","0","0","0","4","0","","67","02","2023","4","39.96","-75.2309","1405","06","0","0","0","0","0","1","0","0","","0","0","0","13","1","1","01","","2","39 57:35.884","7","00","75 13:51.409","3","0","0","0","67301","0","0","0","N","0","0","0","2","67301","0","","1","09","1415","N","N","N","0","","1","0","1","3","3","N","1340","1","2","0","0","0","0","0","2","0","2","07","","N","","","","","","","","","","",""
"2023022918","1910","0","0","0","0","0","0","0","0","0","4","0","","67","03","2023","5","40.0269","-75.0972","1854","06","0","0","0","0","0","0","0","0","","0","0","0","18","3","0","01","","2","40 01:36.952","2","00","75 05:50.319","9","0","0","0","67301","0","0","0","N","0","0","0","2","67301","0","","1","01","0200","N","N","N","0","","0","0","2","3","2","Y","1850","0","2","0","0","1","0","1","2","0","2","03","03","N","","","","","","","","","","",""
"2023017925","0848","0","0","0","1","0","0","0","0","0","8","0","","67","02","2023","5","39.946","-75.1683","0840","06","0","0","0","0","0","0","0","0","","0","0","0","08","1","1","01","","0","39 56:45.480","","00","75 10:06.032","8","0","0","0","67301","1","0","0","N","0","0","0","2","67301","0","","1","01","","N","N","N","1","","0","0","0","3","2","","0830","1","2","0","0","1","1","0","2","0","1","03","03","N","","","","","","","","","","",""
"2023021705","0056","0","0","0","0","0","0","0","0","0","7","0","","67","03","2023","2","40.0713","-75.0727","0056","06","0","0","0","0","0","0","0","0","","0","0","0","00","3","2","00","N","0","40 04:16.733","","00","75 04:21.608","3","0","0","0","67301","0","0","0","N","0","0","0","2","67301","0","","4","01","","N","N","N","0","","2","0","1","0","0","","0050","2","1","0","0","0","0","0","2","0","1","03","","N","","","","","","","","","","",""
"2023024327","1304","1","0","0","0","0","0","0","0","0","1","0","","67","02","2023","2","40.0395","-75.1447","1303","06","0","0","0","0","0","0","0","0","","0","0","0","13","1","0","00","N","0","40 02:22.250","","00","75 08:40.746","0","0","0","0","67301","0","0","0","N","0","0","0","2","67301","0","","1","01","","N","N","N","0","","0","0","1","0","0","","1300","0","2","0","0","2","0","0","2","0","2","03","03","N","","","","","","","","","","",""
"2023017846","1017","0","0","0","0","0","0","0","0","0","4","0","","67","02","2023","4","40.0312","-75.1458","1015","06","0","0","0","0","0","1","0","0","","0","0","0","10","1","1","01","","1","40 01:52.420","1","00","75 08:44.761","3","0","0","0","67301","0","0","0","N","0","0","0","2","67301","0","","1","01","0030","N","N","N","1","","1","0","1","3","2","Y","1010","1","2","0","0","2","0","0","2","0","2","04","","N","","","","","","","","","","",""
"2023018098","2119","2","0","0","0","0","0","0","0","0","6","0","","67","02","2023","4","39.9596","-75.1956","2119","06","0","0","0","0","0","0","0","0","","0","0","0","21","3","0","01","","0","39 57:34.572","","00","75 11:44.314","9","0","0","0","67301","0","0","0","N","0","0","0","2","67301","0","","1","01","","N","N","N","0","","0","0","0","3","1","","2119","0","2","0","0","2","0","1","2","0","2","03","","N","","","","","","","","","","",""
"2023024547","1047","0","0","0","0","0","0","0","0","0","1","0","","67","03","2023","6","39.9984","-75.1283","1045","06","0","0","0","0","0","1","0","0","","0","0","0","10","1","2","00","N","0","39 59:54.163","","00","75 07:41.859","3","0","0","0","67301","0","0","0","N","0","0","0","3","67301","0","","1","01","","N","N","N","0","","2","0","1","0","0","","1043","2","2","0","0","3","0","0","2","1","2","03","","N","","","","","","","","","","",""
"2023030240","2019","1","0","0","0","0","0","0","0","0","4","0","","67","03","2023","7","40.0072","-75.1745","2019","06","0","0","0","1","0","0","1","0","","0","0","0","20","3","0","03","","1","40 00:26.056","4","00","75 10:28.019","0","0","0","0","67301","0","0","0","N","0","0","0","3","67301","0","","1","01","2118","N","N","N","1","","0","0","0","3","2","N","2019","0","2","0","0","0","0","0","2","0","2","03","03","N","","","","","","","","","","",""
"2023032043","0435","1","0","0","0","0","0","0","0","0","1","0","","67","03","2023","3","39.8835","-75.2448","0422","06","0","0","0","0","0","0","1","0","","0","0","0","04","3","0","00","N","0","39 53:00.513","","00","75 14:41.406","0","0","0","0","67301","0","0","0","N","0","0","0","2","68K01","0","","1","01","","N","N","N","0","","0","0","1","0","0","","0413","0","2","0","0","0","0","0","2","0","2","03","","N","","","","","","","","","","",""
"2023023500","0110","1","0","0","0","0","0","0","0","0","5","0","","67","03","2023","3","39.995","-75.1178","0110","06","0","0","0","1","0","0","0","0","","0","0","0","01","3","0","00","N","0","39 59:42.110","","00","75 07:04.230","0","0","0","0","67301","0","0","0","N","0","0","0","3","67301","0","","6","01","","N","Y","N","0","","0","0","2","0","0","","0109","0","3","0","0","1","0","0","2","0","3","03","03","N","","","","","","","","","","",""
"2023032536","1439","1","0","0","0","0","0","0","0","0","5","0","","67","03","2023","6","39.8919","-75.2358","1423","06","0","0","0","0","0","1","0","0","","0","0","0","14","1","1","07","","0","39 53:32.550","","02","75 14:04.245","3","0","0","0","67301","0","0","0","N","0","0","0","2","68K01","0","","1","01","","N","N","N","0","","1","0","1","0","0","","1408","1","2","0","0","0","0","1","2","0","2","03","03","N","","","","","","","","","","",""
"2023020693","0843","1","0","0","0","0","0","0","0","0","4","0","","67","03","2023","5","40.0287","-75.0394","0822","06","0","0","0","1","0","0","0","0","","0","0","0","07","1","0","01","","0","40 01:43.364","","00","75 02:21.707","0","0","0","0","67301","0","0","0","N","0","0","0","2","67301","0","","1","01","","N","N","N","0","","0","0","0","3","3","","0720","0","3","0","0","0","0","0","2","0","3","03","03","N","","","","","","","","","","",""
"2023021708","1933","0","0","0","0","0","0","0","0","0","8","0","","67","03","2023","6","40.1001","-75.0218","1933","06","0","0","0","0","0","0","0","0","","0","0","0","19","3","1","01","","2","40 06:00.352","4","00","75 01:18.652","2","0","0","0","67301","1","0","1","N","1","0","1","3","67301","0","","1","09","2012","N","N","N","0","","0","1","1","3","2","Y","1932","1","2","0","0","0","0","0","2","0","1","07","04","N","","","","","","","","","","",""
"2023020691","0951","1","0","0","0","0","0","0","0","0","4","0","","67","03","2023","7","40.0355","-75.1788","0950","06","0","0","0","0","0","1","0","0","","0","0","0","09","1","3","01","","0","40 02:07.785","","00","75 10:43.557","3","0","0","0","67301","0","0","0","N","0","0","0","3","67301","1","","1","01","","N","N","N","0","","1","0","1","3","2","","0945","3","2","0","0","0","1","0","2","0","2","03","03","N","","","","","","","","","","",""
"2023019521","1635","2","0","0","0","0","0","0","0","0","4","0","","67","02","2023","3","40.0209","-75.1486","1635","06","0","0","0","0","1","0","0","0","","0","0","0","14","1","1","02","","1","40 01:15.173","2","00","75 08:54.961","3","0","0","0","67301","0","0","0","N","0","0","0","2","67301","0","","1","99","0100","N","N","N","0","","1","0","0","3","3","Y","1455","1","2","0","0","0","0","0","2","0","2","03","","N","","","","","","","","","","",""
"2023020895","2305","1","0","0","0","0","0","0","0","0","1","0","","67","03","2023","7","40.0489","-75.0123","2259","06","0","0","0","0","0","2","0","0","","0","0","0","22","3","2","02","","1","40 02:55.985","1","00","75 00:44.349","3","0","0","0","67301","0","0","0","N","0","0","0","5","67301","0","","1","01","0327","N","N","Y","0","","2","0","2","3","2","N","2250","2","3","0","0","0","0","0","2","0","3","03","03","N","","","","","","","","","","",""
"2023018324","1832","0","0","0","0","0","0","0","0","0","4","0","","67","02","2023","6","40.0512","-75.0661","1825","06","0","0","0","0","0","0","0","0","","0","0","0","18","3","1","01","","1","40 03:04.318","3","00","75 03:58.116","3","0","0","0","67301","0","0","0","N","0","0","0","3","67301","0","","1","01","0045","N","N","N","0","","1","0","0","3","2","N","1820","1","2","0","0","0","0","0","2","2","2","03","03","N","","","","","","","","","","",""
"2023020698","0423","2","0","0","0","0","0","0","0","0","1","0","","67","03","2023","7","39.9745","-75.1458","0421","06","0","0","0","0","0","0","0","0","","0","0","0","04","3","0","00","N","0","39 58:28.130","","00","75 08:44.770","0","0","0","0","67301","0","0","0","N","0","0","0","1","67301","0","","6","09","","N","N","N","0","","0","0","0","0","0","","0419","0","2","0","0","1","0","0","2","0","2","07","","N","","","","","","","","","","",""
"2023019960","2217","2","0","0","0","0","0","0","0","0","4","0","","67","02","2023","7","39.998","-75.1129","2217","06","0","0","0","0","0","0","0","0","","0","0","0","22","3","1","01","","0","39 59:52.958","","00","75 06:46.580","3","0","0","0","67301","0","0","0","N","0","0","0","5","67301","0","","1","01","","N","N","Y","2","","1","0","1","3","3","","2217","1","5","0","0","0","0","0","2","0","5","03","03","N","","","","","","","","","","",""
"2023030727","1927","1","0","0","0","0","0","0","0","0","1","1","","67","04","2023","4","39.9471","-75.2267","1925","06","0","0","0","0","0","0","0","0","","0","1","0","19","3","1","00","N","0","39 56:49.560","","00","75 13:35.950","3","0","0","0","67301","0","0","0","N","0","0","0","3","67301","0","","1","01","","N","N","N","0","","1","0","0","0","0","","1921","1","2","0","0","1","0","0","2","0","2","03","03","N","","","","","","","","","","",""
"2023017837","0840","1","0","0","0","0","0","0","0","0","1","0","","67","02","2023","3","39.9547","-75.2272","0834","06","0","0","0","0","0","0","0","0","","0","0","0","08","1","0","00","N","0","39 57:17.030","","00","75 13:37.790","0","0","0","0","67301","0","0","0","N","0","0","0","2","67301","0","","1","09","","N","N","N","0","","0","0","1","0","0","","0810","0","2","0","0","1","0","0","2","0","2","03","03","N","","","","","","","","","","",""
"2023019961","1146","3","0","0","0","0","0","0","0","0","2","0","","67","02","2023","1","39.9977","-75.1113","1143","06","0","0","0","0","0","1","1","0","","0","0","0","11","1","5","00","N","2","39 59:51.600","5","01","75 06:40.800","3","0","0","0","67301","0","0","0","N","0","0","0","6","67301","0","","1","01","1300","N","N","N","0","","5","0","4","0","0","Y","1143","5","7","0","0","1","0","0","2","0","7","03","03","N","","","","","","","","","","",""
"2023019386","0510","1","0","1","0","0","0","0","0","0","4","0","","67","02","2023","1","40.0981","-75.0303","0505","06","0","0","0","0","0","0","0","0","","0","0","0","05","3","2","02","","0","40 05:53.190","","00","75 01:49.243","2","0","0","0","67301","0","0","0","N","0","0","0","2","67301","0","","1","01","","N","N","N","0","","1","1","1","3","2","","0500","2","2","0","0","0","0","0","2","0","2","03","","N","","","","","","","","","","",""
"2023019952","2111","1","0","0","0","0","0","0","0","0","4","0","","67","02","2023","5","39.9919","-75.2362","2109","06","0","0","0","0","0","0","0","0","","0","0","0","20","3","0","01","","0","39 59:30.980","","00","75 14:10.287","0","0","0","0","67301","0","0","0","N","0","0","0","2","67301","0","","1","01","","N","N","N","0","","0","0","1","3","3","","2028","0","2","0","0","0","0","0","2","0","2","03","03","N","","","","","","","","","","",""
"2023017616","1145","0","0","0","0","0","0","0","0","0","4","0","","67","02","2023","4","39.9073","-75.1879","1130","06","0","0","0","0","0","0","0","0","","0","0","0","10","1","1","01","","0","39 54:26.287","","00","75 11:16.317","4","0","0","0","67301","0","0","0","N","0","0","0","2","67301","1","","1","09","","N","N","N","0","","0","0","1","0","0","","1030","1","2","0","0","0","0","0","2","1","2","04","04","N","","","","","","","","","","",""