"CRN","ARRIVAL_TM","AUTOMOBILE_COUNT","BELTED_DEATH_COUNT","BELTED_SUSP_SERIOUS_INJ_COUNT","BICYCLE_COUNT","BICYCLE_DEATH_COUNT","BICYCLE_SUSP_SERIOUS_INJ_COUNT","BUS_COUNT","CHLDPAS_DEATH_COUNT","CHLDPAS_SUSP_SERIOUS_INJ_COUNT","COLLISION_TYPE","COMM_VEH_COUNT","CONS_ZONE_SPD_LIM","COUNTY","CRASH_MONTH","CRASH_YEAR","DAY_OF_WEEK","DEC_LAT","DEC_LONG","DISPATCH_TM","DISTRICT","DRIVER_COUNT_16YR","DRIVER_COUNT_17YR","DRIVER_COUNT_18YR","DRIVER_COUNT_19YR","DRIVER_COUNT_20YR","DRIVER_COUNT_50_64YR","DRIVER_COUNT_65_74YR","DRIVER_COUNT_75PLUS","EST_HRS_CLOSED","FATAL_COUNT","HEAVY_TRUCK_COUNT","HORSE_BUGGY_COUNT","HOUR_OF_DAY","ILLUMINATION","INJURY_COUNT","INTERSECT_TYPE","INTERSECTION_RELATED","LANE_CLOSED","LATITUDE","LN_CLOSE_DIR","LOCATION_TYPE","LONGITUDE","MAX_SEVERITY_LEVEL","MCYCLE_DEATH_COUNT","MCYCLE_SUSP_SERIOUS_INJ_COUNT","MOTORCYCLE_COUNT","MUNICIPALITY","NONMOTR_COUNT","NONMOTR_DEATH_COUNT","NONMOTR_SUSP_SERIOUS_INJ_COUNT","NTFY_HIWY_MAINT","PED_COUNT","PED_DEATH_COUNT","PED_SUSP_SERIOUS_INJ_COUNT","PERSON_COUNT","POLICE_AGCY","POSSIBLE_INJ_COUNT","RDWY_SURF_TYPE_CD","RELATION_TO_ROAD","ROAD_CONDITION","ROADWAY_CLEARED","SCH_BUS_IND","SCH_ZONE_IND","SECONDARY_CRASH","SMALL_TRUCK_COUNT","SPEC_JURIS_CD","SUSP_MINOR_INJ_COUNT","SUSP_SERIOUS_INJ_COUNT","SUV_COUNT","TCD_FUNC_CD","TCD_TYPE","TFC_DETOUR_IND","TIME_OF_DAY","TOT_INJ_COUNT","TOTAL_UNITS","UNB_DEATH_COUNT","UNB_SUSP_SERIOUS_INJ_COUNT","UNBELTED_OCC_COUNT","UNK_INJ_DEG_COUNT","UNK_INJ_PER_COUNT","URBAN_RURAL","VAN_COUNT","VEHICLE_COUNT","WEATHER1","WEATHER2","WORK_ZONE_IND","WORK_ZONE_LOC","WORK_ZONE_TYPE","WORKERS_PRES","WZ_CLOSE_DETOUR","WZ_FLAGGER","WZ_LAW_OFFCR_IND","WZ_LN_CLOSURE","WZ_MOVING","WZ_OTHER","WZ_SHLDER_MDN","WZ_WORKERS_INJ_KILLED"
"2023024755","1603","0","0","0","0","0","0","0","0","0","1","0","","67","03","2023","1","39.9915","-75.2029","1601","06","0","0","0","1","0","0","1","0","","0","0","0","15","1","4","00","N","2","39 59:29.450","4","00","75 12:10.466","3","0","0","0","67301","0","0","0","N","0","0","0","4","68K01","0","","1","01","1630","N","N","N","0","","4","0","3","0","0","N","1548","4","3","0","0","0","0","0","2","0","3","03","","N","","","","","","","","","","",""
"2023032145","2226","1","0","0","0","0","0","0","0","0","7","0","","67","04","2023","3","40.003","-75.1513","2222","06","0","0","0","0","0","0","0","0","","0","0","0","22","3","0","01","","0","40 00:10.828","","00","75 09:04.647","0","0","0","0","67301","0","0","0","N","0","0","0","1","67505","0","","5","01","","N","N","N","0","","0","0","0","0","0","","2220","0","1","0","0","1","0","0","2","0","1","03","03","N","","","","","","","","","","",""
"2023033599","0027","1","0","0","0","0","0","0","0","0","7","0","","67","04","2023","7","39.977","-75.1783","0026","06","0","0","0","0","0","0","0","0","","0","0","0","00","3","1","00","N","0","39 58:37.300","","00","75 10:42.000","3","0","0","0","67301","0","0","0","N","0","0","0","1","67301","0","","4","01","","N","N","N","0","","1","0","0","0","0","","0025","1","1","0","0","0","0","0","2","0","1","03","04","N","","","","","","","","","","",""
"2023042267","1638","2","0","0","0","0","0","0","0","0","1","0","","67","04","2023","4","39.886","-75.2102","1638","06","0","0","0","0","0","0","0","0","","0","0","0","16","1","0","00","N","1","39 53:09.437","2","03","75 12:36.550","0","0","0","0","67301","0","0","0","N","0","0","0","3","68K01","0","","2","01","1744","N","N","N","0","","0","0","0","0","0","Y","1637","0","2","0","0","0","0","0","2","0","2","03","","N","","","","","","","","","","",""
"2023046596","1114","1","0","0","0","0","0","0","0","0","4","0","","67","05","2023","4","40.0216","-75.0547","1100","06","0","0","0","1","0","0","0","0","","0","0","0","10","1","1","02","","0","40 01:17.717","","00","75 03:16.778","4","0","0","0","67301","0","0","0","N","0","0","0","4","67301","1","","1","01","","N","N","N","0","","0","0","1","3","2","","1055","1","2","0","0","4","0","0","2","0","2","03","03","N","","","","","","","","","","",""
"2023033594","0153","1","0","0","0","0","0","0","0","0","4","0","","67","04","2023","4","39.959","-75.229","0151","06","0","0","0","0","0","0","0","0","","0","0","0","01","3","1","01","","0","39 57:32.224","","00","75 13:44.207","3","0","0","0","67301","0","0","0","N","0","0","0","2","67301","0","","1","01","","N","N","N","0","","1","0","0","3","2","","0150","1","2","0","0","0","0","0","2","0","2","03","03","N","","","","","","","","","","",""
"2023042264","1841","1","0","0","0","0","0","0","0","0","5","0","","67","04","2023","7","39.8917","-75.2375","1833","06","0","0","0","0","0","0","0","0","","0","0","0","18","1","1","00","N","0","39 53:30.159","","00","75 14:14.880","3","0","0","0","67301","0","0","0","N","0","0","0","2","68K01","0","","1","01","","N","N","N","0","","1","0","1","0","0","","1830","1","2","0","0","0","0","0","2","0","2","03","","N","","","","","","","","","","",""
"2023031868","1951","1","0","0","0","0","0","0","0","0","4","0","","67","04","2023","7","40.0884","-75.044","1944","06","0","0","0","0","0","0","1","0","","0","0","0","19","3","0","01","","0","40 05:18.426","","00","75 02:38.540","0","0","0","0","67301","0","0","0","N","0","0","0","6","67301","0","","1","01","","N","N","N","0","","0","0","2","3","2","","1940","0","3","0","0","0","0","0","2","0","3","03","","N","","","","","","","","","","",""
"2023031410","1212","0","0","0","0","0","0","0","0","0","7","0","","67","04","2023","1","39.9976","-75.141","1202","06","0","0","0","0","0","0","0","0","","0","0","0","11","1","1","00","N","0","39 59:51.330","","00","75 08:27.730","8","0","0","0","67301","0","0","0","N","0","0","0","1","67301","0","","4","01","","N","N","N","0","","0","0","0","0","0","","1145","1","1","0","0","1","1","0","2","1","1","03","03","N","","","","","","","","","","",""
"2023029337","1210","1","0","0","1","0","0","0","0","0","8","0","","67","04","2023","7","39.9872","-75.216","1154","06","0","0","0","0","0","0","0","0","","0","0","0","11","1","1","00","N","0","39 59:13.953","","00","75 12:57.634","3","0","0","0","67301","1","0","0","N","0","0","0","2","67301","0","","1","09","","N","N","N","0","","1","0","0","0","0","","1110","1","2","0","0","0","0","0","2","0","1","07","","N","","","","","","","","","","",""
"2023042928","0935","0","0","0","0","0","0","1","0","0","8","1","","67","05","2023","2","40.012","-75.1358","0925","06","0","0","0","0","0","1","0","0","","0","0","0","09","1","1","01","N","0","40 00:43.127","","00","75 08:09.038","4","0","0","0","67301","1","0","0","N","1","0","0","2","67508","1","","1","01","","N","N","Y","0","","0","0","0","3","2","","0925","1","2","0","0","0","0","0","2","0","1","03","03","N","","","","","","","","","","",""
"2023032124","0411","2","0","0","0","0","0","0","0","0","6","0","","67","04","2023","2","39.9829","-75.144","0410","06","0","0","0","0","0","0","0","0","","0","0","0","04","3","1","00","N","0","39 58:58.590","","00","75 08:38.370","3","0","0","0","67301","0","0","0","N","0","0","0","1","67301","0","","6","01","","N","N","N","1","","1","0","0","0","0","","0400","1","3","0","0","0","0","0","2","0","3","03","03","N","","","","","","","","","","",""
"2023042562","1915","1","0","0","0","0","0","0","0","0","1","1","","67","05","2023","2","39.9219","-75.1477","1910","06","0","0","0","0","0","1","0","0","","0","1","0","19","1","1","00","N","2","39 55:19.013","1","03","75 08:51.620","8","0","0","0","67301","0","0","0","N","0","0","0","2","68K01","0","","2","01","1945","N","N","N","0","","0","0","0","0","0","N","1908","1","2","0","0","0","1","0","2","0","2","03","03","N","","","","","","","","","","",""
"2023030729","1930","1","0","0","0","0","0","0","0","0","1","0","","67","03","2023","4","40.0293","-75.1051","1930","06","0","0","0","0","0","0","0","0","","0","0","0","15","1","1","03","","0","40 01:45.518","","00","75 06:18.193","8","0","0","0","67301","0","0","0","N","0","0","0","2","67301","0","","1","01","","N","N","N","0","","0","0","1","3","2","","1530","1","2","0","0","0","1","1","2","0","2","03","03","N","","","","","","","","","","",""
"2023032541","2004","2","0","0","0","0","0","0","0","0","5","0","","67","03","2023","2","40.04","-75.0065","2000","06","0","0","0","0","0","1","0","0","","0","0","0","19","3","1","00","N","1","40 02:24.172","2","00","75 00:23.302","3","0","0","0","67301","0","0","0","N","0","0","0","2","68K01","0","","1","09","2023","N","N","N","0","","1","0","0","0","0","N","1957","1","2","0","0","0","0","0","2","0","2","07","07","N","","","","","","","","","","",""
"2023035936","0948","2","0","0","0","0","0","0","0","0","5","0","","67","03","2023","7","40.0085","-75.1417","0943","06","0","0","0","0","0","1","0","0","","0","0","0","09","1","1","00","N","0","40 00:30.570","","00","75 08:30.020","3","0","0","0","67301","0","0","0","N","0","0","0","1","67301","0","","6","01","","N","N","N","1","","1","0","0","0","0","","0926","1","3","0","0","0","0","0","2","0","3","03","03","N","","","","","","","","","","",""
"2023035878","1514","0","0","0","0","0","0","0","0","0","1","0","","67","04","2023","3","40.0004","-75.0796","1505","06","0","0","0","0","0","1","0","0","","0","0","0","14","1","0","00","N","0","40 00:01.304","","03","75 04:46.411","0","0","0","0","67301","0","0","0","N","0","0","0","5","68K01","0","","1","01","","N","N","N","1","","0","0","1","0","0","","1449","0","3","0","0","0","0","0","2","1","3","03","","N","","","","","","","","","","",""
"2023031268","2220","0","0","0","0","0","0","0","0","0","1","0","","67","04","2023","6","39.9056","-75.2361","2213","06","0","0","0","0","0","0","0","1","","0","0","0","22","3","2","00","N","0","39 54:20.030","","00","75 14:10.070","2","0","0","0","67301","0","0","0","N","0","0","0","2","67301","0","","6","01","","N","N","N","1","","1","1","0","0","0","","2209","2","2","0","1","2","0","0","2","1","2","03","03","N","","","","","","","","","","",""
"2023042261","1436","0","0","0","0","0","0","0","0","0","5","0","","67","04","2023","4","39.9851","-75.2082","1432","06","0","0","0","0","0","2","0","0","","0","0","0","14","1","1","07","","1","39 59:06.415","4","02","75 12:29.525","8","0","0","0","67301","0","0","0","N","0","0","0","2","68K01","0","","7","01","1435","N","N","N","0","","0","0","2","0","0","Y","1432","1","2","0","0","0","1","0","2","0","2","03","","N","","","","","","","","","","",""
"2023031270","0854","1","0","0","0","0","0","0","0","0","4","0","","67","04","2023","7","40.028","-75.11","0845","06","0","0","0","0","0","0","0","0","","0","0","0","08","1","2","01","","1","40 01:40.967","2","00","75 06:36.138","3","0","0","0","67301","0","0","0","N","0","0","0","2","67301","0","","1","01","0035","N","N","N","0","","2","0","0","3","2","Y","0840","2","2","0","0","0","0","0","2","1","2","03","","N","","","","","","","","","","",""
"2023038327","2147","1","0","0","0","0","0","0","0","0","7","0","","67","04","2023","4","40.0322","-75.1555","2156","06","0","0","1","0","0","0","0","0","","0","0","0","21","3","1","00","N","1","40 01:55.940","2","00","75 09:19.940","8","0","0","0","67301","0","0","0","N","0","0","0","1","67301","0","","4","01","2230","N","N","N","0","","0","0","0","0","0","Y","2145","1","1","0","0","1","1","0","2","0","1","03","03","N","","","","","","","","","","",""
"2023042448","2051","2","0","0","0","0","0","0","0","0","4","0","","67","03","2023","5","40","-75.1531","2041","06","0","0","0","0","0","1","0","0","","0","0","0","20","3","1","01","","0","39 59:59.964","","00","75 09:11.322","4","0","0","0","67301","0","0","0","N","0","0","0","2","67301","1","","1","01","","N","N","N","0","","0","0","0","3","2","","2032","1","2","0","0","2","0","1","2","0","2","98","98","N","","","","","","","","","","",""
"2023042333","1110","0","0","0","0","0","0","0","0","0","4","1","","67","05","2023","4","39.9522","-75.1452","1105","06","0","0","0","0","0","1","0","0","","0","1","0","11","1","2","01","","0","39 57:07.825","","00","75 08:42.829","3","0","0","0","67301","0","0","0","N","0","0","0","3","67301","0","","1","01","","N","N","N","0","","2","0","1","3","2","","1100","2","2","0","0","0","0","0","2","0","2","03","","N","","","","","","","","","","",""
"2023032542","1442","1","0","0","0","0","0","0","0","0","1","1","","67","03","2023","3","39.9792","-75.1081","1423","06","0","0","0","0","0","1","0","0","","0","1","0","13","1","1","00","N","0","39 58:44.957","","03","75 06:29.022","8","0","0","0","67301","0","0","0","N","0","0","0","2","68K01","0","","1","01","","N","N","N","0","","0","0","0","0","0","","1352","1","2","0","0","0","1","0","2","0","2","03","","N","","","","","","","","","","",""
"2023025524","1048","3","0","0","0","0","0","0","0","0","5","0","","67","03","2023","5","39.9355","-75.1782","1045","06","0","0","0","0","0","0","0","0","","0","0","0","10","8","0","00","N","2","39 56:07.840","3","00","75 10:41.410","0","0","0","0","67301","0","0","0","N","0","0","0","1","67301","0","","6","01","1130","N","N","Y","0","","0","0","1","0","0","Y","1040","0","4","0","0","0","0","0","2","0","4","03","03","N","","","","","","","","","","",""
"2023025556","2154","0","0","0","0","0","0","0","0","0","1","0","","67","03","2023","2","39.9944","-75.1116","2153","06","0","0","0","0","0","0","0","0","","0","0","0","21","3","0","00","N","0","39 59:39.971","","00","75 06:41.640","0","0","0","0","67301","0","0","0","N","0","0","0","3","67301","0","","1","09","","N","N","N","1","","0","0","1","0","0","","2153","0","2","0","0","0","0","0","2","0","2","03","","N","","","","","","","","","","",""
"2023023616","1924","2","0","0","0","0","0","0","0","0","4","0","","67","03","2023","1","40.0268","-75.1411","1924","06","0","0","0","0","0","0","0","0","","0","0","0","19","3","3","01","","2","40 01:36.634","7","00","75 08:27.920","3","0","0","0","67301","0","0","0","N","0","0","0","4","67301","0","","1","01","2200","N","N","N","0","","3","0","1","3","3","Y","1924","3","3","0","0","0","0","1","2","0","3","03","03","N","","","","","","","","","","",""
"2023023607","0920","1","0","0","1","0","0","0","0","0","8","0","","67","03","2023","2","39.9444","-75.1631","0911","06","0","0","0","0","0","0","0","0","","0","0","0","09","1","1","01","","0","39 56:39.841","","00","75 09:47.288","4","0","0","0","67301","1","0","0","N","0","0","0","2","67301","1","","1","09","","N","N","N","0","","0","0","0","3","2","","0905","1","2","0","0","0","0","0","2","0","1","04","07","N","","","","","","","","","","",""
"2023029714","0800","2","0","0","0","0","0","0","0","0","4","0","","67","04","2023","2","40.0779","-75.175","0750","06","0","0","1","0","0","0","0","0","","0","0","0","07","1","2","01","","0","40 04:40.581","","00","75 10:30.068","3","0","0","0","67301","0","0","0","N","0","0","0","2","67301","1","","1","01","","N","N","N","0","","1","0","0","3","3","","0745","2","2","0","0","0","0","0","2","0","2","03","","N","","","","","","","","","","",""
"2023030401","0950","0","0","0","0","0","0","0","0","0","4","0","","67","04","2023","3","40.0426","-75.1292","0939","06","0","0","0","0","0","0","1","0","","0","0","0","09","1","1","01","","0","40 02:33.277","","00","75 07:44.961","8","0","0","0","67301","0","0","0","N","0","0","0","3","67301","0","","1","01","","N","N","N","0","","0","0","2","3","2","","0935","1","2","0","0","0","1","1","2","0","2","03","03","N","","","","","","","","","","",""
"2023042555","2033","1","0","0","0","0","0","0","0","0","2","0","","67","04","2023","7","39.8991","-75.1672","2028","06","0","0","0","0","0","0","0","0","","0","0","0","20","3","0","00","N","2","39 53:56.663","1","00","75 10:01.978","0","0","0","0","67301","0","0","0","N","0","0","0","3","68K01","0","","1","08","2121","N","N","N","0","","0","0","0","0","0","N","2026","0","3","0","0","0","0","0","2","1","3","07","07","N","","","","","","","","","","",""
"2023029101","0118","0","0","0","0","0","0","0","0","0","4","0","","67","04","2023","7","40.0227","-75.1482","0116","06","0","0","0","0","0","1","0","0","","0","0","0","01","3","2","05","","0","40 01:21.790","","00","75 08:53.512","3","0","0","0","67301","0","0","0","N","0","0","0","2","67301","1","","1","01","","N","N","N","0","","1","0","2","3","2","","0111","2","2","0","0","2","0","0","2","0","2","03","03","N","","","","","","","","","","",""
"2023033436","1648","1","0","0","0","0","0","0","0","0","1","0","","67","04","2023","1","39.9766","-75.1962","1638","06","0","0","0","1","0","0","0","0","","0","0","0","16","1","0","00","N","0","39 58:35.911","","00","75 11:46.379","0","0","0","0","67301","0","0","0","N","0","0","0","2","68K01","0","","1","01","","N","N","N","0","","0","0","1","0","0","","1635","0","2","0","0","0","0","0","2","0","2","03","","N","","","","","","","","","","",""
"2023043116","0134","0","0","0","0","0","0","0","0","0","0","1","","67","04","2023","6","40.0236","-75.0315","0125","06","0","0","0","0","0","0","0","0","","0","1","0","01","3","1","00","N","2","40 01:24.946","1","02","75 01:53.547","4","0","0","0","67301","0","0","0","N","0","0","0","1","68K01","1","","1","01","0445","N","N","N","0","","0","0","0","0","0","Y","0124","1","1","0","0","0","0","0","2","0","1","03","03","N","","","","","","","","","","",""
"2023031851","0646","1","0","0","0","0","0","0","0","0","5","0","","67","04","2023","2","39.9308","-75.199","0632","06","0","0","0","0","0","0","0","0","","0","0","0","06","5","0","00","N","2","39 55:50.880","3","00","75 11:56.375","0","0","0","0","67301","0","0","0","N","0","0","0","2","68K01","0","","1","01","0650","N","N","N","0","","0","0","1","0","0","N","0621","0","2","0","0","0","0","0","2","0","2","03","","N","","","","","","","","","","",""
"2023038838","1606","1","0","0","0","0","0","0","0","0","4","0","","67","04","2023","6","40.0518","-75.0793","1605","06","0","0","0","0","0","0","0","0","","0","0","0","15","1","1","01","","0","40 03:06.609","","00","75 04:45.515","3","0","0","0","67301","0","0","0","N","0","0","0","3","67301","0","","1","09","","N","N","N","0","","1","0","0","3","3","","1534","1","2","0","0","0","0","0","2","1","2","07","07","N","","","","","","","","","","",""
"2023032220","1745","0","0","0","0","0","0","0","0","0","4","0","","67","04","2023","2","39.965","-75.2246","1742","06","0","0","0","0","0","0","0","0","","0","0","0","15","1","1","01","","0","39 57:53.852","","00","75 13:28.466","8","0","0","1","67301","0","0","0","N","0","0","0","2","67301","0","","1","01","","N","N","N","1","","0","0","0","3","2","","1517","1","2","0","0","1","1","0","2","0","2","03","03","N","","","","","","","","","","",""
"2023044554","1735","0","0","0","0","0","0","0","0","0","1","0","","67","04","2023","1","39.8995","-75.1755","1720","06","0","0","0","0","0","1","0","0","","0","0","0","17","1","0","07","","1","39 53:57.917","2","02","75 10:31.678","0","0","0","0","67301","0","0","0","N","0","0","0","7","68K01","0","","1","01","1818","N","N","N","0","","0","0","2","0","0","N","1718","0","2","0","0","0","0","0","2","0","2","03","","N","","","","","","","","","","",""
"2023024548","1600","1","0","0","1","0","0","0","0","0","8","0","","67","03","2023","1","40.0235","-75.1335","1600","06","0","0","0","0","1","0","0","0","","0","0","0","16","1","1","01","","0","40 01:24.758","","00","75 08:00.038","4","0","0","0","67301","1","0","0","N","0","0","0","2","67301","1","","1","01","","N","N","N","0","","0","0","0","3","2","","1615","1","2","0","0","0","0","0","2","0","1","03","","N","","","","","","","","","","",""
"2023036895","1908","1","0","0","0","0","0","0","0","0","8","0","","67","03","2023","6","39.9498","-75.2015","1905","06","0","0","0","0","0","0","0","0","","0","0","0","18","3","1","03","","0","39 56:59.142","","00","75 12:05.176","3","0","0","0","67301","1","0","0","N","1","0","0","2","67504","0","","1","01","","N","N","N","0","","1","0","0","3","1","","1840","1","2","0","0","1","0","0","2","0","1","03","","N","","","","","","","","","","",""
"2023024544","1845","0","0","0","0","0","0","0","0","0","8","0","","67","03","2023","4","40.0404","-75.0655","1839","06","0","0","1","0","0","0","0","0","","0","0","0","18","4","1","05","","1","40 02:25.631","3","00","75 03:56.177","8","0","0","0","67301","1","0","0","N","1","0","0","2","67301","0","","1","01","1906","N","N","N","0","","0","0","1","3","2","N","1837","1","2","0","0","0","1","0","2","0","1","03","03","N","","","","","","","","","","",""
"2023030147","1656","1","0","0","0","0","0","0","0","0","8","0","","67","03","2023","5","39.9977","-75.139","1651","06","0","0","0","0","0","0","0","0","","0","0","0","16","1","1","00","N","0","39 59:51.680","","00","75 08:20.260","8","0","0","0","67301","1","0","0","N","1","0","0","2","67301","0","","1","01","","N","N","N","0","","0","0","0","0","0","","1651","1","2","0","0","0","1","0","2","0","1","03","","N","","","","","","","","","","",""
"2023034428","0610","0","0","0","0","0","0","1","0","0","8","1","","67","04","2023","3","39.9532","-75.17","0610","06","0","0","0","0","0","1","0","0","","0","0","0","06","1","1","01","","0","39 57:11.441","","00","75 10:12.029","8","0","0","0","67301","1","0","0","N","1","0","0","2","67508","0","","1","01","","N","N","Y","0","","0","0","0","3","2","","0610","1","2","0","0","0","1","0","2","0","1","03","03","N","","","","","","","","","","",""
"2023025558","1825","1","0","0","0","0","0","0","0","0","8","0","","67","03","2023","6","39.996","-75.1143","1825","06","0","0","0","0","0","0","0","0","","0","0","0","18","4","1","00","N","0","39 59:45.590","","01","75 06:51.610","2","0","0","0","67301","1","0","1","N","1","0","1","4","67301","0","","1","01","","N","N","N","0","","0","1","0","0","0","","1825","1","2","0","0","0","0","0","2","0","1","03","03","N","","","","","","","","","","",""
"2023029848","1145","0","0","0","0","0","0","0","0","0","4","0","","67","04","2023","2","40.0355","-75.1788","1139","06","0","0","0","0","0","0","0","0","","0","0","0","11","1","0","01","","0","40 02:07.785","","00","75 10:43.557","9","0","0","0","67301","0","0","0","N","0","0","0","2","67301","0","","1","01","","N","N","N","0","","0","0","2","3","2","","1137","0","2","0","0","0","0","2","2","0","2","03","03","N","","","","","","","","","","",""
"2023030390","2205","0","0","0","0","0","0","0","0","0","5","0","","67","04","2023","3","40.0216","-75.0395","2158","06","0","0","0","0","0","0","0","0","","0","0","0","21","3","0","00","N","0","40 01:17.860","","00","75 02:22.236","0","0","0","0","67301","0","0","0","N","0","0","0","2","68K01","0","","1","01","","N","N","N","1","","0","0","0","0","0","","2155","0","2","0","0","0","0","0","2","1","2","03","03","N","","","","","","","","","","",""
"2023030236","1830","1","0","0","0","0","0","0","0","0","8","0","","67","04","2023","2","39.9321","-75.1709","1830","06","0","0","0","0","0","0","0","0","","0","0","0","14","1","1","00","N","0","39 55:55.500","","00","75 10:15.400","3","0","0","0","67301","1","0","0","N","1","0","0","2","67301","0","","1","01","","N","N","N","0","","1","0","0","0","0","","1432","1","2","0","0","1","0","0","2","0","1","03","03","N","","","","","","","","","","",""
"2023035870","0819","0","0","0","0","0","0","0","0","0","7","0","","67","04","2023","7","40.0314","-75.0216","0805","06","0","0","0","0","0","0","0","0","","0","0","0","07","1","0","00","N","0","40 01:52.888","","03","75 01:17.774","0","0","0","0","67301","0","0","0","N","0","0","0","1","68K01","0","","2","09","","N","N","N","1","","0","0","0","0","0","","0759","0","1","0","0","0","0","0","2","0","1","07","07","N","","","","","","","","","","",""
"2023032886","0845","1","0","0","0","0","0","0","0","0","5","0","","67","04","2023","5","40.0287","-75.1008","0835","06","0","0","0","0","0","1","0","0","","0","0","0","08","1","0","00","N","0","40 01:43.196","","00","75 06:03.005","0","0","0","0","67301","0","0","0","N","0","0","0","2","67301","0","","1","01","","N","N","N","0","","0","0","1","0","0","","0830","0","2","0","0","1","0","0","2","0","2","03","04","N","","","","","","","","","","",""
"2023031411","1951","0","0","0","1","0","0","0","0","0","8","0","","67","04","2023","1","39.9847","-75.1565","1948","06","0","0","0","0","0","0","0","0","","0","0","0","19","4","1","01","","0","39 59:04.910","","00","75 09:23.867","8","0","0","0","67301","1","0","0","N","0","0","0","2","67505","0","","1","01","","N","N","N","0","","0","0","1","3","2","","1944","1","2","0","0","0","1","1","2","0","1","03","03","N","","","","","","","","","","",""
"2023032582","0901","1","0","0","0","0","0","0","0","0","4","0","","67","04","2023","1","40.105","-75.0017","0852","06","0","0","0","0","0","0","0","0","","0","0","0","08","1","1","02","","2","40 06:17.915","2","00","75 00:06.177","3","0","0","0","67301","0","0","0","N","0","0","0","2","67301","0","","1","01","0940","N","N","N","0","","1","0","1","3","2","Y","0850","1","2","0","0","0","0","0","2","0","2","03","","N","","","","","","","","","","",""
"2023042587","0825","0","0","0","0","0","0","0","0","0","4","0","","67","05","2023","6","39.9574","-75.1571","0825","06","0","0","0","0","0","1","0","0","","0","0","0","08","1","0","01","","1","39 57:26.633","3","00","75 09:25.457","0","0","0","0","67301","0","0","0","N","0","0","0","3","67301","0","","1","01","0900","N","N","N","0","","0","0","2","3","2","Y","0824","0","2","0","0","0","0","0","2","0","2","03","03","N","","","","","","","","","","",""
"2023042651","1415","1","0","0","0","0","0","0","0","0","8","0","","67","05","2023","1","40.0843","-75.0625","1410","06","0","0","0","0","0","1","0","0","","0","0","0","14","1","1","00","N","0","40 05:03.543","","00","75 03:45.165","3","0","0","0","67301","1","0","0","N","1","0","0","2","67301","0","","1","01","","N","N","N","0","","1","0","0","0","0","","1400","1","2","0","0","0","0","0","2","0","1","03","03","N","","","","","","","","","","",""
"2023029326","1251","1","0","0","0","0","0","0","0","0","7","0","","67","04","2023","1","39.8823","-75.2265","1250","06","0","0","0","0","0","0","0","0","","0","0","0","00","3","1","00","N","0","39 52:56.280","","00","75 13:35.310","3","0","0","0","67301","0","0","0","N","0","0","0","1","67301","0","","5","01","","N","N","Y","0","","1","0","0","0","0","","0043","1","1","0","0","0","0","0","2","0","1","03","03","N","","","","","","","","","","",""
"2023041792","1240","0","0","0","0","0","0","0","0","0","1","1","35","67","05","2023","5","39.9083","-75.1469","1238","06","0","0","0","0","0","1","0","0","","0","1","0","12","1","2","00","N","0","39 54:29.900","","03","75 08:48.700","4","0","0","0","67301","0","0","0","N","0","0","0","5","67501","2","","1","01","","N","N","N","1","","0","0","1","0","0","","1237","2","3","0","0","0","0","0","2","0","3","03","03","Y","5","1","U","","","N","Y","","","Y","N"
"2023029713","2130","2","0","0","0","0","0","0","0","0","4","0","","67","04","2023","1","40.0774","-75.1755","2127","06","0","0","0","0","0","0","0","0","","0","0","0","21","3","0","01","","0","40 04:38.684","","00","75 10:31.865","9","0","0","0","67301","0","0","0","N","0","0","0","2","67301","0","","1","01","","N","N","Y","1","","0","0","2","3","2","","2125","0","5","0","0","1","0","1","2","0","5","03","03","N","","","","","","","","","","",""
"2023043215","0827","1","0","0","0","0","0","0","0","0","1","0","","67","05","2023","2","40.0537","-75.0865","0825","06","0","0","0","0","0","0","0","1","","0","0","0","08","1","1","00","N","0","40 03:13.253","","00","75 05:11.242","3","0","0","0","67301","0","0","0","N","0","0","0","2","67301","0","","1","01","","N","N","N","0","","1","0","1","3","2","","0825","1","2","0","0","0","0","0","2","0","2","03","","N","","","","","","","","","","",""
"2023042914","1657","1","0","0","0","0","0","0","0","0","4","0","","67","05","2023","1","40.07","-75.1627","1657","06","0","0","0","0","0","1","1","0","","0","0","0","16","1","2","01","","0","40 04:12.010","","00","75 09:45.872","3","0","0","0","67301","0","0","0","N","0","0","0","3","67301","0","","1","01","","N","N","N","0","","2","0","1","3","2","","1651","2","2","0","0","0","0","0","2","0","2","03","03","N","","","","","","","","","","",""
"2023024328","1238","1","0","0","0","0","0","0","0","0","7","0","","67","03","2023","1","40.0434","-75.1138","1238","06","0","0","0","0","0","0","0","0","","0","0","0","00","3","0","00","N","1","40 02:36.360","4","00","75 06:49.640","0","0","0","0","67301","0","0","0","N","0","0","0","1","67301","0","","4","01","0130","N","N","N","0","","0","0","0","0","0","Y","0038","0","1","0","0","1","0","0","2","0","1","03","03","N","","","","","","","","","","",""
"2023042401","1032","0","0","0","0","0","0","0","0","0","5","1","","67","05","2023","2","40.0273","-75.0256","1032","06","0","0","0","0","0","3","0","0","","0","1","0","10","1","1","00","N","0","40 01:38.229","","00","75 01:31.982","8","0","0","0","67301","0","0","0","N","0","0","0","3","68K01","0","","1","01","","N","N","N","0","","0","0","1","0","0","","1032","1","3","0","0","0","1","0","2","1","3","03","","N","","","","","","","","","","",""