"CRN","ARRIVAL_TM","AUTOMOBILE_COUNT","BELTED_DEATH_COUNT","BELTED_SUSP_SERIOUS_INJ_COUNT","BICYCLE_COUNT","BICYCLE_DEATH_COUNT","BICYCLE_SUSP_SERIOUS_INJ_COUNT","BUS_COUNT","CHLDPAS_DEATH_COUNT","CHLDPAS_SUSP_SERIOUS_INJ_COUNT","COLLISION_TYPE","COMM_VEH_COUNT","CONS_ZONE_SPD_LIM","COUNTY","CRASH_MONTH","CRASH_YEAR","DAY_OF_WEEK","DEC_LAT","DEC_LONG","DISPATCH_TM","DISTRICT","DRIVER_COUNT_16YR","DRIVER_COUNT_17YR","DRIVER_COUNT_18YR","DRIVER_COUNT_19YR","DRIVER_COUNT_20YR","DRIVER_COUNT_50_64YR","DRIVER_COUNT_65_74YR","DRIVER_COUNT_75PLUS","EST_HRS_CLOSED","FATAL_COUNT","HEAVY_TRUCK_COUNT","HORSE_BUGGY_COUNT","HOUR_OF_DAY","ILLUMINATION","INJURY_COUNT","INTERSECT_TYPE","INTERSECTION_RELATED","LANE_CLOSED","LATITUDE","LN_CLOSE_DIR","LOCATION_TYPE","LONGITUDE","MAX_SEVERITY_LEVEL","MCYCLE_DEATH_COUNT","MCYCLE_SUSP_SERIOUS_INJ_COUNT","MOTORCYCLE_COUNT","MUNICIPALITY","NONMOTR_COUNT","NONMOTR_DEATH_COUNT","NONMOTR_SUSP_SERIOUS_INJ_COUNT","NTFY_HIWY_MAINT","PED_COUNT","PED_DEATH_COUNT","PED_SUSP_SERIOUS_INJ_COUNT","PERSON_COUNT","POLICE_AGCY","POSSIBLE_INJ_COUNT","RDWY_SURF_TYPE_CD","RELATION_TO_ROAD","ROAD_CONDITION","ROADWAY_CLEARED","SCH_BUS_IND","SCH_ZONE_IND","SECONDARY_CRASH","SMALL_TRUCK_COUNT","SPEC_JURIS_CD","SUSP_MINOR_INJ_COUNT","SUSP_SERIOUS_INJ_COUNT","SUV_COUNT","TCD_FUNC_CD","TCD_TYPE","TFC_DETOUR_IND","TIME_OF_DAY","TOT_INJ_COUNT","TOTAL_UNITS","UNB_DEATH_COUNT","UNB_SUSP_SERIOUS_INJ_COUNT","UNBELTED_OCC_COUNT","UNK_INJ_DEG_COUNT","UNK_INJ_PER_COUNT","URBAN_RURAL","VAN_COUNT","VEHICLE_COUNT","WEATHER1","WEATHER2","WORK_ZONE_IND","WORK_ZONE_LOC","WORK_ZONE_TYPE","WORKERS_PRES","WZ_CLOSE_DETOUR","WZ_FLAGGER","WZ_LAW_OFFCR_IND","WZ_LN_CLOSURE","WZ_MOVING","WZ_OTHER","WZ_SHLDER_MDN","WZ_WORKERS_INJ_KILLED"
"2023025503","1355","2","0","0","0","0","0","0","0","0","4","0","","67","03","2023","4","40.0809","-75.0288","1349","06","0","0","0","0","0","1","0","0","","0","0","0","13","1","1","01","","0","40 04:51.077","","00","75 01:43.585","8","0","0","0","67301","0","0","0","N","0","0","0","2","67301","0","","1","01","","N","N","N","0","","0","0","0","3","2","","1336","1","2","0","0","0","1","0","2","0","2","03","03","N","","","","","","","","","","",""
"2023035411","1205","0","0","0","0","0","0","1","0","0","5","1","","67","04","2023","2","40.0276","-75.1471","1155","06","0","0","0","0","0","1","0","0","","0","0","0","11","1","1","01","","0","40 01:39.286","","00","75 08:50.079","4","0","0","0","67301","0","0","0","N","0","0","0","3","67508","1","","1","01","","N","N","Y","0","","0","0","1","3","2","","1155","1","2","0","0","1","0","0","2","0","2","03","03","N","","","","","","","","","","",""
"2023030394","1830","2","0","0","0","0","0","0","0","0","4","0","","67","04","2023","3","40.0653","-75.0904","1825","06","0","0","0","0","0","0","0","1","","0","0","0","18","1","3","01","","2","40 03:55.083","7","00","75 05:25.278","8","0","0","0","67301","0","0","0","N","0","0","0","4","67301","0","","1","01","1855","N","N","Y","0","","0","0","1","3","2","Y","1824","3","3","0","0","0","3","0","2","0","3","03","","N","","","","","","","","","","",""
"2023031877","1448","1","0","0","0","0","0","0","0","0","4","0","","67","04","2023","7","40.0118","-75.11","1445","06","0","0","1","0","0","0","0","0","","0","0","0","14","1","4","01","","0","40 00:42.433","","00","75 06:35.974","4","0","0","0","67301","0","0","0","N","0","0","0","4","67301","4","","1","01","","N","N","N","0","","0","0","1","3","3","","1445","4","2","0","0","0","0","0","2","0","2","04","03","N","","","","","","","","","","",""
"2023031207","0100","1","0","0","0","0","0","0","0","0","4","0","","67","04","2023","6","40.0531","-75.1378","0100","06","0","0","0","0","1","1","0","0","","0","0","0","23","3","1","01","","0","40 03:11.203","","00","75 08:15.971","4","0","0","0","67301","0","0","0","N","0","0","0","2","67301","1","","1","01","","N","N","N","1","","0","0","0","3","2","","2355","1","2","0","0","1","0","0","2","0","2","03","","N","","","","","","","","","","",""
"2023039870","1212","0","0","0","0","0","0","0","0","0","1","0","","67","04","2023","7","40.0469","-75.0006","1211","06","0","0","0","0","0","1","0","0","","0","0","0","12","1","1","00","N","1","40 02:48.759","1","00","75 00:02.231","3","0","0","2","67301","0","0","0","N","0","0","0","2","68K01","0","","1","01","1332","N","N","N","0","","1","0","0","0","0","N","1209","1","2","0","0","0","0","0","2","0","2","03","03","N","","","","","","","","","","",""
"2023030839","1320","1","0","0","0","0","0","0","0","0","4","0","","67","04","2023","3","39.9566","-75.2317","1320","06","0","0","0","0","0","0","0","0","","0","0","0","13","1","1","01","","2","39 57:23.587","7","00","75 13:54.001","3","0","0","0","67301","0","0","0","N","0","0","0","4","67301","0","","1","01","1430","N","N","N","0","","1","0","1","3","3","Y","1320","1","2","0","0","3","0","0","2","0","2","03","03","N","","","","","","","","","","",""
"2023031206","0935","1","0","0","0","0","0","0","0","0","4","0","","67","04","2023","5","40.04","-75.1213","0928","06","0","0","0","0","0","0","0","0","","0","0","0","08","1","0","02","","0","40 02:24.122","","00","75 07:16.676","0","0","0","0","67301","0","0","0","N","0","0","0","2","67301","0","","1","01","","N","N","N","0","","0","0","1","0","0","","0848","0","2","0","0","0","0","0","2","0","2","03","03","N","","","","","","","","","","",""
"2023030838","0025","1","0","0","0","0","0","0","0","0","4","0","","67","04","2023","1","39.9484","-75.2312","0016","06","0","0","0","0","0","0","0","0","","0","0","0","22","2","0","02","","0","39 56:54.373","","00","75 13:52.140","0","0","0","0","67301","0","0","0","N","0","0","0","2","67301","0","","1","01","","N","N","N","1","","0","0","0","3","3","","2213","0","2","0","0","1","0","0","2","0","2","03","03","N","","","","","","","","","","",""
"2023025504","1228","2","0","0","0","0","0","0","0","0","4","0","","67","03","2023","5","40.0884","-75.044","1227","06","0","0","0","0","0","1","0","1","","0","0","0","12","1","2","01","","0","40 05:18.426","","00","75 02:38.540","2","0","0","0","67301","0","0","0","N","0","0","0","2","67301","1","","1","01","","N","N","N","0","","0","1","0","3","2","","1225","2","2","0","0","0","0","0","2","0","2","03","03","N","","","","","","","","","","",""
"2023036926","1313","1","0","0","0","0","0","0","0","0","1","0","","67","04","2023","7","39.9583","-75.166","1309","06","0","0","0","0","0","0","1","0","","0","0","0","12","1","1","00","N","1","39 57:29.823","3","00","75 09:57.550","8","0","0","0","67301","0","0","0","N","0","0","0","4","68K01","0","","1","01","1310","N","N","N","1","","0","0","1","0","0","N","1246","1","3","0","0","0","1","1","2","0","3","03","03","N","","","","","","","","","","",""
"2023036337","0946","1","0","0","0","0","0","0","0","0","4","0","","67","03","2023","5","40.0129","-75.1417","0946","06","0","0","0","0","1","0","0","0","","0","0","0","07","3","0","05","","0","40 00:46.511","","00","75 08:30.288","0","0","0","0","67301","0","0","0","N","0","0","0","2","67301","0","","1","01","","N","N","N","0","","0","0","1","3","2","","0730","0","2","0","0","2","0","0","2","0","2","03","03","N","","","","","","","","","","",""
"2023032112","2345","3","0","0","0","0","0","0","0","0","4","0","","67","04","2023","2","40.0612","-75.1545","2345","06","0","0","0","0","0","0","0","0","","0","0","0","23","3","0","01","","0","40 03:40.190","","00","75 09:16.034","9","0","0","0","67301","0","0","0","N","0","0","0","2","67301","0","","1","01","","N","N","N","0","","0","0","1","3","2","","2300","0","4","0","0","0","0","1","2","0","4","03","","N","","","","","","","","","","",""
"2023035874","1242","0","0","0","0","0","0","0","0","0","1","0","","67","04","2023","1","40.0077","-75.2017","1231","06","0","0","0","0","0","2","0","1","","0","0","0","12","1","0","00","N","1","40 00:27.720","3","00","75 12:05.950","0","0","0","0","67301","0","0","0","N","0","0","0","5","68K01","0","","1","01","1310","N","N","N","2","","0","0","1","0","0","N","1229","0","3","0","0","0","0","0","2","0","3","03","03","N","","","","","","","","","","",""
"2023029331","1718","2","0","0","0","0","0","0","0","0","1","0","","67","04","2023","7","39.9552","-75.1988","1715","06","1","0","0","0","0","0","0","0","","0","0","0","17","1","1","00","Y","1","39 57:18.759","3","00","75 11:55.613","3","0","0","0","67301","0","0","0","N","0","0","0","3","67301","0","","1","01","1741","N","N","Y","0","","1","0","0","3","2","N","1707","1","3","0","0","0","0","0","2","1","3","03","03","N","","","","","","","","","","",""
"2023031204","2013","0","0","0","0","0","0","0","0","0","8","0","","67","04","2023","5","39.944","-75.214","2008","06","0","0","0","0","0","0","0","0","","0","0","0","20","3","1","02","","0","39 56:38.335","","00","75 12:50.461","8","0","0","0","67301","1","0","0","N","1","0","0","2","67301","0","","1","09","","N","N","N","0","","0","0","1","3","2","","2003","1","2","0","0","1","1","0","2","0","1","07","07","N","","","","","","","","","","",""
"2023034680","2115","2","0","0","0","0","0","0","0","0","5","0","","67","04","2023","5","39.9808","-75.1851","2111","06","0","0","0","0","0","0","0","0","","0","0","0","21","3","0","00","N","0","39 58:50.700","","00","75 11:06.500","0","0","0","0","67301","0","0","0","N","0","0","0","1","67301","0","","6","09","","N","N","N","0","","0","0","1","0","0","","2100","0","3","0","0","1","0","0","2","0","3","07","07","N","","","","","","","","","","",""
"2023039387","0017","1","0","0","0","0","0","0","0","0","1","0","","67","04","2023","4","39.9907","-75.0865","0007","06","0","0","0","0","0","0","0","1","","0","0","0","00","3","2","00","N","2","39 59:26.341","1","03","75 05:11.511","3","0","0","0","67301","0","0","0","N","0","0","0","4","68K01","0","","1","01","0110","N","N","N","0","","2","0","1","0","0","N","0006","2","2","0","0","0","0","0","2","0","2","03","03","N","","","","","","","","","","",""
"2023042815","0012","1","0","0","0","0","0","0","0","0","2","0","","67","02","2023","2","40.0148","-75.1309","0011","06","0","0","0","0","0","0","0","0","","0","0","0","00","3","1","03","","0","40 00:53.315","","00","75 07:51.412","8","0","0","0","67301","0","0","0","N","0","0","0","2","67301","0","","1","01","","N","N","N","0","","0","0","0","3","2","","0010","1","2","0","0","1","1","0","2","1","2","03","03","N","","","","","","","","","","",""
"2023042558","1706","1","0","0","0","0","0","0","0","0","1","0","","67","04","2023","5","39.8991","-75.1758","1647","06","0","0","0","0","0","1","0","0","","0","0","0","16","1","1","00","N","2","39 53:56.900","1","00","75 10:32.909","3","0","0","0","67301","0","0","0","N","0","0","0","2","68K01","0","","1","01","1809","N","N","N","0","","1","0","1","0","0","N","1643","1","2","0","0","0","0","0","2","0","2","04","04","N","","","","","","","","","","",""
"2023042659","1332","1","0","0","0","0","0","0","0","0","5","1","","67","05","2023","3","39.9688","-75.2454","1332","06","0","0","0","0","0","1","0","0","","0","1","0","13","1","2","01","","0","39 58:07.811","","00","75 14:43.548","3","0","0","0","67301","0","0","0","N","0","0","0","4","67301","0","","1","01","","N","N","N","0","","2","0","0","3","2","","1332","2","2","0","0","0","0","2","2","0","2","03","03","N","","","","","","","","","","",""
"2023043098","0210","1","0","0","0","0","0","0","0","0","7","0","","67","03","2023","7","40.0072","-75.1995","0204","06","0","0","0","0","0","0","0","0","","0","0","0","01","3","2","00","N","0","40 00:25.941","","03","75 11:58.342","8","0","0","0","67301","0","0","0","N","0","0","0","3","68K01","0","","2","01","","N","N","N","0","","0","0","0","0","0","","0153","2","1","0","0","0","2","0","2","0","1","03","03","N","","","","","","","","","","",""
"2023030724","0615","1","0","0","0","0","0","0","0","0","4","0","","67","04","2023","4","40.0429","-75.07","0603","06","0","0","0","0","0","0","0","0","","0","0","0","06","5","0","01","","0","40 02:34.619","","00","75 04:12.043","0","0","0","0","67301","0","0","0","N","0","0","0","2","67301","0","","1","01","","N","N","N","0","","0","0","1","3","3","","0602","0","2","0","0","0","0","0","2","0","2","03","03","N","","","","","","","","","","",""
"2023033107","1150","1","0","0","0","0","0","0","0","0","4","0","","67","04","2023","2","39.9689","-75.1634","1140","06","0","0","0","0","0","0","0","0","","0","0","0","11","1","0","02","","0","39 58:07.940","","00","75 09:48.250","9","0","0","0","67301","0","0","0","N","0","0","0","2","67301","0","","1","01","","N","N","N","1","","0","0","0","0","0","","1130","0","2","0","0","0","0","1","2","0","2","03","","N","","","","","","","","","","",""
"2023031065","1359","3","0","0","0","0","0","0","0","0","4","0","","67","04","2023","6","39.9332","-75.151","1352","06","0","0","0","0","0","1","0","0","","0","0","0","13","1","1","01","","0","39 55:59.591","","00","75 09:03.769","4","0","0","0","67301","0","0","0","N","0","0","0","2","67301","1","","1","01","","N","N","N","0","","0","0","2","3","3","","1351","1","5","0","0","1","0","0","2","0","5","03","03","N","","","","","","","","","","",""
"2023025553","1214","2","0","0","0","0","0","0","0","0","4","0","","67","03","2023","2","39.9858","-75.1212","1214","06","0","0","0","0","1","1","0","0","","0","0","0","12","1","1","02","","0","39 59:08.881","","00","75 07:16.438","3","0","0","0","67301","0","0","0","N","0","0","0","2","67301","0","","1","09","","N","N","N","0","","1","0","0","0","0","","1210","1","2","0","0","1","0","0","2","0","2","07","04","N","","","","","","","","","","",""
"2023042653","2145","1","0","0","0","0","0","0","0","0","4","0","","67","05","2023","5","40.099","-75.0303","2145","06","0","0","0","0","1","0","0","0","","0","0","0","21","3","1","00","N","0","40 05:56.318","","07","75 01:49.245","3","0","0","0","67301","0","0","0","N","0","0","0","2","67301","0","","1","01","","N","N","N","0","","1","0","1","0","0","","2145","1","2","0","0","0","0","0","2","0","2","03","","N","","","","","","","","","","",""
"2023042923","0105","1","0","0","0","0","0","0","0","0","8","0","","67","05","2023","7","40.0276","-75.1471","0104","06","0","0","0","0","0","0","0","0","","0","0","0","23","3","1","01","","0","40 01:39.521","","00","75 08:50.028","3","0","0","0","67301","1","0","0","N","1","0","0","1","67301","0","","1","01","","N","N","N","0","","1","0","0","3","2","","2330","1","2","0","0","0","0","0","2","0","1","03","03","N","","","","","","","","","","",""
"2023032121","0032","1","0","0","0","0","0","0","0","0","4","0","","67","04","2023","7","40.0158","-75.1411","0031","06","0","0","0","0","0","0","0","0","","0","0","0","23","3","0","01","","0","40 00:56.908","","00","75 08:28.024","0","0","0","0","67301","0","0","0","N","0","0","0","2","67301","0","","1","01","","N","N","N","0","","0","0","1","3","2","","2327","0","2","0","0","0","0","0","2","0","2","03","","N","","","","","","","","","","",""
"2023036524","0513","0","0","0","0","0","0","0","0","0","7","0","","67","04","2023","4","39.8995","-75.1651","0500","06","0","0","0","0","0","0","0","0","","0","0","0","04","3","3","00","N","0","39 53:58.025","","03","75 09:54.483","3","0","0","0","67301","0","0","0","N","0","0","0","3","68K01","0","","4","01","","N","N","N","0","","3","0","0","0","0","","0455","3","1","0","0","0","0","0","2","1","1","03","","N","","","","","","","","","","",""
"2023030237","2140","1","0","0","0","0","0","0","0","0","4","0","","67","04","2023","7","39.9836","-75.1601","2137","06","0","0","0","0","0","0","0","0","","0","0","0","21","3","1","01","","0","39 59:01.093","","00","75 09:36.529","3","0","0","0","67301","0","0","0","N","0","0","0","3","67301","0","","1","09","","N","N","N","0","","1","0","1","3","2","","2137","1","2","0","0","0","0","0","2","0","2","07","07","N","","","","","","","","","","",""
"2023030498","1626","2","0","0","0","0","0","0","0","0","5","0","","67","04","2023","3","40.011","-75.207","1618","06","0","0","0","0","0","0","1","0","","0","0","0","16","1","0","00","N","1","40 00:39.613","2","03","75 12:25.038","9","0","0","0","67301","0","0","0","N","0","0","0","3","67301","0","","1","01","1730","N","N","N","0","","0","0","0","0","0","N","1600","0","2","0","0","0","0","1","2","0","2","03","03","N","","","","","","","","","","",""
"2023029325","0209","0","0","0","0","0","0","0","0","0","1","0","","67","04","2023","7","40.0969","-75.0656","0201","06","0","0","0","0","0","0","0","0","","0","0","0","01","3","0","00","N","0","40 05:48.990","","00","75 03:55.990","0","0","0","0","67301","0","0","0","N","0","0","0","1","67301","0","","6","01","","N","N","N","1","","0","0","2","0","0","","0155","0","4","0","0","0","0","0","2","1","4","03","03","N","","","","","","","","","","",""
"2023030400","0811","2","0","0","0","0","0","0","0","0","4","0","","67","04","2023","3","39.9669","-75.2085","0811","06","0","0","0","0","0","0","1","0","","0","0","0","08","1","1","01","","0","39 58:01.017","","00","75 12:30.442","3","0","0","0","67301","0","0","0","N","0","0","0","2","67301","0","","1","01","","N","N","N","0","","1","0","0","3","3","","0808","1","2","0","0","1","0","0","2","0","2","03","03","N","","","","","","","","","","",""
"2023043609","0735","1","0","0","0","0","0","0","0","0","1","1","","67","05","2023","2","39.9304","-75.1986","0733","06","0","0","0","0","0","1","0","0","","0","1","0","07","1","1","00","N","1","39 55:49.329","3","00","75 11:54.895","8","0","0","0","67301","0","0","0","N","0","0","0","2","68K01","0","","1","01","0745","N","N","N","0","","0","0","0","0","0","N","0702","1","2","0","0","0","1","0","2","0","2","03","03","N","","","","","","","","","","",""
"2023035631","0145","1","0","0","0","0","0","0","0","0","4","1","","67","04","2023","7","39.9505","-75.2269","0142","06","0","0","0","0","0","0","0","0","","0","1","0","01","3","2","01","","2","39 57:01.650","5","00","75 13:36.680","3","0","0","0","67301","0","0","0","N","0","0","0","3","67301","0","","1","01","0230","N","N","N","0","","1","0","0","3","2","Y","0138","2","2","0","0","0","1","1","2","0","2","03","03","N","","","","","","","","","","",""
"2023030859","1829","0","0","0","0","0","0","2","0","0","4","2","","67","03","2023","4","39.9519","-75.1598","1819","06","0","0","0","0","0","0","1","0","","0","0","0","18","1","1","01","","0","39 57:06.984","","00","75 09:35.699","8","0","0","0","67301","0","0","0","N","0","0","0","3","67508","0","","1","01","","N","N","Y","0","","0","0","0","3","2","","1819","1","2","0","0","0","1","0","2","0","2","03","03","N","","","","","","","","","","",""
"2023035879","2214","1","0","0","0","0","0","0","0","0","1","0","","67","04","2023","3","39.9512","-75.1828","2205","06","0","0","0","0","0","0","1","0","","0","0","0","21","3","1","00","N","1","39 57:04.156","4","03","75 10:58.041","8","0","0","0","67301","0","0","0","N","0","0","0","3","68K01","0","","1","01","2240","N","N","N","0","","0","0","2","0","0","N","2151","1","3","0","0","1","1","0","2","0","3","03","","N","","","","","","","","","","",""
"2023029857","0750","2","0","0","0","0","0","0","0","0","4","0","","67","04","2023","7","40.0079","-75.1723","0740","06","0","0","0","0","0","0","1","1","","0","0","0","06","3","2","01","","0","40 00:28.592","","00","75 10:20.286","4","0","0","0","67301","0","0","0","N","0","0","0","2","67301","1","","1","09","","N","N","N","0","","0","0","0","3","2","","0635","2","2","0","0","0","1","0","2","0","2","07","","N","","","","","","","","","","",""
"2023029847","0935","0","0","0","0","0","0","0","0","0","8","0","","67","04","2023","2","40.0582","-75.1952","0925","06","0","0","0","0","0","0","0","0","","0","0","0","09","1","1","02","","0","40 03:29.427","","00","75 11:42.659","3","0","0","0","67301","1","0","0","N","1","0","0","2","67301","0","","1","01","","N","N","N","0","","1","0","1","3","3","","0922","1","2","0","0","0","0","0","2","0","1","03","03","N","","","","","","","","","","",""
"2023043775","2147","1","0","0","0","0","0","0","0","0","4","0","","67","05","2023","6","39.9722","-75.226","2146","06","0","0","0","0","0","0","0","0","","0","0","0","21","3","1","01","","0","39 58:19.868","","00","75 13:33.513","8","0","0","1","67301","0","0","0","N","0","0","0","2","67301","0","","1","01","","N","N","N","0","","0","0","0","0","0","","2141","1","2","0","0","0","1","0","2","0","2","04","07","N","","","","","","","","","","",""
"2023030731","0954","1","0","0","0","0","0","0","0","0","4","0","","67","04","2023","5","40.0274","-75.0627","0952","06","0","0","0","0","0","0","1","0","","0","0","0","09","1","0","03","","0","40 01:38.670","","00","75 03:45.728","9","0","0","0","67301","0","0","0","N","0","0","0","4","67301","0","","1","01","","N","N","N","0","","0","0","1","3","3","","0950","0","2","0","0","0","0","2","2","0","2","03","03","N","","","","","","","","","","",""
"2023030834","2127","2","0","0","0","0","0","0","0","0","4","0","","67","04","2023","1","40.0935","-74.9673","2122","06","0","0","0","1","1","0","0","0","","0","0","0","20","3","5","01","","0","40 05:37.141","","00","74 58:02.398","3","0","0","0","67301","0","0","0","N","0","0","0","5","67301","0","","1","01","","N","N","N","0","","5","0","0","3","3","","2000","5","2","0","0","0","0","0","2","0","2","03","03","N","","","","","","","","","","",""
"2023035873","1044","0","0","0","0","0","0","0","0","0","7","0","","67","04","2023","1","39.9284","-75.1963","1034","06","0","0","0","0","0","0","1","0","","0","0","0","10","1","0","00","N","0","39 55:42.211","","00","75 11:46.704","0","0","0","0","67301","0","0","0","N","0","0","0","1","68K01","0","","3","01","","N","N","N","0","","0","0","1","0","0","","1033","0","1","0","0","0","0","0","2","0","1","03","03","N","","","","","","","","","","",""
"2023038264","1547","2","0","0","0","0","0","0","0","0","5","0","","67","04","2023","2","39.9812","-75.1031","1547","06","1","0","0","0","0","0","0","0","","0","0","0","15","1","0","00","N","2","39 58:52.289","2","00","75 06:11.129","0","0","0","0","67301","0","0","0","N","0","0","0","2","68K01","0","","1","01","1615","N","N","N","0","","0","0","0","0","0","N","1544","0","2","0","0","0","0","0","2","0","2","03","03","N","","","","","","","","","","",""
"2023031874","1748","0","0","0","0","0","0","0","0","0","4","0","","67","04","2023","1","40.0265","-75.0618","1745","06","0","0","1","0","0","1","0","0","","0","0","0","17","1","1","01","","0","40 01:35.418","","00","75 03:42.559","3","0","0","0","67301","0","0","0","N","0","0","0","2","67301","0","","1","01","","N","N","N","1","","1","0","1","3","3","","1745","1","2","0","0","0","0","0","2","0","2","03","","N","","","","","","","","","","",""
"2023044103","0839","0","0","0","0","0","0","0","0","0","4","0","","67","05","2023","4","39.941","-75.1743","0838","06","0","0","0","0","0","1","0","0","","0","0","0","07","1","1","01","","2","39 56:27.718","2","00","75 10:27.372","3","0","0","0","67301","0","0","0","N","0","0","0","2","67301","0","","1","01","0130","N","N","N","0","","1","0","2","3","2","N","0746","1","2","0","0","2","0","0","2","0","2","03","03","N","","","","","","","","","","",""
"2023029177","2350","0","0","0","0","0","0","0","0","0","8","0","","67","03","2023","3","40.0113","-75.0771","2349","06","0","0","0","0","0","0","0","0","","0","0","0","23","3","1","01","","2","40 00:40.802","2","00","75 04:37.448","3","0","0","0","67301","1","0","0","N","1","0","0","2","67301","0","","1","01","0100","N","N","N","1","","1","0","0","3","2","N","2338","1","2","0","0","1","0","0","2","0","1","03","03","N","","","","","","","","","","",""
"2023037376","0846","1","0","0","0","0","0","0","0","0","8","0","","67","04","2023","6","39.9561","-75.1914","0810","06","0","0","0","0","0","0","0","0","","0","0","0","08","1","1","00","N","1","39 57:21.834","2","00","75 11:29.140","8","0","0","0","67301","1","0","0","N","1","0","0","2","67507","0","","1","01","0850","N","N","N","0","","0","0","0","3","2","N","0805","1","2","0","0","1","1","0","2","0","1","04","","N","","","","","","","","","","",""
"2023025552","0406","1","0","0","0","0","0","0","0","0","5","0","","67","03","2023","1","40.0198","-75.1105","0405","06","0","0","0","0","0","0","0","0","","0","0","0","04","3","1","02","","0","40 01:11.359","","00","75 06:37.843","3","0","0","0","67301","0","0","0","N","0","0","0","2","67301","0","","1","01","","N","N","N","0","","1","0","0","3","2","","0404","1","2","0","0","1","0","0","2","1","2","03","03","N","","","","","","","","","","",""
"2023024219","1857","1","0","0","0","0","0","0","0","0","4","0","","67","03","2023","1","40.0016","-75.1528","1857","06","0","0","0","0","0","0","0","0","","0","0","0","18","4","2","01","","0","40 00:05.705","","00","75 09:10.074","3","0","0","0","67301","0","0","0","N","0","0","0","3","67301","0","","1","01","","N","N","N","0","","2","0","1","3","2","","1857","2","2","0","0","0","0","1","2","0","2","03","03","N","","","","","","","","","","",""
"2023037091","0214","2","0","0","0","0","0","0","0","0","8","0","","67","03","2023","3","39.9172","-75.2463","0208","06","0","0","0","0","0","0","1","0","","1","0","0","02","3","0","01","","2","39 55:01.859","5","00","75 14:46.691","1","0","0","0","67301","1","1","0","N","1","1","0","3","67301","0","1","1","01","0429","N","N","N","0","0","0","0","0","3","2","Y","0200","0","3","0","0","0","0","0","2","0","2","03","03","N","","","","","","","","","","",""
"2023042571","0735","1","0","0","0","0","0","0","0","0","1","0","","67","05","2023","5","40.0167","-75.0512","0729","06","0","0","0","0","0","1","0","0","","0","0","0","07","1","0","00","N","0","40 00:59.942","","00","75 03:04.366","0","0","0","0","67301","0","0","0","N","0","0","0","2","68K01","0","","1","01","","N","N","N","0","","0","0","1","0","0","","0702","0","2","0","0","0","0","0","2","0","2","03","","N","","","","","","","","","","",""
"2023033588","0216","1","0","0","0","0","0","0","0","0","7","0","","67","04","2023","7","39.9211","-75.1938","0213","06","0","0","0","0","0","0","0","0","","0","0","0","02","3","0","01","","0","39 55:16.119","","00","75 11:37.683","0","0","0","0","67301","0","0","0","N","0","0","0","3","67301","0","","5","01","","N","N","N","0","","0","0","0","3","2","","0213","0","1","0","0","0","0","0","2","0","1","03","03","N","","","","","","","","","","",""
"2023043094","1555","0","0","0","0","0","0","0","0","0","5","0","","67","02","2023","2","39.9128","-75.1486","1548","06","0","0","0","0","0","0","0","0","","0","0","0","15","1","0","00","N","0","39 54:46.244","","00","75 08:54.862","9","0","0","0","67301","0","0","0","Y","0","0","0","2","68K01","0","","1","01","","N","N","N","0","","0","0","1","0","0","","1547","0","2","0","0","0","0","1","2","1","2","03","03","N","","","","","","","","","","",""
"2023031275","1725","1","0","0","0","0","0","0","0","0","7","0","","67","04","2023","7","40.0119","-75.1821","1716","06","0","0","0","1","0","0","0","0","","0","0","0","17","4","1","00","N","1","40 00:42.989","2","00","75 10:55.464","3","0","0","0","67301","0","0","0","N","0","0","0","1","67301","0","","2","01","1901","N","N","N","0","","1","0","0","0","0","N","1715","1","1","0","0","0","0","0","2","0","1","04","04","N","","","","","","","","","","",""
"2023043771","0814","0","0","0","0","0","0","1","0","0","1","1","","67","05","2023","3","40.0371","-75.1813","0808","06","0","0","0","0","0","0","1","0","","0","0","0","07","1","1","00","Y","0","40 02:13.490","","00","75 10:52.660","4","0","0","0","67301","0","0","0","N","0","0","0","2","67301","1","","1","01","","N","N","N","0","","0","0","1","3","2","","0750","1","2","0","0","0","0","0","2","0","2","03","","N","","","","","","","","","","",""
"2023029715","0043","1","0","0","0","0","0","0","0","0","4","0","","67","04","2023","1","39.9892","-75.1661","0042","06","0","0","0","0","0","0","0","0","","0","0","0","00","3","1","01","","0","39 59:21.067","","00","75 09:57.785","3","0","0","0","67301","0","0","0","N","0","0","0","2","67301","0","","1","01","","N","N","N","0","","1","0","1","3","3","","0025","1","2","0","0","0","0","0","2","0","2","03","","N","","","","","","","","","","",""
"2023024784","1644","1","0","0","0","0","0","0","0","0","1","0","","67","03","2023","5","39.9231","-75.2291","1644","06","0","0","0","0","0","0","0","0","","0","0","0","16","1","2","01","","0","39 55:23.090","","00","75 13:44.674","3","0","0","0","67301","0","0","0","N","0","0","0","3","67301","0","","1","01","","N","Y","N","0","","2","0","1","3","2","","1630","2","2","0","0","1","0","0","2","0","2","03","03","N","","","","","","","","","","",""
"2023024782","0400","0","0","0","0","0","0","0","0","0","4","0","","67","03","2023","5","39.9239","-75.2221","0355","06","0","0","0","0","0","0","0","0","","0","0","0","03","3","1","01","","0","39 55:26.137","","00","75 13:19.522","8","0","0","0","67301","0","0","0","N","0","0","0","2","67301","0","","1","01","","N","N","N","1","","0","0","1","3","2","","0355","1","2","0","0","0","1","1","2","0","2","03","03","N","","","","","","","","","","",""