"CRN","ARRIVAL_TM","AUTOMOBILE_COUNT","BELTED_DEATH_COUNT","BELTED_SUSP_SERIOUS_INJ_COUNT","BICYCLE_COUNT","BICYCLE_DEATH_COUNT","BICYCLE_SUSP_SERIOUS_INJ_COUNT","BUS_COUNT","CHLDPAS_DEATH_COUNT","CHLDPAS_SUSP_SERIOUS_INJ_COUNT","COLLISION_TYPE","COMM_VEH_COUNT","CONS_ZONE_SPD_LIM","COUNTY","CRASH_MONTH","CRASH_YEAR","DAY_OF_WEEK","DEC_LAT","DEC_LONG","DISPATCH_TM","DISTRICT","DRIVER_COUNT_16YR","DRIVER_COUNT_17YR","DRIVER_COUNT_18YR","DRIVER_COUNT_19YR","DRIVER_COUNT_20YR","DRIVER_COUNT_50_64YR","DRIVER_COUNT_65_74YR","DRIVER_COUNT_75PLUS","EST_HRS_CLOSED","FATAL_COUNT","HEAVY_TRUCK_COUNT","HORSE_BUGGY_COUNT","HOUR_OF_DAY","ILLUMINATION","INJURY_COUNT","INTERSECT_TYPE","INTERSECTION_RELATED","LANE_CLOSED","LATITUDE","LN_CLOSE_DIR","LOCATION_TYPE","LONGITUDE","MAX_SEVERITY_LEVEL","MCYCLE_DEATH_COUNT","MCYCLE_SUSP_SERIOUS_INJ_COUNT","MOTORCYCLE_COUNT","MUNICIPALITY","NONMOTR_COUNT","NONMOTR_DEATH_COUNT","NONMOTR_SUSP_SERIOUS_INJ_COUNT","NTFY_HIWY_MAINT","PED_COUNT","PED_DEATH_COUNT","PED_SUSP_SERIOUS_INJ_COUNT","PERSON_COUNT","POLICE_AGCY","POSSIBLE_INJ_COUNT","RDWY_SURF_TYPE_CD","RELATION_TO_ROAD","ROAD_CONDITION","ROADWAY_CLEARED","SCH_BUS_IND","SCH_ZONE_IND","SECONDARY_CRASH","SMALL_TRUCK_COUNT","SPEC_JURIS_CD","SUSP_MINOR_INJ_COUNT","SUSP_SERIOUS_INJ_COUNT","SUV_COUNT","TCD_FUNC_CD","TCD_TYPE","TFC_DETOUR_IND","TIME_OF_DAY","TOT_INJ_COUNT","TOTAL_UNITS","UNB_DEATH_COUNT","UNB_SUSP_SERIOUS_INJ_COUNT","UNBELTED_OCC_COUNT","UNK_INJ_DEG_COUNT","UNK_INJ_PER_COUNT","URBAN_RURAL","VAN_COUNT","VEHICLE_COUNT","WEATHER1","WEATHER2","WORK_ZONE_IND","WORK_ZONE_LOC","WORK_ZONE_TYPE","WORKERS_PRES","WZ_CLOSE_DETOUR","WZ_FLAGGER","WZ_LAW_OFFCR_IND","WZ_LN_CLOSURE","WZ_MOVING","WZ_OTHER","WZ_SHLDER_MDN","WZ_WORKERS_INJ_KILLED"
"2023025500","2109","1","0","0","0","0","0","0","0","0","4","0","","67","03","2023","5","39.9547","-75.1495","1947","06","0","0","0","0","0","0","0","0","","0","0","0","19","3","1","05","","0","39 57:16.781","","02","75 08:58.276","4","0","0","0","67301","0","0","0","N","0","0","0","5","67301","1","","1","01","","N","N","N","0","","0","0","0","3","2","","1945","1","2","0","0","2","0","0","2","1","2","03","03","N","","","","","","","","","","",""
"2023025554","2130","1","0","0","0","0","0","0","0","0","5","0","","67","03","2023","2","39.997","-75.1031","2130","06","0","0","0","0","0","0","0","0","","0","0","0","21","3","1","00","N","0","39 59:49.088","","00","75 06:11.173","3","0","0","0","67301","0","0","0","N","0","0","0","5","67301","0","","6","09","","N","N","N","0","","1","0","1","0","0","","2120","1","2","0","0","0","0","0","2","0","2","07","","N","","","","","","","","","","",""
"2023031274","1832","2","0","0","0","0","0","0","0","0","4","0","","67","04","2023","5","40.0272","-75.171","1828","06","0","0","0","0","0","0","1","0","","0","0","0","18","1","0","01","","0","40 01:37.994","","00","75 10:15.655","0","0","0","0","67301","0","0","0","N","0","0","0","3","67301","0","","1","01","","N","N","N","0","","0","0","1","3","2","","1801","0","3","0","0","0","0","0","2","0","3","03","03","N","","","","","","","","","","",""
"2023032113","1106","1","0","0","0","0","0","0","0","0","5","0","","67","04","2023","2","40.0259","-75.097","1106","06","0","0","0","0","0","0","0","1","","0","0","0","10","1","1","00","N","1","40 01:33.370","2","00","75 05:49.070","8","0","0","0","67301","0","0","0","N","0","0","0","2","67301","0","","1","01","1145","N","N","N","1","","0","0","0","0","0","Y","1030","1","2","0","0","0","1","0","2","0","2","03","03","N","","","","","","","","","","",""
"2023039039","1605","0","0","0","0","0","0","0","0","0","1","0","","67","04","2023","7","39.9954","-75.2182","1600","06","0","0","0","0","0","1","0","0","","0","0","0","17","1","1","03","","0","39 59:43.180","","00","75 13:05.974","3","0","0","0","67301","0","0","0","N","0","0","0","4","67301","0","","1","01","","N","N","N","0","","1","0","0","3","2","","1700","1","2","0","0","4","0","1","2","2","2","03","03","N","","","","","","","","","","",""
"2023044597","0647","1","0","0","0","0","0","0","0","0","1","0","","67","05","2023","3","39.9011","-75.1529","0638","06","0","0","0","1","0","1","0","0","","0","0","0","06","1","2","00","N","1","39 54:03.815","1","00","75 09:10.395","3","0","0","0","67301","0","0","0","N","0","0","0","2","68K01","0","","1","01","0725","N","N","N","0","","2","0","1","0","0","N","0637","2","2","0","0","1","0","0","2","0","2","03","","N","","","","","","","","","","",""
"2023034413","0004","1","0","0","0","0","0","0","0","0","8","0","","67","04","2023","5","40.009","-75.1507","0004","06","0","0","0","0","0","0","0","0","","0","0","0","21","3","1","00","N","0","40 00:32.380","","00","75 09:02.670","3","0","0","0","67301","1","0","0","N","1","0","0","2","67301","0","","1","09","","N","N","N","0","","1","0","0","0","0","","2116","1","2","0","0","1","0","0","2","0","1","07","","N","","","","","","","","","","",""
"2023031737","0504","0","0","0","0","0","0","0","0","0","8","0","","67","04","2023","1","39.9104","-75.1658","0504","06","0","0","0","0","0","0","0","0","","0","0","0","05","1","2","00","N","0","39 54:37.600","","00","75 09:56.800","3","0","0","0","67301","2","0","0","N","2","0","0","3","67301","0","","1","01","","N","N","N","0","","1","0","1","0","0","","0503","2","3","0","0","0","1","0","2","0","1","03","","N","","","","","","","","","","",""
"2023030486","2015","2","0","0","0","0","0","0","0","0","4","0","","67","04","2023","2","39.9219","-75.1888","2012","06","0","0","0","0","0","0","0","0","","0","0","0","20","3","2","02","","1","39 55:18.962","4","02","75 11:19.699","3","0","0","0","67301","0","0","0","N","0","0","0","3","67301","0","","1","01","2030","N","N","N","0","","2","0","0","3","2","N","2000","2","2","0","0","0","0","0","2","0","2","03","03","N","","","","","","","","","","",""
"2023042438","2201","0","0","0","0","0","0","0","0","0","8","0","","67","05","2023","3","39.9544","-75.163","2201","06","0","0","0","0","0","0","0","0","","1","0","0","22","3","3","00","N","2","39 57:15.780","4","00","75 09:46.758","1","0","0","0","67301","4","1","1","N","4","1","1","5","67301","0","9","1","01","2337","N","N","N","0","0","2","1","1","0","0","Y","2201","3","5","0","0","0","0","0","2","0","1","03","03","N","","","","","","","","","","",""
"2023023611","0040","2","0","0","0","0","0","0","0","0","4","0","","67","03","2023","1","40.0136","-75.0685","0034","06","0","0","0","0","0","0","0","0","","0","0","0","00","3","0","05","","0","40 00:48.913","","00","75 04:06.725","0","0","0","0","67301","0","0","0","N","0","0","0","2","67301","0","","1","01","","N","N","N","0","","0","0","0","3","2","","0015","0","2","0","0","1","0","0","2","0","2","03","","N","","","","","","","","","","",""
"2023036605","0105","1","1","2","0","0","0","0","0","0","2","0","","67","03","2023","1","39.9187","-75.2469","0059","06","0","0","0","1","0","0","0","0","","1","0","0","00","3","2","03","","2","39 55:07.184","5","00","75 14:48.818","1","0","0","0","67301","0","0","0","N","0","0","0","3","67301","0","2","1","09","0230","N","N","N","0","0","0","2","0","0","0","Y","0057","2","2","0","0","0","0","0","2","1","2","07","07","N","","","","","","","","","","",""
"2023043187","0318","1","0","0","0","0","0","0","0","0","5","0","","67","05","2023","7","39.9998","-75.2195","0318","06","0","0","0","0","0","0","0","0","","0","0","0","03","3","0","02","","0","39 59:59.311","","00","75 13:10.417","9","0","0","0","67301","0","0","0","N","0","0","0","2","68K01","0","","1","01","","N","N","N","0","","0","0","1","3","2","","0317","0","2","0","0","0","0","1","2","0","2","03","","N","","","","","","","","","","",""
"2023036520","1924","1","0","0","0","0","0","0","0","0","1","0","","67","04","2023","7","39.9584","-75.1668","1904","06","0","0","1","0","0","0","0","0","","0","0","0","19","3","0","00","N","0","39 57:30.172","","00","75 10:00.472","0","0","0","0","67301","0","0","0","N","0","0","0","2","68K01","0","","1","09","","N","N","N","0","","0","0","1","0","0","","1904","0","2","0","0","0","0","0","2","0","2","07","07","N","","","","","","","","","","",""
"2023042649","1620","0","0","0","0","0","0","0","0","0","8","0","","67","05","2023","7","39.9212","-75.1934","1606","06","0","0","0","0","0","0","0","0","","0","0","0","14","1","1","00","N","9","39 55:16.245","","00","75 11:36.306","3","0","0","0","67301","1","0","0","N","1","0","0","2","67301","0","","1","01","","N","N","N","0","","1","0","0","0","0","","1406","1","2","0","0","0","0","0","2","0","1","03","","N","","","","","","","","","","",""
"2023031740","1610","0","0","0","0","0","0","0","0","0","4","0","","67","04","2023","6","40.0946","-75.0152","1602","06","0","0","0","0","0","0","0","1","","0","0","0","16","1","1","01","","0","40 05:40.718","","00","75 00:54.707","8","0","0","0","67301","0","0","0","N","0","0","0","6","67301","0","","1","01","","N","N","N","0","","0","0","1","3","2","","1600","1","2","0","0","0","1","0","2","1","2","03","03","N","","","","","","","","","","",""
"2023031390","0636","1","0","0","0","0","0","0","0","0","7","0","","67","04","2023","7","39.959","-75.1805","0629","06","0","0","0","0","0","0","0","0","","0","0","0","06","5","0","00","N","1","39 57:32.577","4","00","75 10:49.879","9","0","0","0","67301","0","0","0","N","0","0","0","2","68K01","0","","4","01","0653","N","N","N","0","","0","0","0","0","0","N","0622","0","2","0","0","0","0","1","2","0","2","03","","N","","","","","","","","","","",""
"2023030399","1250","2","0","0","0","0","0","0","0","0","4","0","","67","04","2023","3","39.9231","-75.2291","1250","06","0","0","0","0","0","1","0","0","","0","0","0","12","1","3","01","","0","39 55:23.090","","00","75 13:44.674","3","0","0","0","67301","0","0","0","Y","0","0","0","4","67301","0","","1","01","","N","Y","N","0","","3","0","1","3","2","","1234","3","3","0","0","0","0","0","2","0","3","03","03","N","","","","","","","","","","",""
"2023039116","0011","0","0","0","0","0","0","0","0","0","5","0","","67","04","2023","5","40.0422","-75.0039","0004","06","0","0","0","1","0","0","0","0","","0","0","0","23","3","1","00","N","0","40 02:31.995","","00","75 00:14.168","4","0","0","0","67301","0","0","0","N","0","0","0","3","68K01","1","","1","09","","N","N","N","2","","0","0","0","0","0","","2349","1","2","0","0","1","0","0","2","0","2","03","","N","","","","","","","","","","",""
"2023035382","1033","0","0","0","0","0","0","0","0","0","4","0","","67","04","2023","1","39.9816","-75.2511","1030","06","0","0","0","0","0","0","0","0","","0","0","0","10","1","2","01","","0","39 58:53.767","","06","75 15:03.834","3","0","0","0","67301","0","0","0","N","0","0","0","3","67301","0","","1","01","","N","Y","N","1","","2","0","1","3","2","","1028","2","2","0","0","0","0","0","2","0","2","03","03","N","","","","","","","","","","",""
"2023030495","0116","2","0","0","0","0","0","0","0","0","4","0","","67","04","2023","1","40.0076","-75.1273","0116","06","0","0","0","0","0","0","0","0","","0","0","0","00","3","1","01","","0","40 00:27.502","","00","75 07:38.377","3","0","0","0","67301","0","0","0","N","0","0","0","2","67301","0","","1","01","","N","N","N","0","","1","0","0","3","2","","0045","1","2","0","0","2","0","0","2","0","2","03","03","N","","","","","","","","","","",""
"2023031401","1931","1","0","0","0","0","0","0","0","0","6","1","","67","04","2023","6","40.0054","-75.1076","1929","06","0","0","0","0","0","0","0","0","","0","0","0","19","3","0","00","N","1","40 00:19.562","3","00","75 06:27.227","0","0","0","0","67301","0","0","0","N","0","0","0","3","67301","0","","1","01","2100","N","N","N","1","","0","0","1","0","0","N","1928","0","3","0","0","3","0","0","2","0","3","03","03","N","","","","","","","","","","",""
"2023025530","2015","1","0","0","0","0","0","0","0","0","5","0","","67","03","2023","4","39.946","-75.2093","1951","06","0","0","0","0","0","0","0","0","","0","0","0","19","3","1","00","N","0","39 56:45.750","","00","75 12:33.640","8","0","0","0","67301","0","0","0","N","0","0","0","1","67301","0","","6","01","","N","N","N","0","","0","0","2","0","0","","1915","1","3","0","0","0","1","0","2","0","3","03","03","N","","","","","","","","","","",""
"2023029179","0357","2","0","0","0","0","0","0","0","0","5","0","","67","03","2023","6","40.0399","-75.0325","0350","06","0","0","0","0","0","0","0","0","","0","0","0","03","3","0","00","N","1","40 02:23.481","2","00","75 01:57.008","0","0","0","0","67301","0","0","0","N","0","0","0","1","67301","0","","6","01","0425","N","N","N","0","","0","0","0","0","0","N","0338","0","2","0","0","1","0","0","2","0","2","03","03","N","","","","","","","","","","",""
"2023025529","1509","1","0","0","0","0","0","0","0","0","4","0","","67","03","2023","3","39.9576","-75.206","1509","06","0","0","0","0","0","0","0","0","","0","0","0","14","1","2","01","","0","39 57:27.410","","00","75 12:21.910","3","0","0","0","67301","0","0","0","N","0","0","0","3","67301","0","","1","99","","N","N","N","0","","2","0","1","3","2","","1400","2","2","0","0","1","0","0","2","0","2","99","06","N","","","","","","","","","","",""
"2023024559","2058","1","0","0","0","0","0","0","0","0","4","0","","67","03","2023","1","40.0146","-75.1567","2032","06","0","0","0","0","0","0","1","0","","0","0","0","20","3","1","01","","0","40 00:52.752","","00","75 09:24.063","4","0","0","0","67301","0","0","0","N","0","0","0","3","67301","1","","1","01","","N","N","N","0","","0","0","1","3","2","","2025","1","2","0","0","0","0","0","2","0","2","03","03","N","","","","","","","","","","",""
"2023029443","1530","1","0","0","0","0","0","0","0","0","4","0","","67","04","2023","7","39.9608","-75.1435","1530","06","0","0","0","0","0","1","0","0","","0","0","0","15","1","0","01","","0","39 57:39.200","","00","75 08:36.137","0","0","0","0","67301","0","0","0","N","0","0","0","2","67301","0","","1","01","","N","N","N","0","","0","0","2","3","2","","1515","0","3","0","0","0","0","0","2","0","3","03","03","N","","","","","","","","","","",""
"2023042657","2108","2","0","0","0","0","0","0","0","0","4","0","","67","05","2023","6","40.0197","-75.0958","2158","06","0","1","0","1","0","0","0","0","","0","0","0","21","3","0","01","","0","40 01:10.756","","00","75 05:45.042","0","0","0","0","67301","0","0","0","N","0","0","0","2","67301","0","","1","01","","N","N","N","0","","0","0","0","3","2","","2105","0","2","0","0","0","0","0","2","0","2","03","03","N","","","","","","","","","","",""
"2023031267","1306","1","0","0","1","0","0","0","0","0","8","0","","67","04","2023","5","39.9301","-75.1847","1303","06","0","0","0","0","0","0","0","0","","0","0","0","12","1","1","00","N","0","39 55:48.280","","00","75 11:04.960","4","0","0","0","67301","1","0","0","N","0","0","0","2","67301","1","","1","01","","N","N","N","0","","0","0","0","0","0","","1256","1","2","0","0","0","0","1","2","0","1","03","03","N","","","","","","","","","","",""
"2023030841","1656","0","0","0","0","0","0","0","0","0","5","1","","67","04","2023","4","39.9569","-75.2251","1656","06","0","0","0","0","0","0","0","0","","0","1","0","16","1","2","00","N","0","39 57:24.893","","00","75 13:30.442","3","0","0","0","67301","0","0","0","N","0","0","0","2","67301","0","","1","01","","N","N","N","0","","2","0","1","0","0","","1656","2","2","0","0","0","0","0","2","0","2","03","","N","","","","","","","","","","",""
"2023034403","1839","0","0","0","0","0","0","0","0","0","5","1","","67","04","2023","2","39.9604","-75.189","1839","06","0","0","0","0","0","0","0","0","","0","1","0","17","1","3","00","N","0","39 57:37.490","","00","75 11:20.300","8","0","0","0","67301","0","0","0","N","0","0","0","4","67301","0","","1","01","","N","N","N","0","","0","0","0","0","0","","1701","3","2","0","0","0","3","0","2","0","2","03","03","N","","","","","","","","","","",""
"2023025505","1345","1","0","0","0","0","0","0","0","0","4","0","","67","03","2023","5","40.0965","-75.0175","1335","06","0","0","0","0","0","0","1","1","","0","0","0","13","1","3","00","N","0","40 05:47.300","","07","75 01:02.900","3","0","0","0","67301","0","0","0","N","0","0","0","4","67301","0","","1","01","","N","N","N","0","","3","0","1","0","0","","1330","3","2","0","0","1","0","0","2","0","2","03","03","N","","","","","","","","","","",""
"2023031463","0422","1","0","0","0","0","0","0","0","0","7","0","","67","03","2023","1","39.9706","-75.1929","0414","06","0","0","0","0","0","0","0","0","","0","0","0","04","3","0","00","N","2","39 58:14.040","4","00","75 11:34.448","0","0","0","0","67301","0","0","0","N","0","0","0","2","68K01","0","","2","01","0545","N","N","N","0","","0","0","1","0","0","Y","0410","0","2","0","0","0","0","0","2","0","2","03","","N","","","","","","","","","","",""
"2023025540","1753","0","0","0","0","0","0","0","0","0","5","0","","67","03","2023","3","39.9842","-75.2355","1747","06","0","0","0","0","0","1","0","0","","0","0","0","16","1","1","00","N","0","39 59:03.040","","00","75 14:07.700","8","0","0","0","67301","0","0","0","N","0","0","0","3","67301","0","","1","01","","N","N","N","0","","0","0","1","0","0","","1637","1","2","0","0","0","1","1","2","1","2","03","04","N","","","","","","","","","","",""
"2023024323","1025","0","0","0","0","0","0","0","0","0","7","0","","67","03","2023","2","40.0349","-75.1844","1003","06","0","0","0","0","0","1","0","0","","0","0","0","09","1","1","01","","0","40 02:05.655","","00","75 11:03.688","8","0","0","0","67301","0","0","0","N","0","0","0","1","67301","0","","4","09","","N","N","N","0","","0","0","1","3","2","","0957","1","1","0","0","0","1","0","2","0","1","04","07","N","","","","","","","","","","",""
"2023032125","0346","1","0","0","0","0","0","0","0","0","5","0","","67","04","2023","5","39.9715","-75.1455","0345","06","0","0","0","0","0","1","0","0","","0","0","0","03","3","0","00","N","0","39 58:17.350","","00","75 08:43.630","0","0","0","0","67301","0","0","0","N","0","0","0","1","67301","0","","6","01","","N","N","N","0","","0","0","3","0","0","","0345","0","4","0","0","0","0","0","2","0","4","03","03","N","","","","","","","","","","",""
"2023030999","1930","1","0","0","0","0","0","0","0","0","8","0","","67","04","2023","3","39.9396","-75.1626","1915","06","0","0","0","0","0","0","0","0","","0","0","0","18","1","1","01","","0","39 56:22.462","","00","75 09:45.277","3","0","0","0","67301","1","0","0","N","1","0","0","2","67301","0","","1","01","","N","N","N","0","","1","0","0","3","3","","1825","1","2","0","0","1","0","0","2","0","1","03","03","N","","","","","","","","","","",""
"2023020894","1300","2","0","0","0","0","0","0","0","0","1","0","","67","03","2023","7","40.0566","-75.0207","1257","06","0","0","0","0","1","0","0","0","","0","0","0","12","1","1","00","N","0","40 03:23.740","","00","75 01:14.497","3","0","0","0","67301","0","0","0","N","0","0","0","1","67301","0","","6","01","","N","N","N","0","","1","0","0","0","0","","1248","1","2","0","0","1","0","0","2","0","2","03","","N","","","","","","","","","","",""
"2023019102","0957","3","0","0","0","0","0","0","0","0","5","0","","67","02","2023","2","39.9175","-75.2125","0946","06","0","0","0","0","0","1","0","0","","0","0","0","09","1","2","00","N","0","39 55:03.109","","00","75 12:45.011","3","0","0","0","67301","0","0","0","N","0","0","0","3","67301","0","","1","01","","N","N","N","0","","1","0","0","0","0","","0945","2","3","0","0","0","1","0","2","0","3","03","03","N","","","","","","","","","","",""
"2023022275","1315","1","0","0","0","0","0","0","0","0","7","0","","67","03","2023","4","39.8973","-75.2413","1315","06","0","0","0","0","0","0","0","0","","0","0","0","13","1","1","00","N","0","39 53:50.270","","00","75 14:28.540","3","0","0","0","67301","0","0","0","N","0","0","0","2","67301","0","","4","01","","N","N","N","0","","1","0","0","0","0","","1315","1","1","0","0","2","0","0","2","0","1","03","03","N","","","","","","","","","","",""
"2023016918","2110","1","0","0","0","0","0","0","0","0","4","0","","67","02","2023","1","39.9934","-75.1094","2058","06","0","0","0","0","0","0","0","0","","0","0","0","20","3","2","02","","2","39 59:36.103","5","00","75 06:34.004","8","0","0","0","67301","0","0","0","N","0","0","0","2","67301","0","","1","01","2200","N","N","Y","0","","0","0","1","0","0","Y","2048","2","2","0","0","0","2","0","2","0","2","03","03","N","","","","","","","","","","",""
"2023026850","1600","1","0","0","0","0","0","0","0","0","8","0","","67","03","2023","6","39.9788","-75.1652","1542","06","0","0","0","0","0","0","0","0","","0","0","0","15","1","1","00","N","0","39 58:43.730","","00","75 09:54.890","3","0","0","0","67301","1","0","0","N","1","0","0","2","67301","0","","1","09","","N","N","N","0","","1","0","0","0","0","","1537","1","2","0","0","0","0","0","2","0","1","07","","N","","","","","","","","","","",""
"2023023610","0607","2","0","0","0","0","0","0","0","0","4","0","","67","03","2023","7","40.0126","-75.0732","0605","06","0","0","0","0","0","0","0","0","","0","0","0","06","3","2","01","","0","40 00:45.188","","00","75 04:23.599","3","0","0","0","67301","0","0","0","N","0","0","0","2","67301","0","","1","09","","N","Y","N","0","","2","0","0","3","2","","0605","2","2","0","0","1","0","0","2","0","2","07","07","N","","","","","","","","","","",""
"2023020132","1917","3","0","0","0","0","0","0","0","0","1","0","","67","03","2023","4","40.0376","-75.1912","1913","06","0","0","0","0","0","1","0","0","","0","0","0","19","3","2","00","Y","0","40 02:15.200","","00","75 11:28.200","3","0","0","0","67301","0","0","0","N","0","0","0","4","67301","0","","1","01","","N","N","N","0","","1","0","1","3","2","","1913","2","4","0","0","0","1","0","2","0","4","03","03","N","","","","","","","","","","",""
"2023023621","1635","1","0","0","0","0","0","0","0","0","1","0","","67","02","2023","7","40.02","-75.1751","1631","06","0","0","0","1","0","0","0","0","","0","0","0","16","1","1","00","N","0","40 01:12.093","","00","75 10:30.497","3","0","0","0","67301","0","0","0","N","0","0","0","1","67301","0","","6","01","","N","N","N","0","","1","0","1","0","0","","1625","1","3","0","0","0","0","0","2","1","3","03","","N","","","","","","","","","","",""
"2023021750","0826","1","0","0","0","0","0","0","0","0","8","0","","67","03","2023","7","39.98","-75.133","0825","06","0","0","0","0","0","0","0","0","","0","0","0","08","1","1","00","N","0","39 58:48.080","","00","75 07:58.710","4","0","0","0","67301","1","0","0","N","1","0","0","2","67301","1","","1","01","","N","N","N","0","","0","0","0","0","0","","0819","1","2","0","0","0","0","0","2","0","1","03","03","N","","","","","","","","","","",""
"2023022823","2020","0","0","0","0","0","0","0","0","0","4","0","","67","03","2023","3","39.9953","-75.2341","2019","06","0","0","0","0","1","1","0","0","","0","0","0","20","3","0","00","N","0","39 59:43.000","","07","75 14:02.600","0","0","0","0","67301","0","0","0","N","0","0","0","2","67301","0","","1","01","","N","N","N","0","","0","0","2","0","0","","2019","0","2","0","0","0","0","0","2","0","2","03","03","N","","","","","","","","","","",""
"2023033397","0503","1","0","0","0","0","0","0","0","0","1","0","","67","03","2023","7","39.9904","-75.2052","0452","06","0","0","0","0","0","2","0","0","","0","0","0","04","3","0","00","N","1","39 59:25.388","3","00","75 12:18.805","0","0","0","0","67301","0","0","0","N","0","0","0","2","68K01","0","","1","09","0546","N","N","N","0","","0","0","1","0","0","Y","0447","0","2","0","0","0","0","0","2","0","2","07","07","N","","","","","","","","","","",""
"2023033201","0631","1","0","0","0","0","0","1","0","0","1","1","","67","03","2023","7","40.0353","-75.1214","0611","06","0","0","0","0","0","0","0","0","","0","0","0","06","3","2","01","","0","40 02:06.977","","00","75 07:17.112","8","0","0","0","67301","0","0","0","N","0","0","0","4","67508","0","","1","01","","N","N","Y","0","","0","0","0","3","2","","0611","2","2","0","0","1","2","0","2","0","2","03","03","N","","","","","","","","","","",""
"2023022033","1415","0","0","0","0","0","0","0","0","0","7","0","","67","03","2023","3","39.9535","-75.1579","1415","06","0","0","0","0","0","0","0","0","","0","0","0","14","1","0","00","N","0","39 57:12.700","","01","75 09:28.500","0","0","0","0","67301","0","0","0","N","0","0","0","1","67301","0","","5","01","","N","N","N","0","","0","0","1","0","0","","1400","0","1","0","0","1","0","0","2","0","1","03","03","N","","","","","","","","","","",""
"2023020685","2015","1","0","0","0","0","0","0","0","0","1","0","","67","03","2023","6","40.0408","-75.1075","2011","06","0","0","0","0","1","0","0","0","","0","0","0","20","3","3","00","Y","0","40 02:27.011","","00","75 06:26.832","3","0","0","0","67301","0","0","0","N","0","0","0","4","67301","1","","1","08","","N","N","N","1","","2","0","1","3","2","","2007","3","3","0","0","1","0","0","2","0","3","07","","N","","","","","","","","","","",""
"2023019953","2212","3","0","0","0","0","0","0","0","0","1","0","","67","02","2023","7","39.9641","-75.2322","2212","06","0","0","0","0","0","0","0","0","","0","0","0","22","3","4","01","","0","39 57:50.673","","00","75 13:56.071","8","0","0","0","67301","2","0","0","N","2","0","0","5","67301","0","","1","01","","N","N","Y","0","","0","0","1","3","3","","2212","4","6","0","0","1","4","1","2","0","4","03","","N","","","","","","","","","","",""
"2023034785","1100","1","0","0","0","0","0","0","0","0","4","0","","67","04","2023","4","40.0528","-75.1956","1100","06","1","0","0","0","0","0","1","0","","0","0","0","09","1","0","01","","9","40 03:10.112","","00","75 11:44.278","0","0","0","0","67301","0","0","0","N","0","0","0","3","67301","0","","1","01","","N","N","N","0","","0","0","1","3","2","","0945","0","2","0","0","0","0","0","2","0","2","03","03","N","","","","","","","","","","",""
"2023023438","2059","2","0","0","0","0","0","0","0","0","1","0","","67","03","2023","4","40.0122","-75.0595","2039","06","0","0","0","1","1","0","0","0","","0","0","0","20","3","0","00","N","1","40 00:43.805","1","00","75 03:34.291","0","0","0","0","67301","0","0","0","N","0","0","0","3","68K01","0","","1","01","0030","N","N","N","0","","0","0","1","0","0","N","2035","0","3","0","0","0","0","0","2","0","3","03","03","N","","","","","","","","","","",""
"2023022117","1425","1","0","0","0","0","0","0","0","0","6","0","","67","03","2023","3","40.036","-75.2178","1425","06","0","0","0","0","0","2","0","0","","0","0","0","14","1","0","00","N","0","40 02:09.688","","00","75 13:04.066","0","0","0","0","67301","0","0","0","N","0","0","0","3","67301","0","","1","01","","N","N","N","1","","0","0","1","0","0","","1424","0","3","0","0","1","0","0","2","0","3","03","03","N","","","","","","","","","","",""
"2023018955","0450","1","0","0","0","0","0","0","0","0","5","0","","67","02","2023","7","39.9724","-75.2337","0450","06","0","0","0","0","0","0","0","0","","0","0","0","04","3","1","00","N","0","39 58:20.570","","00","75 14:01.300","8","0","0","0","67301","0","0","0","N","0","0","0","2","67301","0","","6","01","","N","N","N","1","","0","0","0","0","0","","0445","1","2","0","0","2","1","0","2","0","2","03","03","N","","","","","","","","","","",""
"2023022661","0402","2","0","0","0","0","0","0","0","0","1","0","","67","03","2023","5","40.0369","-75.0459","0349","06","0","0","0","0","0","0","0","0","","0","0","0","01","3","0","00","N","0","40 02:12.900","","00","75 02:45.200","0","0","0","0","67301","0","0","0","N","0","0","0","1","67301","0","","6","01","","N","N","N","0","","0","0","0","0","0","","0120","0","3","0","0","1","0","0","2","1","3","03","","N","","","","","","","","","","",""
"2023025961","0850","1","0","0","0","0","0","0","0","0","1","0","","67","03","2023","4","39.9523","-75.1822","0821","06","0","0","0","0","0","1","0","0","","0","0","0","08","1","0","00","N","1","39 57:08.206","4","03","75 10:55.754","0","0","0","0","67301","0","0","0","N","0","0","0","2","68K01","0","","1","01","0915","N","N","N","0","","0","0","0","0","0","N","0812","0","2","0","0","0","0","0","2","1","2","03","03","N","","","","","","","","","","",""
"2023034685","0324","1","0","0","0","0","0","0","0","0","7","0","","67","02","2023","4","40.0116","-75.1756","0324","06","0","0","0","0","0","0","0","0","","0","0","0","03","3","0","00","N","0","40 00:41.936","","00","75 10:32.276","0","0","0","0","67301","0","0","0","N","0","0","0","1","67301","0","","4","09","","N","N","N","0","","0","0","0","0","0","","0324","0","1","0","0","1","0","0","2","0","1","04","07","N","","","","","","","","","","",""
"2023021703","1623","0","0","0","0","0","0","0","0","0","8","0","","67","03","2023","3","39.9268","-75.1837","1621","06","0","0","0","0","0","0","0","0","","0","0","0","15","1","1","00","N","0","39 55:36.650","","00","75 11:01.260","2","0","0","0","67301","1","0","1","N","1","0","1","2","67301","0","","1","01","","N","N","N","0","","0","1","0","0","0","","1520","1","2","0","0","0","0","0","2","0","1","03","","N","","","","","","","","","","",""