"CRN","ARRIVAL_TM","AUTOMOBILE_COUNT","BELTED_DEATH_COUNT","BELTED_SUSP_SERIOUS_INJ_COUNT","BICYCLE_COUNT","BICYCLE_DEATH_COUNT","BICYCLE_SUSP_SERIOUS_INJ_COUNT","BUS_COUNT","CHLDPAS_DEATH_COUNT","CHLDPAS_SUSP_SERIOUS_INJ_COUNT","COLLISION_TYPE","COMM_VEH_COUNT","CONS_ZONE_SPD_LIM","COUNTY","CRASH_MONTH","CRASH_YEAR","DAY_OF_WEEK","DEC_LAT","DEC_LONG","DISPATCH_TM","DISTRICT","DRIVER_COUNT_16YR","DRIVER_COUNT_17YR","DRIVER_COUNT_18YR","DRIVER_COUNT_19YR","DRIVER_COUNT_20YR","DRIVER_COUNT_50_64YR","DRIVER_COUNT_65_74YR","DRIVER_COUNT_75PLUS","EST_HRS_CLOSED","FATAL_COUNT","HEAVY_TRUCK_COUNT","HORSE_BUGGY_COUNT","HOUR_OF_DAY","ILLUMINATION","INJURY_COUNT","INTERSECT_TYPE","INTERSECTION_RELATED","LANE_CLOSED","LATITUDE","LN_CLOSE_DIR","LOCATION_TYPE","LONGITUDE","MAX_SEVERITY_LEVEL","MCYCLE_DEATH_COUNT","MCYCLE_SUSP_SERIOUS_INJ_COUNT","MOTORCYCLE_COUNT","MUNICIPALITY","NONMOTR_COUNT","NONMOTR_DEATH_COUNT","NONMOTR_SUSP_SERIOUS_INJ_COUNT","NTFY_HIWY_MAINT","PED_COUNT","PED_DEATH_COUNT","PED_SUSP_SERIOUS_INJ_COUNT","PERSON_COUNT","POLICE_AGCY","POSSIBLE_INJ_COUNT","RDWY_SURF_TYPE_CD","RELATION_TO_ROAD","ROAD_CONDITION","ROADWAY_CLEARED","SCH_BUS_IND","SCH_ZONE_IND","SECONDARY_CRASH","SMALL_TRUCK_COUNT","SPEC_JURIS_CD","SUSP_MINOR_INJ_COUNT","SUSP_SERIOUS_INJ_COUNT","SUV_COUNT","TCD_FUNC_CD","TCD_TYPE","TFC_DETOUR_IND","TIME_OF_DAY","TOT_INJ_COUNT","TOTAL_UNITS","UNB_DEATH_COUNT","UNB_SUSP_SERIOUS_INJ_COUNT","UNBELTED_OCC_COUNT","UNK_INJ_DEG_COUNT","UNK_INJ_PER_COUNT","URBAN_RURAL","VAN_COUNT","VEHICLE_COUNT","WEATHER1","WEATHER2","WORK_ZONE_IND","WORK_ZONE_LOC","WORK_ZONE_TYPE","WORKERS_PRES","WZ_CLOSE_DETOUR","WZ_FLAGGER","WZ_LAW_OFFCR_IND","WZ_LN_CLOSURE","WZ_MOVING","WZ_OTHER","WZ_SHLDER_MDN","WZ_WORKERS_INJ_KILLED"
"2023032802","0405","2","0","0","0","0","0","0","0","0","2","0","","67","03","2023","1","40.0082","-75.1711","0402","06","0","0","0","0","0","0","0","0","","0","0","0","03","3","1","00","N","0","40 00:29.410","","00","75 10:16.077","8","0","0","0","67301","0","0","0","N","0","0","0","5","67301","0","","1","01","","N","N","N","0","","0","0","0","3","2","","0349","1","2","0","0","0","1","4","2","0","2","03","03","N","","","","","","","","","","",""
"2023018426","2345","1","0","0","0","0","0","0","0","0","7","0","","67","02","2023","5","39.9669","-75.2229","2345","06","0","0","0","0","0","0","0","0","","0","0","0","22","3","0","11","","0","39 58:00.900","","00","75 13:22.400","0","0","0","0","67301","0","0","0","N","0","0","0","1","67301","0","","4","01","","N","N","N","0","","0","0","0","0","0","","2245","0","1","0","0","1","0","0","2","0","1","03","03","N","","","","","","","","","","",""
"2023020516","1125","0","0","0","0","0","0","0","0","0","2","0","","67","02","2023","3","40.0243","-75.2211","1115","06","0","0","0","0","0","0","0","0","","0","0","0","23","3","3","00","N","0","40 01:27.600","","00","75 13:15.800","2","0","0","0","67301","0","0","0","N","0","0","0","3","67301","0","","1","01","","N","N","Y","0","","0","1","3","0","0","","2305","3","3","0","0","0","2","0","2","0","3","03","03","N","","","","","","","","","","",""
"2023016800","0040","1","0","0","0","0","0","0","0","0","7","0","","67","02","2023","2","39.9056","-75.1684","0032","06","0","0","0","0","0","0","0","0","","0","0","0","00","3","0","00","N","0","39 54:20.170","","00","75 10:06.160","9","0","0","0","67301","0","0","0","N","0","0","0","1","67301","0","","4","01","","N","N","N","0","","0","0","0","0","0","","0015","0","1","0","0","0","0","1","2","0","1","03","","N","","","","","","","","","","",""
"2023023498","2107","2","0","0","0","0","0","0","0","0","4","0","","67","03","2023","7","39.9385","-75.1852","2107","06","0","0","0","0","0","0","0","0","","0","0","0","21","3","3","01","","0","39 56:18.614","","01","75 11:06.795","3","0","0","0","67301","0","0","0","N","0","0","0","4","67301","0","","1","01","","N","N","N","0","","3","0","0","3","3","","2107","3","2","0","0","4","0","0","2","0","2","03","03","N","","","","","","","","","","",""
"2023018731","1155","2","0","0","0","0","0","0","0","0","4","0","","67","02","2023","2","39.9832","-75.1568","1150","06","0","0","0","0","1","0","0","0","","0","0","0","11","1","0","01","","0","39 58:59.480","","00","75 09:24.548","0","0","0","0","67301","0","0","0","N","0","0","0","2","67505","0","","1","01","","N","N","N","0","","0","0","0","3","2","","1145","0","2","0","0","0","0","0","2","0","2","03","03","N","","","","","","","","","","",""
"2023017620","1025","0","0","0","0","0","0","0","0","0","3","0","","67","02","2023","3","39.9199","-75.2228","1014","06","0","0","0","0","0","0","1","0","","0","0","0","07","5","1","01","","0","39 55:11.759","","00","75 13:21.960","3","0","0","0","67301","0","0","0","N","0","0","0","2","67301","0","","1","01","","N","N","N","0","","1","0","1","3","2","","0745","1","2","0","0","0","0","0","2","0","2","03","03","N","","","","","","","","","","",""
"2023023789","1528","2","0","0","0","0","0","0","0","0","4","0","","67","03","2023","1","39.9552","-75.2049","1523","06","0","0","0","0","0","1","0","0","","0","0","0","15","1","0","01","","0","39 57:18.640","","00","75 12:17.812","0","0","0","0","67301","0","0","0","N","0","0","0","2","67504","0","","1","01","","N","N","N","0","","0","0","0","3","3","","1517","0","2","0","0","0","0","0","2","0","2","03","03","N","","","","","","","","","","",""
"2023018091","1245","1","0","0","0","0","0","0","0","0","1","0","","67","02","2023","3","40.0634","-75.2388","1240","06","0","0","0","0","0","0","0","0","","0","0","0","12","1","1","00","N","0","40 03:48.255","","00","75 14:19.828","3","0","0","0","67301","0","0","0","N","0","0","0","3","67301","0","","1","01","","N","N","N","0","","1","0","2","0","0","","1238","1","3","0","0","0","0","0","2","0","3","03","03","N","","","","","","","","","","",""
"2023034295","0754","0","0","0","0","0","0","0","0","0","7","0","","67","04","2023","3","40.0547","-75.0048","0752","06","0","0","0","0","0","1","0","0","","0","0","0","07","1","1","01","","0","40 03:17.072","","00","75 00:17.300","2","0","1","1","67301","0","0","0","N","0","0","0","1","67301","0","","5","01","","N","N","N","0","","0","1","0","3","2","","0742","1","1","0","0","0","0","0","2","0","1","04","","N","","","","","","","","","","",""
"2023020219","1325","0","0","0","0","0","0","0","0","0","8","0","","67","03","2023","4","39.9539","-75.2103","1320","06","0","0","0","0","0","0","0","0","","0","0","0","09","1","1","01","","0","39 57:14.057","","00","75 12:37.123","3","0","0","0","67301","1","0","0","N","1","0","0","2","67301","0","","1","01","","N","N","N","0","","1","0","0","3","2","","0910","1","2","0","0","0","0","1","2","0","1","03","03","N","","","","","","","","","","",""
"2023020139","0215","1","0","0","0","0","0","0","0","0","4","0","","67","03","2023","5","39.9972","-75.1435","0209","06","0","0","0","0","0","1","0","0","","0","0","0","02","3","0","01","","0","39 59:50.067","","00","75 08:36.589","0","0","0","0","67301","0","0","0","N","0","0","0","2","67301","0","","1","01","","N","N","N","0","","0","0","1","3","3","","0205","0","3","0","0","0","0","0","2","1","3","03","03","N","","","","","","","","","","",""
"2023024787","1719","1","0","0","0","0","0","0","0","0","4","0","","67","03","2023","6","39.9527","-75.2193","1713","06","0","0","0","0","0","0","0","0","","0","0","0","17","4","1","02","","1","39 57:09.760","6","00","75 13:09.640","8","0","0","0","67301","0","0","0","N","0","0","0","2","67301","0","","1","09","1735","N","N","N","0","","0","0","1","3","3","Y","1710","1","2","0","0","0","1","0","2","0","2","07","07","N","","","","","","","","","","",""
"2023025568","1427","1","0","0","0","0","0","0","0","0","4","0","","67","02","2023","2","39.9705","-75.151","1427","06","0","0","0","0","0","0","1","0","","0","0","0","13","1","1","01","","0","39 58:13.623","","01","75 09:03.509","3","0","0","0","67301","0","0","0","N","0","0","0","2","67301","0","","1","01","","N","N","N","0","","1","0","1","3","3","","1321","1","2","0","0","0","0","0","2","0","2","03","03","N","","","","","","","","","","",""
"2023019514","0945","0","0","0","0","0","0","0","0","0","1","0","","67","02","2023","3","39.9829","-75.1547","0930","06","0","0","0","0","0","0","0","0","","0","0","0","09","1","1","01","","0","39 58:58.563","","00","75 09:17.063","4","0","0","0","67301","0","0","0","N","0","0","0","2","67301","1","","1","09","","N","N","N","0","","0","0","2","3","3","","0930","1","2","0","0","1","0","0","2","0","2","03","","N","","","","","","","","","","",""
"2023022363","1356","1","0","0","1","0","0","0","0","0","8","0","","67","03","2023","4","39.9574","-75.1709","1356","06","0","0","0","0","0","0","0","0","","0","0","0","13","1","1","02","","0","39 57:26.487","","00","75 10:14.530","3","0","0","0","67301","1","0","0","N","0","0","0","2","67301","0","","1","01","","N","N","N","0","","1","0","0","3","2","","1350","1","2","0","0","0","0","0","2","0","1","03","03","N","","","","","","","","","","",""
"2023018569","1915","0","0","0","0","0","0","0","0","0","8","0","","67","02","2023","7","40.0317","-75.1789","1915","06","0","0","0","0","0","1","0","0","","0","0","0","17","6","1","01","","0","40 01:54.253","","00","75 10:43.938","3","0","0","0","67301","1","0","0","N","1","0","0","2","67301","0","","1","99","","N","N","N","0","","1","0","1","3","2","","1700","1","2","0","0","0","0","0","2","0","1","99","","N","","","","","","","","","","",""
"2023016912","1230","2","0","0","0","0","0","0","0","0","4","0","","67","02","2023","2","40.0675","-75.1793","1230","06","0","0","0","0","0","0","0","0","","0","0","0","11","1","1","01","","0","40 04:02.989","","00","75 10:45.548","4","0","0","0","67301","0","0","0","N","0","0","0","2","67301","1","","1","01","","N","N","N","0","","0","0","0","3","2","","1100","1","2","0","0","0","0","1","2","0","2","03","03","N","","","","","","","","","","",""
"2023031194","1308","1","0","0","0","0","0","0","0","0","1","0","","67","04","2023","6","39.9112","-75.149","1259","06","0","0","0","0","0","0","0","0","","0","0","0","12","1","1","00","N","0","39 54:40.475","","00","75 08:56.273","3","0","0","0","67301","0","0","0","N","0","0","0","3","68K01","0","","1","01","","N","N","N","0","","1","0","0","0","0","","1252","1","2","0","0","0","0","0","2","1","2","03","03","N","","","","","","","","","","",""
"2023021289","0600","0","0","0","0","0","0","0","0","0","7","0","99","67","03","2023","4","39.9918","-75.0773","0600","06","0","0","0","0","0","0","0","0","","0","0","0","06","3","0","00","N","1","39 59:30.400","4","03","75 04:38.400","0","0","0","0","67301","0","0","0","N","0","0","0","1","67501","0","","4","02","0621","N","N","N","1","","0","0","0","0","0","N","0600","0","1","0","0","0","0","0","2","0","1","05","98","Y","4","1","U","","","U","Y","","","","N"
"2023031742","1302","1","0","0","0","0","0","0","0","0","4","0","","67","04","2023","7","40.0344","-75.0162","1300","06","0","0","0","0","0","0","1","0","","0","0","0","12","1","1","00","N","1","40 02:03.874","1","07","75 00:58.190","2","0","1","1","67301","0","0","0","N","0","0","0","2","67301","0","","1","01","0010","N","N","N","0","","0","1","0","0","0","N","1259","1","2","0","0","0","0","0","2","0","2","03","","N","","","","","","","","","","",""
"2023034399","0820","1","0","0","0","0","0","0","0","0","5","0","","67","04","2023","3","40.0682","-75.0405","0818","06","0","0","0","0","1","0","0","0","","0","0","0","08","1","1","00","N","0","40 04:05.554","","00","75 02:25.856","3","0","0","0","67301","0","0","0","N","0","0","0","2","67301","0","","1","01","","N","N","N","0","","1","0","1","0","0","","0815","1","2","0","0","2","0","0","2","0","2","03","03","N","","","","","","","","","","",""
"2023033385","1640","0","0","0","0","0","0","0","0","0","7","0","","67","02","2023","5","39.9834","-75.2081","1637","06","0","0","0","0","0","0","0","0","","0","0","0","16","3","0","00","N","0","39 59:00.358","","00","75 12:29.041","0","0","0","0","67301","0","0","0","N","0","0","0","1","68K01","0","","3","09","","N","N","N","1","","0","0","0","0","0","","1635","0","1","0","0","0","0","0","2","0","1","07","07","N","","","","","","","","","","",""
"2023031209","1546","0","0","0","0","0","0","0","0","0","8","0","","67","02","2023","7","39.9991","-75.1701","1538","06","0","0","0","0","0","0","0","0","","0","0","0","15","1","1","01","","0","39 59:56.810","","00","75 10:12.287","4","0","0","0","67301","1","0","0","N","1","0","0","2","67301","1","","1","01","","N","N","N","0","","0","0","0","3","2","","1500","1","2","0","0","0","0","0","2","0","1","03","","N","","","","","","","","","","",""
"2023019957","1149","1","0","0","0","0","0","0","0","0","4","0","","67","02","2023","6","40.0057","-75.099","1145","06","0","0","0","0","0","1","0","0","","0","0","0","11","1","0","01","","0","40 00:20.692","","00","75 05:56.577","0","0","0","0","67301","0","0","0","N","0","0","0","2","67301","0","","1","01","","N","N","N","0","","0","0","1","3","2","","1134","0","2","0","0","2","0","0","2","0","2","03","03","N","","","","","","","","","","",""
"2023017622","2118","1","0","0","0","0","0","0","0","0","5","0","","67","02","2023","2","40.0538","-75.0491","2112","06","0","0","0","0","0","0","0","0","","0","0","0","21","3","1","00","N","0","40 03:13.675","","00","75 02:56.680","8","0","0","0","67301","0","0","0","N","0","0","0","4","67301","0","","1","01","","N","N","N","0","","0","0","3","0","0","","2109","1","4","0","0","1","1","1","2","0","4","03","03","N","","","","","","","","","","",""
"2023031496","2237","0","0","0","0","0","0","0","0","0","7","0","","67","04","2023","7","40.0483","-75.1278","2235","06","0","0","0","0","0","0","0","0","","0","0","0","22","2","3","00","N","2","40 02:54.040","5","00","75 07:40.070","3","0","0","0","67301","0","0","0","N","0","0","0","3","67301","0","","5","01","0030","N","N","N","0","","3","0","1","0","0","Y","2234","3","2","0","0","0","0","0","2","1","2","03","03","N","","","","","","","","","","",""
"2023032544","0917","1","0","0","0","0","0","0","0","0","1","0","","67","03","2023","7","39.957","-75.1532","0912","06","0","0","0","0","0","0","1","0","","0","0","0","09","1","2","00","N","1","39 57:25.080","4","00","75 09:11.428","8","0","0","0","67301","0","0","0","N","0","0","0","5","68K01","0","","1","01","1020","N","N","N","0","","0","0","1","0","0","N","0909","2","3","0","0","0","2","1","2","0","3","03","04","N","","","","","","","","","","",""
"2023034963","0920","1","0","0","0","0","0","0","0","0","5","1","","67","04","2023","4","40.0258","-75.0273","0914","06","0","0","0","0","0","0","2","0","","0","1","0","08","1","0","00","Y","1","40 01:32.900","3","00","75 01:38.300","0","0","0","0","67301","0","0","0","N","0","0","0","2","67301","0","","1","01","0030","N","N","N","0","","0","0","0","3","3","N","0858","0","2","0","0","0","0","0","2","0","2","03","03","N","","","","","","","","","","",""
"2023021741","1837","2","0","0","0","0","0","0","0","0","5","0","","67","03","2023","4","39.9889","-75.2501","1811","06","0","0","0","0","0","0","0","0","","0","0","0","17","3","0","00","N","2","39 59:19.921","1","00","75 15:00.282","0","0","0","0","67301","0","0","0","N","0","0","0","2","67301","0","","6","01","2000","N","N","N","0","","0","0","0","0","0","N","1720","0","2","0","0","0","0","0","2","0","2","03","03","N","","","","","","","","","","",""
"2023020692","1423","0","0","0","0","0","0","0","0","0","8","0","","67","03","2023","4","40.0332","-75.0378","1411","06","0","0","0","0","0","0","0","0","","0","0","0","14","1","1","01","","0","40 01:59.691","","00","75 02:15.936","3","0","0","0","67301","1","0","0","N","1","0","0","2","67301","0","","1","01","","N","N","N","1","","1","0","0","3","2","","1405","1","2","0","0","0","0","0","2","0","1","03","03","N","","","","","","","","","","",""
"2023024005","1303","0","0","0","0","0","0","0","0","0","8","0","","67","03","2023","6","39.9555","-75.1566","1303","06","0","0","0","0","0","1","0","0","","0","0","0","13","1","1","00","N","0","39 57:19.670","","00","75 09:23.820","3","0","0","0","67301","1","0","0","N","1","0","0","2","67301","0","","1","01","","N","N","N","0","","1","0","1","0","0","","1300","1","2","0","0","0","0","0","2","0","1","03","","N","","","","","","","","","","",""
"2023020901","2208","1","0","0","0","0","0","0","0","0","4","0","","67","03","2023","7","40.0166","-75.0584","2150","06","0","0","0","0","0","0","0","0","","0","0","0","21","3","1","01","","0","40 00:59.907","","00","75 03:30.315","3","0","0","0","67301","0","0","0","N","0","0","0","2","67301","0","","1","01","","N","N","N","0","","1","0","0","3","3","","2147","1","2","0","0","1","0","0","2","1","2","03","","N","","","","","","","","","","",""
"2023034675","1018","0","0","0","0","0","0","0","0","0","4","1","","67","04","2023","6","40.0279","-75.0779","1018","06","0","0","0","0","0","1","0","0","","0","1","0","10","1","3","01","","0","40 01:40.400","","00","75 04:40.300","3","0","0","0","67301","0","0","0","N","0","0","0","3","67301","0","","1","01","","N","N","N","0","","2","0","1","3","3","","1010","3","2","0","0","1","1","0","2","0","2","03","03","N","","","","","","","","","","",""
"2023025549","1252","0","0","0","0","0","0","0","0","0","4","0","","67","03","2023","4","39.987","-75.1224","1250","06","0","0","0","0","0","1","0","0","","0","0","0","12","1","0","05","","0","39 59:13.332","","00","75 07:20.471","0","0","0","0","67301","0","0","0","N","0","0","0","2","67301","0","","1","01","","N","N","N","1","","0","0","1","3","2","","1245","0","2","0","0","0","0","0","2","0","2","03","03","N","","","","","","","","","","",""
"2023025717","1340","0","0","0","0","0","0","0","0","0","4","0","","67","03","2023","6","39.9943","-75.1572","1330","06","0","0","0","0","0","0","0","0","","0","0","0","11","1","1","02","","0","39 59:39.385","","00","75 09:25.814","8","0","0","0","67301","0","0","0","N","0","0","0","2","67301","0","","1","01","","N","N","N","0","","0","0","0","3","3","","1105","1","2","0","0","0","1","0","2","1","2","03","03","N","","","","","","","","","","",""
"2023019956","1040","0","0","0","0","0","0","0","0","0","4","0","","67","02","2023","5","39.9935","-75.0899","1032","06","0","0","0","0","0","0","0","0","","0","0","0","10","1","1","00","N","0","39 59:36.530","","07","75 05:23.780","3","0","0","0","67301","0","0","0","N","0","0","0","2","67301","0","","1","01","","N","N","N","1","","1","0","1","0","0","","1015","1","2","0","0","0","0","0","2","0","2","03","","N","","","","","","","","","","",""
"2023017292","2104","1","0","0","0","0","0","0","0","0","4","0","","67","02","2023","2","39.9625","-75.2162","2104","06","0","0","0","0","0","0","0","0","","0","0","0","21","3","5","01","","0","39 57:44.928","","00","75 12:58.374","3","0","0","0","67301","0","0","0","N","0","0","0","5","67301","0","","1","01","","N","N","N","0","","5","0","1","3","2","","2101","5","2","0","0","0","0","0","2","0","2","03","03","N","","","","","","","","","","",""
"2023019392","2325","1","0","0","0","0","0","0","0","0","8","0","","67","02","2023","7","39.9992","-75.1474","2318","06","0","0","0","0","0","0","0","0","","0","0","0","22","3","1","05","","0","39 59:57.217","","00","75 08:50.570","3","0","0","0","67301","1","0","0","N","1","0","0","2","67301","0","","1","01","","N","N","N","0","","1","0","0","3","2","","2211","1","2","0","0","1","0","0","2","0","1","03","03","N","","","","","","","","","","",""
"2023032039","0656","0","0","0","0","0","0","0","0","0","7","0","","67","03","2023","7","40.032","-75.0213","0652","06","0","0","0","0","0","0","0","0","","0","0","0","06","1","0","00","N","1","40 01:55.174","2","00","75 01:16.840","0","0","0","0","67301","0","0","0","N","0","0","0","1","68K01","0","","3","09","0729","N","N","N","0","","0","0","1","0","0","N","0646","0","1","0","0","1","0","0","2","0","1","07","03","N","","","","","","","","","","",""
"2023018673","2245","1","0","0","0","0","0","0","0","0","4","0","","67","02","2023","4","40.0092","-75.1511","2238","06","0","0","0","0","0","1","0","0","","0","0","0","22","3","2","01","","0","40 00:33.277","","00","75 09:04.079","3","0","0","0","67301","0","0","0","N","0","0","0","2","67301","0","","1","01","","N","N","N","0","","2","0","1","3","2","","2238","2","2","0","0","0","0","0","2","0","2","03","03","N","","","","","","","","","","",""
"2023022276","0050","1","0","0","0","0","0","0","0","0","4","0","","67","03","2023","6","39.9604","-75.2411","0050","06","0","0","0","1","0","1","0","0","","0","0","0","00","3","3","01","","2","39 57:37.599","3","00","75 14:27.886","2","0","0","0","67301","0","0","0","N","0","0","0","7","67301","0","","1","01","0330","N","N","N","0","","1","2","0","3","2","Y","0047","3","2","0","0","1","0","0","2","1","2","03","","N","","","","","","","","","","",""
"2023021747","2109","0","0","0","0","0","0","0","0","0","7","0","","67","03","2023","6","40.0195","-75.1083","2053","06","0","0","0","0","0","0","0","0","","0","0","0","20","3","2","02","","0","40 01:10.379","","00","75 06:29.969","3","0","0","0","67301","0","0","0","N","0","0","0","2","67301","0","","1","09","","N","N","N","0","","2","0","1","0","0","","2053","2","1","0","0","0","0","0","2","0","1","07","","N","","","","","","","","","","",""
"2023025551","2331","1","0","0","0","0","0","0","0","0","4","0","","67","03","2023","6","39.988","-75.1059","2320","06","0","0","0","0","0","0","0","0","","0","0","0","23","3","1","01","","0","39 59:16.914","","00","75 06:21.344","4","0","0","0","67301","0","0","0","N","0","0","0","2","67301","1","","1","09","","N","N","N","0","","0","0","1","3","2","","2315","1","2","0","0","0","0","1","2","0","2","07","04","N","","","","","","","","","","",""
"2023032887","1849","0","0","0","0","0","0","0","0","0","8","0","","67","04","2023","1","40.0191","-75.0525","1845","06","0","0","0","0","0","0","0","0","","0","0","0","18","1","1","00","N","1","40 01:08.865","3","00","75 03:09.056","3","0","0","0","67301","1","0","0","N","1","0","0","3","67301","0","","1","01","2000","N","N","N","0","","1","0","1","0","0","N","1842","1","2","0","0","0","0","0","2","0","1","03","03","N","","","","","","","","","","",""
"2023020893","0104","1","0","0","0","0","0","0","0","0","1","0","","67","03","2023","7","40.0568","-75.0019","0102","06","0","0","0","0","0","0","0","0","","0","0","0","00","3","0","00","N","0","40 03:24.383","","00","75 00:06.676","0","0","0","0","67301","0","0","0","N","0","0","0","1","67301","0","","6","09","","N","N","N","1","","0","0","0","0","0","","0050","0","2","0","0","0","0","0","2","0","2","07","07","N","","","","","","","","","","",""
"2023018948","0718","2","0","0","0","0","0","0","0","0","4","0","","67","02","2023","5","40.0371","-75.0112","0717","06","0","0","0","0","0","0","0","0","","0","0","0","07","1","2","02","","0","40 02:13.421","","07","75 00:40.242","3","0","0","0","67301","0","0","0","N","0","0","0","3","67301","1","","1","01","","N","N","N","0","","1","0","0","3","2","","0717","2","2","0","0","1","0","0","2","0","2","04","04","N","","","","","","","","","","",""
"2023020142","0424","2","0","0","0","0","0","0","0","0","4","0","","67","03","2023","4","40.0363","-75.1296","0420","06","0","0","0","0","0","0","0","0","","0","0","0","04","3","1","01","","0","40 02:10.724","","00","75 07:46.384","8","0","0","0","67301","0","0","0","N","0","0","0","2","67301","0","","1","01","","N","N","N","0","","0","0","0","3","3","","0400","1","2","0","0","1","1","0","2","0","2","03","03","N","","","","","","","","","","",""
"2023022826","1157","2","0","0","0","0","0","0","0","0","5","0","","67","03","2023","6","39.9754","-75.2654","1157","06","0","0","0","0","0","0","0","0","","0","0","0","11","1","0","00","N","0","39 58:31.570","","00","75 15:55.350","0","0","0","0","67301","0","0","0","N","0","0","0","2","67301","0","","1","01","","N","N","N","0","","0","0","0","0","0","","1139","0","2","0","0","1","0","0","2","0","2","04","04","N","","","","","","","","","","",""
"2023022118","1616","1","0","0","0","0","0","0","0","0","8","0","","67","03","2023","4","39.9515","-75.1567","1615","06","0","0","0","0","0","0","0","0","","0","0","0","16","1","1","01","","0","39 57:05.453","","00","75 09:24.246","3","0","0","0","67301","1","0","0","N","1","0","0","2","67301","0","","1","01","","N","N","N","0","","1","0","0","2","2","","1615","1","2","0","0","0","0","0","2","0","1","03","03","N","","","","","","","","","","",""
"2023018421","1855","1","0","0","0","0","0","0","0","0","4","0","","67","02","2023","6","40.0443","-75.089","1850","06","0","0","0","0","0","0","0","0","","0","0","0","18","3","0","03","","0","40 02:39.397","","07","75 05:20.423","0","0","0","0","67301","0","0","0","N","0","0","0","2","67301","0","","1","01","","N","N","N","0","","0","0","1","3","1","","1849","0","2","0","0","0","0","0","2","0","2","03","03","N","","","","","","","","","","",""
"2023021706","0518","0","0","0","0","0","0","0","0","0","4","0","","67","03","2023","2","40.0455","-75.0883","0515","06","0","0","0","0","0","2","0","0","","0","0","0","05","3","1","01","","0","40 02:43.859","","00","75 05:17.937","3","0","0","0","67301","0","0","0","N","0","0","0","2","67301","0","","1","01","","N","N","N","1","","1","0","1","3","2","","0513","1","2","0","0","0","0","0","2","0","2","03","","N","","","","","","","","","","",""
"2023022659","0412","1","0","0","0","0","0","0","0","0","7","0","","67","03","2023","1","40.026","-75.096","0409","06","0","0","0","1","0","0","0","0","","0","0","0","04","3","2","00","N","1","40 01:33.669","1","00","75 05:45.596","3","0","0","0","67301","0","0","0","N","0","0","0","2","67301","0","","3","01","0500","N","N","N","0","","2","0","0","0","0","N","0400","2","1","0","0","0","0","0","2","0","1","03","03","N","","","","","","","","","","",""
"2023034412","1954","1","0","0","0","0","0","0","0","0","5","0","","67","02","2023","1","40.0255","-75.1224","1948","06","0","0","0","0","0","1","0","0","","0","0","0","19","3","1","01","","0","40 01:31.839","","00","75 07:20.608","8","0","0","0","67301","0","0","0","N","0","0","0","2","67301","0","","1","01","","N","N","N","0","","0","0","1","3","2","","1910","1","2","0","0","0","1","0","2","0","2","03","03","N","","","","","","","","","","",""
"2023032956","1618","0","0","0","0","0","0","0","0","0","4","0","","67","04","2023","6","39.9802","-75.1575","1608","06","0","0","0","0","0","0","0","0","","0","0","0","16","1","1","01","N","0","39 58:48.844","","00","75 09:27.376","2","0","1","1","67301","0","0","0","N","0","0","0","3","67505","0","","1","01","","N","N","N","0","","0","1","1","3","2","","1605","1","2","0","0","0","0","0","2","0","2","03","03","N","","","","","","","","","","",""
"2023024778","1251","1","0","0","0","0","0","0","0","0","7","0","","67","03","2023","7","39.9523","-75.1432","1250","06","0","0","0","0","0","0","0","0","","0","0","0","12","8","1","00","N","1","39 57:08.300","6","00","75 08:35.600","3","0","0","0","67301","0","0","0","N","0","0","0","1","67301","0","","5","01","0100","N","N","N","0","","1","0","0","0","0","N","1250","1","1","0","0","0","0","0","2","0","1","03","03","N","","","","","","","","","","",""
"2023005585","","1","0","0","0","0","0","0","0","0","5","0","","67","01","2023","1","39.9519","-75.1598","","06","0","0","0","0","0","1","0","0","","0","0","0","","1","2","01","","0","39 57:06.984","","00","75 09:35.699","8","0","0","0","67301","0","0","0","N","0","0","0","2","00000","0","","1","01","","","","N","0","","0","0","1","3","2","","","2","2","0","0","1","2","0","2","0","2","03","","N","","","","","","","","","","",""
"2023020897","0311","1","0","0","0","0","0","0","0","0","1","0","","67","03","2023","1","40.05","-75.007","0300","06","0","0","0","0","0","0","0","0","","0","0","0","02","3","0","00","N","0","40 02:59.880","","00","75 00:25.290","0","0","0","0","67301","0","0","0","N","0","0","0","1","67301","0","","6","01","","N","N","N","0","","0","0","1","0","0","","0210","0","2","0","0","0","0","0","2","0","2","03","03","N","","","","","","","","","","",""
"2023018667","1930","1","0","0","0","0","0","0","0","0","4","0","","67","02","2023","6","40.064","-75.0596","1920","06","0","0","0","0","0","0","0","1","","0","0","0","18","3","1","01","","1","40 03:50.306","2","00","75 03:34.568","4","0","0","0","67301","0","0","0","N","0","0","0","3","67301","1","","1","01","1945","N","N","N","0","","0","0","1","3","3","N","1858","1","2","0","0","0","0","1","2","0","2","03","03","N","","","","","","","","","","",""