"CRN","ARRIVAL_TM","AUTOMOBILE_COUNT","BELTED_DEATH_COUNT","BELTED_SUSP_SERIOUS_INJ_COUNT","BICYCLE_COUNT","BICYCLE_DEATH_COUNT","BICYCLE_SUSP_SERIOUS_INJ_COUNT","BUS_COUNT","CHLDPAS_DEATH_COUNT","CHLDPAS_SUSP_SERIOUS_INJ_COUNT","COLLISION_TYPE","COMM_VEH_COUNT","CONS_ZONE_SPD_LIM","COUNTY","CRASH_MONTH","CRASH_YEAR","DAY_OF_WEEK","DEC_LAT","DEC_LONG","DISPATCH_TM","DISTRICT","DRIVER_COUNT_16YR","DRIVER_COUNT_17YR","DRIVER_COUNT_18YR","DRIVER_COUNT_19YR","DRIVER_COUNT_20YR","DRIVER_COUNT_50_64YR","DRIVER_COUNT_65_74YR","DRIVER_COUNT_75PLUS","EST_HRS_CLOSED","FATAL_COUNT","HEAVY_TRUCK_COUNT","HORSE_BUGGY_COUNT","HOUR_OF_DAY","ILLUMINATION","INJURY_COUNT","INTERSECT_TYPE","INTERSECTION_RELATED","LANE_CLOSED","LATITUDE","LN_CLOSE_DIR","LOCATION_TYPE","LONGITUDE","MAX_SEVERITY_LEVEL","MCYCLE_DEATH_COUNT","MCYCLE_SUSP_SERIOUS_INJ_COUNT","MOTORCYCLE_COUNT","MUNICIPALITY","NONMOTR_COUNT","NONMOTR_DEATH_COUNT","NONMOTR_SUSP_SERIOUS_INJ_COUNT","NTFY_HIWY_MAINT","PED_COUNT","PED_DEATH_COUNT","PED_SUSP_SERIOUS_INJ_COUNT","PERSON_COUNT","POLICE_AGCY","POSSIBLE_INJ_COUNT","RDWY_SURF_TYPE_CD","RELATION_TO_ROAD","ROAD_CONDITION","ROADWAY_CLEARED","SCH_BUS_IND","SCH_ZONE_IND","SECONDARY_CRASH","SMALL_TRUCK_COUNT","SPEC_JURIS_CD","SUSP_MINOR_INJ_COUNT","SUSP_SERIOUS_INJ_COUNT","SUV_COUNT","TCD_FUNC_CD","TCD_TYPE","TFC_DETOUR_IND","TIME_OF_DAY","TOT_INJ_COUNT","TOTAL_UNITS","UNB_DEATH_COUNT","UNB_SUSP_SERIOUS_INJ_COUNT","UNBELTED_OCC_COUNT","UNK_INJ_DEG_COUNT","UNK_INJ_PER_COUNT","URBAN_RURAL","VAN_COUNT","VEHICLE_COUNT","WEATHER1","WEATHER2","WORK_ZONE_IND","WORK_ZONE_LOC","WORK_ZONE_TYPE","WORKERS_PRES","WZ_CLOSE_DETOUR","WZ_FLAGGER","WZ_LAW_OFFCR_IND","WZ_LN_CLOSURE","WZ_MOVING","WZ_OTHER","WZ_SHLDER_MDN","WZ_WORKERS_INJ_KILLED"
"2023007897","","0","0","0","0","0","0","0","0","0","1","0","","67","01","2023","5","40.0118","-75.0602","","06","0","0","0","0","0","0","0","0","","0","0","0","15","1","2","00","N","0","40 00:42.368","","00","75 03:36.874","8","0","0","0","67301","0","0","0","N","0","0","0","3","00000","0","","1","01","","","","N","0","","0","0","0","0","0","","1520","2","2","0","0","0","2","0","2","0","2","03","","N","","","","","","","","","","",""
"2023019518","2000","0","0","0","0","0","0","0","0","0","8","0","","67","02","2023","6","39.9976","-75.1704","2000","06","0","0","0","0","0","1","0","0","","0","0","0","20","2","1","01","","0","39 59:51.453","","00","75 10:13.490","3","0","0","0","67301","1","0","0","N","1","0","0","2","67301","0","","1","01","","N","N","N","0","","1","0","1","3","3","","2000","1","2","0","0","0","0","0","2","0","1","03","03","N","","","","","","","","","","",""
"2023019937","0350","1","0","0","0","0","0","0","0","0","4","0","","67","02","2023","1","39.9234","-75.1717","0337","06","0","0","0","0","0","0","0","0","","0","0","0","02","3","0","01","","0","39 55:24.254","","00","75 10:18.012","0","0","0","0","67301","0","0","0","N","0","0","0","2","67301","0","","1","01","","N","N","N","0","","0","0","1","3","3","","0237","0","2","0","0","1","0","0","2","0","2","03","03","N","","","","","","","","","","",""
"2023019385","0250","2","0","0","0","0","0","0","0","0","4","0","","67","02","2023","1","40.0595","-75.052","0245","06","0","0","0","0","0","0","0","0","","0","0","0","02","3","0","01","","0","40 03:34.246","","00","75 03:07.165","9","0","0","0","67301","0","0","0","N","0","0","0","5","67301","0","","1","01","","N","N","N","0","","0","0","0","3","2","","0240","0","2","0","0","0","0","1","2","0","2","03","03","N","","","","","","","","","","",""
"2023020432","0531","0","0","0","0","0","0","0","0","0","8","0","","67","02","2023","5","39.9925","-75.1401","0527","06","0","0","0","0","0","0","0","0","","0","0","0","05","3","1","00","N","0","39 59:33.040","","00","75 08:24.420","3","0","0","0","67301","1","0","0","N","1","0","0","2","67301","0","","1","01","","N","N","N","1","","1","0","0","0","0","","0527","1","2","0","0","1","0","0","2","0","1","03","03","N","","","","","","","","","","",""
"2023031870","2326","1","0","0","0","0","0","0","0","0","4","0","","67","04","2023","1","40.0994","-75.0208","2320","06","0","0","0","0","0","0","0","0","","0","0","0","23","3","1","00","N","0","40 05:57.720","","00","75 01:14.860","4","0","0","0","67301","0","0","0","N","0","0","0","1","67301","1","","1","01","","N","N","N","0","","0","0","2","0","0","","2311","1","3","0","0","0","0","0","2","0","3","03","03","N","","","","","","","","","","",""
"2023021702","1340","1","0","0","0","0","0","0","0","0","7","0","","67","03","2023","1","39.9189","-75.1867","1327","06","0","0","0","0","0","0","0","0","","0","0","0","13","1","1","00","N","0","39 55:07.860","","00","75 11:12.190","3","0","0","0","67301","0","0","0","N","0","0","0","1","67301","0","","4","01","","N","N","N","0","","1","0","0","0","0","","1300","1","1","0","0","0","0","0","2","0","1","03","03","N","","","","","","","","","","",""
"2023023194","1952","0","0","0","0","0","0","0","0","0","5","0","","67","03","2023","5","40.0371","-75.0398","1943","06","0","0","0","0","0","1","0","0","","0","0","0","19","3","1","02","","1","40 02:13.534","2","00","75 02:23.460","3","0","0","1","67301","0","0","0","N","0","0","0","4","67301","0","","1","01","2015","N","N","N","0","","1","0","1","0","0","N","1942","1","2","0","0","0","0","0","2","0","2","03","03","N","","","","","","","","","","",""
"2023024838","2253","2","0","0","0","0","0","0","0","0","5","0","","67","03","2023","2","40.0027","-75.1944","2253","06","0","0","1","0","0","0","0","0","","0","0","0","22","3","0","00","N","0","40 00:09.863","","00","75 11:39.982","0","0","0","0","67301","0","0","0","N","0","0","0","3","68K01","0","","1","01","","N","N","N","0","","0","0","0","0","0","","2245","0","2","0","0","0","0","0","2","0","2","03","","N","","","","","","","","","","",""
"2023031869","1043","0","0","0","0","0","0","0","0","0","8","0","","67","04","2023","1","40.1014","-75.0266","1036","06","0","0","0","0","0","0","0","0","","0","0","0","10","1","1","00","N","0","40 06:05.020","","07","75 01:35.800","3","0","0","0","67301","1","0","0","N","1","0","0","2","67301","0","","1","01","","N","N","N","0","","1","0","1","0","0","","1030","1","2","0","0","0","0","0","2","0","1","03","03","N","","","","","","","","","","",""
"2023033419","0845","0","0","0","0","0","0","0","0","0","7","0","","67","04","2023","1","39.9834","-75.2082","0830","06","0","0","0","0","0","0","0","0","","0","0","0","08","1","0","00","N","1","39 59:00.341","3","00","75 12:29.587","9","0","0","0","67301","0","0","0","N","0","0","0","1","68K01","0","","5","01","0845","N","N","N","0","","0","0","1","0","0","Y","0817","0","1","0","0","0","0","1","2","0","1","03","","N","","","","","","","","","","",""
"2023020141","2359","1","0","0","0","0","0","1","0","0","3","1","","67","02","2023","3","40.0378","-75.129","2348","06","0","0","0","0","0","0","0","0","","0","0","0","20","3","1","00","N","0","40 02:16.130","","00","75 07:44.290","3","0","0","0","67301","0","0","0","N","0","0","0","2","67301","0","","1","99","","N","N","N","0","","1","0","0","0","0","","2027","1","2","0","0","0","0","0","2","0","2","99","","N","","","","","","","","","","",""
"2023022043","0315","0","0","0","0","0","0","0","0","0","7","0","","67","03","2023","1","39.9753","-75.1683","0315","06","0","0","0","0","0","0","0","0","","0","0","0","02","3","1","02","","0","39 58:31.032","","00","75 10:05.818","3","0","0","0","67301","0","0","0","N","0","0","0","2","67301","0","","5","01","","N","N","N","0","","1","0","1","0","0","","0245","1","1","0","0","0","0","0","2","0","1","03","","N","","","","","","","","","","",""
"2023021713","0023","1","0","0","0","0","0","0","0","0","1","0","","67","03","2023","3","40.1308","-75.0161","0021","06","0","0","0","0","0","0","0","0","","0","0","0","00","3","1","00","N","0","40 07:50.718","","00","75 00:57.799","3","0","0","0","67301","0","0","0","N","0","0","0","1","67301","0","","6","01","","N","N","N","0","","1","0","2","0","0","","0020","1","3","0","0","0","0","0","2","0","3","03","","N","","","","","","","","","","",""
"2023021748","1548","0","0","0","0","0","0","0","0","0","4","0","","67","03","2023","1","39.9954","-75.1055","1545","06","0","0","0","0","0","0","1","0","","0","0","0","15","1","1","01","","0","39 59:43.551","","00","75 06:19.875","4","0","0","0","67301","0","0","0","N","0","0","0","5","67301","1","","1","01","","N","N","N","2","","0","0","0","3","2","","1544","1","2","0","0","1","0","2","2","0","2","03","03","N","","","","","","","","","","",""
"2023033604","1714","1","0","0","0","0","0","0","0","0","8","0","","67","02","2023","5","40.0159","-75.1538","1704","06","0","0","0","0","0","0","0","0","","0","0","0","15","1","1","01","","0","40 00:57.144","","00","75 09:13.828","3","0","0","0","67301","1","0","0","N","1","0","0","2","67301","0","","1","01","","N","Y","N","0","","1","0","0","3","2","","1530","1","2","0","0","1","0","0","2","0","1","03","03","N","","","","","","","","","","",""
"2023016478","0135","2","0","0","0","0","0","0","0","0","4","0","","67","02","2023","1","40.0548","-75.1527","0134","06","0","0","0","0","0","0","0","0","","0","0","0","01","3","4","01","","0","40 03:17.355","","00","75 09:09.820","3","0","0","0","67301","0","0","0","N","0","0","0","4","67301","0","","1","01","","N","N","N","0","","4","0","0","3","2","","0127","4","2","0","0","0","0","0","2","0","2","03","03","N","","","","","","","","","","",""
"2023032219","0915","0","0","0","0","0","0","0","0","0","7","0","","67","04","2023","3","40.0605","-75.0434","0903","06","0","0","0","0","0","0","0","0","","0","0","0","09","1","0","00","N","0","40 03:37.644","","00","75 02:36.316","0","0","0","0","67301","0","0","0","N","0","0","0","2","67301","0","","5","01","","N","N","N","0","","0","0","1","0","0","","0902","0","1","0","0","0","0","0","2","0","1","03","03","N","","","","","","","","","","",""
"2023028381","0035","0","0","0","0","0","0","1","0","0","5","1","","67","03","2023","6","39.9731","-75.1937","0000","06","0","0","0","0","0","1","0","1","","0","0","0","22","3","1","00","N","0","39 58:23.198","","00","75 11:37.419","8","0","0","0","67301","0","0","0","N","0","0","0","3","67508","0","","1","09","","N","N","N","0","","0","0","1","0","0","","2258","1","2","0","0","1","1","0","2","0","2","07","07","N","","","","","","","","","","",""
"2023025520","1750","2","0","0","0","0","0","0","0","0","4","0","","67","03","2023","2","40.0254","-75.0733","1750","06","0","0","0","0","0","0","0","0","","0","0","0","17","1","1","01","","2","40 01:31.360","1","00","75 04:23.920","4","0","0","0","67301","0","0","0","N","0","0","0","3","67301","1","","1","01","1830","N","N","N","0","","0","0","0","3","2","Y","1750","1","2","0","0","0","0","2","2","0","2","03","","N","","","","","","","","","","",""
"2023018951","2312","0","0","0","1","0","0","0","0","0","8","0","","67","02","2023","4","39.9554","-75.2","2311","06","0","0","0","0","0","0","0","0","","0","0","0","23","3","1","01","","0","39 57:19.264","","00","75 11:59.814","3","0","0","0","67301","1","0","0","N","0","0","0","2","67301","0","","1","01","","N","N","N","0","","1","0","1","3","2","","2310","1","2","0","0","0","0","0","2","0","1","03","","N","","","","","","","","","","",""
"2023019951","1703","0","0","0","0","0","0","0","0","0","5","0","","67","02","2023","4","39.9877","-75.225","1703","06","0","0","0","0","0","1","0","0","","0","0","0","16","1","1","02","","0","39 59:15.615","","00","75 13:29.927","3","0","0","0","67301","0","0","0","N","0","0","0","2","67301","0","","1","99","","N","N","N","0","","1","0","1","3","2","","1635","1","2","0","0","0","0","0","2","0","2","04","04","N","","","","","","","","","","",""
"2023033973","2338","1","0","0","0","0","0","0","0","0","4","0","","67","04","2023","6","40.0101","-75.1576","2333","06","0","0","0","0","0","0","0","0","","0","0","0","22","3","0","01","","0","40 00:36.265","","00","75 09:27.402","0","0","0","0","67301","0","0","0","N","0","0","0","1","67301","0","","1","01","","N","N","N","0","","0","0","1","3","2","","2249","0","2","0","0","0","0","0","2","0","2","03","","N","","","","","","","","","","",""
"2023024016","2007","0","0","0","0","0","0","0","0","0","4","0","","67","03","2023","5","40.0049","-75.1539","2007","06","0","0","0","0","0","1","1","0","","0","0","0","14","1","1","01","","0","40 00:17.592","","00","75 09:13.976","8","0","0","0","67301","0","0","0","N","0","0","0","2","67301","0","","1","99","","N","N","N","0","","0","0","1","3","2","","1445","1","2","0","0","0","1","0","2","1","2","99","","N","","","","","","","","","","",""
"2023022655","2346","1","0","0","0","0","0","0","0","0","1","0","","67","03","2023","5","40.0366","-75.0645","2340","06","0","0","0","0","0","0","0","0","","0","0","0","23","3","0","01","","0","40 02:11.921","","00","75 03:51.645","0","0","0","0","67301","0","0","0","N","0","0","0","2","67301","0","","1","01","","N","N","N","0","","0","0","0","3","2","","2332","0","2","0","0","0","0","0","2","1","2","03","","N","","","","","","","","","","",""
"2023020218","0325","1","0","0","0","0","0","0","0","0","4","0","","67","03","2023","4","39.9485","-75.2057","0320","06","0","0","0","0","0","0","0","0","","0","0","0","03","3","0","01","","0","39 56:54.661","","00","75 12:20.448","0","0","0","0","67301","0","0","0","N","0","0","0","1","67301","0","","1","09","","N","N","N","0","","0","0","2","3","3","","0305","0","3","0","0","0","0","0","2","0","3","03","03","N","","","","","","","","","","",""
"2023032123","2240","1","0","0","0","0","0","0","0","0","1","0","","67","04","2023","7","39.9726","-75.1234","2240","06","0","0","0","0","0","0","0","0","","0","0","0","22","3","1","05","","0","39 58:21.055","","02","75 07:24.731","3","0","0","0","67301","0","0","0","N","0","0","0","2","67301","0","","1","01","","N","N","N","0","","1","0","1","3","2","","2230","1","2","0","0","0","0","0","2","0","2","03","03","N","","","","","","","","","","",""
"2023018957","0053","0","0","0","0","0","0","0","0","0","4","0","","67","02","2023","1","39.9711","-75.2287","0051","06","0","0","0","0","0","0","0","0","","0","0","0","00","3","0","01","","0","39 58:15.920","","00","75 13:43.424","9","0","0","0","67301","0","0","0","N","0","0","0","2","67301","0","","1","01","","N","N","N","0","","0","0","1","3","2","","0045","0","2","0","0","0","0","1","2","0","2","03","03","N","","","","","","","","","","",""
"2023033969","2252","1","0","0","0","0","0","0","0","0","8","0","","67","02","2023","1","40.0136","-75.1587","2250","06","0","0","0","0","0","0","0","0","","0","0","0","22","3","1","02","","0","40 00:49.075","","00","75 09:31.275","3","0","0","0","67301","1","0","0","N","1","0","0","2","67301","0","","1","01","","N","N","N","0","","1","0","0","3","2","","2204","1","2","0","0","1","0","0","2","0","1","03","03","N","","","","","","","","","","",""
"2023033959","1903","0","0","0","0","0","0","0","0","0","8","0","","67","04","2023","6","39.9506","-75.194","1903","06","0","0","0","0","0","0","1","0","","0","0","0","19","4","1","00","N","0","39 57:02.250","","00","75 11:38.430","4","0","0","0","67301","1","0","0","N","1","0","0","2","67301","1","","1","01","","N","N","N","0","","0","0","1","0","0","","1900","1","2","0","0","0","0","0","2","0","1","03","","N","","","","","","","","","","",""
"2023022562","1735","0","0","0","0","0","0","0","0","0","8","0","","67","03","2023","5","39.9157","-75.1677","1723","06","0","0","0","0","0","1","0","0","","0","0","0","16","1","1","00","N","0","39 54:56.640","","00","75 10:03.680","8","0","0","0","67301","1","0","0","N","1","0","0","2","67301","0","","1","01","","N","N","N","1","","0","0","0","0","0","","1605","1","2","0","0","0","1","0","2","0","1","03","","N","","","","","","","","","","",""
"2023032221","2040","1","0","0","0","0","0","0","0","0","8","0","","67","03","2023","3","39.9738","-75.2196","2035","06","0","0","0","0","0","0","0","0","","1","0","0","20","3","0","00","N","2","39 58:25.520","6","00","75 13:10.656","1","0","0","0","67301","1","1","0","N","1","1","0","3","67301","0","8","6","01","2307","N","N","N","0","0","0","0","1","0","0","Y","2025","0","3","0","0","0","0","1","2","0","2","03","03","N","","","","","","","","","","",""
"2023022929","0717","1","0","0","0","0","0","0","0","0","4","0","","67","02","2023","7","40.013","-75.1194","0717","06","0","0","0","0","0","0","0","0","","0","0","0","07","5","2","01","","0","40 00:46.715","","00","75 07:09.796","3","0","0","0","67301","0","0","0","N","0","0","0","2","67301","0","","1","01","","N","N","N","0","","2","0","1","3","2","","0717","2","2","0","0","0","0","0","2","0","2","03","03","N","","","","","","","","","","",""
"2023028596","1929","2","0","0","0","0","0","0","0","0","1","0","","67","03","2023","7","40.0027","-75.0781","1918","06","0","0","0","0","0","0","0","0","","0","0","0","19","3","1","00","N","0","40 00:09.710","","03","75 04:40.997","8","0","0","0","67301","0","0","0","N","0","0","0","6","68K01","0","","1","01","","N","N","N","0","","0","0","1","0","0","","1917","1","3","0","0","0","1","0","2","0","3","03","03","N","","","","","","","","","","",""
"2023023501","1621","0","0","0","0","0","0","0","0","0","4","0","","67","03","2023","3","39.9933","-75.0918","1605","06","0","0","0","0","0","0","0","0","","0","0","0","16","1","1","02","","0","39 59:35.700","","07","75 05:30.400","3","0","0","1","67301","0","0","0","N","0","0","0","2","67301","0","","1","01","","N","N","N","1","","1","0","0","0","0","","1600","1","2","0","0","0","0","0","2","0","2","03","03","N","","","","","","","","","","",""
"2023025570","1040","1","0","0","0","0","0","0","0","0","4","0","","67","03","2023","4","39.9741","-75.1179","1035","06","0","0","0","0","0","0","0","0","","0","0","0","10","1","0","01","","0","39 58:26.639","","01","75 07:04.374","0","0","0","0","67301","0","0","0","N","0","0","0","1","67301","0","","1","01","","N","N","N","0","","0","0","2","3","2","","1030","0","3","0","0","0","0","0","2","0","3","03","03","N","","","","","","","","","","",""
"2023022032","0817","0","0","0","0","0","0","0","0","0","5","0","","67","03","2023","3","39.9576","-75.1457","0816","06","0","0","0","0","0","1","0","0","","0","0","0","08","1","0","01","","0","39 57:27.431","","00","75 08:44.473","9","0","0","0","67301","0","0","0","N","0","0","0","2","67301","0","","1","01","","N","N","N","0","","0","0","1","3","2","","0813","0","2","0","0","0","0","1","2","0","2","03","","N","","","","","","","","","","",""
"2023025521","1550","1","0","0","0","0","0","0","0","0","4","0","","67","03","2023","6","40.0221","-75.0631","1550","06","0","0","0","0","0","2","0","0","","0","0","0","15","1","0","01","","0","40 01:19.336","","00","75 03:47.357","0","0","0","0","67301","0","0","0","N","0","0","0","2","67301","0","","1","09","","N","N","N","0","","0","0","1","3","2","","1530","0","2","0","0","0","0","0","2","0","2","07","","N","","","","","","","","","","",""
"2023033975","0317","0","0","0","0","0","0","0","0","0","4","0","","67","04","2023","7","40.0105","-75.1608","0317","06","0","0","0","0","0","0","0","0","","0","0","0","03","3","2","01","","0","40 00:37.740","","00","75 09:38.779","3","0","0","0","67301","0","0","0","N","0","0","0","2","67301","0","","1","01","","N","N","N","0","","2","0","1","3","3","","0306","2","2","0","0","0","0","0","2","0","2","03","","N","","","","","","","","","","",""
"2023024279","0632","1","0","0","0","0","0","0","0","0","7","0","55","67","03","2023","7","40.0347","-75.0191","0616","06","0","0","0","0","0","0","0","0","","0","0","0","06","1","1","00","N","0","40 02:05.033","","03","75 01:08.607","8","0","0","0","67301","0","0","0","N","0","0","0","1","68K01","0","","3","09","","N","N","N","0","","0","0","0","0","0","","0610","1","1","0","0","0","1","0","2","0","1","07","04","Y","2","1","N","","","N","Y","","","","N"
"2023021707","1735","0","0","0","0","0","0","0","0","0","5","0","","67","03","2023","2","39.9277","-75.1564","1729","06","0","0","0","0","0","0","0","0","","0","0","0","17","1","0","00","N","1","39 55:39.610","3","00","75 09:23.200","0","0","0","0","67301","0","0","0","N","0","0","0","1","67301","0","","6","01","1930","N","N","N","0","","0","0","2","0","0","Y","1717","0","2","0","0","0","0","0","2","0","2","03","03","N","","","","","","","","","","",""
"2023018111","0850","1","0","0","0","0","0","0","0","0","5","0","","67","02","2023","3","40.0189","-75.149","0846","06","0","0","0","0","0","1","0","0","","0","0","0","07","1","0","00","N","0","40 01:07.936","","00","75 08:56.540","9","0","0","0","67301","0","0","0","N","0","0","0","2","67301","0","","1","09","","N","N","N","0","","0","0","1","0","0","","0744","0","2","0","0","1","0","1","2","0","2","04","04","N","","","","","","","","","","",""
"2023020890","1632","2","0","0","0","0","0","0","0","0","5","0","","67","03","2023","1","39.982","-75.1605","1629","06","0","0","0","0","0","1","0","0","","0","0","0","16","1","0","00","N","0","39 58:55.200","","00","75 09:37.800","0","0","0","0","67301","0","0","0","N","0","0","0","1","67505","0","","6","01","","N","N","N","0","","0","0","0","0","0","","1629","0","2","0","0","1","0","0","2","0","2","03","","N","","","","","","","","","","",""
"2023022045","0117","2","0","0","0","0","0","0","0","0","1","0","","67","03","2023","3","39.9925","-75.1548","0108","06","0","0","0","0","0","0","0","0","","0","0","0","00","3","0","00","N","0","39 59:33.129","","00","75 09:17.170","0","0","0","0","67301","0","0","0","N","0","0","0","1","67301","0","","6","01","","N","N","N","0","","0","0","1","0","0","","0045","0","3","0","0","1","0","0","2","0","3","03","","N","","","","","","","","","","",""
"2023033967","0730","1","0","0","0","0","0","0","0","0","5","0","","67","01","2023","3","40.0094","-75.1524","0730","06","0","0","0","0","0","0","0","0","","0","0","0","07","5","1","00","N","1","40 00:33.848","4","00","75 09:08.555","4","0","0","0","67301","0","0","0","N","0","0","0","2","67301","1","","1","01","0800","N","N","N","0","","0","0","1","0","0","N","0725","1","2","0","0","1","0","0","2","0","2","03","03","N","","","","","","","","","","",""
"2023022703","1231","2","0","0","0","0","0","0","0","0","4","0","","67","03","2023","7","40.0047","-75.1521","1230","06","0","0","0","0","0","1","0","0","","0","0","0","12","1","1","01","","1","40 00:16.937","1","00","75 09:08.069","8","0","0","0","67301","0","0","0","N","0","0","0","6","67505","0","","1","01","1245","N","N","N","0","","0","0","1","3","2","N","1230","1","3","0","0","0","1","0","2","0","3","03","03","N","","","","","","","","","","",""
"2023034959","1026","0","0","0","0","0","0","0","0","0","4","1","","67","04","2023","4","40.0286","-75.2056","1010","06","0","0","0","0","0","0","0","0","","0","1","0","09","1","0","01","","0","40 01:43.127","","00","75 12:20.099","0","0","0","0","67301","0","0","0","N","0","0","0","2","67301","0","","1","01","","N","N","N","0","","0","0","0","3","2","","0927","0","2","0","0","0","0","0","2","1","2","03","03","N","","","","","","","","","","",""
"2023033605","1723","1","0","0","0","0","0","0","0","0","1","0","","67","02","2023","4","40.0126","-75.1504","1723","06","0","0","0","0","0","0","0","0","","0","0","0","00","6","0","00","N","0","40 00:45.387","","00","75 09:01.445","0","0","0","0","67301","0","0","0","N","0","0","0","2","67301","0","","1","99","","N","N","N","0","","0","0","0","0","0","","0001","0","2","0","0","1","0","0","2","1","2","99","","N","","","","","","","","","","",""
"2023022277","0227","1","0","0","0","0","0","0","0","0","5","0","","67","03","2023","6","39.9477","-75.2397","0227","06","0","0","0","0","0","0","0","0","","0","0","0","02","3","0","00","N","0","39 56:51.580","","00","75 14:22.900","0","0","0","0","67301","0","0","0","N","0","0","0","1","67301","0","","6","01","","N","N","N","0","","0","0","1","0","0","","0204","0","2","0","0","0","0","0","2","0","2","03","03","N","","","","","","","","","","",""
"2023018952","2045","1","0","0","0","0","0","0","0","0","4","0","","67","02","2023","5","39.9531","-75.1819","2030","06","0","0","1","0","0","0","0","0","","0","0","0","20","3","2","01","","2","39 57:11.198","3","08","75 10:54.916","8","0","0","0","67301","0","0","0","N","0","0","0","2","67301","0","","1","01","0200","N","N","N","0","","0","0","1","3","2","Y","2000","2","2","0","0","0","2","0","2","0","2","03","","N","","","","","","","","","","",""
"2023032559","1545","2","0","0","0","0","0","0","0","0","1","0","","67","04","2023","7","40.0127","-75.0587","1523","06","0","0","0","0","0","1","0","0","","0","0","0","15","1","1","00","N","0","40 00:45.605","","00","75 03:31.146","3","0","0","0","67301","0","0","0","N","0","0","0","3","68K01","0","","1","01","","N","N","N","0","","1","0","1","0","0","","1500","1","3","0","0","0","0","0","2","0","3","03","","N","","","","","","","","","","",""
"2023020021","1654","1","0","0","0","0","0","0","0","0","7","0","","67","02","2023","1","39.9124","-75.1739","1651","06","0","1","0","0","0","0","0","0","","0","0","0","16","1","0","07","","2","39 54:44.600","3","08","75 10:26.000","0","0","0","0","67301","0","0","0","N","0","0","0","1","67501","0","","7","01","1715","N","N","N","0","","0","0","0","3","8","Y","1615","0","1","0","0","0","0","0","2","0","1","03","03","N","","","","","","","","","","",""
"2023031828","0034","1","0","0","0","0","0","0","0","0","98","0","","67","04","2023","3","40.0501","-74.9932","0030","06","0","0","0","0","0","0","0","0","","0","0","0","00","3","1","00","N","2","40 03:00.233","2","00","74 59:35.374","3","0","0","0","67301","0","0","0","N","0","0","0","1","68K01","0","","1","01","0045","N","N","N","0","","1","0","0","0","0","N","0023","1","1","0","0","0","0","0","2","0","1","03","","N","","","","","","","","","","",""
"2023017832","1641","1","0","0","0","0","0","0","0","0","4","0","","67","02","2023","4","40.0404","-75.0689","1640","06","0","0","1","0","0","0","0","0","","0","0","0","03","2","1","01","","0","40 02:25.364","","00","75 04:07.935","4","0","0","0","67301","0","0","0","N","0","0","0","3","67301","1","","1","01","","N","N","N","0","","0","0","1","3","3","","0340","1","2","0","0","2","0","0","2","0","2","04","04","N","","","","","","","","","","",""
"2023023054","0105","0","0","0","1","0","0","0","0","0","8","0","","67","03","2023","1","39.9503","-75.1917","0055","06","0","0","0","0","0","0","0","0","","0","0","0","18","1","1","01","","0","39 57:01.078","","00","75 11:30.262","3","0","0","0","67301","1","0","0","N","0","0","0","2","67301","0","","1","01","","N","N","N","0","","1","0","1","3","2","","1845","1","2","0","0","0","0","0","2","0","1","03","03","N","","","","","","","","","","",""
"2023018179","1301","1","0","0","0","0","0","0","0","0","4","0","","67","02","2023","6","39.9413","-75.2274","1159","06","0","0","0","0","0","1","0","0","","0","0","0","11","1","1","02","","0","39 56:28.705","","00","75 13:38.513","3","0","0","0","67301","0","0","0","N","0","0","0","2","67301","0","","1","01","","N","N","N","0","","1","0","1","3","3","","1157","1","2","0","0","0","0","1","2","0","2","03","03","N","","","","","","","","","","",""
"2023021725","0930","0","0","0","0","0","0","0","0","0","4","0","","67","02","2023","2","40.0313","-75.0662","0925","06","0","0","0","0","0","2","0","0","","0","0","0","08","1","2","01","","0","40 01:52.663","","00","75 03:58.341","4","0","0","0","67301","0","0","0","N","0","0","0","2","67301","1","","1","01","","N","N","N","0","","0","0","2","3","3","","0815","2","2","0","0","0","1","0","2","0","2","03","03","N","","","","","","","","","","",""
"2023033390","1529","2","0","0","0","0","0","0","0","0","1","0","","67","03","2023","4","39.9419","-75.1941","1514","06","0","0","0","0","0","0","0","0","","0","0","0","15","1","1","00","N","0","39 56:30.706","","00","75 11:38.784","3","0","0","0","67301","0","0","0","N","0","0","0","2","68K01","0","","1","01","","N","N","N","0","","1","0","0","0","0","","1510","1","2","0","0","0","0","0","2","0","2","03","03","N","","","","","","","","","","",""
"2023019944","0730","0","0","0","0","0","0","0","0","0","1","0","","67","02","2023","3","39.9566","-75.2098","0730","06","0","0","0","0","0","0","0","0","","0","0","0","07","1","1","01","","0","39 57:23.634","","00","75 12:35.058","3","0","0","0","67301","0","0","0","N","0","0","0","4","67301","0","","1","01","","N","N","Y","1","","1","0","2","3","2","","0730","1","3","0","0","0","0","0","2","0","3","03","03","N","","","","","","","","","","",""
"2023019134","1030","0","0","0","0","0","0","0","0","0","4","0","","67","02","2023","3","39.9847","-75.1439","1017","06","0","0","0","0","0","2","0","0","","0","0","0","10","1","0","01","","0","39 59:04.941","","00","75 08:37.921","0","0","0","0","67301","0","0","0","N","0","0","0","2","67505","0","","1","09","","N","N","N","0","","0","0","1","2","2","","1017","0","2","0","0","0","0","0","2","1","2","07","04","N","","","","","","","","","","",""