"CRN","ARRIVAL_TM","AUTOMOBILE_COUNT","BELTED_DEATH_COUNT","BELTED_SUSP_SERIOUS_INJ_COUNT","BICYCLE_COUNT","BICYCLE_DEATH_COUNT","BICYCLE_SUSP_SERIOUS_INJ_COUNT","BUS_COUNT","CHLDPAS_DEATH_COUNT","CHLDPAS_SUSP_SERIOUS_INJ_COUNT","COLLISION_TYPE","COMM_VEH_COUNT","CONS_ZONE_SPD_LIM","COUNTY","CRASH_MONTH","CRASH_YEAR","DAY_OF_WEEK","DEC_LAT","DEC_LONG","DISPATCH_TM","DISTRICT","DRIVER_COUNT_16YR","DRIVER_COUNT_17YR","DRIVER_COUNT_18YR","DRIVER_COUNT_19YR","DRIVER_COUNT_20YR","DRIVER_COUNT_50_64YR","DRIVER_COUNT_65_74YR","DRIVER_COUNT_75PLUS","EST_HRS_CLOSED","FATAL_COUNT","HEAVY_TRUCK_COUNT","HORSE_BUGGY_COUNT","HOUR_OF_DAY","ILLUMINATION","INJURY_COUNT","INTERSECT_TYPE","INTERSECTION_RELATED","LANE_CLOSED","LATITUDE","LN_CLOSE_DIR","LOCATION_TYPE","LONGITUDE","MAX_SEVERITY_LEVEL","MCYCLE_DEATH_COUNT","MCYCLE_SUSP_SERIOUS_INJ_COUNT","MOTORCYCLE_COUNT","MUNICIPALITY","NONMOTR_COUNT","NONMOTR_DEATH_COUNT","NONMOTR_SUSP_SERIOUS_INJ_COUNT","NTFY_HIWY_MAINT","PED_COUNT","PED_DEATH_COUNT","PED_SUSP_SERIOUS_INJ_COUNT","PERSON_COUNT","POLICE_AGCY","POSSIBLE_INJ_COUNT","RDWY_SURF_TYPE_CD","RELATION_TO_ROAD","ROAD_CONDITION","ROADWAY_CLEARED","SCH_BUS_IND","SCH_ZONE_IND","SECONDARY_CRASH","SMALL_TRUCK_COUNT","SPEC_JURIS_CD","SUSP_MINOR_INJ_COUNT","SUSP_SERIOUS_INJ_COUNT","SUV_COUNT","TCD_FUNC_CD","TCD_TYPE","TFC_DETOUR_IND","TIME_OF_DAY","TOT_INJ_COUNT","TOTAL_UNITS","UNB_DEATH_COUNT","UNB_SUSP_SERIOUS_INJ_COUNT","UNBELTED_OCC_COUNT","UNK_INJ_DEG_COUNT","UNK_INJ_PER_COUNT","URBAN_RURAL","VAN_COUNT","VEHICLE_COUNT","WEATHER1","WEATHER2","WORK_ZONE_IND","WORK_ZONE_LOC","WORK_ZONE_TYPE","WORKERS_PRES","WZ_CLOSE_DETOUR","WZ_FLAGGER","WZ_LAW_OFFCR_IND","WZ_LN_CLOSURE","WZ_MOVING","WZ_OTHER","WZ_SHLDER_MDN","WZ_WORKERS_INJ_KILLED"
"2023030239","0618","0","0","0","0","0","0","0","0","0","7","0","","67","03","2023","6","40.0021","-75.1442","0617","06","0","0","0","0","0","0","1","0","","0","0","0","06","1","1","05","","0","40 00:07.581","","00","75 08:39.242","3","0","0","0","67301","0","0","0","N","0","0","0","1","67301","0","","5","01","","N","N","N","0","","1","0","1","3","2","","0615","1","1","0","0","0","0","0","2","0","1","03","03","N","","","","","","","","","","",""
"2023028641","1617","2","0","0","0","0","0","0","0","0","4","0","","67","03","2023","5","39.9969","-75.1412","1617","06","0","0","0","0","0","0","0","0","","0","0","0","16","1","0","01","","0","39 59:48.940","","00","75 08:28.230","0","0","0","0","67301","0","0","0","N","0","0","0","2","67301","0","","1","01","","N","N","N","0","","0","0","0","3","2","","1614","0","2","0","0","0","0","0","2","0","2","03","03","N","","","","","","","","","","",""
"2023027645","1725","1","0","0","0","0","0","0","0","0","8","0","","67","03","2023","1","40.0496","-75.0596","1725","06","0","0","0","0","0","0","0","0","","0","0","0","17","1","1","02","","0","40 02:58.380","","07","75 03:34.550","3","0","0","0","67301","1","0","0","N","1","0","0","2","67301","0","","1","01","","N","N","N","0","","1","0","0","3","3","","1720","1","2","0","0","0","0","0","2","0","1","03","03","N","","","","","","","","","","",""
"2023041638","0219","2","0","0","0","0","0","0","0","0","2","0","","67","05","2023","7","40.0885","-75.044","0212","06","0","0","0","0","1","0","0","0","","0","0","0","02","3","0","01","","0","40 05:18.426","","00","75 02:38.540","0","0","0","0","67301","0","0","0","N","0","0","0","2","67301","0","","1","01","","N","N","N","0","","0","0","0","3","2","","0210","0","2","0","0","0","0","0","2","0","2","03","03","N","","","","","","","","","","",""
"2023028842","1018","1","0","0","0","0","0","0","0","0","4","0","","67","03","2023","6","40.0655","-75.0525","1011","06","0","0","0","0","0","0","0","0","","0","0","0","10","1","1","01","","0","40 03:55.911","","00","75 03:09.031","3","0","0","0","67301","0","0","0","N","0","0","0","2","67301","0","","1","01","","N","N","N","0","","1","0","0","3","2","","1005","1","2","0","0","0","0","0","2","0","2","04","04","N","","","","","","","","","","",""
"2023027650","2121","1","0","0","0","0","0","0","0","0","4","0","","67","03","2023","1","40.0825","-75.0497","2117","06","0","0","0","0","0","1","0","0","","0","0","0","21","3","0","02","","0","40 04:57.039","","00","75 02:58.768","0","0","0","0","67301","0","0","0","N","0","0","0","2","67301","0","","1","01","","N","N","N","0","","0","0","0","3","2","","2114","0","2","0","0","0","0","0","2","1","2","03","03","N","","","","","","","","","","",""
"2023040741","1830","0","0","0","0","0","0","0","0","0","7","0","90","67","05","2023","7","39.9558","-75.187","1827","06","0","0","0","0","0","0","0","0","","0","0","0","18","1","0","00","N","2","39 57:20.935","5","00","75 11:13.031","9","0","0","0","67301","0","0","0","N","0","0","0","1","67301","0","","5","01","0000","N","N","N","0","","0","0","1","3","7","Y","1819","0","1","0","0","0","0","1","2","0","1","03","03","Y","4","1","Y","N","N","Y","Y","N","N","N","N"
"2023041731","1700","3","0","0","0","0","0","1","0","0","4","1","","67","05","2023","2","39.9725","-75.2599","1658","06","1","0","1","0","0","0","0","0","","0","0","0","16","1","0","03","","1","39 58:20.914","4","00","75 15:35.592","0","0","0","0","67301","0","0","0","N","0","0","0","4","67301","0","","1","01","1810","N","N","Y","0","","0","0","0","3","2","Y","1653","0","4","0","0","2","0","0","2","0","4","03","","N","","","","","","","","","","",""
"2023028363","1600","1","0","0","0","0","0","0","0","0","8","0","","67","03","2023","4","40.0312","-75.0217","1550","06","0","0","0","0","0","1","0","0","","0","0","0","15","1","1","02","","0","40 01:52.399","","00","75 01:18.206","3","0","0","0","67301","1","0","0","N","1","0","0","2","67301","0","","1","01","","N","N","N","0","","1","0","0","3","2","","1548","1","2","0","0","0","0","0","2","0","1","03","03","N","","","","","","","","","","",""
"2023031001","2342","2","0","0","0","0","0","0","0","0","5","0","","67","03","2023","3","39.9854","-75.2422","2338","06","0","0","0","0","0","0","0","0","","0","0","0","23","3","0","00","N","0","39 59:07.390","","00","75 14:31.750","9","0","0","0","67301","0","0","0","N","0","0","0","1","67301","0","","6","01","","N","N","N","1","","0","0","0","0","0","","2332","0","3","0","0","0","0","1","2","0","3","03","03","N","","","","","","","","","","",""
"2023028481","1804","0","0","0","1","0","0","0","0","0","8","0","","67","03","2023","5","39.9602","-75.1909","1803","06","0","0","0","0","0","0","0","0","","0","0","0","18","1","1","01","","2","39 57:36.745","2","00","75 11:27.211","3","0","0","0","67301","1","0","0","N","0","0","0","3","67507","0","","1","01","1910","N","N","N","0","","1","0","1","3","2","N","1802","1","2","0","0","0","0","0","2","0","1","03","03","N","","","","","","","","","","",""
"2023040249","1136","1","0","0","0","0","0","0","0","0","7","0","","67","04","2023","7","40.0402","-75.0063","1136","06","0","0","0","0","0","0","0","0","","0","0","0","11","1","1","00","N","0","40 02:24.586","","00","75 00:22.655","8","0","0","0","67301","0","0","0","N","0","0","0","1","68K01","0","","5","09","","N","N","N","0","","0","0","0","0","0","","1136","1","1","0","0","0","1","0","2","0","1","07","07","N","","","","","","","","","","",""
"2023030489","0851","1","0","0","0","0","0","0","0","0","4","0","","67","03","2023","6","40.0359","-75.0424","0851","06","0","0","0","0","0","0","0","0","","0","0","0","08","1","2","01","","0","40 02:09.501","","00","75 02:33.041","3","0","0","0","67301","0","0","0","N","0","0","0","2","67301","0","","1","01","","N","N","N","0","","2","0","1","3","2","","0850","2","2","0","0","0","0","0","2","0","2","03","03","N","","","","","","","","","","",""
"2023041109","1920","0","0","0","1","0","1","0","0","0","8","0","","67","05","2023","6","39.9582","-75.2172","1919","06","0","0","0","0","0","0","0","0","","0","0","0","19","1","1","01","","0","39 57:29.661","","00","75 13:01.812","2","0","0","0","67301","1","0","1","N","0","0","0","2","67301","0","","2","01","","N","N","N","0","","0","1","1","0","0","","1918","1","2","0","0","0","0","1","2","0","1","03","03","N","","","","","","","","","","",""
"2023027777","1412","3","0","0","0","0","0","0","0","0","1","0","","67","03","2023","2","40.0252","-75.1594","1359","06","0","0","0","0","0","0","0","0","","0","0","0","13","1","1","00","Y","0","40 01:30.720","","00","75 09:33.740","3","0","0","0","67301","0","0","0","N","0","0","0","5","67301","0","","1","01","","N","N","N","0","","1","0","0","3","2","","1330","1","3","0","0","1","0","0","2","0","3","03","","N","","","","","","","","","","",""
"2023034672","1830","1","0","0","0","0","0","0","0","0","4","0","","67","03","2023","6","40.0257","-75.0554","1820","06","0","0","0","0","0","0","0","0","","0","0","0","18","1","1","01","","0","40 01:32.498","","00","75 03:19.485","3","0","0","1","67301","0","0","0","N","0","0","0","2","67301","0","","1","01","","N","N","N","0","","1","0","0","3","2","","1800","1","2","0","0","1","0","0","2","0","2","03","","N","","","","","","","","","","",""
"2023040734","1640","0","0","0","0","0","0","0","0","0","4","0","","67","05","2023","7","40.0808","-75.0286","1630","06","0","0","0","0","0","0","0","0","","0","0","0","16","1","1","01","","0","40 04:51.077","","00","75 01:43.585","3","0","0","0","67301","0","0","0","N","0","0","0","2","67301","0","","1","01","","N","N","N","0","","1","0","2","3","2","","1621","1","2","0","0","0","0","0","2","0","2","03","03","N","","","","","","","","","","",""
"2023034401","2225","1","0","0","0","0","0","0","0","0","1","0","","67","04","2023","1","40.0545","-75.1565","2225","06","0","0","0","0","0","0","0","0","","0","0","0","21","3","2","02","","0","40 03:16.208","","00","75 09:23.249","3","0","0","0","67301","0","0","0","N","0","0","0","3","67301","0","","1","01","","N","N","N","1","","2","0","0","0","0","","2120","2","2","0","0","0","0","1","2","0","2","04","03","N","","","","","","","","","","",""
"2023033596","1720","0","0","0","0","0","0","0","0","0","4","0","","67","04","2023","5","39.961","-75.2335","1714","06","0","0","0","0","0","1","0","0","","0","0","0","14","1","1","02","","0","39 57:39.678","","07","75 14:00.767","4","0","0","1","67301","0","0","0","N","0","0","0","2","67301","1","","1","01","","N","N","N","0","","0","0","1","0","0","","1448","1","2","0","0","1","0","0","2","0","2","03","03","N","","","","","","","","","","",""
"2023040600","1205","3","0","0","0","0","0","0","0","0","5","0","","67","03","2023","1","39.9006","-75.1559","1203","06","0","0","1","1","0","0","0","0","","0","0","0","11","1","2","00","N","2","39 54:02.125","2","00","75 09:21.306","8","0","0","0","67301","0","0","0","N","0","0","0","5","68K01","0","","1","01","1250","N","N","N","0","","0","0","0","0","0","N","1156","2","3","0","0","0","2","0","2","0","3","03","","N","","","","","","","","","","",""
"2023032127","1222","0","0","0","0","0","0","0","0","0","8","0","","67","03","2023","5","40.0295","-75.1252","1221","06","0","0","0","0","0","0","0","0","","0","0","0","12","1","1","00","N","0","40 01:46.120","","00","75 07:30.590","8","0","0","0","67301","1","0","0","N","1","0","0","2","67301","0","","1","01","","N","N","N","1","","0","0","0","0","0","","1219","1","2","0","0","0","1","0","2","0","1","03","03","N","","","","","","","","","","",""
"2023028087","1948","3","0","0","0","0","0","0","0","0","4","0","","67","03","2023","2","39.9434","-75.2323","1928","06","0","0","0","0","0","0","0","0","","0","0","0","19","4","1","01","","0","39 56:36.138","","00","75 13:56.392","3","0","0","0","67301","0","0","0","N","0","0","0","2","67301","0","","1","09","","N","N","N","0","","1","0","0","3","2","","1924","1","3","0","0","0","0","0","2","0","3","03","","N","","","","","","","","","","",""
"2023028880","1340","2","0","0","0","0","0","0","0","0","4","0","","67","03","2023","6","39.9724","-75.1592","1330","06","0","0","0","0","0","0","0","1","","0","0","0","13","1","1","02","","0","39 58:20.610","","00","75 09:33.539","3","0","0","0","67301","0","0","0","N","0","0","0","2","67505","0","","1","01","","N","N","N","0","","1","0","1","3","3","","1330","1","3","0","0","0","0","0","2","0","3","03","","N","","","","","","","","","","",""
"2023042070","0957","1","0","0","0","0","0","0","0","0","7","1","","67","05","2023","5","39.9765","-75.1144","0946","06","0","0","0","0","0","0","0","0","","0","1","0","09","1","1","00","N","1","39 58:35.502","2","03","75 06:51.924","8","0","0","0","67301","0","0","0","N","0","0","0","2","68K01","0","","2","01","1015","N","N","N","0","","0","0","0","0","0","N","0941","1","2","0","0","0","1","0","2","0","2","03","","N","","","","","","","","","","",""
"2023033183","1920","1","0","0","0","0","0","0","0","0","4","0","","67","03","2023","2","40.0187","-75.1479","1915","06","0","0","0","0","0","0","0","0","","0","0","0","19","3","2","00","N","0","40 01:07.287","","07","75 08:52.434","3","0","0","0","67301","0","0","0","N","0","0","0","3","67301","0","","1","09","","N","N","N","0","","2","0","1","0","0","","1913","2","2","0","0","0","0","0","2","0","2","07","03","N","","","","","","","","","","",""
"2023040496","1000","2","0","0","0","0","0","0","0","0","4","0","","67","05","2023","5","40.0706","-75.1846","1000","06","0","0","0","0","0","0","0","1","","0","0","0","10","1","1","01","","0","40 04:13.992","","00","75 11:04.733","3","0","0","0","67301","0","0","0","N","0","0","0","1","67301","0","","1","01","","N","N","N","0","","1","0","0","3","2","","1000","1","2","0","0","0","0","0","2","0","2","03","","N","","","","","","","","","","",""
"2023029096","2029","1","0","0","0","0","0","0","0","0","5","0","","67","03","2023","6","39.9203","-75.2268","2027","06","0","0","0","0","0","0","0","0","","0","0","0","20","3","1","00","N","0","39 55:13.230","","00","75 13:36.630","8","0","0","0","67301","0","0","0","N","0","0","0","2","67301","0","","1","01","","N","N","Y","0","","0","0","4","0","0","","2019","1","5","0","0","0","1","1","2","0","5","03","03","N","","","","","","","","","","",""
"2023029175","1720","1","0","0","0","0","0","0","0","0","4","0","","67","03","2023","5","40.0775","-75.0438","1720","06","0","0","0","0","0","0","1","0","","0","0","0","17","1","0","02","","0","40 04:39.438","","00","75 02:37.836","0","0","0","0","67301","0","0","0","N","0","0","0","2","67301","0","","1","01","","N","N","N","0","","0","0","1","3","2","","1720","0","2","0","0","0","0","0","2","0","2","03","03","N","","","","","","","","","","",""
"2023028085","1145","1","0","0","0","0","0","0","0","0","8","0","","67","03","2023","2","39.9194","-75.1654","1138","06","0","0","0","0","0","0","0","0","","0","0","0","11","1","1","01","","0","39 55:09.944","","00","75 09:55.360","3","0","0","0","67301","1","0","0","N","1","0","0","2","67301","0","","1","01","","N","N","N","0","","1","0","0","3","3","","1130","1","2","0","0","0","0","1","2","0","1","03","03","N","","","","","","","","","","",""
"2023042265","1518","1","0","0","0","0","0","0","0","0","1","0","","67","04","2023","2","39.9684","-75.1296","1512","06","0","1","0","0","0","0","0","0","","0","0","0","14","1","3","00","N","0","39 58:06.180","","00","75 07:46.384","3","0","0","0","67301","0","0","0","N","0","0","0","4","68K01","0","","1","01","","N","N","N","0","","1","0","1","0","0","","1451","3","2","0","0","0","2","0","2","0","2","03","03","N","","","","","","","","","","",""
"2023041637","2334","1","0","0","0","0","0","0","0","0","7","0","","67","05","2023","6","40.1235","-75.0154","2325","06","0","0","0","0","0","1","0","0","","0","0","0","23","3","0","02","","0","40 07:24.748","","00","75 00:55.269","0","0","0","0","67301","0","0","0","N","0","0","0","1","67301","0","","5","09","","N","N","N","0","","0","0","0","0","0","","2313","0","1","0","0","0","0","0","2","0","1","07","07","N","","","","","","","","","","",""
"2023039103","1838","0","0","0","0","0","0","0","0","0","5","0","","67","03","2023","4","39.9197","-75.212","1828","06","0","0","0","0","0","0","0","0","","0","0","0","18","1","1","00","N","1","39 55:10.840","2","00","75 12:43.270","8","0","0","1","67301","0","0","0","N","0","0","0","2","68K01","0","","1","01","1932","N","N","N","0","","0","0","1","0","0","N","1819","1","2","0","0","0","1","0","2","0","2","03","","N","","","","","","","","","","",""
"2023041107","1925","2","0","0","0","0","0","0","0","0","6","0","","67","05","2023","7","40.0514","-75.1633","1925","06","0","0","0","0","0","0","0","0","","0","0","0","19","1","1","00","N","0","40 03:05.010","","00","75 09:47.980","3","0","0","0","67301","0","0","0","N","0","0","0","1","67301","0","","1","01","","N","N","N","0","","1","0","0","0","0","","1925","1","3","0","0","0","0","0","2","1","3","03","03","N","","","","","","","","","","",""
"2023027160","0720","0","0","0","0","0","0","0","0","0","4","0","","67","03","2023","1","39.9784","-75.1557","0718","06","0","0","0","0","1","0","0","0","","0","0","0","07","1","0","01","","1","39 58:42.153","4","00","75 09:20.570","0","0","0","0","67301","0","0","0","N","0","0","0","4","67505","0","","1","01","0030","N","N","Y","0","","0","0","2","3","2","Y","0718","0","2","0","0","1","0","0","2","0","2","03","03","N","","","","","","","","","","",""
"2023028292","0433","1","0","0","0","0","0","0","0","0","5","0","","67","03","2023","3","40.0268","-75.1143","0426","06","0","0","0","0","0","0","0","0","","0","0","0","03","3","0","00","N","0","40 01:36.286","","00","75 06:52.902","0","0","0","0","67301","0","0","0","N","0","0","0","2","67301","0","","1","01","","N","N","N","0","","0","0","1","3","2","","0331","0","2","0","0","0","0","0","2","0","2","03","03","N","","","","","","","","","","",""
"2023031362","2256","2","0","0","0","0","0","0","0","0","1","0","55","67","03","2023","4","39.9981","-75.0815","2254","06","0","0","0","0","0","1","0","0","","0","0","0","22","3","1","00","N","1","39 59:53.213","2","03","75 04:53.300","4","0","0","0","67301","0","0","0","N","0","0","0","3","68K01","1","","1","01","2258","N","N","N","0","","0","0","0","3","8","N","2251","1","3","0","0","0","0","1","2","0","3","03","","Y","4","1","Y","N","N","Y","Y","N","N","N","N"
"2023030837","2344","2","0","0","0","0","0","0","0","0","5","0","","67","03","2023","4","39.9525","-75.2349","2340","06","0","0","0","0","0","0","0","0","","0","0","0","23","3","0","00","N","0","39 57:09.030","","00","75 14:05.730","0","0","0","0","67301","0","0","0","N","0","0","0","1","67301","0","","6","99","","N","N","N","0","","0","0","1","0","0","","2339","0","3","0","0","1","0","0","2","0","3","03","03","N","","","","","","","","","","",""
"2023029183","1637","1","0","0","0","0","0","0","0","0","1","0","","67","03","2023","5","39.9946","-75.0945","1633","06","0","0","0","0","0","0","1","0","","0","0","0","16","1","0","01","","1","39 59:40.935","2","00","75 05:40.542","9","0","0","0","67301","0","0","0","N","0","0","0","5","67301","0","","1","01","1740","N","N","N","0","","0","0","1","3","2","Y","1632","0","2","0","0","0","0","1","2","0","2","03","03","N","","","","","","","","","","",""
"2023042282","1500","0","0","0","0","0","0","0","0","0","1","0","","67","04","2023","6","39.9648","-75.1853","1440","06","0","0","0","0","0","0","0","0","","0","0","0","14","1","1","00","N","0","39 57:53.298","","00","75 11:07.207","4","0","0","0","67301","0","0","0","N","0","0","0","3","68K01","1","","1","09","","N","N","N","0","","0","0","2","0","0","","1432","1","2","0","0","0","0","0","2","0","2","07","07","N","","","","","","","","","","",""
"2023033593","2013","1","0","1","0","0","0","0","0","0","4","0","","67","04","2023","5","40.0541","-75.1555","2013","06","0","0","0","0","0","1","0","0","","0","0","0","20","4","5","01","","1","40 03:14.655","7","00","75 09:19.900","2","0","0","0","67301","0","0","0","N","0","0","0","5","67301","0","","1","01","2105","N","N","N","1","","1","2","0","3","2","N","2010","5","2","0","0","0","2","0","2","0","2","03","03","N","","","","","","","","","","",""
"2023031878","0651","1","0","0","0","0","0","0","0","0","5","0","","67","04","2023","3","39.9584","-75.1877","0650","06","0","0","0","0","0","0","0","0","","0","0","0","06","1","0","00","N","1","39 57:30.200","1","00","75 11:15.600","0","0","0","0","67301","0","0","0","N","0","0","0","1","67507","0","","6","01","9999","N","N","N","0","","0","0","2","0","0","N","0645","0","3","0","0","0","0","0","2","0","3","03","03","N","","","","","","","","","","",""
"2023041669","1355","0","0","0","0","0","0","0","0","0","1","0","","67","02","2023","7","39.9925","-75.0856","1338","06","0","0","0","0","0","0","0","0","","0","0","0","13","1","0","00","N","2","39 59:33.101","2","00","75 05:08.179","0","0","0","0","67301","0","0","0","N","0","0","0","3","68K01","0","","1","01","1400","N","N","N","0","","0","0","3","3","8","N","1336","0","3","0","0","0","0","0","2","0","3","04","10","N","","","","","","","","","","",""
"2023041577","2143","1","0","0","0","0","0","0","0","0","5","0","","67","04","2023","4","40.0549","-74.9852","2141","06","0","0","0","0","0","0","0","0","","0","0","0","21","3","1","00","N","1","40 03:17.784","2","00","74 59:06.541","8","0","0","0","67301","0","0","0","N","0","0","0","2","68K01","0","","1","01","2222","N","N","N","0","","0","0","1","0","0","N","2139","1","2","0","0","0","1","0","2","0","2","03","03","N","","","","","","","","","","",""
"2023033607","2050","0","0","0","0","0","0","0","0","0","1","0","","67","04","2023","7","39.9997","-75.1746","2050","06","0","0","0","0","0","0","0","0","","0","0","0","20","1","0","00","N","0","39 59:59.000","","00","75 10:28.500","9","0","0","0","67301","0","0","0","N","0","0","0","3","67301","0","","6","09","","N","N","N","1","","0","0","2","0","0","","2050","0","3","0","0","0","0","3","2","0","3","03","03","N","","","","","","","","","","",""
"2023029094","0107","0","0","0","0","0","0","0","0","0","8","0","","67","03","2023","5","39.918","-75.1799","0107","06","0","0","0","0","0","0","0","0","","0","0","0","19","1","1","00","N","0","39 55:04.690","","00","75 10:47.490","3","0","0","1","67301","1","0","0","N","1","0","0","2","67301","0","","1","01","","N","N","N","0","","1","0","0","0","0","","1900","1","2","0","0","0","0","0","2","0","1","03","03","N","","","","","","","","","","",""
"2023027649","1035","0","0","0","0","0","0","0","0","0","4","0","","67","03","2023","1","40.0594","-75.0445","1030","06","0","0","0","0","0","1","0","0","","0","0","0","10","1","2","01","","2","40 03:33.392","2","03","75 02:40.479","3","0","0","0","67301","0","0","0","N","0","0","0","5","67301","0","","1","01","1115","N","N","N","0","","2","0","2","3","2","Y","1020","2","3","0","0","0","0","0","2","1","3","03","03","N","","","","","","","","","","",""
"2023032222","1644","0","0","0","0","0","0","0","0","0","8","0","","67","04","2023","3","39.9909","-75.1551","1643","06","0","0","0","0","0","0","0","0","","0","0","0","16","1","1","01","","0","39 59:27.061","","00","75 09:18.508","3","0","0","0","67301","1","0","0","N","1","0","0","2","67301","0","","1","01","","N","N","N","0","","1","0","0","3","1","","1642","1","2","0","0","0","0","1","2","0","1","03","04","N","","","","","","","","","","",""
"2023033352","1438","0","0","0","0","0","0","0","0","0","4","0","","67","04","2023","5","39.9548","-75.2179","1433","06","0","0","0","0","0","1","1","0","","0","0","0","14","1","2","01","","0","39 57:17.373","","00","75 13:04.418","8","0","0","0","67301","0","0","0","N","0","0","0","3","67301","0","","1","01","","N","N","N","0","","0","0","1","3","2","","1409","2","2","0","0","0","2","0","2","1","2","03","03","N","","","","","","","","","","",""
"2023031864","1000","2","0","0","0","0","0","0","0","0","4","0","","67","04","2023","2","40.069","-75.0867","0956","06","0","0","0","0","0","2","0","0","","0","0","0","09","1","2","00","N","0","40 04:08.270","","07","75 05:11.960","8","0","0","0","67301","0","0","0","N","0","0","0","2","67301","0","","1","01","","N","N","N","0","","0","0","0","0","0","","0930","2","2","0","0","0","2","0","2","0","2","03","","N","","","","","","","","","","",""
"2023046232","1318","1","0","0","0","0","0","0","0","0","5","0","","67","05","2023","7","39.893","-75.224","1304","06","0","0","0","1","0","0","0","0","","0","0","0","12","1","1","00","N","0","39 53:34.940","","00","75 13:26.440","3","0","0","0","67301","0","0","0","N","0","0","0","2","67301","0","","1","01","","N","N","N","0","","1","0","1","3","2","","1234","1","2","0","0","0","0","1","2","0","2","03","03","N","","","","","","","","","","",""
"2023045188","1903","1","0","0","0","0","0","0","0","0","7","0","","67","05","2023","5","40.0316","-75.0215","1903","06","0","0","0","0","0","0","0","0","","0","0","0","19","1","0","00","N","1","40 01:53.638","2","00","75 01:17.477","0","0","0","0","67301","0","0","0","N","0","0","0","1","68K01","0","","4","09","1936","N","N","N","0","","0","0","0","0","0","N","1902","0","1","0","0","1","0","0","2","0","1","04","03","N","","","","","","","","","","",""
"2023046541","0235","0","0","0","0","0","0","0","0","0","7","0","","67","05","2023","1","39.9749","-75.1942","0233","06","0","0","0","0","0","0","0","0","","0","0","0","02","3","0","00","N","0","39 58:29.668","","00","75 11:39.237","0","0","0","0","67301","0","0","0","Y","0","0","0","1","68K01","0","","7","01","","N","N","N","0","","0","0","1","0","0","","0232","0","1","0","0","0","0","0","2","0","1","03","03","N","","","","","","","","","","",""
"2023033105","0123","2","0","0","0","0","0","0","0","0","4","0","","67","04","2023","6","39.9501","-75.1457","0119","06","0","0","0","0","1","0","0","0","","0","0","0","01","3","0","01","","2","39 57:00.425","1","00","75 08:44.425","0","0","0","0","67301","0","0","0","N","0","0","0","1","67301","0","","1","01","0200","N","N","Y","0","","0","0","1","3","2","Y","0108","0","3","0","0","0","0","0","2","0","3","03","","N","","","","","","","","","","",""
"2023027886","1313","0","0","0","0","0","0","0","0","0","8","0","","67","03","2023","2","39.9515","-75.2008","1313","06","0","0","0","0","0","0","0","0","","0","0","0","13","1","1","02","","0","39 57:05.248","","07","75 12:02.700","3","0","0","0","67301","1","0","0","N","1","0","0","2","67504","0","","1","01","","N","N","N","0","","1","0","1","3","2","","1311","1","2","0","0","0","0","0","2","0","1","03","","N","","","","","","","","","","",""
"2023036372","","1","0","0","0","0","0","0","0","0","4","0","","67","01","2023","2","40.0042","-75.0994","","06","0","0","0","0","0","1","0","0","","0","0","0","20","3","1","01","","0","40 00:15.118","","01","75 05:57.764","8","0","0","0","67301","0","0","0","N","0","0","0","2","00000","0","","1","01","","","","N","1","","0","0","0","3","2","","2030","1","2","0","0","1","1","0","2","0","2","03","","N","","","","","","","","","","",""
"2023028084","0045","2","0","0","0","0","0","0","0","0","4","0","","67","03","2023","3","40.0331","-75.107","0043","06","0","1","0","0","0","0","0","0","","0","0","0","00","3","0","01","","1","40 01:59.326","3","00","75 06:25.057","0","0","0","0","67301","0","0","0","N","0","0","0","2","67301","0","","1","01","0225","N","N","N","0","","0","0","0","3","2","N","0036","0","2","0","0","0","0","0","2","0","2","03","03","N","","","","","","","","","","",""
"2023028548","0013","3","0","0","0","0","0","0","0","0","4","0","","67","03","2023","4","39.9868","-75.1728","0010","06","0","0","0","0","0","0","0","0","","0","0","0","00","3","4","01","","0","39 59:12.544","","00","75 10:22.137","3","0","0","0","67301","0","0","0","N","0","0","0","4","67301","1","","1","01","","N","N","Y","0","","1","0","0","3","2","","0010","4","3","0","0","0","2","0","2","0","3","03","03","N","","","","","","","","","","",""
"2023019165","","2","0","0","0","0","0","0","0","0","1","0","","67","02","2023","1","39.9636","-75.1804","","06","0","0","0","0","0","0","0","0","","0","0","0","11","1","1","00","Y","0","39 57:49.055","","00","75 10:49.361","8","0","0","0","67301","0","0","0","N","0","0","0","6","00000","0","","1","01","","","","N","0","","0","0","0","3","2","","1122","1","3","0","0","1","1","0","2","0","3","03","","N","","","","","","","","","","",""
"2023039574","1920","1","0","0","0","0","0","0","0","0","8","0","","67","03","2023","6","39.9618","-75.2367","1915","06","0","0","0","0","0","0","0","0","","0","0","0","19","3","1","00","N","0","39 57:42.530","","00","75 14:12.250","8","0","0","0","67301","1","0","0","N","1","0","0","2","67301","0","","1","09","","N","N","N","0","","0","0","0","0","0","","1913","1","2","0","0","0","1","1","2","0","1","07","07","N","","","","","","","","","","",""
"2023040112","0535","2","0","0","0","0","0","0","0","0","1","0","","67","02","2023","7","39.9472","-75.1877","0528","06","0","0","0","0","0","1","0","0","","0","0","0","05","3","1","07","","2","39 56:45.100","4","08","75 11:23.000","8","0","0","0","67301","0","0","0","N","0","0","0","4","68K01","0","","7","01","0550","N","N","Y","0","","0","0","1","3","8","Y","0522","1","3","0","0","2","1","0","2","0","3","03","03","N","","","","","","","","","","",""