"CRN","ARRIVAL_TM","AUTOMOBILE_COUNT","BELTED_DEATH_COUNT","BELTED_SUSP_SERIOUS_INJ_COUNT","BICYCLE_COUNT","BICYCLE_DEATH_COUNT","BICYCLE_SUSP_SERIOUS_INJ_COUNT","BUS_COUNT","CHLDPAS_DEATH_COUNT","CHLDPAS_SUSP_SERIOUS_INJ_COUNT","COLLISION_TYPE","COMM_VEH_COUNT","CONS_ZONE_SPD_LIM","COUNTY","CRASH_MONTH","CRASH_YEAR","DAY_OF_WEEK","DEC_LAT","DEC_LONG","DISPATCH_TM","DISTRICT","DRIVER_COUNT_16YR","DRIVER_COUNT_17YR","DRIVER_COUNT_18YR","DRIVER_COUNT_19YR","DRIVER_COUNT_20YR","DRIVER_COUNT_50_64YR","DRIVER_COUNT_65_74YR","DRIVER_COUNT_75PLUS","EST_HRS_CLOSED","FATAL_COUNT","HEAVY_TRUCK_COUNT","HORSE_BUGGY_COUNT","HOUR_OF_DAY","ILLUMINATION","INJURY_COUNT","INTERSECT_TYPE","INTERSECTION_RELATED","LANE_CLOSED","LATITUDE","LN_CLOSE_DIR","LOCATION_TYPE","LONGITUDE","MAX_SEVERITY_LEVEL","MCYCLE_DEATH_COUNT","MCYCLE_SUSP_SERIOUS_INJ_COUNT","MOTORCYCLE_COUNT","MUNICIPALITY","NONMOTR_COUNT","NONMOTR_DEATH_COUNT","NONMOTR_SUSP_SERIOUS_INJ_COUNT","NTFY_HIWY_MAINT","PED_COUNT","PED_DEATH_COUNT","PED_SUSP_SERIOUS_INJ_COUNT","PERSON_COUNT","POLICE_AGCY","POSSIBLE_INJ_COUNT","RDWY_SURF_TYPE_CD","RELATION_TO_ROAD","ROAD_CONDITION","ROADWAY_CLEARED","SCH_BUS_IND","SCH_ZONE_IND","SECONDARY_CRASH","SMALL_TRUCK_COUNT","SPEC_JURIS_CD","SUSP_MINOR_INJ_COUNT","SUSP_SERIOUS_INJ_COUNT","SUV_COUNT","TCD_FUNC_CD","TCD_TYPE","TFC_DETOUR_IND","TIME_OF_DAY","TOT_INJ_COUNT","TOTAL_UNITS","UNB_DEATH_COUNT","UNB_SUSP_SERIOUS_INJ_COUNT","UNBELTED_OCC_COUNT","UNK_INJ_DEG_COUNT","UNK_INJ_PER_COUNT","URBAN_RURAL","VAN_COUNT","VEHICLE_COUNT","WEATHER1","WEATHER2","WORK_ZONE_IND","WORK_ZONE_LOC","WORK_ZONE_TYPE","WORKERS_PRES","WZ_CLOSE_DETOUR","WZ_FLAGGER","WZ_LAW_OFFCR_IND","WZ_LN_CLOSURE","WZ_MOVING","WZ_OTHER","WZ_SHLDER_MDN","WZ_WORKERS_INJ_KILLED"
"2023041588","1028","0","0","0","0","0","0","0","0","0","7","0","","67","04","2023","1","40.0073","-75.1999","1024","06","0","0","0","0","0","0","0","0","","0","0","0","10","1","1","00","N","1","40 00:26.393","4","00","75 11:59.613","8","0","0","0","67301","0","0","0","N","0","0","0","1","68K01","0","","5","09","1100","N","N","N","1","","0","0","0","0","0","N","1019","1","1","0","0","0","1","0","2","0","1","07","07","N","","","","","","","","","","",""
"2023033415","1557","2","0","0","0","0","0","0","0","0","1","0","","67","03","2023","5","40.0492","-74.996","1457","06","0","0","0","1","0","0","0","0","","0","0","0","14","1","0","06","","0","40 02:57.866","","02","74 59:42.046","0","0","0","0","67301","0","0","0","N","0","0","0","4","68K01","0","","7","01","","N","N","N","0","","0","0","0","0","0","","1455","0","2","0","0","0","0","0","2","0","2","03","03","N","","","","","","","","","","",""
"2023046303","1231","1","0","0","0","0","0","0","0","0","7","0","","67","04","2023","4","39.8967","-75.1903","1220","06","0","0","0","0","0","0","0","0","","0","0","0","12","1","0","00","N","1","39 53:48.092","1","03","75 11:25.020","0","0","0","0","67301","0","0","0","N","0","0","0","2","68K01","0","","2","01","1243","N","N","N","0","","0","0","0","0","0","Y","1220","0","1","0","0","0","0","0","2","0","1","03","","N","","","","","","","","","","",""
"2023033349","0142","0","0","0","0","0","0","0","0","0","1","0","","67","04","2023","7","40.0561","-75.0596","0136","06","0","0","0","0","0","0","0","0","","0","0","0","01","3","0","00","N","0","40 03:21.930","","00","75 03:34.450","9","0","0","0","67301","0","0","0","N","0","0","0","1","67301","0","","6","01","","N","N","Y","0","","0","0","2","0","0","","0134","0","2","0","0","0","0","1","2","0","2","03","03","N","","","","","","","","","","",""
"2023032108","1647","0","0","0","0","0","0","0","0","0","5","0","","67","04","2023","2","39.9422","-75.161","1646","06","0","0","0","0","0","1","0","0","","0","0","0","16","1","1","00","N","2","39 56:31.900","3","00","75 09:39.700","3","0","0","0","67301","0","0","0","N","0","0","0","1","67301","0","","6","01","1753","N","N","N","1","","1","0","1","0","0","Y","1600","1","2","0","0","1","0","0","2","0","2","03","","N","","","","","","","","","","",""
"2023027647","0730","1","0","0","0","0","0","0","0","0","5","0","","67","03","2023","1","39.93","-75.1643","0730","06","0","0","0","0","0","0","0","0","","0","0","0","06","1","0","00","N","2","39 55:47.820","4","00","75 09:51.310","0","0","0","0","67301","0","0","0","N","0","0","0","2","67301","0","","6","01","0900","N","N","N","0","","0","0","1","0","0","Y","0645","0","2","0","0","1","0","0","2","0","2","03","03","N","","","","","","","","","","",""
"2023040389","0315","1","0","0","0","0","0","0","0","0","7","0","","67","05","2023","7","40.0473","-75.1295","0314","06","0","0","0","0","0","0","0","0","","0","0","0","03","3","0","00","N","0","40 02:50.410","","00","75 07:46.270","0","0","0","0","67301","0","0","0","N","0","0","0","1","67301","0","","4","01","","N","N","N","0","","0","0","0","0","0","","0308","0","1","0","0","0","0","0","2","0","1","03","","N","","","","","","","","","","",""
"2023034402","1100","0","0","0","0","0","0","0","0","0","8","0","","67","03","2023","6","40.0819","-75.1716","1110","06","0","0","0","0","0","0","0","0","","0","0","0","14","1","1","01","","0","40 04:54.867","","00","75 10:17.881","3","0","0","0","67301","1","0","0","N","1","0","0","2","67301","0","","1","01","","N","N","Y","0","","1","0","0","3","2","","1400","1","2","0","0","0","0","1","2","0","1","03","","N","","","","","","","","","","",""
"2023040614","0634","0","0","0","0","0","0","0","0","0","5","1","","67","05","2023","3","39.9485","-75.1857","0626","06","0","0","0","0","0","0","0","0","","0","1","0","06","1","0","06","","1","39 56:54.730","4","02","75 11:08.323","0","0","0","0","67301","0","0","0","N","0","0","0","2","68K01","0","","7","01","0715","N","N","N","0","","0","0","1","3","4","N","0625","0","2","0","0","0","0","0","2","0","2","03","","N","","","","","","","","","","",""
"2023041376","0255","1","0","0","0","0","0","0","0","0","5","0","","67","02","2023","2","39.9305","-75.1987","0239","06","0","0","0","0","0","1","0","0","","0","0","0","02","3","2","00","N","2","39 55:49.799","3","00","75 11:55.344","3","0","0","0","67301","0","0","0","N","0","0","0","4","68K01","0","","1","01","0410","N","N","N","0","","2","0","3","0","0","Y","0234","2","4","0","0","0","0","0","2","0","4","03","","N","","","","","","","","","","",""
"2023034410","2130","2","0","0","0","0","0","0","0","0","6","0","","67","04","2023","6","40.0084","-75.1083","2125","06","0","0","0","0","0","1","0","0","","0","0","0","21","3","3","00","N","2","40 00:30.360","6","00","75 06:30.040","2","0","1","1","67301","0","0","0","N","0","0","0","5","67301","0","","1","01","0000","N","N","Y","0","","2","1","1","0","0","Y","2125","3","4","0","0","0","0","0","2","0","4","03","03","N","","","","","","","","","","",""
"2023034965","2350","1","0","0","0","0","0","0","0","0","5","0","","67","04","2023","6","39.978","-75.2506","2350","06","0","0","0","0","0","0","0","0","","0","0","0","23","3","0","00","N","0","39 58:40.800","","00","75 15:02.000","9","0","0","0","67301","0","0","0","N","0","0","0","1","67301","0","","6","01","","N","N","N","0","","0","0","1","0","0","","2346","0","2","0","0","0","0","1","2","0","2","03","03","N","","","","","","","","","","",""
"2023032118","2001","2","0","0","0","0","0","0","0","0","4","0","","67","03","2023","4","40.001","-75.148","1950","06","0","0","0","0","0","0","0","0","","0","0","0","19","3","3","01","","0","40 00:03.481","","00","75 08:52.906","3","0","0","0","67301","0","0","0","N","0","0","0","5","67301","0","","1","01","","N","N","N","0","","3","0","0","3","2","","1948","3","2","0","0","0","0","2","2","0","2","03","03","N","","","","","","","","","","",""
"2023028293","0332","1","0","0","0","0","0","0","0","0","8","0","","67","03","2023","3","40.0372","-75.1237","0324","06","0","0","0","0","0","0","0","0","","0","0","0","15","1","1","01","","0","40 02:13.740","","00","75 07:25.345","3","0","0","0","67301","1","0","0","N","1","0","0","2","67301","0","","1","01","","N","N","N","0","","1","0","0","3","2","","1500","1","2","0","0","1","0","0","2","0","1","03","03","N","","","","","","","","","","",""
"2023029851","1138","1","0","0","0","0","0","0","0","0","4","0","","67","03","2023","6","39.9638","-75.22","1134","06","0","0","0","0","0","1","0","0","","0","0","0","11","1","1","05","","0","39 57:49.815","","00","75 13:12.169","3","0","0","0","67301","0","0","0","N","0","0","0","3","67301","0","","1","01","","N","N","N","0","","1","0","1","3","2","","1132","1","2","0","0","0","0","0","2","0","2","03","","N","","","","","","","","","","",""
"2023041570","1429","1","0","0","0","0","0","0","0","0","1","0","","67","04","2023","5","39.9539","-75.1815","1429","06","1","0","0","0","0","0","0","0","","0","0","0","14","1","0","00","N","0","39 57:14.067","","00","75 10:53.366","0","0","0","0","67301","0","0","0","N","0","0","0","2","68K01","0","","1","01","","N","N","N","0","","0","0","1","0","0","","1429","0","2","0","0","0","0","0","2","0","2","03","03","N","","","","","","","","","","",""
"2023028843","1711","2","0","0","0","0","0","0","0","0","4","0","","67","03","2023","4","39.9149","-75.2376","1711","06","0","0","0","0","0","1","0","0","","0","0","0","17","1","3","01","","0","39 54:53.780","","00","75 14:15.367","3","0","0","0","67301","0","0","0","N","0","0","0","3","67301","0","","1","01","","N","N","N","0","","3","0","1","3","2","","1700","3","3","0","0","0","0","0","2","0","3","03","03","N","","","","","","","","","","",""
"2023040445","1204","0","0","0","0","0","0","0","0","0","7","0","","67","04","2023","7","39.9831","-75.208","1200","06","0","0","0","0","0","1","0","0","","0","0","0","11","1","0","00","N","0","39 58:59.308","","00","75 12:28.723","0","0","0","0","67301","0","0","0","N","0","0","0","1","68K01","0","","2","09","","N","N","N","1","","0","0","0","0","0","","1156","0","1","0","0","0","0","0","2","0","1","07","","N","","","","","","","","","","",""
"2023029324","0530","1","0","0","0","0","0","0","0","0","4","0","","67","03","2023","3","40.1162","-75.0121","0522","06","0","0","0","0","0","0","1","0","","0","0","0","05","3","0","01","","0","40 06:58.400","","00","75 00:43.463","0","0","0","0","67301","0","0","0","N","0","0","0","2","67301","0","","1","01","","N","N","N","1","","0","0","1","3","3","","0515","0","3","0","0","0","0","0","2","0","3","03","","N","","","","","","","","","","",""
"2023032117","0909","0","0","0","0","0","0","0","0","0","8","0","","67","03","2023","4","40.0074","-75.1252","0900","06","0","0","0","0","0","0","0","0","","0","0","0","07","1","1","02","","0","40 00:26.789","","00","75 07:30.615","3","0","0","0","67301","1","0","0","N","1","0","0","2","67301","0","","1","01","","N","N","N","0","","1","0","1","3","2","","0740","1","2","0","0","1","0","0","2","0","1","03","03","N","","","","","","","","","","",""
"2023029097","0753","1","0","0","0","0","0","0","0","0","4","0","","67","03","2023","4","39.9707","-75.2146","0753","06","0","0","0","0","0","1","0","0","","0","0","0","07","1","0","02","","0","39 58:14.472","","00","75 12:52.392","0","0","0","0","67301","0","0","0","N","0","0","0","2","67301","0","","1","01","","N","Y","N","0","","0","0","1","0","0","","0750","0","2","0","0","0","0","0","2","0","2","03","03","N","","","","","","","","","","",""
"2023027648","0715","0","0","0","0","0","0","0","0","0","5","0","","67","03","2023","2","39.924","-75.1612","0710","06","0","0","0","0","0","0","0","0","","0","0","0","06","3","0","00","N","0","39 55:26.500","","00","75 09:40.200","9","0","0","0","67301","0","0","0","N","0","0","0","1","67301","0","","6","01","","N","N","N","0","","0","0","3","0","0","","0613","0","3","0","0","1","0","1","2","0","3","03","","N","","","","","","","","","","",""
"2023041730","0810","1","0","0","0","0","0","0","0","0","2","0","","67","05","2023","6","39.9954","-75.2182","0750","06","0","0","0","0","0","1","0","0","","0","0","0","06","1","2","01","","0","39 59:43.313","","06","75 13:05.556","3","0","0","0","67301","0","0","0","N","0","0","0","2","67301","0","","1","01","","N","N","N","0","","2","0","1","3","2","","0630","2","2","0","0","0","0","0","2","0","2","03","03","N","","","","","","","","","","",""
"2023027222","1540","1","0","0","0","0","0","0","0","0","4","0","","67","03","2023","1","39.986","-75.1541","1538","06","0","0","0","0","0","0","0","0","","0","0","0","15","1","2","01","","0","39 59:09.661","","00","75 09:14.636","2","0","0","0","67301","0","0","0","N","0","0","0","6","67505","0","","1","01","","N","N","N","0","","1","1","1","3","2","","1538","2","2","0","1","1","0","0","2","0","2","03","03","N","","","","","","","","","","",""
"2023042102","2258","2","0","0","0","0","0","0","0","0","4","0","","67","05","2023","4","40.061","-75.1863","2258","06","0","0","1","0","0","0","0","0","","0","0","0","22","3","4","01","","0","40 03:39.520","","00","75 11:10.507","3","0","0","0","67301","0","0","0","N","0","0","0","4","67301","0","","1","01","","N","N","Y","0","","1","0","0","3","3","","2228","4","2","0","0","0","3","0","2","0","2","03","03","N","","","","","","","","","","",""
"2023040436","1543","0","0","0","0","0","0","0","0","0","1","0","","67","04","2023","2","39.8938","-75.2203","1543","06","0","0","0","0","0","0","0","0","","0","0","0","15","1","0","00","N","2","39 53:37.760","1","03","75 13:13.170","0","0","0","0","67301","0","0","0","N","0","0","0","2","68K01","0","","1","01","1620","N","N","N","0","","0","0","1","3","8","N","1543","0","2","0","0","0","0","0","2","1","2","03","03","N","","","","","","","","","","",""
"2023023244","","0","0","0","0","0","0","0","0","0","1","0","","67","02","2023","5","40.0159","-75.1113","","06","0","0","0","0","0","0","0","0","","0","0","0","11","1","1","01","","0","40 00:57.153","","00","75 06:40.849","8","0","0","0","67301","0","0","0","N","0","0","0","2","00000","0","","1","01","","","","N","0","","0","0","2","3","3","","1100","1","2","0","0","1","1","0","2","0","2","03","","N","","","","","","","","","","",""
"2023040110","0654","1","0","0","0","0","0","0","0","0","5","0","","67","02","2023","5","39.9725","-75.1221","0626","06","0","0","0","0","0","0","0","0","","0","0","0","06","3","0","00","N","1","39 58:21.060","2","03","75 07:19.549","0","0","0","0","67301","0","0","0","N","0","0","0","2","68K01","0","","2","01","0700","N","N","Y","0","","0","0","1","3","8","N","0616","0","2","0","0","1","0","0","2","0","2","03","03","N","","","","","","","","","","",""
"2023028289","1310","1","0","0","0","0","0","0","0","0","5","0","","67","03","2023","2","40.0095","-75.0814","1300","06","0","0","0","0","0","0","0","0","","0","0","0","16","1","0","00","N","0","40 00:34.222","","00","75 04:53.038","0","0","0","0","67301","0","0","0","N","0","0","0","1","67301","0","","6","01","","N","N","N","0","","0","0","0","0","0","","1600","0","2","0","0","0","0","0","2","0","2","03","03","N","","","","","","","","","","",""
"2023041334","0339","2","0","0","0","0","0","0","0","0","2","0","","67","05","2023","7","40.0575","-75.2334","0338","06","0","0","0","0","0","0","0","0","","0","0","0","03","2","1","00","N","0","40 03:27.034","","00","75 14:00.062","3","0","0","0","67301","0","0","0","N","0","0","0","1","67301","0","","9","01","","N","N","N","0","","1","0","0","3","2","","0330","1","2","0","0","0","0","0","2","0","2","03","03","N","","","","","","","","","","",""
"2023029845","1813","1","0","0","0","0","0","0","0","0","2","0","","67","03","2023","6","40.0545","-75.1563","1810","06","0","0","0","0","0","1","0","0","","0","0","0","18","1","1","00","N","0","40 03:16.024","","00","75 09:22.853","3","0","0","0","67301","0","0","0","N","0","0","0","1","67301","0","","6","01","","N","N","N","1","","1","0","2","0","0","","1809","1","4","0","0","1","0","0","2","0","4","03","","N","","","","","","","","","","",""
"2023028360","1735","0","0","0","0","0","0","0","0","0","4","0","","67","03","2023","3","40.1069","-75.0214","1726","06","0","0","0","0","0","1","0","0","","0","0","0","17","1","0","02","","0","40 06:24.814","","00","75 01:17.176","0","0","0","0","67301","0","0","0","N","0","0","0","2","67301","0","","1","01","","N","Y","N","0","","0","0","2","3","3","","1723","0","2","0","0","0","0","0","2","0","2","03","03","N","","","","","","","","","","",""
"2023027997","1935","1","0","0","0","0","0","0","0","0","1","0","","67","03","2023","2","40.0325","-75.0808","1928","06","0","0","0","0","0","0","0","0","","0","0","0","19","3","1","01","","0","40 01:57.052","","00","75 04:50.912","3","0","0","0","67301","0","0","0","N","0","0","0","2","67301","0","","1","09","","N","N","N","0","","1","0","1","3","2","","1925","1","2","0","0","0","0","0","2","0","2","07","07","N","","","","","","","","","","",""
"2023040245","1027","1","0","0","0","0","0","0","0","0","1","0","","67","04","2023","6","39.8871","-75.2156","1003","06","0","0","0","0","0","1","0","0","","0","0","0","10","1","0","00","N","0","39 53:13.440","","00","75 12:56.095","0","0","0","0","67301","0","0","0","N","0","0","0","5","68K01","0","","1","01","","N","N","N","0","","0","0","1","0","0","","1001","0","2","0","0","0","0","0","2","0","2","03","","N","","","","","","","","","","",""
"2023028638","2321","2","0","0","0","0","0","0","0","0","4","0","","67","03","2023","4","39.9601","-75.1734","2237","06","0","0","0","0","0","0","0","0","","0","0","0","22","3","2","01","","0","39 57:36.759","","00","75 10:25.229","3","0","0","0","67301","0","0","0","N","0","0","0","3","67301","0","","1","01","","N","N","N","0","","2","0","0","3","2","","2233","2","2","0","0","0","0","0","2","0","2","03","03","N","","","","","","","","","","",""
"2023029100","2132","0","0","0","0","0","0","0","0","0","4","0","","67","03","2023","6","40.0303","-75.1172","2127","06","0","0","0","0","0","0","0","0","","0","0","0","21","3","0","02","","2","40 01:49.155","2","00","75 07:02.031","0","0","0","0","67301","0","0","0","N","0","0","0","1","67301","0","","1","01","2149","N","N","N","0","","0","0","1","0","0","Y","2126","0","2","0","0","1","0","0","2","1","2","03","03","N","","","","","","","","","","",""
"2023040597","1610","2","0","0","0","0","0","0","0","0","1","0","","67","03","2023","2","39.9748","-75.1171","1608","06","0","0","0","0","0","0","0","1","","0","0","0","16","1","1","00","N","0","39 58:29.110","","00","75 07:01.388","8","0","0","0","67301","0","0","0","N","0","0","0","2","68K01","0","","1","09","","N","N","N","0","","0","0","0","0","0","","1602","1","2","0","0","0","1","1","2","0","2","07","","N","","","","","","","","","","",""
"2023028841","1127","2","0","0","0","0","0","0","0","0","4","0","","67","03","2023","4","40.119","-75.0184","1121","06","0","0","0","0","0","0","0","1","","0","0","0","08","1","2","00","N","0","40 07:08.530","","00","75 01:06.160","3","0","0","0","67301","0","0","0","N","0","0","0","3","67301","0","","1","01","","N","N","N","0","","2","0","0","0","0","","0855","2","2","0","0","0","0","0","2","0","2","03","03","N","","","","","","","","","","",""
"2023029351","2005","1","0","0","0","0","0","0","0","0","1","0","","67","04","2023","7","39.9075","-75.1431","2003","06","0","0","0","0","0","0","0","0","","0","0","0","20","3","0","00","N","1","39 54:27.062","3","03","75 08:35.034","0","0","0","0","67301","0","0","0","N","0","0","0","2","67501","0","","1","09","2040","N","N","N","0","","0","0","1","0","0","N","2000","0","2","0","0","0","0","0","2","0","2","03","03","N","","","","","","","","","","",""
"2023032884","0930","1","0","0","0","0","0","0","0","0","8","0","","67","04","2023","3","39.9244","-75.1696","0920","06","0","0","0","0","0","1","0","0","","0","0","0","08","1","1","01","","0","39 55:27.728","","00","75 10:10.600","8","0","0","0","67301","1","0","0","N","1","0","0","2","67301","0","","1","01","","N","N","N","0","","0","0","0","3","2","","0840","1","2","0","0","0","1","0","2","0","1","03","03","N","","","","","","","","","","",""
"2023032474","0945","0","0","0","0","0","0","0","0","0","4","0","","67","04","2023","4","40.0496","-75.0786","0933","06","0","0","0","0","0","0","0","0","","0","0","0","09","1","1","01","","0","40 02:58.631","","00","75 04:43.096","3","0","0","0","67301","0","0","0","N","0","0","0","3","67301","0","","1","01","","N","N","N","0","","1","0","1","3","2","","0900","1","2","0","0","0","0","0","2","1","2","03","03","N","","","","","","","","","","",""
"2023032110","1625","2","0","0","0","0","0","0","0","0","4","0","","67","04","2023","2","40.0636","-75.0216","1624","06","0","0","0","0","0","1","0","0","","0","0","0","14","1","1","00","N","0","40 03:49.000","","07","75 01:17.600","8","0","0","0","67301","0","0","0","N","0","0","0","2","67301","0","","1","01","","N","N","N","0","","0","0","0","0","0","","1400","1","2","0","0","0","1","1","2","0","2","03","03","N","","","","","","","","","","",""
"2023031872","1324","1","0","0","0","0","0","0","0","0","8","0","","67","04","2023","2","39.9546","-75.1648","1322","06","0","0","0","0","0","0","1","0","","0","0","0","13","1","1","01","","0","39 57:16.593","","00","75 09:53.411","3","0","0","0","67301","1","0","0","N","1","0","0","2","67301","0","","1","01","","N","N","N","0","","1","0","0","3","2","","1320","1","2","0","0","0","0","0","2","0","1","03","03","N","","","","","","","","","","",""
"2023046304","0135","2","0","0","0","0","0","0","0","0","5","0","","67","05","2023","3","39.9813","-75.2069","0130","06","0","0","0","1","0","0","0","0","","0","0","0","01","2","1","00","N","0","39 58:52.522","","00","75 12:24.784","8","0","0","0","67301","0","0","0","N","0","0","0","2","68K01","0","","4","08","","N","N","N","0","","0","0","0","0","0","","0130","1","2","0","0","0","1","0","2","0","2","07","07","N","","","","","","","","","","",""
"2023033106","1022","1","0","0","0","0","0","0","0","0","4","0","","67","04","2023","3","40.1031","-75.0297","1017","06","0","0","0","0","0","0","1","0","","0","0","0","10","1","1","00","N","0","40 06:11.110","","07","75 01:47.070","8","0","0","0","67301","0","0","0","N","0","0","0","2","67301","0","","1","01","","N","N","N","0","","0","0","1","0","0","","1010","1","2","0","0","0","1","1","2","0","2","03","03","N","","","","","","","","","","",""
"2023027422","0157","1","0","0","0","0","0","0","0","0","4","0","","67","03","2023","1","40.0652","-75.1456","0157","06","0","0","0","0","0","1","0","0","","0","0","0","01","3","0","02","","0","40 03:54.680","","00","75 08:44.001","0","0","0","0","67301","0","0","0","N","0","0","0","2","67301","0","","1","09","","N","N","N","0","","0","0","1","3","3","","0157","0","2","0","0","0","0","0","2","0","2","05","","N","","","","","","","","","","",""
"2023028545","1607","0","0","0","0","0","0","0","0","0","8","0","","67","03","2023","4","40.0317","-75.1789","1602","06","0","0","0","0","0","0","0","0","","0","0","0","16","1","2","01","","0","40 01:54.253","","00","75 10:43.938","3","0","0","0","67301","2","0","0","N","2","0","0","3","67301","0","","4","01","","N","N","N","0","","2","0","1","3","2","","1601","2","3","0","0","0","0","0","2","0","1","03","03","N","","","","","","","","","","",""
"2023040471","1551","0","0","0","0","0","0","0","0","0","1","0","","67","05","2023","6","39.9714","-75.1233","1551","06","0","0","0","0","0","1","1","0","","0","0","0","15","1","2","00","N","1","39 58:17.046","1","00","75 07:23.843","4","0","0","0","67301","0","0","0","N","0","0","0","6","68K01","2","","1","01","1630","N","N","N","0","","0","0","3","0","0","N","1548","2","3","0","0","0","0","0","2","0","3","03","","N","","","","","","","","","","",""
"2023028547","1618","0","0","0","1","0","0","0","0","0","8","0","","67","03","2023","4","40.0449","-75.1701","1611","06","0","0","0","0","0","0","0","1","","0","0","0","16","1","1","01","","0","40 02:41.737","","00","75 10:12.385","4","0","0","0","67301","1","0","0","N","0","0","0","2","67301","1","","1","01","","N","N","N","0","","0","0","0","3","3","","1600","1","2","0","0","0","0","0","2","1","1","03","","N","","","","","","","","","","",""
"2023030175","1817","1","0","0","0","0","0","0","0","0","5","0","","67","03","2023","2","39.9554","-75.1479","1814","06","0","0","0","0","0","0","1","0","","0","0","0","18","1","0","03","","0","39 57:19.323","","02","75 08:52.575","0","0","0","0","67301","0","0","0","N","0","0","0","4","67501","0","","1","09","","N","N","N","0","","0","0","1","0","0","","1814","0","2","0","0","0","0","0","2","0","2","07","","N","","","","","","","","","","",""
"2023041106","1725","3","0","0","0","0","0","0","0","0","1","0","","67","05","2023","1","39.9672","-75.1707","1719","06","0","1","0","0","0","1","0","0","","0","0","0","17","1","1","00","N","0","39 58:02.080","","00","75 10:14.500","3","0","0","0","67301","0","0","0","N","0","0","0","7","67301","0","","1","01","","N","N","N","0","","1","0","0","3","1","","1715","1","3","0","0","0","0","0","2","0","3","03","03","N","","","","","","","","","","",""
"2023041386","0733","1","0","0","0","0","0","0","0","0","7","0","","67","04","2023","7","40.0468","-75.0008","0733","06","0","0","0","0","0","0","0","0","","0","0","0","07","1","0","00","N","0","40 02:48.300","","00","75 00:02.752","9","0","0","0","67301","0","0","0","Y","0","0","0","1","68K01","0","","5","09","","N","N","N","0","","0","0","0","0","0","","0722","0","1","0","0","0","0","1","2","0","1","07","07","N","","","","","","","","","","",""
"2023023239","","1","0","0","0","0","0","0","0","0","4","0","","67","01","2023","7","40.0029","-75.127","","06","0","0","0","0","0","0","0","0","","0","0","0","18","3","1","01","","0","40 00:10.612","","00","75 07:37.329","8","0","0","0","67301","0","0","0","N","0","0","0","2","00000","0","","1","01","","","","N","0","","0","0","0","3","3","","1800","1","2","0","0","0","1","0","2","0","2","03","","N","","","","","","","","","","",""
"2023041733","1717","1","0","0","0","0","0","0","0","0","4","1","","67","04","2023","3","40.0039","-75.1492","1717","06","0","0","0","0","0","0","0","0","","0","1","0","17","1","1","01","","0","40 00:14.108","","00","75 08:57.073","2","0","0","0","67301","0","0","0","N","0","0","0","8","67301","0","","1","01","","N","N","N","0","","0","1","1","3","1","","1717","1","4","0","0","0","0","0","2","1","4","03","98","N","","","","","","","","","","",""
"2023028364","1536","0","0","0","0","0","0","0","0","0","4","0","","67","03","2023","4","39.9565","-75.1644","1517","06","0","0","0","0","0","1","0","0","","0","0","0","14","1","4","01","","2","39 57:23.318","2","00","75 09:51.974","8","0","0","0","67301","0","0","0","N","0","0","0","4","67301","0","","1","01","1610","N","N","N","0","","0","0","2","3","2","Y","1454","4","2","0","0","0","4","0","2","0","2","03","","N","","","","","","","","","","",""
"2023032119","1700","2","0","0","0","0","0","0","0","0","4","0","","67","03","2023","6","40.0158","-75.1411","1700","06","0","0","0","0","0","0","0","0","","0","0","0","15","1","2","01","","0","40 00:56.908","","00","75 08:28.024","3","0","0","0","67301","0","0","0","N","0","0","0","3","67301","0","","1","01","","N","N","N","0","","2","0","0","3","2","","1500","2","2","0","0","1","0","0","2","0","2","03","03","N","","","","","","","","","","",""
"2023028636","2115","1","0","0","0","0","0","0","0","0","5","0","","67","03","2023","3","39.9272","-75.1471","2115","06","0","0","0","0","0","0","0","0","","0","0","0","20","3","0","00","N","0","39 55:37.800","","00","75 08:49.600","9","0","0","0","67301","0","0","0","N","0","0","0","1","67301","0","","6","01","","N","N","N","0","","0","0","2","0","0","","2045","0","3","0","0","0","0","1","2","0","3","03","03","N","","","","","","","","","","",""
"2023029853","0913","1","0","0","0","0","0","0","0","0","4","0","","67","03","2023","4","40.0098","-75.151","0900","06","0","0","0","0","0","1","0","0","","0","0","0","08","1","0","05","","0","40 00:35.451","","00","75 09:03.558","0","0","0","0","67301","0","0","0","N","0","0","0","2","67301","0","","1","01","","N","N","N","0","","0","0","1","3","2","","0857","0","2","0","0","0","0","0","2","0","2","03","","N","","","","","","","","","","",""
"2023029339","1530","1","0","0","0","0","0","0","0","0","4","0","","67","03","2023","6","39.9775","-75.1367","1525","06","0","0","0","0","0","0","0","0","","0","0","0","14","1","1","01","","0","39 58:39.104","","00","75 08:12.256","8","0","0","0","67301","0","0","0","N","0","0","0","2","67301","0","","1","01","","N","N","N","1","","0","0","0","3","3","","1440","1","2","0","0","1","1","0","2","0","2","03","03","N","","","","","","","","","","",""
"2023034096","1716","0","0","0","0","0","0","0","0","0","4","0","","67","04","2023","1","39.9037","-75.2433","1708","06","0","0","0","0","0","1","0","0","","0","0","0","15","1","2","01","","0","39 54:13.283","","00","75 14:35.703","3","0","0","0","67301","0","0","0","N","0","0","0","6","67301","0","","1","01","","N","N","N","0","","2","0","1","3","2","","1545","2","2","0","0","0","0","0","2","1","2","03","03","N","","","","","","","","","","",""