"CRN","ARRIVAL_TM","AUTOMOBILE_COUNT","BELTED_DEATH_COUNT","BELTED_SUSP_SERIOUS_INJ_COUNT","BICYCLE_COUNT","BICYCLE_DEATH_COUNT","BICYCLE_SUSP_SERIOUS_INJ_COUNT","BUS_COUNT","CHLDPAS_DEATH_COUNT","CHLDPAS_SUSP_SERIOUS_INJ_COUNT","COLLISION_TYPE","COMM_VEH_COUNT","CONS_ZONE_SPD_LIM","COUNTY","CRASH_MONTH","CRASH_YEAR","DAY_OF_WEEK","DEC_LAT","DEC_LONG","DISPATCH_TM","DISTRICT","DRIVER_COUNT_16YR","DRIVER_COUNT_17YR","DRIVER_COUNT_18YR","DRIVER_COUNT_19YR","DRIVER_COUNT_20YR","DRIVER_COUNT_50_64YR","DRIVER_COUNT_65_74YR","DRIVER_COUNT_75PLUS","EST_HRS_CLOSED","FATAL_COUNT","HEAVY_TRUCK_COUNT","HORSE_BUGGY_COUNT","HOUR_OF_DAY","ILLUMINATION","INJURY_COUNT","INTERSECT_TYPE","INTERSECTION_RELATED","LANE_CLOSED","LATITUDE","LN_CLOSE_DIR","LOCATION_TYPE","LONGITUDE","MAX_SEVERITY_LEVEL","MCYCLE_DEATH_COUNT","MCYCLE_SUSP_SERIOUS_INJ_COUNT","MOTORCYCLE_COUNT","MUNICIPALITY","NONMOTR_COUNT","NONMOTR_DEATH_COUNT","NONMOTR_SUSP_SERIOUS_INJ_COUNT","NTFY_HIWY_MAINT","PED_COUNT","PED_DEATH_COUNT","PED_SUSP_SERIOUS_INJ_COUNT","PERSON_COUNT","POLICE_AGCY","POSSIBLE_INJ_COUNT","RDWY_SURF_TYPE_CD","RELATION_TO_ROAD","ROAD_CONDITION","ROADWAY_CLEARED","SCH_BUS_IND","SCH_ZONE_IND","SECONDARY_CRASH","SMALL_TRUCK_COUNT","SPEC_JURIS_CD","SUSP_MINOR_INJ_COUNT","SUSP_SERIOUS_INJ_COUNT","SUV_COUNT","TCD_FUNC_CD","TCD_TYPE","TFC_DETOUR_IND","TIME_OF_DAY","TOT_INJ_COUNT","TOTAL_UNITS","UNB_DEATH_COUNT","UNB_SUSP_SERIOUS_INJ_COUNT","UNBELTED_OCC_COUNT","UNK_INJ_DEG_COUNT","UNK_INJ_PER_COUNT","URBAN_RURAL","VAN_COUNT","VEHICLE_COUNT","WEATHER1","WEATHER2","WORK_ZONE_IND","WORK_ZONE_LOC","WORK_ZONE_TYPE","WORKERS_PRES","WZ_CLOSE_DETOUR","WZ_FLAGGER","WZ_LAW_OFFCR_IND","WZ_LN_CLOSURE","WZ_MOVING","WZ_OTHER","WZ_SHLDER_MDN","WZ_WORKERS_INJ_KILLED"
"2023046550","2321","2","0","0","0","0","0","0","0","0","1","0","","67","05","2023","3","39.9247","-75.1931","2320","06","0","0","0","0","0","1","0","0","","0","0","0","23","3","4","00","N","2","39 55:28.876","3","00","75 11:35.211","4","0","0","0","67301","0","0","0","N","0","0","0","5","68K01","4","","1","01","0030","N","N","N","0","","0","0","1","0","0","N","2317","4","3","0","0","0","0","1","2","0","3","03","03","N","","","","","","","","","","",""
"2023035940","1859","1","0","0","0","0","0","0","0","0","8","0","","67","04","2023","4","40.0222","-75.1336","1848","06","0","0","0","0","0","0","0","0","","0","0","0","18","1","2","00","N","0","40 01:20.040","","00","75 08:01.010","3","0","0","1","67301","2","0","0","N","2","0","0","3","67301","0","","6","01","","N","N","N","0","","2","0","0","0","0","","1847","2","4","0","0","0","0","0","2","0","2","03","03","N","","","","","","","","","","",""
"2023033188","1715","1","0","0","0","0","0","0","0","0","2","0","","67","04","2023","3","39.9948","-75.1593","1650","06","0","0","0","0","0","1","0","0","","0","0","0","15","1","2","01","","0","39 59:41.262","","00","75 09:33.551","8","0","0","0","67301","0","0","0","N","0","0","0","3","67301","0","","1","01","","N","N","N","0","","0","0","0","3","2","","1527","2","2","0","0","0","2","1","2","1","2","03","03","N","","","","","","","","","","",""
"2023044516","0019","3","0","0","0","0","0","0","0","0","5","0","","67","05","2023","7","39.9548","-75.1952","0013","06","0","0","0","0","0","0","0","0","","0","0","0","00","3","3","00","N","1","39 57:17.132","3","00","75 11:42.575","8","0","0","0","67301","0","0","0","N","0","0","0","6","67504","0","","6","01","0102","N","N","Y","0","","0","0","0","3","2","N","0010","3","3","0","0","1","3","1","2","0","3","03","","N","","","","","","","","","","",""
"2023040262","0440","1","0","0","0","0","0","0","0","0","7","0","","67","05","2023","6","39.9151","-75.1919","0434","06","0","0","0","0","0","0","0","0","","0","0","0","04","3","0","00","N","2","39 54:54.188","2","00","75 11:30.792","0","0","0","0","67301","0","0","0","N","0","0","0","0","67301","0","","2","01","0615","N","N","N","0","","0","0","0","0","0","N","0430","0","1","0","0","0","0","0","2","0","1","03","03","N","","","","","","","","","","",""
"2023041729","2157","1","0","0","0","0","0","0","0","0","7","0","","67","05","2023","5","39.9883","-75.254","2157","06","0","1","0","0","0","0","0","0","","0","0","0","21","3","1","01","","1","39 59:17.890","1","00","75 15:14.288","3","0","0","0","67301","0","0","0","N","0","0","0","1","67301","0","","4","01","2249","N","N","N","0","","1","0","0","3","2","N","2144","1","1","0","0","0","0","0","2","0","1","03","","N","","","","","","","","","","",""
"2023028837","1916","2","0","0","0","0","0","0","0","0","4","0","","67","03","2023","5","40.0356","-75.081","1915","06","0","0","0","0","0","0","0","0","","0","0","0","19","1","0","01","","1","40 02:08.667","2","00","75 04:51.659","9","0","0","0","67301","0","0","0","N","0","0","0","2","67301","0","","1","01","2030","N","N","Y","0","","0","0","2","3","2","N","1911","0","4","0","0","0","0","1","2","0","4","03","03","N","","","","","","","","","","",""
"2023040979","0053","1","0","0","0","0","0","0","0","0","2","0","","67","04","2023","5","40.0155","-75.1767","0048","06","0","0","0","0","0","0","0","0","","0","0","0","00","3","2","00","N","0","40 00:55.766","","00","75 10:36.028","3","0","0","0","67301","0","0","0","N","0","0","0","2","67301","0","","1","01","","N","N","N","0","","2","0","0","0","0","","0010","2","2","0","0","2","0","0","2","0","2","03","03","N","","","","","","","","","","",""
"2023040466","1630","1","0","0","0","0","0","0","0","0","7","0","","67","05","2023","5","40.0366","-75.0153","1602","06","0","0","1","0","0","0","0","0","","0","0","0","15","1","0","00","N","1","40 02:11.651","3","00","75 00:55.251","0","0","0","0","67301","0","0","0","Y","0","0","0","1","68K01","0","","4","01","1730","N","N","N","0","","0","0","0","0","0","N","1527","0","1","0","0","0","0","0","2","0","1","03","","N","","","","","","","","","","",""
"2023041568","0753","1","0","0","0","0","0","0","0","0","1","0","","67","03","2023","4","39.9588","-75.1688","0730","06","0","0","0","0","0","0","1","0","","0","0","0","07","1","0","00","N","0","39 57:31.516","","00","75 10:07.739","0","0","0","0","67301","0","0","0","N","0","0","0","2","68K01","0","","1","01","","N","N","N","0","","0","0","1","0","0","","0725","0","2","0","0","0","0","0","2","0","2","03","03","N","","","","","","","","","","",""
"2023030490","0525","4","0","0","0","0","0","0","0","0","4","0","","67","04","2023","7","40.0311","-75.0794","0523","06","0","0","0","0","0","0","0","0","","0","0","0","05","3","2","01","","0","40 01:51.862","","00","75 04:45.980","2","0","0","0","67301","0","0","0","N","0","0","0","5","67301","0","","1","01","","N","N","N","0","","0","1","2","3","3","","0520","2","7","0","0","0","1","3","2","1","7","07","04","N","","","","","","","","","","",""
"2023028025","2242","1","0","0","0","0","0","0","0","0","1","0","","67","03","2023","3","39.9811","-75.1574","2238","06","0","0","0","0","0","1","0","0","","0","0","0","22","3","0","00","N","1","39 58:52.107","2","00","75 09:26.665","0","0","0","0","67301","0","0","0","N","0","0","0","3","67505","0","","6","01","0130","N","N","N","0","","0","0","1","0","0","N","2230","0","2","0","0","0","0","0","2","0","2","03","03","N","","","","","","","","","","",""
"2023040453","1308","1","0","0","0","0","0","0","0","0","1","0","","67","04","2023","1","39.9579","-75.1621","1303","06","0","0","0","0","0","0","0","0","","0","0","0","12","1","0","00","N","0","39 57:28.442","","00","75 09:43.442","0","0","0","0","67301","0","0","0","N","0","0","0","2","68K01","0","","1","01","","N","N","N","0","","0","0","1","0","0","","1243","0","2","0","0","0","0","0","2","0","2","07","04","N","","","","","","","","","","",""
"2023041897","0538","1","0","0","0","0","0","0","0","0","5","0","","67","03","2023","5","39.9764","-75.1957","0519","06","0","0","0","0","0","0","0","0","","0","0","0","05","3","0","00","N","0","39 58:35.145","","00","75 11:44.446","9","0","0","0","67301","0","0","0","N","0","0","0","2","68K01","0","","1","01","","N","N","N","0","","0","0","0","3","8","","0518","0","2","0","0","0","0","1","2","0","2","04","03","N","","","","","","","","","","",""
"2023040194","0041","1","0","0","0","0","0","0","0","0","4","0","","67","02","2023","7","40.0077","-75.1581","0041","06","0","0","0","0","0","0","0","0","","0","0","0","00","3","1","01","","0","40 00:27.842","","00","75 09:29.214","4","0","0","0","67301","0","0","0","N","0","0","0","3","67301","1","","1","01","","N","N","N","0","","0","0","0","3","3","","0034","1","2","0","0","2","0","0","2","0","2","03","03","N","","","","","","","","","","",""
"2023027765","0705","1","0","0","0","0","0","0","0","0","8","0","","67","03","2023","3","39.9787","-75.1578","0700","06","0","0","0","0","0","0","0","0","","0","0","0","06","5","1","01","","0","39 58:43.293","","00","75 09:28.577","2","0","0","0","67301","1","0","1","N","1","0","1","2","67505","0","","1","01","","N","N","N","0","","0","1","0","3","2","","0659","1","2","0","0","0","0","0","2","0","1","03","03","N","","","","","","","","","","",""
"2023042072","1112","0","0","0","0","0","0","0","0","0","1","0","","67","05","2023","6","39.9681","-75.1304","1111","06","0","0","0","0","1","0","0","0","","0","0","0","11","1","1","00","N","0","39 58:05.237","","00","75 07:49.589","4","0","0","0","67301","0","0","0","N","0","0","0","3","68K01","1","","1","01","","N","N","N","0","","0","0","3","0","0","","1109","1","3","0","0","0","0","0","2","0","3","03","03","N","","","","","","","","","","",""
"2023033412","2013","0","0","0","0","0","0","0","0","0","5","0","","67","03","2023","3","39.9369","-75.1992","1952","06","0","0","0","0","0","0","0","0","","0","0","0","19","3","0","00","N","0","39 56:12.700","","03","75 11:57.259","0","0","0","0","67301","0","0","0","N","0","0","0","2","68K01","0","","1","01","","N","N","N","0","","0","0","1","0","0","","1947","0","2","0","0","0","0","0","2","1","2","03","","N","","","","","","","","","","",""
"2023041614","2023","1","0","0","0","0","0","0","0","0","4","0","","67","05","2023","7","40.0489","-75.0017","2019","06","0","0","0","0","0","0","0","0","","0","0","0","20","3","1","00","N","1","40 02:56.173","3","00","75 00:06.142","3","0","0","0","67301","0","0","0","N","0","0","0","2","68K01","0","","1","01","2100","N","N","N","0","","1","0","1","0","0","N","2014","1","2","0","0","0","0","0","2","0","2","03","","N","","","","","","","","","","",""
"2023040735","1150","1","0","0","0","0","0","0","0","0","4","0","","67","05","2023","1","40.0751","-75.0017","1149","06","0","0","0","0","0","1","0","0","","0","0","0","11","1","2","00","N","0","40 04:30.442","","00","75 00:05.959","4","0","0","0","67301","0","0","0","N","0","0","0","3","67301","2","","1","01","","N","N","N","0","","0","0","0","3","2","","1130","2","2","0","0","0","0","0","2","1","2","03","03","N","","","","","","","","","","",""
"2023037575","2337","1","0","0","0","0","0","0","0","0","4","0","","67","04","2023","3","40.0745","-75.035","2331","06","0","0","0","0","0","0","0","0","","0","0","0","22","3","0","01","","1","40 04:28.071","2","00","75 02:05.821","0","0","0","0","67301","0","0","0","N","0","0","0","2","67301","0","","1","01","0025","N","N","N","0","","0","0","0","3","2","N","2220","0","2","0","0","0","0","0","2","0","2","03","03","N","","","","","","","","","","",""
"2023038848","1524","2","0","0","0","0","0","0","0","0","4","0","","67","04","2023","6","40.0295","-75.0677","1509","06","0","0","0","0","1","0","0","0","","0","0","0","15","1","1","01","","0","40 01:46.153","","00","75 04:03.766","3","0","0","0","67301","0","0","0","N","0","0","0","2","67301","0","","1","09","","N","N","N","0","","1","0","0","3","3","","1500","1","2","0","0","0","0","1","2","0","2","07","","N","","","","","","","","","","",""
"2023036214","1725","0","0","0","0","0","0","0","0","0","7","0","","67","04","2023","1","40.006","-75.1237","1725","06","0","0","0","0","0","1","0","0","","0","0","0","09","8","1","00","N","0","40 00:21.704","","01","75 07:25.281","8","0","0","0","67301","0","0","0","N","0","0","0","1","67301","0","","4","01","","N","N","N","0","","0","0","1","0","0","","0920","1","1","0","0","0","1","0","2","0","1","03","03","N","","","","","","","","","","",""
"2023051433","1535","1","0","0","0","0","0","0","0","0","1","0","","67","06","2023","5","40.09","-74.9681","1523","06","0","0","0","0","0","0","0","0","","0","0","0","14","1","1","02","","0","40 05:23.898","","00","74 58:05.120","8","0","0","0","67301","0","0","0","N","0","0","0","2","67301","0","","4","01","","N","N","N","0","","0","0","1","3","3","","1408","1","2","0","0","0","1","0","2","0","2","03","03","N","","","","","","","","","","",""
"2023046842","2102","2","0","0","0","0","0","0","0","0","5","0","","67","05","2023","5","40.0558","-75.2325","2053","06","0","1","0","0","0","0","0","0","","0","0","0","20","3","1","00","N","0","40 03:20.950","","00","75 13:56.879","3","0","0","0","67301","0","0","0","N","0","0","0","3","67301","0","","1","01","","N","N","N","0","","1","0","0","0","0","","2048","1","2","0","0","0","0","0","2","0","2","03","03","N","","","","","","","","","","",""
"2023033961","0958","1","0","0","0","0","0","0","0","0","4","0","","67","04","2023","2","39.9571","-75.2083","0958","06","0","0","0","0","0","1","0","0","","0","0","0","06","1","0","01","","0","39 57:25.686","","00","75 12:29.862","0","0","0","0","67301","0","0","0","N","0","0","0","2","67301","0","","1","01","","N","N","Y","0","","0","0","1","3","3","","0650","0","2","0","0","0","0","0","2","0","2","03","","N","","","","","","","","","","",""
"2023035819","1535","0","0","0","0","0","0","0","0","0","1","0","","67","04","2023","4","39.9927","-75.1448","1528","06","0","0","0","0","0","1","0","0","","0","0","0","15","1","2","00","N","0","39 59:33.834","","00","75 08:41.242","8","0","0","0","67301","1","0","0","N","1","0","0","3","67301","0","","1","01","","N","N","Y","1","","0","0","3","0","0","","1504","2","5","0","0","0","2","1","2","0","4","03","","N","","","","","","","","","","",""
"2023035813","1550","1","0","0","0","0","0","0","0","0","4","0","","67","04","2023","7","39.9311","-75.1923","1545","06","0","1","0","0","0","0","0","0","","0","0","0","15","1","1","01","","0","39 55:51.794","","00","75 11:32.341","3","0","0","0","67301","0","0","0","N","0","0","0","3","67301","0","","1","01","","N","N","N","0","","1","0","1","3","3","","1530","1","2","0","0","1","0","0","2","0","2","03","03","N","","","","","","","","","","",""
"2023036564","1445","1","0","0","0","0","0","0","0","0","1","0","","67","04","2023","5","39.9937","-75.0845","1430","06","0","0","0","0","0","0","0","0","","0","0","0","14","1","1","00","N","0","39 59:37.341","","00","75 05:04.114","8","0","0","0","67301","0","0","0","N","0","0","0","4","68K01","0","","1","01","","N","N","N","0","","0","0","1","0","0","","1427","1","3","0","0","0","1","0","2","1","3","03","","N","","","","","","","","","","",""
"2023035538","1217","1","0","0","0","0","0","0","0","0","4","0","","67","04","2023","3","40.0426","-75.1292","1214","06","0","0","0","0","0","1","0","0","","0","0","0","12","1","2","01","","1","40 02:33.277","6","00","75 07:44.961","3","0","0","0","67301","0","0","0","N","0","0","0","2","67301","0","","1","01","1320","N","N","N","0","","2","0","1","3","2","Y","1214","2","2","0","0","0","0","0","2","0","2","03","","N","","","","","","","","","","",""
"2023036345","1815","1","0","0","0","0","0","0","0","0","8","0","","67","04","2023","6","40.0025","-75.1726","1810","06","0","0","0","0","0","0","0","0","","0","0","0","17","1","1","01","","0","40 00:09.001","","00","75 10:21.499","3","0","0","0","67301","1","0","0","N","1","0","0","2","67301","0","","1","01","","N","N","N","0","","1","0","0","3","3","","1740","1","2","0","0","1","0","0","2","0","1","03","03","N","","","","","","","","","","",""
"2023035381","0610","2","0","0","0","0","0","0","0","0","4","0","","67","04","2023","2","39.9602","-75.2391","0603","06","0","0","1","0","0","0","0","0","","0","0","0","06","5","0","01","","2","39 57:36.724","3","00","75 14:20.773","0","0","0","0","67301","0","0","0","N","0","0","0","2","67301","0","","1","09","0815","N","N","Y","0","","0","0","1","3","2","Y","0600","0","4","0","0","1","0","0","2","1","4","07","","N","","","","","","","","","","",""
"2023048010","0757","0","0","0","0","0","0","0","0","0","1","1","","67","05","2023","4","40.0784","-75.0244","0755","06","0","0","0","0","0","1","0","0","","0","1","0","07","1","0","00","N","1","40 04:42.169","3","00","75 01:27.726","0","0","0","0","67301","0","0","0","N","0","0","0","3","67301","0","","1","01","0850","N","N","N","0","","0","0","1","0","0","N","0743","0","2","0","0","0","0","0","2","0","2","03","03","N","","","","","","","","","","",""
"2023035812","2056","1","0","0","0","0","0","0","0","0","8","0","","67","04","2023","7","39.9736","-75.2097","2056","06","0","0","0","0","0","0","0","0","","0","0","0","20","2","1","00","N","1","39 58:24.849","4","00","75 12:34.991","8","0","0","0","67301","1","0","0","N","1","0","0","3","67301","0","","1","09","2056","N","N","N","0","","0","0","0","0","0","N","2053","1","2","0","0","0","1","0","2","0","1","07","07","N","","","","","","","","","","",""
"2023035818","0650","1","0","0","0","0","0","0","0","0","4","0","","67","04","2023","3","39.9937","-75.1523","0650","06","0","0","0","0","0","1","0","0","","0","0","0","06","1","2","01","","2","39 59:37.177","7","00","75 09:08.634","3","0","0","0","67301","0","0","0","N","0","0","0","2","67301","0","","1","01","0800","N","N","N","0","","1","0","1","3","2","Y","0650","2","2","0","0","0","1","0","2","0","2","03","03","N","","","","","","","","","","",""
"2023035543","2004","1","0","0","0","0","0","0","0","0","7","0","","67","04","2023","5","40.0092","-75.1511","2004","06","0","0","0","0","0","0","0","0","","0","0","0","20","3","0","01","","2","40 00:33.325","2","00","75 09:04.460","0","0","0","0","67301","0","0","0","N","0","0","0","1","67301","0","","3","01","2106","N","N","N","0","","0","0","0","3","2","N","2004","0","1","0","0","0","0","0","2","0","1","03","03","N","","","","","","","","","","",""
"2023037578","0830","0","0","0","0","0","0","0","0","0","8","0","","67","04","2023","7","39.9964","-75.1135","0828","06","0","0","0","0","0","0","0","0","","0","0","0","08","1","1","05","","0","39 59:47.175","","01","75 06:48.425","4","0","0","0","67301","1","0","0","N","1","0","0","2","67301","1","","1","01","","N","N","N","0","","0","0","1","3","2","","0825","1","2","0","0","0","0","0","2","0","1","03","","N","","","","","","","","","","",""
"2023047144","0120","2","0","0","0","0","0","0","0","0","4","0","","67","05","2023","1","40.0698","-75.1671","0114","06","0","0","0","0","0","1","0","0","","0","0","0","01","3","0","00","N","0","40 04:11.120","","00","75 10:01.650","0","0","0","0","67301","0","0","0","N","0","0","0","1","67301","0","","6","01","","N","N","N","0","","0","0","0","0","0","","0114","0","2","0","0","1","0","0","2","0","2","03","","N","","","","","","","","","","",""
"2023036609","1635","1","0","0","0","0","0","0","0","0","8","0","","67","04","2023","6","40.0591","-75.1647","1625","06","0","0","0","0","0","0","0","0","","0","0","0","07","1","1","00","N","0","40 03:32.866","","00","75 09:53.039","8","0","0","0","67301","1","0","0","N","1","0","0","2","67301","0","","1","01","","N","N","N","0","","0","0","0","0","0","","0750","1","2","0","0","1","1","0","2","0","1","03","03","N","","","","","","","","","","",""
"2023035930","1918","1","0","0","0","0","0","0","0","0","4","0","","67","04","2023","7","40.0431","-75.0738","1918","06","0","0","0","0","0","0","0","0","","0","0","0","19","1","1","01","","0","40 02:35.300","","00","75 04:25.706","3","0","0","0","67301","0","0","0","N","0","0","0","3","67301","0","","1","09","","N","N","N","1","","1","0","0","3","2","","1918","1","2","0","0","3","0","0","2","0","2","03","03","N","","","","","","","","","","",""
"2023048132","0702","1","0","0","1","1","0","0","0","0","8","0","","67","05","2023","7","39.9627","-75.2467","0657","06","0","0","0","0","0","0","0","0","","1","0","0","06","1","0","01","","2","39 57:45.805","7","00","75 14:48.154","1","0","0","0","67301","1","1","0","N","0","0","0","2","67301","0","2","1","01","0900","N","N","N","0","0","0","0","0","3","2","Y","0655","0","2","0","0","0","0","0","2","0","1","03","","N","","","","","","","","","","",""
"2023034411","0908","1","0","0","0","0","0","0","0","0","8","0","","67","04","2023","3","40.0077","-75.1024","0900","06","0","0","0","0","0","0","0","0","","0","0","0","09","1","1","00","N","0","40 00:27.590","","00","75 06:08.660","3","0","0","0","67301","1","0","0","N","1","0","0","2","67301","0","","1","01","","N","Y","N","0","","1","0","0","0","0","","0900","1","2","0","0","0","0","0","2","0","1","03","03","N","","","","","","","","","","",""
"2023048355","1523","2","0","0","0","0","0","0","0","0","4","0","","67","05","2023","4","40.0878","-74.9634","1517","06","0","0","0","0","0","0","0","0","","0","0","0","15","1","1","00","N","0","40 05:16.210","","07","74 57:48.200","3","0","0","0","67301","0","0","0","N","0","0","0","3","67301","0","","1","01","","N","N","N","0","","1","0","0","3","8","","1515","1","2","0","0","0","0","0","2","0","2","03","03","N","","","","","","","","","","",""
"2023035626","1505","2","0","0","0","0","0","0","0","0","5","0","","67","04","2023","6","40.0925","-74.9785","1500","06","0","0","0","0","0","0","1","0","","0","0","0","14","1","0","00","N","1","40 05:32.868","3","00","74 58:42.679","0","0","0","0","67301","0","0","0","N","0","0","0","2","67301","0","","1","01","1700","N","N","N","0","","0","0","0","0","0","N","1440","0","2","0","0","0","0","0","2","0","2","03","03","N","","","","","","","","","","",""
"2023050860","1120","0","0","0","0","0","0","0","0","0","8","0","","67","06","2023","3","40.1018","-75.0275","1107","06","0","0","0","0","0","0","0","0","","0","0","0","11","1","1","01","","0","40 06:06.598","","00","75 01:39.000","3","0","0","0","67301","1","0","0","N","1","0","0","2","67301","0","","1","01","","N","N","N","0","","1","0","1","3","2","","1100","1","2","0","0","0","0","0","2","0","1","03","","N","","","","","","","","","","",""
"2023036215","0106","1","0","0","0","0","0","0","0","0","4","0","","67","04","2023","7","40.0379","-75.1395","0102","06","0","0","0","0","0","0","0","0","","0","0","0","00","3","3","01","","0","40 02:16.410","","00","75 08:22.177","4","0","0","0","67301","0","0","0","N","0","0","0","3","67301","2","","1","01","","N","N","N","0","","0","0","1","3","2","","0025","3","2","0","0","0","1","0","2","0","2","03","","N","","","","","","","","","","",""
"2023036338","0304","1","0","0","0","0","0","0","0","0","5","0","","67","04","2023","1","39.9984","-75.1426","0240","06","0","0","0","0","0","0","0","0","","0","0","0","02","3","2","00","N","0","39 59:54.380","","00","75 08:33.210","3","0","0","0","67301","0","0","0","N","0","0","0","3","67301","0","","6","09","","N","N","N","0","","2","0","1","0","0","","0235","2","2","0","0","0","0","0","2","0","2","07","98","N","","","","","","","","","","",""
"2023037125","0735","2","0","0","0","0","0","0","0","0","1","0","","67","04","2023","5","39.9547","-75.1442","0731","06","0","0","0","0","0","0","0","0","","0","0","0","07","1","0","00","N","2","39 57:16.900","4","03","75 08:39.000","9","0","0","0","67301","0","0","0","N","0","0","0","4","67501","0","","1","01","0745","N","N","N","0","","0","0","0","0","0","Y","0726","0","2","0","0","0","0","1","2","0","2","04","","N","","","","","","","","","","",""
"2023037957","2240","1","0","0","0","0","0","0","0","0","1","0","","67","04","2023","6","39.8988","-75.1718","2226","06","0","0","0","0","0","0","0","0","","0","0","0","22","3","2","00","N","0","39 53:55.853","","03","75 10:18.325","3","0","0","0","67301","0","0","0","N","0","0","0","2","68K01","0","","2","09","","N","N","N","0","","2","0","0","0","0","","2223","2","2","0","0","0","0","0","2","1","2","07","","N","","","","","","","","","","",""
"2023037973","1852","1","0","0","0","0","0","0","0","0","5","0","","67","04","2023","3","39.9515","-75.2398","1852","06","1","0","0","0","0","0","0","0","","0","0","0","18","1","0","00","N","0","39 57:05.460","","00","75 14:23.380","0","0","0","0","67301","0","0","0","N","0","0","0","1","67301","0","","6","01","","N","N","N","0","","0","0","1","0","0","","1852","0","2","0","0","0","0","0","2","0","2","03","","N","","","","","","","","","","",""
"2023035537","0312","1","0","0","0","0","0","0","0","0","1","0","","67","04","2023","3","39.9749","-75.1716","0308","06","0","0","0","0","0","1","0","0","","0","0","0","03","3","1","00","N","0","39 58:29.610","","00","75 10:17.860","8","0","0","0","67301","0","0","0","N","0","0","0","2","67301","0","","1","01","","N","N","N","0","","0","0","0","0","0","","0305","1","2","0","0","0","1","1","2","1","2","03","03","N","","","","","","","","","","",""
"2023047310","2115","0","0","0","0","0","0","0","0","0","4","0","","67","05","2023","5","39.9598","-75.2239","2114","06","0","0","0","0","0","0","0","0","","1","0","0","21","3","0","02","","1","39 57:35.650","6","00","75 13:25.887","1","1","0","1","67301","0","0","0","N","0","0","0","2","67301","0","2","1","01","2343","N","N","N","0","0","0","0","1","0","0","Y","2108","0","2","0","0","0","0","0","2","0","2","03","03","N","","","","","","","","","","",""
"2023035067","1009","0","0","0","0","0","0","0","0","0","4","0","","67","04","2023","2","39.9977","-75.1232","1008","06","0","0","0","0","0","0","0","0","","0","0","0","09","1","1","01","","0","39 59:51.782","","00","75 07:23.643","3","0","0","1","67301","0","0","0","N","0","0","0","2","67301","0","","1","01","","N","N","N","0","","1","0","1","3","2","","0930","1","2","0","0","0","0","0","2","0","2","03","","N","","","","","","","","","","",""
"2023035624","1550","1","0","0","0","0","0","0","0","0","8","0","","67","04","2023","3","40.1195","-75.0352","1546","06","0","0","0","0","0","0","0","0","","0","0","0","15","1","1","00","N","0","40 07:10.210","","00","75 02:06.780","3","0","0","0","67301","1","0","0","N","1","0","0","2","67301","0","","1","01","","N","N","N","0","","1","0","0","0","0","","1546","1","2","0","0","0","0","0","2","0","1","03","","N","","","","","","","","","","",""
"2023035824","0350","0","0","0","0","0","0","0","0","0","7","0","","67","04","2023","7","40.0184","-75.1491","0344","06","0","0","0","0","0","0","0","0","","0","0","0","03","3","0","01","","2","40 01:06.272","5","00","75 08:57.287","9","0","0","0","67301","0","0","0","N","0","0","0","1","67301","0","","3","01","0500","N","N","N","0","","0","0","1","3","2","N","0328","0","1","0","0","0","0","1","2","0","1","03","","N","","","","","","","","","","",""
"2023034678","1305","1","0","0","0","0","0","0","0","0","5","0","","67","04","2023","3","40.0335","-75.0718","1256","06","0","0","0","0","0","1","0","0","","0","0","0","12","1","1","02","","1","40 02:00.563","1","00","75 04:18.394","4","0","0","0","67301","0","0","0","N","0","0","0","2","67301","1","","1","01","1320","N","N","N","0","","0","0","1","0","0","N","1256","1","2","0","0","0","0","0","2","0","2","03","","N","","","","","","","","","","",""
"2023047641","1838","1","0","0","0","0","0","0","0","0","7","0","","67","05","2023","5","39.9106","-75.1491","1838","06","0","0","0","0","0","0","0","0","","0","0","0","18","1","0","06","","0","39 54:38.233","","02","75 08:56.679","0","0","0","0","67301","0","0","0","N","0","0","0","1","68K01","0","","4","01","","N","N","N","0","","0","0","0","0","0","","1838","0","1","0","0","0","0","0","2","0","1","03","","N","","","","","","","","","","",""
"2023046654","1858","1","0","0","0","0","0","0","0","0","4","0","","67","04","2023","6","40.0326","-75.0499","1854","06","0","1","0","0","0","0","0","0","","0","0","0","18","1","2","05","","0","40 01:57.580","","00","75 02:59.607","3","0","0","0","67301","0","0","0","N","0","0","0","3","67301","0","","1","01","","N","N","N","0","","2","0","1","0","0","","1837","2","2","0","0","1","0","0","2","0","2","03","03","N","","","","","","","","","","",""
"2023039936","1855","2","0","0","0","0","0","0","0","0","4","0","","67","04","2023","3","39.9766","-75.2104","1855","06","0","0","0","0","0","0","0","0","","0","0","0","18","1","1","02","","0","39 58:35.886","","00","75 12:37.263","3","0","0","0","67301","0","0","0","N","0","0","0","4","67301","0","","1","01","","N","N","N","0","","1","0","1","3","3","","1854","1","3","0","0","0","0","1","2","0","3","03","03","N","","","","","","","","","","",""
"2023037097","0915","3","0","0","0","0","0","0","0","0","4","0","","67","04","2023","3","40.0407","-75.1584","0910","06","0","0","0","0","0","0","1","0","","0","0","0","09","1","2","02","","2","40 02:26.559","5","00","75 09:30.261","8","0","0","0","67301","0","0","0","N","0","0","0","3","67301","0","","1","01","1021","N","N","N","0","","0","0","1","3","3","Y","0903","2","4","0","0","0","2","1","2","0","4","03","","N","","","","","","","","","","",""