"CRN","ARRIVAL_TM","AUTOMOBILE_COUNT","BELTED_DEATH_COUNT","BELTED_SUSP_SERIOUS_INJ_COUNT","BICYCLE_COUNT","BICYCLE_DEATH_COUNT","BICYCLE_SUSP_SERIOUS_INJ_COUNT","BUS_COUNT","CHLDPAS_DEATH_COUNT","CHLDPAS_SUSP_SERIOUS_INJ_COUNT","COLLISION_TYPE","COMM_VEH_COUNT","CONS_ZONE_SPD_LIM","COUNTY","CRASH_MONTH","CRASH_YEAR","DAY_OF_WEEK","DEC_LAT","DEC_LONG","DISPATCH_TM","DISTRICT","DRIVER_COUNT_16YR","DRIVER_COUNT_17YR","DRIVER_COUNT_18YR","DRIVER_COUNT_19YR","DRIVER_COUNT_20YR","DRIVER_COUNT_50_64YR","DRIVER_COUNT_65_74YR","DRIVER_COUNT_75PLUS","EST_HRS_CLOSED","FATAL_COUNT","HEAVY_TRUCK_COUNT","HORSE_BUGGY_COUNT","HOUR_OF_DAY","ILLUMINATION","INJURY_COUNT","INTERSECT_TYPE","INTERSECTION_RELATED","LANE_CLOSED","LATITUDE","LN_CLOSE_DIR","LOCATION_TYPE","LONGITUDE","MAX_SEVERITY_LEVEL","MCYCLE_DEATH_COUNT","MCYCLE_SUSP_SERIOUS_INJ_COUNT","MOTORCYCLE_COUNT","MUNICIPALITY","NONMOTR_COUNT","NONMOTR_DEATH_COUNT","NONMOTR_SUSP_SERIOUS_INJ_COUNT","NTFY_HIWY_MAINT","PED_COUNT","PED_DEATH_COUNT","PED_SUSP_SERIOUS_INJ_COUNT","PERSON_COUNT","POLICE_AGCY","POSSIBLE_INJ_COUNT","RDWY_SURF_TYPE_CD","RELATION_TO_ROAD","ROAD_CONDITION","ROADWAY_CLEARED","SCH_BUS_IND","SCH_ZONE_IND","SECONDARY_CRASH","SMALL_TRUCK_COUNT","SPEC_JURIS_CD","SUSP_MINOR_INJ_COUNT","SUSP_SERIOUS_INJ_COUNT","SUV_COUNT","TCD_FUNC_CD","TCD_TYPE","TFC_DETOUR_IND","TIME_OF_DAY","TOT_INJ_COUNT","TOTAL_UNITS","UNB_DEATH_COUNT","UNB_SUSP_SERIOUS_INJ_COUNT","UNBELTED_OCC_COUNT","UNK_INJ_DEG_COUNT","UNK_INJ_PER_COUNT","URBAN_RURAL","VAN_COUNT","VEHICLE_COUNT","WEATHER1","WEATHER2","WORK_ZONE_IND","WORK_ZONE_LOC","WORK_ZONE_TYPE","WORKERS_PRES","WZ_CLOSE_DETOUR","WZ_FLAGGER","WZ_LAW_OFFCR_IND","WZ_LN_CLOSURE","WZ_MOVING","WZ_OTHER","WZ_SHLDER_MDN","WZ_WORKERS_INJ_KILLED"
"2023035625","1209","0","0","0","0","0","0","0","0","0","1","0","","67","04","2023","6","40.0493","-75.0118","1206","06","0","0","0","0","0","0","0","0","","0","0","0","12","1","1","00","Y","0","40 02:57.629","","00","75 00:42.301","3","0","0","0","67301","0","0","0","N","0","0","0","3","67301","0","","1","01","","N","N","N","0","","1","0","2","3","2","","1200","1","2","0","0","0","0","0","2","0","2","03","03","N","","","","","","","","","","",""
"2023034783","0911","1","0","0","0","0","0","0","0","0","4","0","","67","04","2023","4","40.0553","-75.158","0910","06","0","1","0","0","1","0","0","0","","0","0","0","07","1","1","00","N","0","40 03:19.049","","07","75 09:28.947","3","0","0","0","67301","0","0","0","N","0","0","0","2","67301","0","","1","01","","N","N","N","0","","1","0","1","0","0","","0709","1","2","0","0","0","0","0","2","0","2","03","03","N","","","","","","","","","","",""
"2023047789","0035","1","0","0","0","0","0","0","0","0","4","0","","67","05","2023","2","40.0202","-75.1505","0029","06","0","0","0","0","0","0","0","0","","0","0","0","00","3","2","01","","0","40 01:12.714","","00","75 09:01.947","3","0","0","0","67301","0","0","0","N","0","0","0","3","67301","0","","1","01","","N","N","N","0","","2","0","1","3","2","","0000","2","3","0","0","0","0","0","2","0","3","03","","N","","","","","","","","","","",""
"2023036950","0142","0","0","0","0","0","0","0","0","0","5","0","","67","04","2023","2","40.0355","-75.0171","0130","06","0","0","0","0","0","0","0","0","","0","0","0","01","3","1","00","N","0","40 02:07.954","","00","75 01:01.409","3","0","0","0","67301","0","0","0","N","0","0","0","2","68K01","0","","1","01","","N","N","N","1","","1","0","0","0","0","","0128","1","2","0","0","0","0","1","2","0","2","03","03","N","","","","","","","","","","",""
"2023051390","1519","3","0","0","0","0","0","0","0","0","1","0","","67","05","2023","3","40.0022","-75.0779","1506","06","0","0","0","0","0","0","0","0","","0","0","0","15","1","0","00","N","1","40 00:07.743","1","00","75 04:40.617","0","0","0","0","67301","0","0","0","N","0","0","0","3","68K01","0","","1","01","1533","N","N","N","0","","0","0","0","0","0","N","1504","0","3","0","0","0","0","0","2","0","3","03","","N","","","","","","","","","","",""
"2023037440","1538","1","0","0","0","0","0","0","0","0","4","0","","67","04","2023","6","39.9623","-75.1898","1537","06","0","0","0","0","0","2","0","0","","0","0","0","15","1","1","01","","0","39 57:44.387","","00","75 11:23.287","3","0","0","0","67301","0","0","0","N","0","0","0","2","67507","0","","1","09","","N","N","Y","0","","1","0","1","3","3","","1510","1","3","0","0","0","0","0","2","1","3","07","04","N","","","","","","","","","","",""
"2023051362","2051","1","0","0","0","0","0","0","0","0","1","0","","67","04","2023","4","39.955","-75.1486","2051","06","0","0","0","0","0","1","0","0","","0","0","0","20","3","3","00","N","1","39 57:17.890","3","00","75 08:54.960","8","0","0","0","67301","0","0","0","N","0","0","0","4","68K01","0","","1","09","2130","N","N","N","0","","0","0","1","0","0","N","2034","3","2","0","0","0","3","0","2","0","2","07","","N","","","","","","","","","","",""
"2023049170","1631","0","0","0","0","0","0","0","0","0","1","0","","67","06","2023","5","40.008","-75.2026","1629","06","0","0","0","0","0","1","0","0","","0","0","0","16","1","6","00","N","1","40 00:28.974","3","00","75 12:09.535","3","0","0","0","67301","0","0","0","N","0","0","0","10","68K01","4","","1","01","1728","N","N","N","1","","2","0","1","0","0","N","1627","6","4","0","0","1","0","0","2","2","4","03","","N","","","","","","","","","","",""
"2023037872","2324","2","0","0","0","0","0","0","0","0","1","0","","67","04","2023","3","40.0083","-75.1929","2324","06","0","0","0","0","0","0","0","0","","0","0","0","23","3","1","00","N","1","40 00:29.786","1","00","75 11:34.563","3","0","0","0","67301","0","0","0","N","0","0","0","1","67301","0","","6","01","2355","N","N","Y","1","","1","0","0","0","0","Y","2324","1","3","0","0","1","0","0","2","0","3","03","03","N","","","","","","","","","","",""
"2023036339","0200","1","0","0","0","0","0","0","0","0","4","0","","67","04","2023","2","40.0158","-75.1411","0134","06","0","0","0","0","0","0","0","0","","0","0","0","01","3","0","01","","0","40 00:56.908","","00","75 08:28.024","0","0","0","0","67301","0","0","0","N","0","0","0","2","67301","0","","1","01","","N","N","N","0","","0","0","1","3","2","","0132","0","2","0","0","0","0","0","2","0","2","03","03","N","","","","","","","","","","",""
"2023036611","1553","1","0","0","0","0","0","0","0","0","4","0","","67","04","2023","5","40.035","-75.0694","1526","06","0","0","0","0","0","0","0","0","","0","0","0","15","1","0","01","","1","40 02:06.097","1","00","75 04:09.909","9","0","0","0","67301","0","0","0","N","0","0","0","3","67301","0","","1","01","1645","N","N","N","0","","0","0","1","3","2","N","1513","0","2","0","0","0","0","2","2","0","2","03","03","N","","","","","","","","","","",""
"2023034962","1310","2","0","0","0","0","0","0","0","0","4","0","","67","04","2023","4","40.057","-75.0343","1300","06","0","0","0","0","0","1","0","0","","0","0","0","12","1","1","01","","0","40 03:25.378","","00","75 02:03.334","8","0","0","0","67301","0","0","0","N","0","0","0","2","67301","0","","1","01","","N","N","N","0","","0","0","0","3","2","","1230","1","2","0","0","0","1","0","2","0","2","03","03","N","","","","","","","","","","",""
"2023048134","2000","1","0","0","0","0","0","0","0","0","1","1","","67","05","2023","3","39.9707","-75.1242","2000","06","0","0","0","0","0","0","0","0","","0","1","0","14","1","0","00","N","0","39 58:14.468","","08","75 07:26.972","0","0","0","0","67301","0","0","0","N","0","0","0","2","67301","0","","1","01","","N","N","N","0","","0","0","0","0","0","","1445","0","2","0","0","0","0","0","2","0","2","99","","N","","","","","","","","","","",""
"2023048928","1400","1","0","0","1","0","0","0","0","0","8","0","","67","06","2023","5","40.0668","-74.982","1352","06","0","0","0","0","1","0","0","0","","0","0","0","13","1","1","00","N","1","40 04:00.549","1","00","74 58:55.303","8","0","0","0","67301","1","0","0","N","0","0","0","2","67301","0","","1","01","1440","N","N","N","0","","0","0","0","0","0","N","1350","1","2","0","0","0","1","0","2","0","1","03","03","N","","","","","","","","","","",""
"2023048855","1114","1","0","0","0","0","0","0","0","0","1","0","","67","05","2023","2","39.9867","-75.2079","1114","06","0","0","0","0","0","1","0","0","","0","0","0","11","1","0","07","","1","39 59:12.203","4","02","75 12:28.342","0","0","0","0","67301","0","0","0","N","0","0","0","2","68K01","0","","7","01","1216","N","N","N","0","","0","0","1","3","2","N","1112","0","2","0","0","0","0","0","2","0","2","03","03","N","","","","","","","","","","",""
"2023035384","1630","1","0","0","0","0","0","0","0","0","4","0","","67","04","2023","6","39.9917","-75.2298","1628","06","0","0","0","0","0","1","0","0","","0","0","0","16","1","1","01","","0","39 59:30.087","","00","75 13:47.287","4","0","0","0","67301","0","0","0","N","0","0","0","5","67301","1","","1","01","","N","N","N","0","","0","0","1","3","2","","1620","1","2","0","0","0","0","2","2","0","2","03","03","N","","","","","","","","","","",""
"2023035822","1110","2","0","0","0","0","0","0","0","0","7","0","","67","04","2023","7","40.0084","-75.1513","1108","06","0","0","0","0","0","0","0","0","","0","0","0","11","1","2","00","N","2","40 00:30.092","7","00","75 09:04.772","2","0","0","0","67301","1","0","1","N","1","0","1","2","67301","0","","4","01","1400","N","N","N","0","","1","1","1","0","0","Y","1104","2","4","0","0","0","0","0","2","0","3","03","","N","","","","","","","","","","",""
"2023046918","0020","3","0","0","0","0","0","0","0","0","4","0","","67","05","2023","7","40.0532","-75.1537","0012","06","0","0","0","0","0","0","0","0","","0","0","0","00","3","3","01","","1","40 03:11.563","3","00","75 09:13.219","3","0","0","0","67301","0","0","0","N","0","0","0","3","67301","0","","1","01","0149","N","N","N","0","","3","0","1","3","3","N","0002","3","4","0","0","0","0","0","2","0","4","03","03","N","","","","","","","","","","",""
"2023046925","0647","0","0","0","0","0","0","0","0","0","5","0","","67","05","2023","7","40.0171","-75.1718","0647","06","0","0","0","0","0","1","0","0","","0","0","0","06","1","2","00","N","0","40 01:01.579","","00","75 10:18.324","3","0","0","0","67301","0","0","0","N","0","0","0","2","67301","1","","6","09","","N","Y","N","0","","1","0","1","0","0","","0647","2","2","0","0","0","0","0","2","1","2","04","03","N","","","","","","","","","","",""
"2023036646","1943","1","0","0","0","0","0","0","0","0","5","0","","67","04","2023","5","39.9136","-75.1828","1943","06","0","0","0","0","0","0","0","0","","0","0","0","19","1","2","07","","2","39 54:49.000","4","08","75 10:58.002","8","0","0","0","67301","0","0","0","N","0","0","0","2","67501","0","","1","01","2035","N","N","N","0","","0","0","0","0","0","N","1940","2","2","0","0","0","2","0","2","1","2","03","03","N","","","","","","","","","","",""
"2023035630","1148","0","0","0","0","0","0","0","0","0","8","0","","67","04","2023","7","39.9851","-75.2059","1137","06","0","0","0","0","0","1","0","0","","0","0","0","11","1","1","00","N","0","39 59:06.320","","00","75 12:21.220","3","0","0","0","67301","1","0","0","N","1","0","0","2","67301","0","","1","01","","N","N","N","0","","1","0","1","0","0","","1107","1","2","0","0","1","0","0","2","0","1","03","03","N","","","","","","","","","","",""
"2023047608","0948","0","0","0","0","0","0","0","0","0","7","1","","67","05","2023","7","40.0334","-75.0201","0936","06","0","0","0","0","0","1","0","0","","0","1","0","09","1","0","00","N","1","40 02:00.411","1","00","75 01:12.341","0","0","0","0","67301","0","0","0","N","0","0","0","1","68K01","0","","5","09","1200","N","N","N","0","","0","0","0","0","0","N","0935","0","1","0","0","0","0","0","2","0","1","07","07","N","","","","","","","","","","",""
"2023038692","0424","0","0","0","0","0","0","0","0","0","1","0","","67","04","2023","5","39.9518","-75.2377","0422","06","0","0","0","0","0","0","0","0","","0","0","0","04","3","2","00","N","0","39 57:06.500","","00","75 14:15.720","4","0","0","0","67301","0","0","0","N","0","0","0","2","67301","2","","1","09","","N","N","N","0","","0","0","2","0","0","","0422","2","2","0","0","0","0","0","2","0","2","04","04","N","","","","","","","","","","",""
"2023036999","1330","1","0","0","0","0","0","0","0","0","8","0","","67","04","2023","1","39.9318","-75.169","1327","06","0","0","1","0","0","0","0","0","","0","0","0","13","1","1","01","","0","39 55:54.573","","00","75 10:08.450","3","0","0","0","67301","1","0","0","N","1","0","0","2","67301","0","","1","01","","N","N","N","0","","1","0","0","3","3","","1325","1","2","0","0","1","0","0","2","0","1","03","03","N","","","","","","","","","","",""
"2023048998","0725","2","0","0","0","0","0","0","0","0","4","0","","67","04","2023","7","40.0076","-75.1273","0725","06","0","0","0","0","0","0","0","0","","0","0","0","06","3","0","01","","0","40 00:27.502","","00","75 07:38.377","0","0","0","0","67301","0","0","0","N","0","0","0","4","67301","0","","1","01","","N","N","N","0","","0","0","0","3","2","","0600","0","2","0","0","0","0","0","2","0","2","03","03","N","","","","","","","","","","",""
"2023049192","1114","0","0","0","0","0","0","0","0","0","8","0","","67","05","2023","3","39.9522","-75.1452","1114","06","0","0","0","0","0","0","0","0","","0","0","0","17","1","1","01","","0","39 57:07.825","","00","75 08:42.829","2","0","0","0","67301","1","0","1","N","1","0","1","2","67301","0","","1","01","","N","N","N","0","","0","1","1","3","2","","1700","1","2","0","0","0","0","0","2","0","1","03","03","N","","","","","","","","","","",""
"2023047763","2103","1","0","0","0","0","0","0","0","0","7","0","","67","05","2023","2","39.932","-75.1999","2044","06","0","0","0","0","0","0","0","0","","0","0","0","20","3","0","00","N","1","39 55:55.328","4","00","75 11:59.606","0","0","0","0","67301","0","0","0","N","0","0","0","3","68K01","0","","4","01","0918","N","N","N","0","","0","0","0","0","0","N","2043","0","1","0","0","0","0","0","2","0","1","03","","N","","","","","","","","","","",""
"2023046920","2120","0","0","0","0","0","0","0","0","0","8","1","","67","04","2023","3","39.9963","-75.1707","2117","06","0","0","0","0","0","0","0","0","","0","0","0","21","1","1","00","N","0","39 59:46.590","","00","75 10:14.530","3","0","0","0","67301","1","0","0","N","1","0","0","2","67301","0","","1","01","","N","N","N","1","","1","0","0","0","0","","2116","1","2","0","0","1","0","0","2","0","1","03","03","N","","","","","","","","","","",""
"2023048363","0126","1","0","0","0","0","0","0","0","0","4","0","","67","05","2023","3","39.9734","-75.222","0126","06","0","0","0","0","0","0","0","0","","0","0","0","00","3","0","00","N","0","39 58:24.330","","00","75 13:19.270","0","0","0","0","67301","0","0","0","N","0","0","0","1","67301","0","","1","01","","N","N","N","0","","0","0","0","0","0","","0050","0","2","0","0","0","0","0","2","0","2","03","03","N","","","","","","","","","","",""
"2023035627","1545","0","0","0","0","0","0","0","0","0","4","0","","67","04","2023","6","40.0991","-74.9869","1534","06","0","0","0","0","0","0","0","0","","0","0","0","15","1","1","01","","0","40 05:56.927","","02","74 59:12.712","4","0","0","0","67301","0","0","0","N","0","0","0","2","67301","1","","1","01","","N","N","N","1","","0","0","1","3","2","","1520","1","2","0","0","0","0","0","2","0","2","03","03","N","","","","","","","","","","",""
"2023034669","1330","1","0","0","0","0","0","0","0","0","4","0","","67","04","2023","3","39.9576","-75.1457","1320","06","0","0","0","0","0","0","1","0","","0","0","0","13","1","1","01","","0","39 57:27.432","","00","75 08:44.473","3","0","0","0","67301","0","0","0","N","0","0","0","2","67301","0","","1","01","","N","N","N","0","","1","0","1","3","2","","1300","1","2","0","0","0","0","0","2","0","2","03","","N","","","","","","","","","","",""
"2023047086","1224","0","0","0","0","0","0","0","0","0","5","1","","67","05","2023","4","40.0099","-75.2063","1213","06","0","0","0","1","0","0","0","0","","0","1","0","12","1","0","00","N","0","40 00:35.800","","00","75 12:22.775","0","0","0","0","67301","0","0","0","N","0","0","0","3","68K01","0","","1","01","","N","N","N","0","","0","0","1","0","0","","1210","0","3","0","0","0","0","0","2","1","3","03","","N","","","","","","","","","","",""
"2023046997","1040","0","0","0","0","0","0","0","0","0","2","0","","67","05","2023","7","40.0312","-75.0446","0130","06","0","0","0","0","0","0","0","0","","0","0","0","01","3","1","02","","0","40 01:52.453","","00","75 02:40.714","3","0","0","0","67301","0","0","0","N","0","0","0","2","67301","0","","1","01","","N","N","N","0","","1","0","2","3","3","","0106","1","2","0","0","0","0","0","2","0","2","03","03","N","","","","","","","","","","",""
"2023046846","0233","2","0","0","0","0","0","0","0","0","2","0","","67","05","2023","6","40.0245","-75.1478","0233","06","0","0","0","0","0","0","0","0","","0","0","0","02","3","3","01","","0","40 01:28.424","","00","75 08:52.452","3","0","0","0","67301","0","0","0","N","0","0","0","3","67301","0","","1","01","","N","N","N","0","","3","0","0","3","2","","0231","3","2","0","0","0","0","0","2","0","2","03","03","N","","","","","","","","","","",""
"2023050241","1451","1","0","0","0","0","0","0","0","0","1","0","","67","06","2023","6","39.9875","-75.0897","1444","06","0","0","1","0","0","1","0","0","","0","0","0","14","1","1","00","N","1","39 59:15.061","1","00","75 05:22.817","8","0","0","0","67301","0","0","0","N","0","0","0","2","68K01","0","","1","01","1550","N","N","N","1","","0","0","0","0","0","N","1441","1","2","0","0","0","1","0","2","0","2","03","","N","","","","","","","","","","",""
"2023036336","0052","1","0","0","0","0","0","0","0","0","4","0","","67","04","2023","2","40.0363","-75.0514","0052","06","0","0","0","0","0","0","0","0","","0","0","0","00","3","0","01","","0","40 02:10.683","","00","75 03:04.996","0","0","0","0","67301","0","0","0","N","0","0","0","2","67301","0","","1","01","","N","N","N","0","","0","0","1","3","2","","0050","0","2","0","0","1","0","0","2","0","2","03","03","N","","","","","","","","","","",""
"2023038606","1828","1","0","0","0","0","0","0","0","0","1","0","","67","04","2023","3","39.9376","-75.1985","1824","06","0","0","0","0","0","1","0","0","","0","0","0","18","1","1","00","N","0","39 56:15.344","","03","75 11:54.777","3","0","0","0","67301","0","0","0","N","0","0","0","2","68K01","0","","1","01","","N","N","N","0","","1","0","1","0","0","","1823","1","2","0","0","1","0","0","2","0","2","03","","N","","","","","","","","","","",""
"2023037690","1623","0","0","0","0","0","0","0","0","0","3","0","","67","04","2023","1","39.9386","-75.17","1620","06","0","0","0","0","0","0","0","0","","0","0","0","15","1","1","00","N","0","39 56:18.800","","00","75 10:11.830","3","0","0","0","67301","0","0","0","N","0","0","0","2","67301","0","","6","01","","N","N","N","0","","1","0","2","0","0","","1538","1","2","0","0","0","0","0","2","0","2","03","03","N","","","","","","","","","","",""
"2023037365","1018","1","0","0","0","0","0","0","0","0","7","0","","67","04","2023","2","40.0295","-75.1446","1015","06","0","0","0","0","0","0","0","0","","0","0","0","07","1","0","00","N","0","40 01:46.220","","00","75 08:40.440","0","0","0","0","67301","0","0","0","N","0","0","0","1","67301","0","","4","01","","N","N","N","0","","0","0","0","0","0","","0730","0","1","0","0","0","0","0","2","0","1","03","03","N","","","","","","","","","","",""
"2023049569","0101","1","0","0","0","0","0","0","0","0","7","0","","67","06","2023","1","40.0907","-74.9764","0101","06","0","0","0","0","0","0","0","0","","0","0","0","00","3","1","00","N","2","40 05:26.599","3","00","74 58:35.027","8","0","0","0","67301","0","0","0","N","0","0","0","1","67301","0","","2","01","0115","N","N","N","0","","0","0","0","0","0","Y","0050","1","1","0","0","0","1","0","2","0","1","03","03","N","","","","","","","","","","",""
"2023034789","2302","1","0","0","0","0","0","0","0","0","4","0","","67","04","2023","3","39.9387","-75.1817","2301","06","0","0","0","0","0","0","0","0","","0","0","0","23","3","1","01","","2","39 56:19.326","7","00","75 10:54.112","3","0","0","0","67301","0","0","0","N","0","0","0","2","67301","0","","1","01","1130","N","N","N","0","","1","0","1","3","3","Y","2300","1","2","0","0","1","0","0","2","0","2","03","03","N","","","","","","","","","","",""
"2023038844","0935","0","0","0","0","0","0","0","0","0","8","0","","67","04","2023","5","39.9583","-75.1641","0926","06","0","0","0","0","0","0","0","0","","0","0","0","09","1","1","01","","0","39 57:29.829","","03","75 09:50.647","3","0","0","0","67301","1","0","0","N","1","0","0","2","67301","0","","1","01","","N","N","N","0","","1","0","0","3","2","","0900","1","2","0","0","0","0","0","2","1","1","03","03","N","","","","","","","","","","",""
"2023034095","1712","2","0","0","0","0","0","0","0","0","5","0","","67","04","2023","2","40.0609","-75.0518","1710","06","0","0","0","0","0","1","0","0","","0","0","0","17","1","1","00","N","1","40 03:39.300","1","00","75 03:06.639","8","0","0","0","67301","0","0","0","N","0","0","0","9","67301","0","","1","01","1800","N","N","N","0","","0","0","0","0","0","N","1709","1","3","0","0","0","1","0","2","1","3","03","03","N","","","","","","","","","","",""
"2023039238","1000","0","0","0","0","0","0","0","0","0","4","0","","67","04","2023","7","39.9921","-75.2266","1000","06","0","0","0","0","0","1","0","0","","0","0","0","10","1","1","00","N","0","39 59:31.540","","00","75 13:35.630","8","0","0","0","67301","0","0","0","N","0","0","0","3","67301","0","","1","99","","N","N","N","0","","0","0","2","0","0","","1015","1","2","0","0","0","1","2","2","0","2","99","","N","","","","","","","","","","",""
"2023035069","1548","0","0","0","0","0","0","0","0","0","8","0","","67","04","2023","5","39.9905","-75.1281","1545","06","0","0","0","0","0","0","0","0","","0","0","0","13","1","1","00","N","0","39 59:25.718","","00","75 07:41.233","3","0","0","0","67301","1","0","0","N","1","0","0","2","67301","0","","1","01","","N","N","N","0","","1","0","0","0","0","","1349","1","2","0","0","0","0","1","2","1","1","03","03","N","","","","","","","","","","",""
"2023036163","1427","0","0","0","0","0","0","0","0","0","7","0","","67","04","2023","3","40.0463","-75.0012","1409","06","0","0","0","0","0","0","1","0","","0","0","0","14","1","2","00","N","1","40 02:46.852","1","00","75 00:04.218","3","0","0","0","67301","0","0","0","N","0","0","0","2","68K01","0","","3","01","1450","N","N","N","1","","2","0","0","0","0","N","1402","2","1","0","0","2","0","0","2","0","1","03","","N","","","","","","","","","","",""
"2023035062","1820","1","0","0","0","0","0","0","0","0","8","0","","67","04","2023","5","40.0485","-75.0614","1817","06","0","0","0","0","0","0","0","0","","0","0","0","18","1","1","00","N","0","40 02:54.507","","00","75 03:40.953","4","0","0","0","67301","1","0","0","N","1","0","0","2","67301","1","","1","01","","N","N","N","0","","0","0","0","0","0","","1800","1","2","0","0","0","0","0","2","0","1","03","03","N","","","","","","","","","","",""
"2023048354","0925","1","0","0","0","0","0","0","0","0","8","0","","67","05","2023","5","40.0415","-75.028","0925","06","0","0","0","0","0","0","0","0","","0","0","0","17","1","1","00","N","9","40 02:29.226","","07","75 01:40.837","3","0","0","0","67301","1","0","0","N","1","0","0","1","67301","0","","2","01","","N","N","N","0","","1","0","0","0","0","","1740","1","2","0","0","0","0","0","2","0","1","03","03","N","","","","","","","","","","",""
"2023035541","0951","1","0","0","0","0","0","0","0","0","8","0","","67","04","2023","6","40.0444","-75.1435","0947","06","0","0","0","0","0","0","0","0","","0","0","0","09","1","1","01","","1","40 02:39.936","1","00","75 08:36.817","8","0","0","0","67301","1","0","0","N","1","0","0","2","67301","0","","1","01","1052","N","N","N","0","","0","0","0","3","2","Y","0944","1","2","0","0","0","1","0","2","0","1","03","03","N","","","","","","","","","","",""
"2023036591","0255","2","0","0","0","0","0","0","0","0","5","0","","67","04","2023","1","39.9577","-75.15","0253","06","0","0","0","0","0","0","0","0","","0","0","0","02","3","0","00","N","0","39 57:27.786","","00","75 09:00.057","0","0","0","0","67301","0","0","0","N","0","0","0","3","68K01","0","","1","09","","N","N","N","0","","0","0","1","0","0","","0252","0","4","0","0","0","0","0","2","0","3","07","","N","","","","","","","","","","",""
"2023035807","1830","2","0","0","0","0","0","0","0","0","4","0","","67","04","2023","7","39.9036","-75.2432","1807","06","0","0","0","0","0","0","0","0","","0","0","0","18","1","0","01","","0","39 54:12.960","","00","75 14:35.590","9","0","0","0","67301","0","0","0","N","0","0","0","3","67301","0","","1","09","","N","N","N","0","","0","0","0","3","2","","1800","0","2","0","0","0","0","3","2","0","2","07","07","N","","","","","","","","","","",""
"2023039034","1506","1","0","0","0","0","0","0","0","0","5","0","","67","04","2023","4","40.0383","-75.0367","1505","06","0","0","0","0","0","0","1","0","","0","0","0","15","1","1","00","N","0","40 02:17.995","","00","75 02:12.031","3","0","0","0","67301","0","0","0","N","0","0","0","2","67301","0","","1","01","","N","N","N","0","","1","0","1","0","0","","1505","1","2","0","0","0","0","0","2","0","2","03","03","N","","","","","","","","","","",""
"2023049859","0003","1","0","0","0","0","0","0","0","0","1","0","","67","06","2023","1","40.0242","-75.148","0002","06","0","0","0","0","0","0","0","0","","0","0","0","22","3","2","00","N","9","40 01:27.114","","00","75 08:52.738","4","0","0","0","67301","0","0","0","N","0","0","0","2","67301","2","","1","99","","N","N","N","0","","0","0","1","0","0","","2254","2","2","0","0","0","0","0","2","0","2","03","","N","","","","","","","","","","",""
"2023035632","1025","1","0","0","0","0","0","0","0","0","4","0","","67","04","2023","6","39.9978","-75.172","1025","06","0","0","0","0","0","1","0","0","","0","0","0","10","1","1","01","","0","39 59:52.234","","00","75 10:19.099","3","0","0","0","67301","0","0","0","N","0","0","0","2","67301","0","","1","01","","N","N","N","0","","1","0","3","3","3","","1025","1","4","0","0","1","0","0","2","0","4","03","03","N","","","","","","","","","","",""
"2023034782","0831","2","0","0","0","0","0","0","0","0","4","0","","67","04","2023","4","40.0574","-75.1601","0829","06","0","0","0","0","0","1","0","0","","0","0","0","07","1","0","01","","0","40 03:26.611","","00","75 09:36.536","9","0","0","0","67301","0","0","0","N","0","0","0","2","67301","0","","1","01","","N","N","N","0","","0","0","1","3","3","","0750","0","3","0","0","0","0","1","2","0","3","03","","N","","","","","","","","","","",""
"2023048510","0848","1","0","0","0","0","0","0","0","0","4","0","","67","05","2023","3","39.9576","-75.1457","0846","06","0","0","0","0","0","1","0","0","","0","0","0","08","1","2","01","","1","39 57:27.432","2","00","75 08:44.473","3","0","0","0","67301","0","0","0","N","0","0","0","2","67301","0","","1","01","0940","N","N","N","0","","2","0","1","3","2","Y","0839","2","2","0","0","0","0","0","2","0","2","03","03","N","","","","","","","","","","",""
"2023035542","1750","1","0","0","0","0","0","0","0","0","5","0","","67","04","2023","2","40.0034","-75.1525","1750","06","0","0","0","0","0","0","0","0","","0","0","0","08","1","0","00","N","0","40 00:12.405","","00","75 09:09.067","9","0","0","0","67301","0","0","0","N","0","0","0","2","67301","0","","1","09","","N","N","N","0","","0","0","0","0","0","","0800","0","2","0","0","0","0","2","2","0","2","99","","N","","","","","","","","","","",""
"2023049998","1628","0","0","0","0","0","0","0","0","0","4","1","","67","06","2023","5","40.0278","-75.0601","1627","06","0","0","0","0","0","1","0","0","","0","1","0","16","1","2","01","","0","40 01:40.173","","00","75 03:36.400","3","0","0","0","67301","0","0","0","N","0","0","0","4","67301","0","","1","01","","N","N","N","0","","2","0","1","3","2","","1619","2","2","0","0","0","0","0","2","0","2","03","03","N","","","","","","","","","","",""
"2023049026","0825","0","0","0","0","0","0","1","0","0","8","1","","67","05","2023","4","39.9832","-75.1325","0805","06","0","0","0","0","0","0","0","0","","0","0","0","08","1","1","05","","0","39 58:59.552","","01","75 07:57.021","8","0","0","0","67301","1","0","0","N","1","0","0","2","67508","0","","1","01","","N","N","Y","0","","0","0","0","3","2","","0805","1","2","0","0","0","1","0","2","0","1","03","03","N","","","","","","","","","","",""
"2023049196","1810","1","0","0","0","0","0","0","0","0","7","0","","67","05","2023","3","40.018","-75.0585","1810","06","0","0","0","0","0","0","0","0","","0","0","0","18","1","1","00","N","2","40 01:04.951","5","00","75 03:30.661","3","0","0","0","67301","1","0","0","N","1","0","0","2","67301","0","","5","01","2007","N","N","N","0","","1","0","0","0","0","Y","1810","1","2","0","0","0","0","1","2","0","1","03","","N","","","","","","","","","","",""