"CRN","ARRIVAL_TM","AUTOMOBILE_COUNT","BELTED_DEATH_COUNT","BELTED_SUSP_SERIOUS_INJ_COUNT","BICYCLE_COUNT","BICYCLE_DEATH_COUNT","BICYCLE_SUSP_SERIOUS_INJ_COUNT","BUS_COUNT","CHLDPAS_DEATH_COUNT","CHLDPAS_SUSP_SERIOUS_INJ_COUNT","COLLISION_TYPE","COMM_VEH_COUNT","CONS_ZONE_SPD_LIM","COUNTY","CRASH_MONTH","CRASH_YEAR","DAY_OF_WEEK","DEC_LAT","DEC_LONG","DISPATCH_TM","DISTRICT","DRIVER_COUNT_16YR","DRIVER_COUNT_17YR","DRIVER_COUNT_18YR","DRIVER_COUNT_19YR","DRIVER_COUNT_20YR","DRIVER_COUNT_50_64YR","DRIVER_COUNT_65_74YR","DRIVER_COUNT_75PLUS","EST_HRS_CLOSED","FATAL_COUNT","HEAVY_TRUCK_COUNT","HORSE_BUGGY_COUNT","HOUR_OF_DAY","ILLUMINATION","INJURY_COUNT","INTERSECT_TYPE","INTERSECTION_RELATED","LANE_CLOSED","LATITUDE","LN_CLOSE_DIR","LOCATION_TYPE","LONGITUDE","MAX_SEVERITY_LEVEL","MCYCLE_DEATH_COUNT","MCYCLE_SUSP_SERIOUS_INJ_COUNT","MOTORCYCLE_COUNT","MUNICIPALITY","NONMOTR_COUNT","NONMOTR_DEATH_COUNT","NONMOTR_SUSP_SERIOUS_INJ_COUNT","NTFY_HIWY_MAINT","PED_COUNT","PED_DEATH_COUNT","PED_SUSP_SERIOUS_INJ_COUNT","PERSON_COUNT","POLICE_AGCY","POSSIBLE_INJ_COUNT","RDWY_SURF_TYPE_CD","RELATION_TO_ROAD","ROAD_CONDITION","ROADWAY_CLEARED","SCH_BUS_IND","SCH_ZONE_IND","SECONDARY_CRASH","SMALL_TRUCK_COUNT","SPEC_JURIS_CD","SUSP_MINOR_INJ_COUNT","SUSP_SERIOUS_INJ_COUNT","SUV_COUNT","TCD_FUNC_CD","TCD_TYPE","TFC_DETOUR_IND","TIME_OF_DAY","TOT_INJ_COUNT","TOTAL_UNITS","UNB_DEATH_COUNT","UNB_SUSP_SERIOUS_INJ_COUNT","UNBELTED_OCC_COUNT","UNK_INJ_DEG_COUNT","UNK_INJ_PER_COUNT","URBAN_RURAL","VAN_COUNT","VEHICLE_COUNT","WEATHER1","WEATHER2","WORK_ZONE_IND","WORK_ZONE_LOC","WORK_ZONE_TYPE","WORKERS_PRES","WZ_CLOSE_DETOUR","WZ_FLAGGER","WZ_LAW_OFFCR_IND","WZ_LN_CLOSURE","WZ_MOVING","WZ_OTHER","WZ_SHLDER_MDN","WZ_WORKERS_INJ_KILLED"
"2023036730","1800","3","0","0","0","0","0","0","0","0","1","0","","67","04","2023","2","39.9245","-75.173","1800","06","0","0","0","0","0","1","1","0","","0","0","0","17","1","2","00","Y","0","39 55:28.240","","00","75 10:22.960","3","0","0","0","67301","0","0","0","N","0","0","0","5","67301","1","","1","01","","N","N","N","0","","1","0","0","3","2","","1749","2","3","0","0","0","0","3","2","0","3","03","03","N","","","","","","","","","","",""
"2023036736","1552","0","0","0","0","0","0","0","0","0","8","0","","67","04","2023","3","39.9535","-75.2262","1549","06","0","0","0","0","0","0","0","0","","0","0","0","15","1","1","01","","0","39 57:12.690","","00","75 13:34.383","3","0","0","0","67301","1","0","0","N","1","0","0","2","67301","0","","1","01","","N","N","N","0","","1","0","1","3","2","","1545","1","2","0","0","0","0","0","2","0","1","03","","N","","","","","","","","","","",""
"2023047788","1220","2","0","0","0","0","0","0","0","0","4","0","","67","01","2023","6","40.0122","-75.1505","1218","06","0","0","0","0","0","1","0","0","","0","0","0","12","1","2","01","","0","40 00:44.680","","00","75 09:01.992","4","0","0","0","67301","0","0","0","N","0","0","0","3","67301","2","","1","01","","N","N","N","0","","0","0","0","3","2","","1214","2","2","0","0","0","0","0","2","0","2","04","04","N","","","","","","","","","","",""
"2023038678","0540","0","0","0","0","0","0","0","0","0","4","0","","67","04","2023","5","40.0089","-75.0719","0530","06","0","0","0","0","0","1","0","0","","0","0","0","04","5","2","05","","0","40 00:31.996","","00","75 04:18.728","3","0","0","0","67301","0","0","0","N","0","0","0","2","67301","0","","1","01","","N","N","N","0","","2","0","2","3","2","","0456","2","2","0","0","0","0","0","2","0","2","03","","N","","","","","","","","","","",""
"2023048006","0432","1","0","0","0","0","0","0","0","0","4","0","","67","05","2023","2","40.0522","-75.0931","0427","06","0","0","0","0","0","1","0","0","","0","0","0","04","3","1","01","","0","40 03:07.828","","00","75 05:35.123","3","0","0","0","67301","0","0","0","N","0","0","0","2","67301","0","","1","01","","N","N","N","0","","1","0","1","3","3","","0410","1","2","0","0","0","0","0","2","0","2","03","","N","","","","","","","","","","",""
"2023034781","1922","0","0","0","0","0","0","0","0","0","8","0","","67","04","2023","3","39.9234","-75.2317","1917","06","0","0","0","0","0","0","0","0","","0","0","0","19","4","2","01","","1","39 55:24.182","3","00","75 13:54.217","3","0","0","0","67301","2","0","0","N","2","0","0","3","67301","0","","1","01","1935","N","N","N","0","","2","0","0","3","2","N","1913","2","3","0","0","0","0","0","2","0","1","03","03","N","","","","","","","","","","",""
"2023036550","0148","1","0","0","0","0","0","0","0","0","7","0","","67","04","2023","2","40.0345","-75.0189","0148","06","0","0","0","0","0","0","0","0","","0","0","0","01","3","1","00","N","0","40 02:04.231","","03","75 01:08.081","3","0","0","0","67301","0","0","0","N","0","0","0","1","68K01","0","","3","09","","N","N","N","0","","1","0","0","0","0","","0147","1","1","0","0","0","0","0","2","0","1","07","","N","","","","","","","","","","",""
"2023048089","0910","2","0","0","0","0","0","0","0","0","1","0","","67","05","2023","3","40.0024","-75.0781","0902","06","0","0","0","0","0","1","0","0","","0","0","0","09","1","0","00","N","0","40 00:08.552","","00","75 04:41.045","0","0","0","0","67301","0","0","0","N","0","0","0","3","68K01","0","","1","01","","N","N","N","0","","0","0","1","0","0","","0901","0","3","0","0","0","0","0","2","0","3","03","03","N","","","","","","","","","","",""
"2023036998","2012","0","0","0","0","0","0","0","0","0","7","0","","67","04","2023","4","39.9294","-75.1719","2012","06","0","0","0","0","0","0","0","2","","0","0","0","17","1","1","00","N","0","39 55:45.900","","00","75 10:19.000","3","0","0","0","67301","0","0","0","N","0","0","0","2","67301","0","","5","01","","N","N","N","0","","1","0","1","0","0","","1722","1","2","0","0","0","0","0","2","1","2","03","03","N","","","","","","","","","","",""
"2023035820","1725","0","0","0","0","0","0","0","0","0","8","0","","67","04","2023","5","39.9952","-75.1504","1718","06","0","0","0","0","0","0","0","0","","0","0","0","17","1","1","00","N","0","39 59:42.730","","00","75 09:01.590","3","0","0","0","67301","1","0","0","N","1","0","0","2","67301","0","","1","01","","N","N","N","0","","1","0","0","0","0","","1712","1","2","0","0","0","0","0","2","0","1","03","03","N","","","","","","","","","","",""
"2023035379","2247","2","0","0","0","0","0","0","0","0","4","0","","67","04","2023","5","40.0428","-75.1813","2246","06","0","0","0","0","0","0","0","0","","0","0","0","22","3","0","00","N","0","40 02:34.084","","07","75 10:52.716","0","0","0","0","67301","0","0","0","N","0","0","0","1","67301","0","","1","01","","N","N","N","0","","0","0","1","0","0","","2245","0","3","0","0","1","0","0","2","0","3","03","03","N","","","","","","","","","","",""
"2023037361","0944","0","0","0","0","0","0","0","0","0","8","0","","67","04","2023","5","39.9447","-75.2305","0940","06","0","0","0","0","0","0","0","0","","0","0","0","08","1","1","02","","0","39 56:40.648","","00","75 13:49.976","3","0","0","0","67301","1","0","0","N","1","0","0","2","67301","0","","1","01","","N","N","N","0","","1","0","1","2","3","","0850","1","2","0","0","1","0","0","2","0","1","04","04","N","","","","","","","","","","",""
"2023037871","2006","1","0","0","0","0","0","0","0","0","7","0","","67","04","2023","3","40.017","-75.1716","2005","06","0","0","0","0","0","0","0","0","","0","0","0","19","3","0","00","N","0","40 01:01.283","","00","75 10:17.595","0","0","0","0","67301","0","0","0","N","0","0","0","1","67301","0","","5","01","","N","N","N","0","","0","0","0","0","0","","1958","0","1","0","0","1","0","0","2","0","1","03","03","N","","","","","","","","","","",""
"2023048105","1712","0","0","0","0","0","0","0","0","0","1","0","","67","05","2023","2","40.0184","-75.0477","1711","06","0","0","0","0","0","1","0","0","","0","0","0","17","1","1","00","N","0","40 01:06.391","","00","75 02:51.618","3","0","0","0","67301","0","0","0","N","0","0","0","4","68K01","0","","3","01","","N","N","N","0","","1","0","2","0","0","","1708","1","2","0","0","0","0","0","2","0","2","03","","N","","","","","","","","","","",""
"2023035383","1802","1","0","0","0","0","0","0","0","0","7","0","","67","04","2023","5","39.9815","-75.2258","1800","06","0","0","0","0","0","0","0","0","","0","0","0","17","1","0","00","N","0","39 58:53.450","","00","75 13:33.050","9","0","0","0","67301","0","0","0","N","0","0","0","1","67301","0","","5","01","","N","N","N","0","","0","0","0","0","0","","1710","0","1","0","0","1","0","1","2","0","1","03","","N","","","","","","","","","","",""
"2023047275","1035","1","0","0","0","0","0","0","0","0","7","0","","67","05","2023","4","40.0384","-75.0102","1026","06","0","0","1","0","0","0","0","0","","0","0","0","10","1","0","00","N","1","40 02:18.407","2","00","75 00:36.608","0","0","0","0","67301","0","0","0","N","0","0","0","1","68K01","0","","2","09","1050","N","N","N","0","","0","0","0","0","0","N","1025","0","1","0","0","0","0","0","2","0","1","07","07","N","","","","","","","","","","",""
"2023046840","0256","0","0","0","0","0","0","0","0","0","7","0","","67","05","2023","6","40.0362","-75.0985","0234","06","0","0","0","0","0","0","0","0","","0","0","0","02","3","0","00","N","0","40 02:10.370","","00","75 05:54.770","9","0","0","0","67301","0","0","0","N","0","0","0","1","67301","0","","5","01","","N","N","N","0","","0","0","1","0","0","","0228","0","1","0","0","0","0","1","2","0","1","03","","N","","","","","","","","","","",""
"2023048009","0727","1","0","1","0","0","0","0","0","0","7","0","","67","05","2023","3","40.0808","-75.0286","0725","06","0","0","0","0","0","0","0","0","","0","0","0","07","1","1","01","","0","40 04:50.820","","07","75 01:42.117","2","0","0","0","67301","0","0","0","N","0","0","0","1","67301","0","","5","01","","N","N","N","0","","0","1","0","0","0","","0715","1","1","0","0","0","0","0","2","0","1","03","","N","","","","","","","","","","",""
"2023036559","0752","0","0","0","0","0","0","0","0","0","1","0","","67","04","2023","4","40.0118","-75.0601","0752","06","0","0","0","0","0","0","0","0","","0","0","0","07","1","1","00","N","0","40 00:42.570","","03","75 03:36.512","4","0","0","0","67301","0","0","0","N","0","0","0","2","68K01","1","","1","01","","N","N","N","0","","0","0","2","0","0","","0752","1","2","0","0","0","0","0","2","0","2","03","03","N","","","","","","","","","","",""
"2023036340","1905","0","0","0","0","0","0","0","0","0","4","0","","67","04","2023","2","40.0533","-75.1393","1905","06","0","0","0","0","0","0","0","0","","0","0","0","17","4","0","01","","0","40 03:11.941","","00","75 08:21.627","0","0","0","0","67301","0","0","0","N","0","0","0","5","67301","0","","1","99","","N","N","N","0","","0","0","2","3","2","","1751","0","2","0","0","0","0","0","2","0","2","03","03","N","","","","","","","","","","",""
"2023041585","0957","1","0","0","0","0","0","0","0","0","7","0","","67","04","2023","7","40.0346","-75.0187","0955","06","0","0","0","1","0","0","0","0","","0","0","0","09","1","1","00","N","1","40 02:04.681","1","03","75 01:07.399","4","0","0","0","67301","0","0","0","N","0","0","0","2","68K01","1","","3","09","1035","N","N","N","0","","0","0","0","0","0","N","0946","1","2","0","0","0","0","0","2","1","2","07","07","N","","","","","","","","","","",""
"2023037971","1604","2","0","0","0","0","0","0","0","0","4","0","","67","04","2023","5","40.0789","-75.0253","1555","06","0","0","0","0","0","0","0","0","","0","0","0","15","1","2","02","","2","40 04:44.128","1","07","75 01:31.218","3","0","0","0","67301","0","0","0","N","0","0","0","2","67301","0","","1","01","1653","N","N","N","0","","2","0","0","3","2","N","1550","2","2","0","0","0","0","0","2","0","2","03","03","N","","","","","","","","","","",""
"2023050200","0259","1","0","0","0","0","0","0","0","0","7","0","","67","04","2023","6","40.0309","-75.0218","0230","06","0","0","0","0","0","0","0","0","","0","0","0","02","3","0","00","N","2","40 01:51.194","2","00","75 01:18.486","0","0","0","0","67301","0","0","0","N","0","0","0","1","68K01","0","","4","01","0305","N","N","N","0","","0","0","0","0","0","N","0229","0","1","0","0","0","0","0","2","0","1","03","","N","","","","","","","","","","",""
"2023047143","1609","2","0","0","0","0","0","0","0","0","4","0","","67","05","2023","7","40.0564","-75.0156","1605","06","0","0","0","0","0","0","0","0","","0","0","0","15","1","3","00","N","2","40 03:23.058","1","00","75 00:56.178","3","0","0","0","67301","0","0","0","N","0","0","0","3","67301","0","","1","01","1630","N","N","N","0","","3","0","1","0","0","N","1555","3","3","0","0","0","0","0","2","0","3","03","03","N","","","","","","","","","","",""
"2023036568","2106","1","0","0","0","0","0","0","0","0","5","0","","67","04","2023","5","40.0289","-75.0227","2054","06","0","0","1","1","0","0","0","0","","0","0","0","20","3","1","00","N","2","40 01:44.014","1","00","75 01:21.652","3","0","0","0","67301","0","0","0","N","0","0","0","4","68K01","0","","1","01","2130","N","N","N","0","","1","0","1","0","0","N","2053","1","2","0","0","0","0","0","2","0","2","03","","N","","","","","","","","","","",""
"2023036328","2330","0","0","0","0","0","0","0","0","0","7","0","","67","04","2023","7","40.053","-75.1659","2330","06","0","0","0","0","0","1","0","0","","0","0","0","23","3","0","00","N","0","40 03:10.710","","00","75 09:57.300","0","0","0","0","67301","0","0","0","N","0","0","0","1","67301","0","","1","09","","N","N","N","0","","0","0","0","0","0","","2330","0","1","0","0","0","0","0","2","1","1","07","","N","","","","","","","","","","",""
"2023040975","2138","1","0","0","0","0","0","0","0","0","4","0","","67","04","2023","7","40.0339","-75.0743","2130","06","0","0","0","0","0","0","0","0","","0","0","0","21","3","0","01","","0","40 02:02.069","","00","75 04:27.384","0","0","0","0","67301","0","0","0","N","0","0","0","2","67301","0","","1","09","","N","N","N","0","","0","0","1","3","2","","2130","0","2","0","0","2","0","0","2","0","2","07","98","N","","","","","","","","","","",""
"2023034793","1843","0","0","0","0","0","0","0","0","0","8","0","","67","04","2023","3","39.9674","-75.1289","1842","06","0","0","0","0","0","0","0","0","","0","0","0","18","1","1","05","","0","39 58:02.700","","00","75 07:44.180","3","0","0","0","67301","1","0","0","N","1","0","0","2","67301","0","","1","01","","N","N","N","1","","1","0","0","3","2","","1823","1","2","0","0","0","0","1","2","0","1","03","03","N","","","","","","","","","","",""
"2023036733","1158","0","0","0","0","0","0","0","0","0","8","0","","67","04","2023","6","39.9561","-75.238","1154","06","0","0","0","0","0","1","0","0","","0","0","0","11","1","1","01","","0","39 57:21.859","","00","75 14:16.659","3","0","0","0","67301","1","0","0","N","1","0","0","2","67301","0","","1","01","","N","N","N","1","","1","0","0","3","2","","1151","1","2","0","0","0","0","0","2","0","1","03","03","N","","","","","","","","","","",""
"2023035535","0055","0","0","0","0","0","0","0","0","0","5","0","","67","04","2023","6","40.0339","-75.105","0053","06","0","0","0","0","0","0","0","0","","0","0","0","22","2","0","00","N","0","40 02:02.050","","00","75 06:17.910","0","0","0","0","67301","0","0","0","N","0","0","0","1","67301","0","","6","01","","N","N","N","2","","0","0","0","0","0","","2256","0","2","0","0","0","0","0","2","0","2","03","03","N","","","","","","","","","","",""
"2023047494","0313","2","0","0","0","0","0","0","0","0","5","0","","67","01","2023","1","39.986","-75.0925","0255","06","0","0","0","1","0","1","0","0","","0","0","0","02","3","1","00","N","2","39 59:09.598","1","00","75 05:33.093","3","0","0","0","67301","0","0","0","N","0","0","0","3","68K01","0","","1","01","0015","N","N","Y","0","","1","0","1","0","0","N","0253","1","3","0","0","1","0","0","2","0","3","03","03","N","","","","","","","","","","",""
"2023036210","1204","1","0","0","0","0","0","0","0","0","4","0","","67","04","2023","7","39.9854","-75.1614","1202","06","0","0","0","0","0","0","0","0","","0","0","0","23","3","3","01","","0","39 59:07.285","","00","75 09:40.982","3","0","0","0","67301","0","0","0","N","0","0","0","4","67301","0","","1","09","","N","N","N","0","","3","0","1","3","2","","2355","3","3","0","0","2","0","0","2","0","3","03","07","N","","","","","","","","","","",""
"2023047719","0754","1","0","0","0","0","0","0","0","0","1","0","","67","05","2023","5","39.9775","-75.1125","0730","06","0","0","0","0","0","1","0","0","","0","0","0","07","1","3","00","N","2","39 58:39.146","2","00","75 06:44.927","3","0","0","0","67301","0","0","0","N","0","0","0","3","68K01","0","","1","01","0840","N","N","N","0","","1","0","2","0","0","N","0725","3","3","0","0","0","2","0","2","0","3","03","","N","","","","","","","","","","",""
"2023037023","2016","1","0","0","0","0","0","0","0","0","5","0","","67","04","2023","7","39.9116","-75.1672","2016","06","0","0","0","0","0","0","0","0","","0","0","0","20","3","0","00","N","0","39 54:41.700","","03","75 10:01.900","0","0","0","0","67301","0","0","0","N","0","0","0","3","67501","0","","1","09","","N","N","N","0","","0","0","0","0","0","N","2011","0","2","0","0","0","0","0","2","0","2","07","","N","","","","","","","","","","",""
"2023034677","1317","0","0","0","0","0","0","0","0","0","6","0","","67","04","2023","2","40.053","-75.0475","1308","06","0","0","0","0","0","1","0","0","","0","0","0","13","1","1","00","N","0","40 03:10.670","","00","75 02:51.100","4","0","0","0","67301","0","0","0","N","0","0","0","2","67301","1","","1","01","","N","N","N","0","","0","0","2","0","0","","1306","1","2","0","0","1","0","0","2","0","2","03","","N","","","","","","","","","","",""
"2023034779","1549","0","0","0","0","0","0","0","0","0","8","0","","67","04","2023","3","40.0312","-75.0217","1531","06","0","0","0","0","0","0","0","0","","0","0","0","14","1","1","02","","0","40 01:52.399","","00","75 01:18.206","8","0","0","0","67301","1","0","0","N","1","0","0","2","67301","0","","1","01","","N","N","N","1","","0","0","0","3","2","","1420","1","2","0","0","1","1","0","2","0","1","03","","N","","","","","","","","","","",""
"2023034395","0855","1","0","0","0","0","0","0","0","0","4","0","","67","04","2023","3","39.9128","-75.1503","0850","06","0","0","0","0","0","0","0","0","","0","0","0","08","1","0","00","N","1","39 54:45.900","5","07","75 09:01.000","0","0","0","0","67301","0","0","0","N","0","0","0","2","67301","0","","1","01","1015","N","N","N","0","","0","0","1","0","0","N","0849","0","2","0","0","0","0","0","2","0","2","03","","N","","","","","","","","","","",""
"2023035544","1200","1","0","0","0","0","0","0","0","0","1","0","","67","04","2023","5","40.0071","-75.1931","1200","06","0","0","0","0","0","0","0","0","","0","0","0","23","6","1","00","N","0","40 00:25.573","","03","75 11:35.058","2","0","0","0","67301","1","0","1","N","1","0","1","2","67301","0","","1","99","","N","N","N","0","","0","1","1","0","0","","2305","1","3","0","0","0","0","1","2","0","2","99","","N","","","","","","","","","","",""
"2023035932","1924","2","0","0","0","0","0","0","0","0","4","0","","67","04","2023","5","39.9567","-75.2235","1920","06","0","0","0","0","0","0","0","0","","0","0","0","19","4","1","01","","0","39 57:24.197","","00","75 13:24.774","2","0","0","0","67301","1","0","1","N","1","0","1","3","67301","0","","1","01","","N","N","Y","0","","0","1","2","3","2","","1918","1","5","0","0","0","0","2","2","0","4","03","","N","","","","","","","","","","",""
"2023034961","2318","1","0","0","0","0","0","0","0","0","4","0","","67","04","2023","4","39.9615","-75.1517","2318","06","0","0","0","0","0","0","0","0","","0","0","0","22","3","1","01","","0","39 57:41.631","","00","75 09:06.337","8","0","0","0","67301","0","0","0","N","0","0","0","2","67301","0","","1","01","","N","N","N","0","","0","0","1","3","2","","2210","1","2","0","0","0","1","1","2","0","2","03","","N","","","","","","","","","","",""
"2023034396","1623","0","0","0","1","0","0","0","0","0","8","0","","67","04","2023","2","39.9417","-75.1605","1622","06","0","0","0","0","0","0","0","0","","0","0","0","18","1","1","00","N","0","39 56:29.970","","00","75 09:37.870","3","0","0","0","67301","1","0","0","N","0","0","0","2","67301","0","","1","01","","N","N","N","0","","1","0","1","0","0","","1800","1","2","0","0","0","0","1","2","0","1","03","","N","","","","","","","","","","",""
"2023047644","0128","1","0","0","0","0","0","0","0","0","7","0","45","67","05","2023","6","39.9674","-75.1888","0128","06","0","0","0","0","0","0","0","0","","0","0","0","01","3","0","00","N","1","39 58:02.755","4","00","75 11:19.848","0","0","0","0","67301","0","0","0","Y","0","0","0","2","68K01","0","","2","01","0206","N","N","N","0","","0","0","0","3","8","N","0127","0","1","0","0","0","0","0","2","0","1","03","","Y","4","2","Y","N","N","Y","Y","N","N","N","N"
"2023033814","0849","1","0","0","0","0","0","0","0","0","1","0","","67","04","2023","2","39.9098","-75.1543","0848","06","0","0","0","0","0","1","0","0","","0","0","0","08","1","0","00","N","0","39 54:35.300","","05","75 09:15.300","0","0","0","0","67301","0","0","0","N","0","0","0","2","67501","0","","1","01","","N","N","N","1","","0","0","0","3","8","","0848","0","2","0","0","0","0","0","2","0","2","03","03","N","","","","","","","","","","",""
"2023035943","1010","1","0","0","0","0","0","0","0","0","5","0","","67","04","2023","1","40.0158","-75.1762","0959","06","0","0","0","0","0","0","0","0","","0","0","0","09","1","0","00","N","1","40 00:56.815","1","00","75 10:34.268","9","0","0","0","67301","0","0","0","N","0","0","0","2","67301","0","","1","01","1020","N","N","N","0","","0","0","1","0","0","N","0950","0","2","0","0","0","0","1","2","0","2","03","","N","","","","","","","","","","",""
"2023037689","0845","1","0","0","0","0","0","0","0","0","5","0","","67","04","2023","6","39.8914","-75.2258","0842","06","0","0","0","0","0","0","0","0","","0","0","0","08","1","2","00","N","0","39 53:29.006","","00","75 13:32.786","3","0","0","0","67301","0","0","0","N","0","0","0","3","67301","0","","1","01","","N","N","N","0","","2","0","1","0","0","","0841","2","2","0","0","0","0","0","2","0","2","03","04","N","","","","","","","","","","",""
"2023050201","0133","0","0","0","0","0","0","0","0","0","7","0","","67","04","2023","1","40.0002","-75.195","0122","06","0","0","0","0","0","1","0","0","","0","0","0","01","3","0","00","N","2","40 00:00.589","4","00","75 11:41.851","0","0","0","0","67301","0","0","0","N","0","0","0","1","68K01","0","","4","09","0130","N","N","N","1","","0","0","0","0","0","N","0121","0","1","0","0","0","0","0","2","0","1","07","","N","","","","","","","","","","",""
"2023036560","0824","1","0","0","0","0","0","0","0","0","1","0","","67","04","2023","4","40.0121","-75.0597","0824","06","0","0","0","0","0","1","0","0","","0","0","0","07","1","0","00","N","0","40 00:43.420","","00","75 03:34.987","0","0","0","0","67301","0","0","0","N","0","0","0","2","68K01","0","","1","01","","N","N","N","1","","0","0","0","0","0","","0753","0","2","0","0","0","0","0","2","0","2","03","03","N","","","","","","","","","","",""
"2023036584","1910","2","0","0","0","0","0","0","0","0","5","0","","67","04","2023","7","39.9948","-75.0836","1910","06","0","0","0","0","0","0","0","0","","0","0","0","19","1","0","00","N","0","39 59:41.430","","00","75 05:01.080","0","0","0","0","67301","0","0","0","N","0","0","0","2","68K01","0","","1","09","","N","N","N","0","","0","0","0","0","0","","1909","0","2","0","0","0","0","0","2","0","2","07","","N","","","","","","","","","","",""
"2023036587","2134","1","0","0","0","0","0","0","0","0","7","0","","67","04","2023","7","39.9708","-75.1242","2129","06","0","0","0","0","0","0","0","0","","0","0","0","21","3","0","00","N","2","39 58:14.850","1","03","75 07:27.104","0","0","0","0","67301","0","0","0","N","0","0","0","1","68K01","0","","4","09","2229","N","N","N","0","","0","0","0","0","0","N","2127","0","1","0","0","0","0","0","2","0","1","07","","N","","","","","","","","","","",""
"2023048008","1218","1","0","0","1","0","0","0","0","0","8","0","","67","05","2023","1","39.9407","-75.1478","1213","06","0","0","0","0","0","0","0","1","","0","0","0","12","1","1","00","N","0","39 56:26.570","","00","75 08:51.930","8","0","0","0","67301","2","0","0","N","0","0","0","3","67301","0","","1","01","","N","N","N","0","","0","0","2","0","0","","1213","1","4","0","0","0","1","0","2","0","3","03","03","N","","","","","","","","","","",""
"2023034960","0800","0","0","0","0","0","0","0","0","0","4","0","","67","04","2023","4","39.9617","-75.1577","0755","06","0","0","0","0","0","1","0","0","","0","0","0","07","1","6","05","","2","39 57:42.281","3","00","75 09:27.699","4","0","0","0","67301","0","0","0","N","0","0","0","6","67301","6","","1","01","0932","N","N","N","0","","0","0","1","3","2","Y","0745","6","2","0","0","0","0","0","2","1","2","03","","N","","","","","","","","","","",""
"2023037687","1930","0","0","0","0","0","0","0","0","0","8","0","","67","04","2023","7","40.0754","-75.0418","1929","06","0","0","0","0","0","0","0","0","","0","0","0","21","3","1","02","","0","40 04:31.404","","00","75 02:30.652","2","0","0","0","67301","1","0","1","N","1","0","1","2","67301","0","","1","09","","N","N","N","0","","0","1","0","3","3","","2100","1","2","0","0","0","0","1","2","0","1","07","","N","","","","","","","","","","",""
"2023036959","1606","2","0","0","0","0","0","0","0","0","5","0","","67","04","2023","4","40.0427","-75.0035","1542","06","0","0","0","0","0","2","0","0","","0","0","0","15","1","2","00","N","1","40 02:33.859","2","03","75 00:12.774","3","0","0","0","67301","0","0","0","N","0","0","0","2","68K01","0","","1","01","1636","N","N","N","0","","2","0","0","0","0","N","1526","2","2","0","0","0","0","0","2","0","2","03","","N","","","","","","","","","","",""
"2023047595","0217","1","0","0","0","0","0","0","0","0","5","1","","67","05","2023","4","39.9769","-75.1985","0215","06","0","0","0","0","0","0","0","0","","0","1","0","02","3","0","00","N","0","39 58:36.920","","00","75 11:54.706","0","0","0","0","67301","0","0","0","N","0","0","0","2","68K01","0","","1","01","","N","N","N","0","","0","0","0","0","0","","0212","0","2","0","0","0","0","0","2","0","2","03","03","N","","","","","","","","","","",""
"2023036334","0451","1","0","0","0","0","0","0","0","0","4","0","","67","04","2023","4","40.0257","-75.0582","0449","06","0","0","0","0","0","0","0","0","","0","0","0","04","3","1","01","","1","40 01:32.400","2","00","75 03:29.601","4","0","0","0","67301","0","0","0","N","0","0","0","2","67301","1","","1","01","0520","N","N","Y","1","","0","0","2","3","2","N","0444","1","4","0","0","0","0","0","2","0","4","03","","N","","","","","","","","","","",""
"2023049111","1730","3","0","0","0","0","0","0","0","0","4","1","","67","05","2023","5","40.0112","-75.0617","1702","06","0","0","0","0","0","1","0","0","","0","1","0","16","1","1","00","N","0","40 00:40.283","","00","75 03:42.121","4","0","0","0","67301","0","0","0","N","0","0","0","4","68K01","1","","1","01","","N","N","N","0","","0","0","0","0","0","","1656","1","4","0","0","0","0","0","2","0","4","03","03","N","","","","","","","","","","",""
"2023036216","2003","2","0","0","0","0","0","0","0","0","1","0","","67","04","2023","1","40.0394","-75.1447","2002","06","0","0","0","0","0","0","0","0","","0","0","0","20","1","2","00","N","2","40 02:21.773","5","00","75 08:40.857","3","0","0","0","67301","0","0","0","N","0","0","0","3","67301","0","","1","01","2318","N","N","N","0","","2","0","1","0","0","Y","2000","2","3","0","0","0","0","1","2","0","3","03","03","N","","","","","","","","","","",""
"2023047386","1331","2","0","0","0","0","0","0","0","0","1","0","","67","05","2023","1","40.1235","-75.0154","1330","06","0","0","0","1","0","0","0","0","","0","0","0","16","1","2","01","","9","40 07:24.748","","00","75 00:55.269","8","0","0","0","67301","0","0","0","N","0","0","0","3","67301","0","","1","01","","N","N","N","0","","0","0","0","3","2","","1600","2","2","0","0","0","2","1","2","0","2","03","03","N","","","","","","","","","","",""
"2023047553","0118","0","0","0","0","0","0","0","0","0","7","0","","67","05","2023","6","39.9124","-75.1722","0118","06","0","0","0","0","0","0","0","0","","0","0","0","01","3","0","07","N","2","39 54:44.608","4","02","75 10:20.026","0","0","0","0","67301","0","0","0","N","0","0","0","1","67501","0","","4","01","0155","N","N","N","0","","0","0","1","0","0","Y","0118","0","1","0","0","0","0","0","2","0","1","03","03","N","","","","","","","","","","",""