"CRN","ARRIVAL_TM","AUTOMOBILE_COUNT","BELTED_DEATH_COUNT","BELTED_SUSP_SERIOUS_INJ_COUNT","BICYCLE_COUNT","BICYCLE_DEATH_COUNT","BICYCLE_SUSP_SERIOUS_INJ_COUNT","BUS_COUNT","CHLDPAS_DEATH_COUNT","CHLDPAS_SUSP_SERIOUS_INJ_COUNT","COLLISION_TYPE","COMM_VEH_COUNT","CONS_ZONE_SPD_LIM","COUNTY","CRASH_MONTH","CRASH_YEAR","DAY_OF_WEEK","DEC_LAT","DEC_LONG","DISPATCH_TM","DISTRICT","DRIVER_COUNT_16YR","DRIVER_COUNT_17YR","DRIVER_COUNT_18YR","DRIVER_COUNT_19YR","DRIVER_COUNT_20YR","DRIVER_COUNT_50_64YR","DRIVER_COUNT_65_74YR","DRIVER_COUNT_75PLUS","EST_HRS_CLOSED","FATAL_COUNT","HEAVY_TRUCK_COUNT","HORSE_BUGGY_COUNT","HOUR_OF_DAY","ILLUMINATION","INJURY_COUNT","INTERSECT_TYPE","INTERSECTION_RELATED","LANE_CLOSED","LATITUDE","LN_CLOSE_DIR","LOCATION_TYPE","LONGITUDE","MAX_SEVERITY_LEVEL","MCYCLE_DEATH_COUNT","MCYCLE_SUSP_SERIOUS_INJ_COUNT","MOTORCYCLE_COUNT","MUNICIPALITY","NONMOTR_COUNT","NONMOTR_DEATH_COUNT","NONMOTR_SUSP_SERIOUS_INJ_COUNT","NTFY_HIWY_MAINT","PED_COUNT","PED_DEATH_COUNT","PED_SUSP_SERIOUS_INJ_COUNT","PERSON_COUNT","POLICE_AGCY","POSSIBLE_INJ_COUNT","RDWY_SURF_TYPE_CD","RELATION_TO_ROAD","ROAD_CONDITION","ROADWAY_CLEARED","SCH_BUS_IND","SCH_ZONE_IND","SECONDARY_CRASH","SMALL_TRUCK_COUNT","SPEC_JURIS_CD","SUSP_MINOR_INJ_COUNT","SUSP_SERIOUS_INJ_COUNT","SUV_COUNT","TCD_FUNC_CD","TCD_TYPE","TFC_DETOUR_IND","TIME_OF_DAY","TOT_INJ_COUNT","TOTAL_UNITS","UNB_DEATH_COUNT","UNB_SUSP_SERIOUS_INJ_COUNT","UNBELTED_OCC_COUNT","UNK_INJ_DEG_COUNT","UNK_INJ_PER_COUNT","URBAN_RURAL","VAN_COUNT","VEHICLE_COUNT","WEATHER1","WEATHER2","WORK_ZONE_IND","WORK_ZONE_LOC","WORK_ZONE_TYPE","WORKERS_PRES","WZ_CLOSE_DETOUR","WZ_FLAGGER","WZ_LAW_OFFCR_IND","WZ_LN_CLOSURE","WZ_MOVING","WZ_OTHER","WZ_SHLDER_MDN","WZ_WORKERS_INJ_KILLED"
"2023038273","1106","1","0","0","0","0","0","0","0","0","7","0","","67","04","2023","4","40.0015","-75.195","1049","06","0","0","0","0","0","0","0","0","","0","0","0","10","1","0","00","N","2","40 00:05.455","3","00","75 11:41.851","0","0","0","0","67301","0","0","0","N","0","0","0","1","68K01","0","","3","01","1156","N","N","N","0","","0","0","0","0","0","Y","1040","0","1","0","0","0","0","0","2","0","1","03","03","N","","","","","","","","","","",""
"2023034394","1245","2","0","0","0","0","0","0","0","0","4","0","","67","04","2023","2","39.9348","-75.162","1245","06","0","0","0","0","0","0","0","0","","0","0","0","11","1","0","01","","0","39 56:05.349","","00","75 09:43.178","0","0","0","0","67301","0","0","0","N","0","0","0","3","67301","0","","1","01","","N","N","N","0","","0","0","0","3","2","","1126","0","2","0","0","3","0","0","2","0","2","03","03","N","","","","","","","","","","",""
"2023048242","0906","2","0","0","0","0","0","0","0","0","5","0","","67","04","2023","5","39.9571","-75.1558","0900","06","0","0","0","0","0","2","0","1","","0","0","0","08","1","3","00","N","2","39 57:25.461","4","00","75 09:21.032","3","0","0","0","67301","0","0","0","N","0","0","0","8","68K01","0","","1","01","1013","N","N","N","0","","3","0","4","0","0","N","0857","3","7","0","0","1","0","0","2","1","7","03","03","N","","","","","","","","","","",""
"2023047633","1157","1","0","0","0","0","0","0","0","0","7","0","","67","05","2023","4","39.9976","-75.0816","1156","06","0","0","0","0","0","0","0","0","","0","0","0","11","1","0","07","","1","39 59:51.182","1","00","75 04:53.908","0","0","0","0","67301","0","0","0","N","0","0","0","1","68K01","0","","4","01","1200","N","N","N","0","","0","0","0","0","0","N","1152","0","1","0","0","0","0","0","2","0","1","03","","N","","","","","","","","","","",""
"2023034860","1651","1","0","0","0","0","0","0","0","0","8","0","","67","04","2023","5","39.9556","-75.1895","1651","06","0","0","0","0","0","1","0","0","","0","0","0","16","1","1","01","","0","39 57:20.190","","00","75 11:22.130","3","0","0","0","67301","1","0","0","N","1","0","0","2","67507","0","","1","01","","N","N","N","0","","1","0","0","3","2","","1649","1","2","0","0","0","0","0","2","0","1","03","","N","","","","","","","","","","",""
"2023035064","0015","1","0","0","0","0","0","0","0","0","5","0","","67","04","2023","5","39.9462","-75.2194","0012","06","0","0","0","0","0","0","0","0","","0","0","0","00","3","1","00","N","0","39 56:46.240","","00","75 13:09.920","4","0","0","0","67301","1","0","0","N","1","0","0","2","67301","1","","6","01","","N","N","N","0","","0","0","1","0","0","","0000","1","3","0","0","0","0","1","2","0","2","03","","N","","","","","","","","","","",""
"2023048852","1528","1","0","0","0","0","0","0","0","0","7","0","","67","04","2023","1","40.0445","-75.0026","1514","06","0","0","1","0","0","0","0","0","","0","0","0","15","1","1","00","N","1","40 02:40.168","2","00","75 00:09.366","4","0","0","0","67301","0","0","0","N","0","0","0","1","68K01","1","","4","09","1550","N","N","N","0","","0","0","0","0","0","N","1513","1","1","0","0","0","0","0","2","0","1","07","","N","","","","","","","","","","",""
"2023047540","1220","2","0","0","0","0","0","0","0","0","5","0","","67","04","2023","5","39.9989","-75.119","1220","06","0","0","0","0","0","1","0","0","","0","0","0","12","1","1","00","N","0","39 59:56.190","","00","75 07:08.370","8","0","0","0","67301","0","0","0","N","0","0","0","4","67301","0","","1","01","","N","N","N","0","","0","0","0","0","0","","1220","1","3","0","0","0","1","0","2","0","3","03","03","N","","","","","","","","","","",""
"2023041728","2220","0","0","0","0","0","0","0","0","0","4","0","","67","04","2023","1","39.9941","-75.2416","2220","06","0","0","0","1","0","0","0","0","","0","0","0","22","3","0","02","","0","39 59:38.583","","00","75 14:29.847","0","0","0","0","67301","0","0","0","N","0","0","0","2","67301","0","","1","01","","N","N","N","0","","0","0","2","3","2","","2215","0","2","0","0","0","0","0","2","0","2","03","","N","","","","","","","","","","",""
"2023051431","0955","1","0","0","0","0","0","0","0","0","8","0","","67","06","2023","5","39.9456","-75.165","0952","06","0","0","0","0","0","0","0","0","","0","0","0","08","1","1","02","","0","39 56:44.019","","00","75 09:54.085","3","0","0","0","67301","1","0","0","N","1","0","0","1","67301","0","","1","01","","N","N","N","0","","1","0","0","3","2","","0803","1","2","0","0","0","0","0","2","0","1","05","04","N","","","","","","","","","","",""
"2023038628","2317","1","0","0","0","0","0","0","0","0","7","0","","67","04","2023","6","40.0393","-75.0079","2226","06","0","0","0","0","0","0","0","0","","0","0","0","22","3","1","00","N","0","40 02:21.416","","00","75 00:28.572","3","0","0","0","67301","0","0","0","N","0","0","0","1","68K01","0","","4","09","","N","N","N","0","","1","0","0","0","0","","2217","1","1","0","0","0","0","0","2","0","1","07","","N","","","","","","","","","","",""
"2023025541","2000","1","0","0","0","0","0","0","0","0","4","0","","67","03","2023","4","39.9726","-75.2412","2000","06","0","0","0","0","0","0","0","0","","0","0","0","19","1","0","01","","0","39 58:21.399","","00","75 14:28.424","9","0","0","0","67301","0","0","0","N","0","0","0","2","67301","0","","1","01","","N","N","N","0","","0","0","1","3","3","","1940","0","2","0","0","0","0","2","2","0","2","03","","N","","","","","","","","","","",""
"2023027993","0418","1","0","0","0","0","0","0","0","0","5","0","","67","03","2023","6","40.0155","-75.0893","0406","06","0","0","0","0","0","0","0","0","","0","0","0","02","3","1","00","N","2","40 00:55.760","4","00","75 05:21.430","4","0","0","0","67301","0","0","0","N","0","0","0","1","67301","1","","6","01","0518","N","N","N","0","","0","0","2","0","0","N","0243","1","3","0","0","0","0","0","2","0","3","03","","N","","","","","","","","","","",""
"2023015970","1948","0","0","0","0","0","0","0","0","0","4","0","","67","02","2023","4","40.0522","-75.1758","1943","06","0","0","0","0","0","0","0","0","","0","0","0","18","3","2","01","","0","40 03:08.041","","00","75 10:32.943","3","0","0","0","67301","0","0","0","N","0","0","0","3","67301","0","","1","01","","N","N","N","0","","2","0","2","3","2","","1819","2","2","0","0","1","0","0","2","0","2","03","98","N","","","","","","","","","","",""
"2023016056","1833","1","0","0","0","0","0","0","0","0","4","0","","67","02","2023","5","39.9232","-75.1819","1832","06","0","0","0","0","0","1","0","0","","0","0","0","18","3","1","05","","0","39 55:23.826","","00","75 10:54.008","4","0","0","0","67301","0","0","0","N","0","0","0","4","67301","1","","1","09","","N","N","N","0","","0","0","1","3","2","","1830","1","2","0","0","0","0","0","2","0","2","07","04","N","","","","","","","","","","",""
"2023020903","0851","0","0","0","0","0","0","0","0","0","4","0","","67","02","2023","7","39.9732","-75.2122","0851","06","0","0","0","0","0","0","0","0","","0","0","0","20","3","1","01","","0","39 58:23.653","","00","75 12:44.012","8","0","0","0","67301","0","0","0","N","0","0","0","3","67301","0","","1","99","","N","N","N","1","","0","0","0","3","2","","2040","1","2","0","0","1","1","0","2","0","2","99","03","N","","","","","","","","","","",""
"2023030241","1048","2","0","0","0","0","0","0","0","0","1","0","","67","03","2023","3","40.0161","-75.1756","1045","06","0","0","0","0","0","0","0","0","","0","0","0","10","1","1","00","N","9","40 00:58.053","","00","75 10:32.181","4","0","0","0","67301","0","0","0","N","0","0","0","4","67301","1","","1","01","","N","N","N","0","","0","0","0","0","0","","1041","1","2","0","0","0","0","1","2","0","2","03","03","N","","","","","","","","","","",""
"2023030027","2222","0","0","0","0","0","0","0","0","0","4","0","","67","03","2023","7","39.9536","-75.1986","2220","06","0","0","0","0","0","0","0","0","","0","0","0","22","3","0","01","","0","39 57:13.151","","00","75 11:55.547","0","0","0","0","67301","0","0","0","N","0","0","0","1","67504","0","","1","01","","N","N","N","0","","0","0","2","3","2","","2218","0","2","0","0","0","0","0","2","0","2","03","03","N","","","","","","","","","","",""
"2023029445","1647","1","0","0","0","0","0","0","0","0","4","0","","67","04","2023","1","39.9572","-75.1555","1646","06","0","0","0","0","0","1","0","0","","0","0","0","16","1","0","01","","1","39 57:25.938","3","00","75 09:19.761","0","0","0","0","67301","0","0","0","N","0","0","0","2","67301","0","","1","01","1724","N","N","N","0","","0","0","1","3","2","N","1646","0","2","0","0","0","0","0","2","0","2","03","03","N","","","","","","","","","","",""
"2023024008","1724","0","0","0","0","0","0","0","0","0","8","0","","67","03","2023","3","39.9211","-75.2242","1724","06","0","0","0","0","0","0","0","0","","0","0","0","17","1","1","01","","0","39 55:15.795","","00","75 13:27.001","3","0","0","0","67301","1","0","0","N","1","0","0","2","67301","0","","1","01","","N","N","N","0","","1","0","1","3","2","","1710","1","2","0","0","1","0","0","2","0","1","02","04","N","","","","","","","","","","",""
"2023016801","1920","1","0","0","0","0","0","0","0","0","4","0","","67","02","2023","4","40.0678","-74.9884","1915","06","0","0","0","0","0","0","1","0","","0","0","0","18","3","0","01","","0","40 04:04.061","","00","74 59:18.110","9","0","0","0","67301","0","0","0","N","0","0","0","2","67301","0","","1","01","","N","N","N","0","","0","0","1","3","2","","1846","0","2","0","0","0","0","2","2","0","2","03","","N","","","","","","","","","","",""
"2023016066","0501","0","0","0","0","0","0","0","0","0","7","0","","67","02","2023","4","39.955","-75.1494","0453","06","0","0","0","0","0","0","0","0","","0","0","0","04","3","1","00","N","0","39 57:18.140","","00","75 08:57.950","3","0","0","0","67301","0","0","0","N","0","0","0","1","67301","0","","4","01","","N","N","N","0","","1","0","1","0","0","","0449","1","1","0","0","0","0","0","2","0","1","03","","N","","","","","","","","","","",""
"2023015929","0821","1","0","0","0","0","0","0","0","0","1","0","","67","02","2023","4","40.0252","-75.0294","0757","06","0","0","0","0","0","0","0","0","","0","0","0","06","1","1","00","N","0","40 01:30.649","","00","75 01:45.795","3","0","0","0","67301","0","0","0","N","0","0","0","3","68K01","0","","1","01","","N","N","N","0","","1","0","1","0","0","","0640","1","3","0","0","0","0","0","2","1","3","03","","N","","","","","","","","","","",""
"2023029340","2310","1","0","0","0","0","0","0","0","0","4","0","","67","04","2023","7","39.9738","-75.1218","2310","06","0","0","0","0","0","0","0","0","","0","0","0","20","3","0","00","N","0","39 58:25.830","","07","75 07:18.495","0","0","0","0","67301","0","0","0","N","0","0","0","3","67301","0","","9","09","","N","N","N","0","","0","0","1","0","0","","2055","0","2","0","0","0","0","0","2","0","2","03","03","N","","","","","","","","","","",""
"2023015362","1615","2","0","0","0","0","0","0","0","0","4","0","","67","02","2023","3","40.1288","-75.0137","1605","06","0","0","0","1","0","1","1","0","","0","0","0","16","1","1","01","","1","40 07:43.807","1","00","75 00:49.401","8","0","0","0","67301","0","0","0","N","0","0","0","3","67301","0","","1","01","1640","N","N","N","0","","0","0","1","3","2","N","1600","1","3","0","0","0","1","0","2","0","3","03","","N","","","","","","","","","","",""
"2023022928","1800","1","0","0","0","0","0","0","0","0","4","0","","67","02","2023","7","40.0173","-75.1163","1800","06","0","0","0","0","0","0","0","0","","0","0","0","11","1","1","01","","0","40 01:02.688","","00","75 06:58.773","3","0","0","0","67301","0","0","0","N","0","0","0","2","67301","0","","1","99","","N","N","N","0","","1","0","0","3","2","","1145","1","2","0","0","0","0","1","2","1","2","03","03","N","","","","","","","","","","",""
"2023023943","0917","0","0","0","0","0","0","0","0","0","7","0","","67","02","2023","6","40.0436","-75.003","0916","06","0","0","0","0","0","0","0","0","","0","0","0","09","1","0","00","N","1","40 02:37.107","2","03","75 00:10.830","0","0","0","0","67301","0","0","0","Y","0","0","0","1","68K01","0","","2","09","0920","N","N","N","1","","0","0","0","0","0","N","0915","0","1","0","0","0","0","0","2","0","1","07","","N","","","","","","","","","","",""
"2023030397","0030","1","0","0","0","0","0","0","0","0","7","0","","67","03","2023","6","40.0317","-75.2132","0028","06","0","0","0","0","0","0","0","0","","0","0","0","23","3","0","00","N","0","40 01:54.139","","00","75 12:47.515","0","0","0","0","67301","0","0","0","N","0","0","0","1","67301","0","","5","09","","N","N","N","0","","0","0","0","0","0","","2355","0","1","0","0","0","0","0","2","0","1","07","","N","","","","","","","","","","",""
"2023024776","0938","0","0","0","0","0","0","0","0","0","4","0","","67","03","2023","5","39.9054","-75.1735","0929","06","0","0","0","0","0","1","1","0","","0","0","0","09","1","1","05","","0","39 54:19.500","","00","75 10:24.761","3","0","0","0","67301","0","0","0","N","0","0","0","2","67301","0","","1","01","","N","N","N","1","","1","0","1","3","2","","0923","1","2","0","0","1","0","0","2","0","2","03","","N","","","","","","","","","","",""
"2023025531","2035","0","0","0","1","0","0","0","0","0","8","0","","67","03","2023","4","39.9474","-75.2398","2033","06","0","0","0","0","0","1","0","0","","0","0","0","20","3","1","01","","0","39 56:50.686","","00","75 14:23.103","3","0","0","0","67301","1","0","0","N","0","0","0","2","67301","0","","1","01","","N","N","N","0","","1","0","1","3","2","","2031","1","2","0","0","0","0","0","2","0","1","03","","N","","","","","","","","","","",""
"2023022821","0040","2","0","0","0","0","0","0","0","0","5","0","","67","03","2023","7","40.0448","-75.1655","0038","06","0","0","0","0","0","0","0","0","","0","0","0","00","3","1","00","N","0","40 02:41.270","","00","75 09:55.860","3","0","0","0","67301","1","0","0","N","1","0","0","3","67301","0","","6","09","","N","N","N","0","","1","0","2","0","0","","0033","1","5","0","0","0","0","0","2","0","4","07","","N","","","","","","","","","","",""
"2023029711","0521","1","0","0","0","0","0","0","0","0","8","0","","67","04","2023","7","39.9226","-75.2308","0519","06","0","0","0","0","0","0","0","0","","0","0","0","05","1","1","02","","0","39 55:21.442","","00","75 13:50.968","3","0","0","0","67301","1","0","0","N","1","0","0","2","67301","0","","1","01","","N","N","N","0","","1","0","0","0","0","","0517","1","2","0","0","1","0","0","2","0","1","03","03","N","","","","","","","","","","",""
"2023029705","1718","2","0","0","0","0","0","0","0","0","2","0","","67","04","2023","1","40.0461","-75.0995","1708","06","0","0","0","0","0","0","0","0","","0","0","0","16","1","0","02","","0","40 02:45.824","","00","75 05:58.352","0","0","0","0","67301","0","0","0","N","0","0","0","1","67301","0","","1","01","","N","N","N","0","","0","0","0","3","3","","1619","0","2","0","0","1","0","0","2","0","2","03","03","N","","","","","","","","","","",""
"2023015649","1825","1","0","0","0","0","0","0","0","0","8","0","","67","02","2023","4","40.0821","-75.0376","1821","06","0","0","0","0","0","0","0","1","","0","0","0","18","3","1","00","N","0","40 04:55.460","","00","75 02:15.449","3","0","0","0","67301","1","0","0","N","1","0","0","2","67301","0","","1","01","","N","N","N","0","","1","0","0","0","0","","1818","1","2","0","0","0","0","0","2","0","1","03","","N","","","","","","","","","","",""
"2023029856","1622","0","0","0","0","0","0","1","0","0","5","1","","67","03","2023","6","40.017","-75.1513","1620","06","0","0","0","0","0","0","0","0","","0","0","0","16","1","0","00","N","0","40 01:01.288","","00","75 09:04.829","9","0","0","0","67301","0","0","0","N","0","0","0","3","67301","0","","1","01","","N","N","N","0","","0","0","1","0","0","","1600","0","3","0","0","0","0","1","2","0","3","03","03","N","","","","","","","","","","",""
"2023023504","0258","0","0","0","0","0","0","0","0","0","4","0","","67","02","2023","7","40.0258","-75.1328","0258","06","0","0","0","0","0","0","0","0","","0","0","0","02","3","1","01","","0","40 01:32.833","","00","75 07:58.166","2","0","1","1","67301","0","0","0","N","0","0","0","2","67301","0","","1","01","","N","N","N","0","","0","1","1","3","2","","0243","1","2","0","0","0","0","0","2","0","2","03","03","N","","","","","","","","","","",""
"2023016473","1037","0","0","0","0","0","0","0","0","0","8","0","","67","02","2023","7","39.97","-75.2474","1037","06","0","0","0","0","0","0","0","0","","0","0","0","10","1","1","00","N","0","39 58:11.970","","00","75 14:50.460","4","0","0","0","67301","1","0","0","N","1","0","0","2","67301","1","","1","01","","N","N","N","0","","0","0","1","0","0","","1033","1","2","0","0","0","0","0","2","0","1","03","","N","","","","","","","","","","",""
"2023015461","1942","1","0","0","0","0","0","0","0","0","1","0","","67","02","2023","3","40.0562","-75.1555","1935","06","0","1","0","0","0","0","0","0","","0","0","0","19","3","1","01","","0","40 03:22.316","","00","75 09:19.951","3","0","0","0","67301","0","0","0","N","0","0","0","2","67301","0","","1","01","","N","N","N","1","","1","0","0","3","3","","1906","1","2","0","0","2","0","0","2","0","2","03","","N","","","","","","","","","","",""
"2023029706","1140","0","0","0","0","0","0","0","0","0","7","0","","67","04","2023","1","40.062","-75.0848","1124","06","0","0","0","0","0","0","1","0","","0","0","0","11","1","0","01","","0","40 03:43.268","","00","75 05:05.293","0","0","0","0","67301","0","0","0","N","0","0","0","1","67301","0","","5","01","","N","N","N","0","","0","0","1","3","2","","1120","0","1","0","0","1","0","0","2","0","1","03","03","N","","","","","","","","","","",""
"2023030842","1018","1","0","0","0","0","0","0","0","0","4","1","","67","04","2023","5","39.9498","-75.2071","1013","06","0","0","0","0","0","1","0","0","","0","1","0","10","1","0","01","","0","39 56:59.221","","00","75 12:25.709","0","0","0","0","67301","0","0","0","N","0","0","0","2","67301","0","","1","01","","N","N","N","0","","0","0","0","3","2","","1002","0","2","0","0","0","0","0","2","0","2","03","04","N","","","","","","","","","","",""
"2023032041","2300","1","0","0","0","0","0","0","0","0","7","0","","67","03","2023","2","40.0363","-75.016","2300","06","0","0","0","0","0","0","0","0","","0","0","0","22","3","0","00","N","1","40 02:10.766","2","00","75 00:57.525","0","0","0","0","67301","0","0","0","N","0","0","0","1","68K01","0","","3","09","2301","N","N","N","0","","0","0","0","0","0","N","2232","0","1","0","0","1","0","0","2","0","1","07","03","N","","","","","","","","","","",""
"2023024316","1539","1","0","0","0","0","0","0","0","0","1","0","","67","03","2023","4","40.1145","-74.9875","1523","06","0","0","0","0","0","0","1","0","","0","0","0","15","1","1","00","Y","0","40 06:52.315","","00","74 59:15.067","3","0","0","0","67301","0","0","0","N","0","0","0","3","67301","0","","1","01","","N","N","N","0","","1","0","1","3","2","","1516","1","2","0","0","0","0","0","2","0","2","03","03","N","","","","","","","","","","",""
"2023030145","1203","0","0","0","0","0","0","0","0","0","8","0","","67","04","2023","2","40.1058","-75.0338","1203","06","0","0","0","0","0","1","0","0","","0","0","0","11","1","1","02","","0","40 06:20.710","","00","75 02:01.680","4","0","0","0","67301","1","0","0","N","1","0","0","2","67301","1","","1","01","","N","N","N","1","","0","0","0","3","3","","1156","1","2","0","0","0","0","0","2","0","1","03","03","N","","","","","","","","","","",""
"2023029707","2307","0","0","0","0","0","0","0","0","0","8","0","","67","04","2023","7","39.9447","-75.1652","2307","06","0","0","0","0","0","0","0","0","","1","0","","23","3","0","01","","0","39 56:40.780","","00","75 09:55.207","9","0","0","0","67301","0","0","0","N","0","0","0","3","67301","0","2","1","01","","N","N","N","0","0","0","0","0","3","2","","2307","0","2","0","0","0","0","0","2","0","0","03","03","N","","","","","","","","","","",""
"2023016476","0415","1","0","0","0","0","0","0","0","0","7","0","","67","02","2023","1","39.9554","-75.148","0415","06","0","0","0","0","0","0","0","0","","0","0","0","04","3","0","00","N","2","39 57:19.519","4","02","75 08:52.863","0","0","0","0","67301","0","0","0","N","0","0","0","1","67501","0","","4","01","0445","N","N","N","0","","0","0","0","3","8","N","0414","0","1","0","0","0","0","0","2","0","1","03","03","N","","","","","","","","","","",""
"2023016754","2125","0","0","0","0","0","0","0","0","0","1","0","","67","02","2023","5","39.9654","-75.1858","2122","06","0","0","0","0","1","0","0","0","","0","0","0","21","3","1","00","N","1","39 57:55.445","4","00","75 11:08.987","8","0","0","0","67301","0","0","0","N","0","0","0","3","68K01","0","","1","09","2150","N","N","N","0","","0","0","2","0","0","N","2121","1","2","0","0","1","1","0","2","0","2","03","","N","","","","","","","","","","",""
"2023018108","1106","0","0","0","0","0","0","0","0","0","8","0","","67","02","2023","1","40.0127","-75.1538","1105","06","0","0","0","0","0","0","0","0","","0","0","0","11","1","2","01","","0","40 00:45.824","","00","75 09:13.651","3","0","0","0","67301","2","0","0","N","2","0","0","3","67301","0","","1","01","","N","N","N","0","","2","0","0","3","3","","1100","2","3","0","0","0","0","1","2","0","1","03","03","N","","","","","","","","","","",""
"2023018104","0555","0","0","0","0","0","0","0","0","0","4","0","","67","02","2023","3","40.0131","-75.1569","0550","06","0","0","0","0","0","1","0","0","","0","0","0","05","3","0","01","","0","40 00:47.289","","00","75 09:24.926","0","0","0","0","67301","0","0","0","N","0","0","0","2","67301","0","","1","01","","N","N","N","0","","0","0","1","3","3","","0545","0","2","0","0","0","0","0","2","0","2","03","03","N","","","","","","","","","","",""
"2023029843","0050","0","0","0","0","0","0","0","0","0","1","1","","67","04","2023","7","40.1121","-74.9907","0040","06","0","0","0","0","0","1","0","0","","0","1","0","00","3","1","01","","0","40 06:43.694","","00","74 59:26.387","3","0","0","0","67301","0","0","0","N","0","0","0","2","67301","0","","1","01","","N","N","N","1","","1","0","0","3","2","","0001","1","2","0","0","0","0","0","2","0","2","03","03","N","","","","","","","","","","",""
"2023028846","1705","0","0","0","0","0","0","0","0","0","1","1","","67","03","2023","2","40.0436","-75.1141","1702","06","0","0","0","0","0","1","0","0","","0","1","0","16","1","2","00","N","2","40 02:37.000","6","00","75 06:50.800","3","0","0","0","67301","0","0","0","N","0","0","0","2","67301","0","","1","08","1940","N","N","N","0","","2","0","1","0","0","Y","1630","2","2","0","0","0","0","0","2","0","2","07","","N","","","","","","","","","","",""
"2023016074","1357","0","0","0","0","0","0","0","0","0","8","0","","67","02","2023","4","39.9943","-75.1577","1357","06","0","0","0","0","0","0","0","0","","0","0","0","13","1","1","01","","0","39 59:39.675","","00","75 09:28.112","3","0","0","0","67301","1","0","0","N","1","0","0","2","67301","0","","1","01","","N","N","N","0","","1","0","0","9","3","","1354","1","2","0","0","0","0","0","2","0","1","03","03","N","","","","","","","","","","",""
"2023026638","0024","0","0","0","0","0","0","0","0","0","4","0","","67","02","2023","6","40.0197","-75.1657","0017","06","0","0","0","0","0","0","0","0","","0","0","0","21","3","0","01","","0","40 01:11.063","","02","75 09:56.535","9","0","0","0","67301","0","0","0","N","0","0","0","3","67301","0","","1","01","","N","N","N","0","","0","0","2","3","3","","2147","0","2","0","0","0","0","1","2","0","2","03","","N","","","","","","","","","","",""
"2023026141","0944","1","0","0","0","0","0","0","0","0","5","0","","67","03","2023","2","39.9612","-75.1824","0938","06","0","0","0","0","0","0","0","0","","0","0","0","09","1","0","00","N","0","39 57:40.471","","00","75 10:56.697","0","0","0","0","67301","0","0","0","N","0","0","0","4","68K01","0","","1","01","","N","N","N","0","","0","0","0","0","0","","0935","0","2","0","0","0","0","0","2","1","2","03","03","N","","","","","","","","","","",""
"2023037363","2158","2","0","0","0","0","0","0","0","0","4","0","","67","03","2023","3","40.0262","-75.1173","2155","06","0","0","0","0","1","0","0","0","","1","0","0","21","3","2","01","","2","40 01:34.488","1","00","75 07:02.452","1","0","0","0","67301","0","0","0","N","0","0","0","5","67301","0","2","1","01","2340","N","N","N","0","0","0","2","2","3","2","Y","2149","2","4","0","2","2","0","0","2","0","4","03","03","N","","","","","","","","","","",""
"2023030244","2135","3","0","0","0","0","0","0","0","0","4","0","","67","03","2023","2","39.997","-75.1656","2128","06","0","0","0","0","0","0","0","0","","0","0","0","20","3","0","01","","0","39 59:49.221","","00","75 09:56.242","0","0","0","0","67301","0","0","0","N","0","0","0","2","67301","0","","1","09","","N","N","N","1","","0","0","0","3","3","","2004","0","4","0","0","0","0","0","2","0","4","07","07","N","","","","","","","","","","",""
"2023016071","1810","1","0","0","0","0","0","0","0","0","8","0","","67","02","2023","4","39.9561","-75.2277","1807","06","0","0","0","0","0","0","0","0","","0","0","0","17","3","1","01","","0","39 57:21.855","","00","75 13:39.748","3","0","0","0","67301","1","0","0","N","1","0","0","2","67301","0","","1","01","","N","N","N","0","","1","0","0","3","3","","1740","1","2","0","0","1","0","0","2","0","1","03","03","N","","","","","","","","","","",""
"2023015967","1821","0","0","0","0","0","0","0","0","0","8","0","","67","02","2023","5","40.114","-74.9876","1818","06","0","0","0","0","0","1","0","0","","0","0","0","18","3","1","01","","1","40 06:50.525","1","00","74 59:15.412","3","0","0","0","67301","1","0","0","N","1","0","0","2","67301","0","","1","09","1850","N","N","N","0","","1","0","1","3","2","N","1810","1","2","0","0","0","0","0","2","0","1","04","03","N","","","","","","","","","","",""
"2023015783","1055","0","0","0","0","0","0","0","0","0","1","0","","67","02","2023","5","39.9053","-75.2459","1044","06","0","0","0","0","0","0","0","0","","0","0","0","10","1","2","01","","0","39 54:19.195","","00","75 14:45.153","3","0","0","0","67301","0","0","0","N","0","0","0","4","67301","0","","1","01","","N","N","N","1","","2","0","1","0","0","","1028","2","2","0","0","2","0","0","2","0","2","03","03","N","","","","","","","","","","",""
"2023016469","1348","2","0","0","0","0","0","0","0","0","4","0","","67","02","2023","7","40.0373","-75.1026","1342","06","0","0","0","0","0","0","0","0","","0","0","0","13","1","1","00","N","0","40 02:14.450","","00","75 06:09.460","3","0","0","0","67301","0","0","0","N","0","0","0","3","67301","0","","1","01","","N","N","N","0","","1","0","0","0","0","","1341","1","2","0","0","0","0","0","2","0","2","03","03","N","","","","","","","","","","",""
"2023030235","1640","1","0","0","0","0","0","0","0","0","8","0","","67","04","2023","7","39.9367","-75.1974","1636","06","0","0","0","0","0","0","0","0","","0","0","0","16","1","1","00","N","0","39 56:12.240","","00","75 11:50.790","4","0","0","0","67301","1","0","0","N","1","0","0","2","67301","1","","1","01","","N","N","N","0","","0","0","0","0","0","","1630","1","2","0","0","0","0","0","2","0","1","03","","N","","","","","","","","","","",""