"CRN","ARRIVAL_TM","AUTOMOBILE_COUNT","BELTED_DEATH_COUNT","BELTED_SUSP_SERIOUS_INJ_COUNT","BICYCLE_COUNT","BICYCLE_DEATH_COUNT","BICYCLE_SUSP_SERIOUS_INJ_COUNT","BUS_COUNT","CHLDPAS_DEATH_COUNT","CHLDPAS_SUSP_SERIOUS_INJ_COUNT","COLLISION_TYPE","COMM_VEH_COUNT","CONS_ZONE_SPD_LIM","COUNTY","CRASH_MONTH","CRASH_YEAR","DAY_OF_WEEK","DEC_LAT","DEC_LONG","DISPATCH_TM","DISTRICT","DRIVER_COUNT_16YR","DRIVER_COUNT_17YR","DRIVER_COUNT_18YR","DRIVER_COUNT_19YR","DRIVER_COUNT_20YR","DRIVER_COUNT_50_64YR","DRIVER_COUNT_65_74YR","DRIVER_COUNT_75PLUS","EST_HRS_CLOSED","FATAL_COUNT","HEAVY_TRUCK_COUNT","HORSE_BUGGY_COUNT","HOUR_OF_DAY","ILLUMINATION","INJURY_COUNT","INTERSECT_TYPE","INTERSECTION_RELATED","LANE_CLOSED","LATITUDE","LN_CLOSE_DIR","LOCATION_TYPE","LONGITUDE","MAX_SEVERITY_LEVEL","MCYCLE_DEATH_COUNT","MCYCLE_SUSP_SERIOUS_INJ_COUNT","MOTORCYCLE_COUNT","MUNICIPALITY","NONMOTR_COUNT","NONMOTR_DEATH_COUNT","NONMOTR_SUSP_SERIOUS_INJ_COUNT","NTFY_HIWY_MAINT","PED_COUNT","PED_DEATH_COUNT","PED_SUSP_SERIOUS_INJ_COUNT","PERSON_COUNT","POLICE_AGCY","POSSIBLE_INJ_COUNT","RDWY_SURF_TYPE_CD","RELATION_TO_ROAD","ROAD_CONDITION","ROADWAY_CLEARED","SCH_BUS_IND","SCH_ZONE_IND","SECONDARY_CRASH","SMALL_TRUCK_COUNT","SPEC_JURIS_CD","SUSP_MINOR_INJ_COUNT","SUSP_SERIOUS_INJ_COUNT","SUV_COUNT","TCD_FUNC_CD","TCD_TYPE","TFC_DETOUR_IND","TIME_OF_DAY","TOT_INJ_COUNT","TOTAL_UNITS","UNB_DEATH_COUNT","UNB_SUSP_SERIOUS_INJ_COUNT","UNBELTED_OCC_COUNT","UNK_INJ_DEG_COUNT","UNK_INJ_PER_COUNT","URBAN_RURAL","VAN_COUNT","VEHICLE_COUNT","WEATHER1","WEATHER2","WORK_ZONE_IND","WORK_ZONE_LOC","WORK_ZONE_TYPE","WORKERS_PRES","WZ_CLOSE_DETOUR","WZ_FLAGGER","WZ_LAW_OFFCR_IND","WZ_LN_CLOSURE","WZ_MOVING","WZ_OTHER","WZ_SHLDER_MDN","WZ_WORKERS_INJ_KILLED"
"2023018107","1210","0","0","0","1","0","0","0","0","0","8","0","","67","02","2023","4","40.0101","-75.1576","1205","06","0","0","0","0","0","0","0","0","","0","0","0","12","1","3","01","","0","40 00:36.265","","00","75 09:27.402","3","0","0","0","67301","1","0","0","N","0","0","0","3","67301","2","","1","01","","N","N","N","0","","1","0","1","3","2","","1205","3","2","0","0","2","0","0","2","0","1","03","","N","","","","","","","","","","",""
"2023016219","0621","0","0","0","0","0","0","0","0","0","4","0","","67","02","2023","6","39.9395","-75.1972","0620","06","0","0","0","0","0","0","0","0","","0","0","0","06","5","0","02","","0","39 56:22.066","","00","75 11:49.873","0","0","0","0","67301","0","0","0","N","0","0","0","2","67301","0","","1","09","","N","N","N","1","","0","0","1","3","3","","0617","0","2","0","0","0","0","0","2","0","2","07","","N","","","","","","","","","","",""
"2023029912","1755","1","0","0","0","0","0","1","0","0","4","1","","67","03","2023","1","39.9785","-75.2093","1745","06","0","0","0","0","0","0","1","0","","0","0","0","17","1","1","02","","0","39 58:42.500","","00","75 12:33.400","4","0","0","0","67301","0","0","0","Y","0","0","0","5","67508","1","","1","01","","Y","Y","Y","0","","0","0","0","3","3","","1745","1","2","0","0","0","0","0","2","0","2","03","03","N","","","","","","","","","","",""
"2023030497","0955","1","0","0","0","0","0","0","0","0","1","0","","67","04","2023","1","40.0181","-75.1703","0955","06","0","0","0","0","0","0","0","0","","0","0","0","02","6","1","00","N","9","40 01:05.089","","00","75 10:13.025","3","0","0","0","67301","0","0","0","N","0","0","0","2","67301","0","","1","99","","N","N","N","0","","1","0","0","0","0","","0200","1","2","0","0","0","0","1","2","0","2","99","","N","","","","","","","","","","",""
"2023017845","1845","2","0","0","0","0","0","0","0","0","4","0","","67","02","2023","7","40.0308","-75.112","1845","06","0","0","0","0","0","1","0","0","","0","0","0","18","3","1","01","","0","40 01:50.941","","00","75 06:43.243","3","0","0","0","67301","0","0","0","N","0","0","0","2","67301","0","","1","01","","N","N","N","0","","1","0","0","3","2","","1830","1","2","0","0","0","0","0","2","0","2","03","03","N","","","","","","","","","","",""
"2023016803","0636","1","0","0","0","0","0","0","0","0","4","0","","67","02","2023","1","39.9614","-75.247","0633","06","0","0","0","0","0","1","0","0","","0","0","0","06","1","2","00","N","0","39 57:40.996","","07","75 14:49.142","3","0","0","0","67301","0","0","0","N","0","0","0","2","67301","0","","1","01","","N","N","N","0","","2","0","1","0","0","","0630","2","2","0","0","0","0","0","2","0","2","03","03","N","","","","","","","","","","",""
"2023061509","1932","1","0","0","0","0","0","0","0","0","7","0","","67","07","2023","1","40.0335","-75.0201","1925","06","0","0","0","0","0","0","0","0","","0","0","0","19","1","0","00","N","0","40 02:00.479","","00","75 01:12.282","0","0","0","0","67301","0","0","0","N","0","0","0","1","68K01","0","","5","09","","N","N","N","0","","0","0","0","0","0","","1924","0","1","0","0","0","0","0","2","0","1","07","07","N","","","","","","","","","","",""
"2023061796","1927","1","0","0","0","0","0","0","0","0","8","0","","67","07","2023","7","40.0275","-75.0624","1925","06","0","0","0","0","0","0","0","0","","0","0","0","18","1","1","02","","0","40 01:38.974","","00","75 03:44.728","3","0","0","0","67301","1","0","0","N","1","0","0","1","67301","0","","1","01","","N","N","N","0","","1","0","0","3","2","","1849","1","2","0","0","0","0","0","2","0","1","03","03","N","","","","","","","","","","",""
"2023060963","0155","1","0","0","0","0","0","0","0","0","7","0","","67","07","2023","6","40.0493","-75.0118","0149","06","0","0","0","0","0","0","0","0","","0","0","0","01","3","0","00","N","0","40 02:57.607","","00","75 00:42.328","0","0","0","0","67301","0","0","0","N","0","0","0","1","67301","0","","5","01","","N","N","N","0","","0","0","0","0","0","","0140","0","1","0","0","0","0","0","2","0","1","03","03","N","","","","","","","","","","",""
"2023060403","1928","0","0","0","0","0","0","0","0","0","5","0","","67","07","2023","3","39.8869","-75.2055","1925","06","0","0","0","0","0","1","0","0","","0","0","0","19","1","0","00","N","1","39 53:12.802","2","00","75 12:19.677","0","0","0","0","67301","0","0","0","N","0","0","0","3","68K01","0","","1","09","1938","N","N","N","0","","0","0","2","0","0","N","1924","0","2","0","0","0","0","0","2","0","2","03","","N","","","","","","","","","","",""
"2023060606","1657","1","0","0","0","0","0","0","0","0","4","0","","67","06","2023","2","39.975","-75.1516","1652","06","0","0","0","0","0","0","0","0","","0","0","0","16","1","1","01","","0","39 58:29.870","","00","75 09:05.788","3","0","0","0","67301","0","0","0","N","0","0","0","3","67301","0","","1","01","","N","N","N","0","","1","0","1","3","2","","1650","1","2","0","0","0","0","0","2","0","2","03","03","N","","","","","","","","","","",""
"2023061540","0135","1","0","0","0","0","0","0","0","0","1","0","","67","07","2023","1","40.0186","-75.186","0133","06","0","0","0","0","0","0","0","0","","0","0","0","01","3","0","00","N","0","40 01:06.814","","00","75 11:09.511","0","0","0","0","67301","0","0","0","N","0","0","0","0","67301","0","","2","01","","N","N","N","0","","0","0","1","0","0","","0110","0","2","0","0","0","0","0","2","0","2","03","03","N","","","","","","","","","","",""
"2023061815","0107","0","0","0","0","0","0","0","0","0","4","0","","67","06","2023","6","39.9819","-75.1297","0105","06","0","0","1","0","1","0","0","0","","0","0","0","01","3","1","01","","0","39 58:54.699","","00","75 07:47.044","3","0","0","0","67301","0","0","0","N","0","0","0","2","67301","0","","1","01","","N","N","N","0","","1","0","2","3","3","","0103","1","2","0","0","0","0","0","2","0","2","03","","N","","","","","","","","","","",""
"2023042113","1231","1","0","0","1","0","0","0","0","0","8","0","","67","05","2023","4","40.0111","-75.1644","1230","06","0","0","0","0","0","1","0","0","","0","0","0","12","1","1","00","N","0","40 00:39.786","","00","75 09:51.866","3","0","0","0","67301","1","0","0","N","0","0","0","2","67301","0","","1","01","","N","N","N","0","","1","0","0","0","0","","1230","1","2","0","0","1","0","0","2","0","1","03","03","N","","","","","","","","","","",""
"2023042656","2135","0","0","0","0","0","0","0","0","0","1","0","","67","05","2023","5","40.0521","-75.0507","2125","06","0","0","0","0","0","0","1","0","","0","0","0","21","2","1","00","N","1","40 03:07.391","1","00","75 03:02.513","3","0","0","0","67301","0","0","0","N","0","0","0","3","67301","0","","1","01","2215","N","N","N","0","","1","0","2","0","0","N","2121","1","2","0","0","0","0","0","2","0","2","03","03","N","","","","","","","","","","",""
"2023061794","0159","1","0","0","0","0","0","0","0","0","2","0","","67","07","2023","1","40.0766","-75.1628","0151","06","0","0","0","0","0","0","0","0","","0","0","0","01","3","0","00","N","2","40 04:35.740","5","00","75 09:45.950","9","0","0","0","67301","0","0","0","N","0","0","0","1","67301","0","","6","01","0400","N","N","N","0","","0","0","1","0","0","Y","0140","0","2","0","0","0","0","1","2","0","2","03","03","N","","","","","","","","","","",""
"2023044079","1546","0","0","0","0","0","0","0","0","0","1","0","","67","05","2023","5","39.9132","-75.1483","1517","06","0","0","0","0","0","0","0","0","","0","0","0","15","1","1","00","N","2","39 54:47.468","1","03","75 08:53.769","8","0","0","0","67301","0","0","0","N","0","0","0","3","68K01","0","","1","01","1650","N","N","N","0","","0","0","3","0","0","N","1517","1","3","0","0","1","1","0","2","0","3","03","","N","","","","","","","","","","",""
"2023061536","1250","1","0","0","0","0","0","0","0","0","4","0","","67","04","2023","2","40.0016","-75.1164","1248","06","0","0","0","0","1","0","0","0","","0","0","0","12","1","2","01","","2","40 00:05.806","7","00","75 06:59.076","3","0","0","0","67301","0","0","0","N","0","0","0","2","67301","0","","1","01","1600","N","N","N","0","","2","0","2","3","2","N","1248","2","3","0","0","1","0","0","2","0","3","03","03","N","","","","","","","","","","",""
"2023035961","","1","0","0","0","0","0","0","0","0","4","0","","67","03","2023","2","39.9998","-75.1631","","06","0","0","0","0","0","0","0","0","","0","0","0","15","1","1","01","","0","39 59:59.161","","00","75 09:47.124","8","0","0","0","67301","0","0","0","N","0","0","0","2","00000","0","","1","01","","","","N","0","","0","0","0","3","3","","1530","1","2","0","0","1","1","0","2","1","2","07","","N","","","","","","","","","","",""
"2023062201","1636","1","0","0","0","0","0","0","0","0","8","0","","67","07","2023","1","39.998","-75.1254","1635","06","0","0","0","0","0","0","0","0","","0","0","0","16","1","1","01","","0","39 59:52.789","","00","75 07:31.478","3","0","0","0","67301","1","0","0","N","1","0","0","2","67301","0","","1","01","","N","N","N","0","","1","0","0","3","3","","1630","1","2","0","0","1","0","0","2","0","1","03","03","N","","","","","","","","","","",""
"2023061945","0226","1","0","0","0","0","0","0","0","0","8","0","","67","07","2023","3","39.9927","-75.1109","0128","06","0","0","0","0","0","0","0","0","","1","0","0","00","3","0","00","N","0","39 59:33.581","","00","75 06:39.176","1","0","0","0","67301","1","1","0","N","1","1","0","2","67301","0","2","1","09","","N","N","N","0","0","0","0","0","0","0","","0048","0","2","0","0","0","0","0","2","0","1","07","","N","","","","","","","","","","",""
"2023061944","1230","1","0","0","0","0","0","0","0","0","8","0","","67","07","2023","4","39.9545","-75.2485","1227","06","0","0","0","0","0","1","0","0","","0","0","0","12","1","1","00","N","0","39 57:16.150","","00","75 14:54.479","3","0","0","0","67301","1","0","0","N","1","0","0","2","67301","0","","1","01","","N","N","N","0","","1","0","0","0","0","","1225","1","2","0","0","0","0","0","2","0","1","03","03","N","","","","","","","","","","",""
"2023060332","0149","1","0","1","0","0","0","0","0","0","4","0","","67","07","2023","7","39.9585","-75.2252","0146","06","0","0","0","0","0","2","0","0","","1","0","0","01","3","2","01","","2","39 57:30.510","7","00","75 13:30.663","1","1","0","1","67301","0","0","0","N","0","0","0","4","67301","0","2","1","01","0545","N","N","N","0","0","1","1","1","3","2","Y","0145","2","3","0","0","0","0","0","2","0","3","03","03","N","","","","","","","","","","",""
"2023060404","2255","1","0","0","0","0","0","0","0","0","1","0","","67","07","2023","3","39.964","-75.1844","2244","06","0","0","0","0","0","0","0","0","","0","0","0","22","3","5","00","N","0","39 57:50.297","","00","75 11:03.689","3","0","0","0","67301","0","0","0","N","0","0","0","6","68K01","0","","1","01","","N","N","N","0","","5","0","1","0","0","","2235","5","2","0","0","0","0","1","2","0","2","03","03","N","","","","","","","","","","",""
"2023060324","1530","2","0","0","0","0","0","0","0","0","1","0","","67","07","2023","4","39.9278","-75.1788","1526","06","0","0","0","0","0","1","0","0","","0","0","0","14","1","0","00","N","0","39 55:40.070","","00","75 10:43.520","0","0","0","0","67301","0","0","0","N","0","0","0","1","67301","0","","1","01","","N","N","N","0","","0","0","1","0","0","","1425","0","4","0","0","0","0","0","2","1","4","03","03","N","","","","","","","","","","",""
"2023061694","2335","0","0","0","0","0","0","0","0","0","7","0","","67","06","2023","4","40.0052","-75.1948","2335","06","0","0","1","0","0","0","0","0","","1","0","0","23","3","1","00","N","2","40 00:18.698","6","02","75 11:41.290","1","0","0","0","67301","0","0","0","Y","0","0","0","2","68K01","0","1","5","01","0503","N","N","N","0","0","0","1","1","0","0","N","2328","1","1","1","0","1","0","0","2","0","1","03","","N","","","","","","","","","","",""
"2023060401","2359","1","0","0","0","0","0","0","0","0","7","0","","67","07","2023","2","39.9803","-75.2053","2358","06","0","0","0","0","0","0","0","0","","0","0","0","23","3","1","00","N","1","39 58:49.081","4","00","75 12:19.139","8","0","0","0","67301","0","0","0","N","0","0","0","1","68K01","0","","3","09","0020","N","N","N","0","","0","0","0","0","0","N","2357","1","1","0","0","0","1","0","2","0","1","07","07","N","","","","","","","","","","",""
"2023036374","","1","0","0","0","0","0","0","0","0","7","0","","67","03","2023","4","39.9584","-75.1668","","06","0","0","0","0","0","0","1","0","","0","0","0","10","1","1","00","N","0","39 57:30.190","","00","75 10:00.625","8","0","0","0","67301","0","0","0","N","0","0","0","1","00000","0","","3","01","","","","N","0","","0","0","0","0","0","","1010","1","1","0","0","0","1","0","2","0","1","03","","N","","","","","","","","","","",""
"2023060431","0732","2","0","0","0","0","0","0","0","0","4","1","","67","07","2023","6","40.0224","-75.0844","0723","06","0","0","0","0","0","1","1","0","","0","1","0","06","1","2","01","","0","40 01:20.697","","00","75 05:03.890","2","0","0","0","67301","0","0","0","N","0","0","0","3","67301","0","","1","01","","N","N","N","0","","1","1","0","3","2","","0645","2","3","0","0","0","0","0","2","0","3","04","","N","","","","","","","","","","",""
"2023062191","0033","1","0","0","0","0","0","0","0","0","8","0","","67","06","2023","1","40.0059","-75.0947","0024","06","0","0","0","0","0","0","0","0","","0","0","0","00","3","2","00","N","0","40 00:21.267","","07","75 05:40.809","8","0","0","0","67301","2","0","0","N","2","0","0","3","67301","0","","5","01","","N","N","N","0","","0","0","0","0","0","","0022","2","3","0","0","0","2","0","2","0","1","03","03","N","","","","","","","","","","",""
"2023060336","0306","2","0","0","0","0","0","0","0","0","5","0","","67","06","2023","4","40.0249","-75.1265","0300","06","0","0","0","0","0","0","0","0","","0","0","0","02","3","2","00","N","0","40 01:29.667","","00","75 07:35.445","3","0","0","0","67301","0","0","0","N","0","0","0","2","67301","0","","1","01","","N","N","Y","0","","2","0","1","0","0","","0258","2","3","0","0","0","0","0","2","0","3","03","03","N","","","","","","","","","","",""
"2023041746","1530","1","0","0","0","0","0","0","0","0","5","0","","67","05","2023","4","40.0179","-75.1711","1529","06","0","0","0","0","0","0","0","1","","0","0","0","14","1","1","00","N","1","40 01:04.590","1","00","75 10:16.103","3","0","0","0","67301","0","0","0","N","0","0","0","3","67301","0","","1","01","1540","N","N","N","0","","1","0","1","0","0","N","1412","1","2","0","0","1","0","0","2","0","2","03","03","N","","","","","","","","","","",""
"2023041653","0100","1","0","0","0","0","0","0","0","0","7","0","","67","05","2023","5","39.9633","-75.1885","0100","06","0","0","0","0","0","0","0","0","","0","0","0","01","3","0","01","","1","39 57:47.719","3","00","75 11:18.597","0","0","0","0","67301","0","0","0","N","0","0","0","1","67507","0","","4","01","0100","N","N","N","0","","0","0","0","3","2","Y","0100","0","1","0","0","0","0","0","2","0","1","03","03","N","","","","","","","","","","",""
"2023061486","0017","1","0","0","0","0","0","0","0","0","1","0","","67","07","2023","4","39.9663","-75.1869","0009","06","0","0","0","0","0","0","0","0","","0","0","0","00","3","0","00","N","0","39 57:58.528","","00","75 11:12.722","0","0","0","0","67301","0","0","0","N","0","0","0","3","68K01","0","","1","01","","N","N","N","0","","0","0","1","0","0","","0005","0","2","0","0","0","0","0","2","0","2","03","03","N","","","","","","","","","","",""
"2023060962","0214","1","0","0","0","0","0","0","0","0","7","0","","67","07","2023","2","40.0456","-75.0714","0214","06","0","0","0","0","0","0","0","0","","0","0","0","02","3","0","01","","0","40 02:44.150","","00","75 04:17.180","9","0","0","0","67301","0","0","0","N","0","0","0","1","67301","0","","5","01","","N","N","N","0","","0","0","0","3","2","","0205","0","1","0","0","0","0","1","2","0","1","03","","N","","","","","","","","","","",""
"2023060411","1748","2","0","0","0","0","0","0","0","0","1","0","","67","07","2023","5","39.9568","-75.1548","1738","06","0","0","0","0","0","0","0","0","","0","0","0","17","1","1","00","N","0","39 57:24.600","","00","75 09:17.208","4","0","0","0","67301","0","0","0","N","0","0","0","3","68K01","1","","1","01","","N","N","N","0","","0","0","0","0","0","","1735","1","2","0","0","0","0","0","2","0","2","03","03","N","","","","","","","","","","",""
"2023060712","1008","0","0","0","0","0","0","0","0","0","8","0","","67","07","2023","6","39.9738","-75.2452","1003","06","0","0","0","0","0","0","0","1","","0","0","0","09","1","1","01","","0","39 58:25.640","","00","75 14:42.647","8","0","0","0","67301","1","0","0","N","1","0","0","2","67301","0","","1","01","","N","N","N","0","","0","0","1","0","0","","0955","1","2","0","0","0","1","0","2","0","1","03","03","N","","","","","","","","","","",""
"2023061368","2252","0","0","0","1","0","1","0","0","0","8","0","","67","06","2023","5","39.9463","-75.1595","2252","06","0","0","0","0","0","0","0","0","","0","0","0","19","4","1","01","","0","39 56:46.757","","00","75 09:34.151","2","0","0","0","67301","1","0","1","N","0","0","0","2","67301","0","","1","01","","N","N","N","1","","0","1","0","3","2","","1900","1","2","0","0","0","0","1","2","0","1","03","03","N","","","","","","","","","","",""
"2023060331","1902","2","0","0","0","0","0","0","0","0","5","0","","67","07","2023","6","39.9663","-75.1965","1902","06","0","0","0","0","0","0","0","0","","0","0","0","18","1","1","00","N","0","39 57:58.780","","00","75 11:47.290","3","0","0","0","67301","0","0","0","N","0","0","0","2","67301","0","","1","01","","N","N","N","0","","1","0","0","0","0","","1855","1","2","0","0","0","0","0","2","0","2","03","03","N","","","","","","","","","","",""
"2023042907","1653","2","0","0","0","0","0","0","0","0","6","0","","67","05","2023","5","40.0235","-75.2091","1653","06","0","0","0","0","0","0","0","1","","0","0","0","16","1","1","00","N","0","40 01:24.470","","00","75 12:32.740","8","0","0","0","67301","0","0","0","N","0","0","0","1","67301","0","","6","01","","N","N","N","0","","0","0","0","0","0","","1645","1","2","0","0","0","1","0","2","0","2","03","","N","","","","","","","","","","",""
"2023060382","2225","1","0","0","0","0","0","0","0","0","2","0","","67","06","2023","2","40.0233","-75.063","2222","06","0","0","0","0","0","0","0","0","","0","0","0","22","3","0","00","N","1","40 01:24.034","5","00","75 03:46.678","9","0","0","0","67301","0","0","0","N","0","0","0","1","68K01","0","","1","01","0100","N","N","N","1","","0","0","0","0","0","N","2217","0","2","0","0","0","0","1","2","0","2","03","","N","","","","","","","","","","",""
"2023072241","2325","1","0","0","0","0","0","0","0","0","4","0","","67","07","2023","7","40.0591","-75.0447","2320","06","0","0","0","0","0","0","0","0","","1","0","0","21","3","4","01","","1","40 03:32.810","4","00","75 02:40.998","1","0","0","0","67301","0","0","0","N","0","0","0","5","67301","0","2","1","01","0100","N","N","N","0","0","4","0","1","3","2","Y","2150","4","2","0","0","0","0","0","2","0","2","03","","N","","","","","","","","","","",""
"2023059889","1635","2","0","0","0","0","0","0","0","0","5","0","","67","07","2023","5","39.9268","-75.2289","1635","06","0","0","0","0","0","0","0","0","","0","0","0","11","1","0","00","N","1","39 55:36.600","2","00","75 13:44.110","0","0","0","0","67301","0","0","0","N","0","0","0","1","67301","0","","6","01","1756","N","N","N","1","","0","0","0","0","0","N","1100","0","3","0","0","1","0","0","2","0","3","03","03","N","","","","","","","","","","",""
"2023061312","1105","1","0","0","0","0","0","0","0","0","1","0","","67","06","2023","7","39.9593","-75.1744","1057","06","0","0","0","0","1","2","0","0","","0","0","0","10","1","2","00","N","1","39 57:33.535","3","00","75 10:27.726","4","0","0","0","67301","0","0","0","N","0","0","0","7","68K01","1","","1","01","1200","N","N","N","0","","0","0","2","0","0","N","1052","2","3","0","0","0","1","0","2","0","3","03","03","N","","","","","","","","","","",""
"2023042103","0905","0","0","0","1","0","0","0","0","0","8","0","","67","05","2023","4","39.9612","-75.2349","0900","06","0","0","0","0","0","1","0","0","","0","0","0","08","1","1","01","","0","39 57:40.248","","00","75 14:05.529","3","0","0","0","67301","1","0","0","N","0","0","0","2","67301","0","","1","01","","N","N","N","0","","1","0","1","3","1","","0810","1","2","0","0","0","0","0","2","0","1","03","03","N","","","","","","","","","","",""
"2023062406","0112","1","0","0","0","0","0","0","0","0","2","0","","67","07","2023","4","40.0591","-75.0447","0112","06","0","0","0","0","0","1","0","0","","0","0","0","18","4","1","01","","9","40 03:32.810","","00","75 02:40.998","3","0","0","0","67301","0","0","0","N","0","0","0","2","67301","0","","1","01","","N","N","N","0","","1","0","1","3","2","","1800","1","2","0","0","0","0","0","2","0","2","03","03","N","","","","","","","","","","",""
"2023061335","0156","1","0","0","0","0","0","0","0","0","7","0","","67","07","2023","1","39.9344","-75.1451","0152","06","0","0","0","0","0","0","0","0","","0","0","0","01","3","2","00","N","1","39 56:04.009","2","00","75 08:42.534","3","0","0","0","67301","0","0","0","N","0","0","0","2","68K01","0","","4","09","0225","N","N","N","0","","1","0","0","0","0","N","0147","2","1","0","0","0","1","0","2","0","1","03","03","N","","","","","","","","","","",""
"2023072337","0615","1","0","0","0","0","0","0","0","0","5","1","","67","07","2023","2","39.9459","-75.1897","0601","06","0","0","0","0","0","0","0","0","","0","1","0","05","1","1","06","","1","39 56:45.066","4","08","75 11:22.863","8","0","0","0","67301","0","0","0","N","0","0","0","3","68K01","0","","7","01","0630","N","N","N","1","","0","0","0","0","0","N","0553","1","3","0","0","0","1","0","2","0","3","03","03","N","","","","","","","","","","",""
"2023061808","0413","2","0","0","0","0","0","0","0","0","5","0","","67","04","2023","1","39.9798","-75.1211","0408","06","0","0","0","0","0","0","0","0","","0","0","0","03","3","0","00","N","0","39 58:47.380","","00","75 07:15.860","0","0","0","0","67301","0","0","0","N","0","0","0","1","67301","0","","1","01","","N","N","N","0","","0","0","0","0","0","","0329","0","2","0","0","0","0","0","2","0","2","03","","N","","","","","","","","","","",""
"2023058924","1712","1","0","0","0","0","0","1","0","0","4","1","","67","06","2023","2","39.9704","-75.2357","1655","06","0","0","0","0","0","1","0","0","","0","0","0","16","1","1","01","","0","39 58:13.274","","00","75 14:08.548","4","0","0","0","67301","0","0","0","N","0","0","0","2","67508","1","","1","09","","N","N","Y","0","","0","0","0","3","2","","1655","1","2","0","0","0","0","1","2","0","2","07","07","N","","","","","","","","","","",""
"2023052117","","1","0","0","0","0","0","0","0","0","5","0","","67","04","2023","3","39.9589","-75.1567","","06","0","0","0","0","0","0","0","0","","0","0","0","15","1","1","01","","0","39 57:32.111","","00","75 09:24.253","8","0","0","0","67301","0","0","0","N","0","0","0","2","00000","0","","1","01","","","","N","0","","0","0","1","3","2","","1500","1","2","0","0","1","1","0","2","0","2","03","","N","","","","","","","","","","",""
"2023060395","0149","0","0","0","0","0","0","0","0","0","7","0","","67","06","2023","5","39.992","-75.202","0149","06","0","0","0","0","0","0","0","0","","0","0","0","01","3","1","00","N","1","39 59:31.037","4","00","75 12:07.243","8","0","0","0","67301","0","0","0","N","0","0","0","1","68K01","0","","4","01","0015","N","N","N","0","","0","0","1","0","0","N","0124","1","1","0","0","0","1","0","2","0","1","03","03","N","","","","","","","","","","",""
"2023061807","0006","4","0","0","0","0","0","0","0","0","5","0","","67","04","2023","5","39.9808","-75.1254","2359","06","0","0","0","0","0","0","0","0","","0","0","0","22","3","0","00","N","2","39 58:50.820","3","00","75 07:31.280","0","0","0","0","67301","0","0","0","N","0","0","0","1","67301","0","","6","01","0200","N","N","N","0","","0","0","0","0","0","N","2240","0","4","0","0","1","0","0","2","0","4","03","03","N","","","","","","","","","","",""
"2023046992","1833","1","0","0","0","0","0","0","0","0","8","0","","67","05","2023","6","40.0408","-75.073","1828","06","0","0","0","0","0","0","0","0","","0","0","0","18","1","1","01","","0","40 02:26.818","","00","75 04:22.792","3","0","0","0","67301","1","0","0","N","1","0","0","2","67301","0","","1","01","","N","N","N","0","","1","0","0","3","3","","1828","1","2","0","0","1","0","0","2","0","1","03","03","N","","","","","","","","","","",""
"2023060342","0029","2","0","0","0","0","0","0","0","0","4","0","","67","07","2023","6","40.0481","-75.1427","0028","06","0","0","0","0","0","0","0","0","","0","0","0","23","3","0","00","N","0","40 02:53.124","","07","75 08:33.545","0","0","0","0","67301","0","0","0","N","0","0","0","1","67301","0","","4","01","","N","N","N","0","","0","0","0","0","0","","2357","0","2","0","0","0","0","0","2","0","2","03","","N","","","","","","","","","","",""
"2023042410","1604","2","0","0","0","0","0","0","0","0","1","0","","67","05","2023","4","39.9695","-75.1268","1559","06","0","0","0","1","0","1","0","0","","0","0","0","15","1","1","00","N","0","39 58:10.349","","00","75 07:36.390","3","0","0","0","67301","0","0","0","N","0","0","0","8","68K01","0","","1","01","","N","N","N","0","","1","0","2","0","0","","1556","1","4","0","0","0","0","0","2","0","4","03","","N","","","","","","","","","","",""
"2023062284","0619","1","0","0","0","0","0","0","0","0","8","0","","67","07","2023","5","40.0462","-75.166","0617","06","0","0","0","0","0","0","1","0","","0","0","0","06","5","1","01","","0","40 02:46.414","","00","75 09:57.767","3","0","0","0","67301","1","0","0","N","1","0","0","2","67301","0","","1","01","","N","N","N","0","","1","0","0","0","0","","0610","1","2","0","0","0","0","0","2","0","1","03","03","N","","","","","","","","","","",""
"2023060420","1502","0","0","0","0","0","0","0","0","0","7","0","","67","07","2023","7","39.9788","-75.1092","1447","06","0","0","0","0","0","1","0","0","","0","0","0","14","1","0","00","N","2","39 58:43.731","1","00","75 06:33.088","0","0","0","0","67301","0","0","0","N","0","0","0","1","68K01","0","","3","09","1455","N","N","N","0","","0","0","1","0","0","N","1444","0","1","0","0","0","0","0","2","0","1","07","","N","","","","","","","","","","",""
"2023060590","1746","3","0","0","0","0","0","0","0","0","1","0","","67","07","2023","7","39.9724","-75.1223","1740","06","0","0","0","0","0","0","0","1","","0","0","0","17","1","3","00","N","1","39 58:20.607","1","02","75 07:20.363","8","0","0","0","67301","0","0","0","N","0","0","0","5","68K01","0","","1","01","1824","N","N","N","0","","0","0","1","3","2","N","1730","3","4","0","0","1","3","0","2","0","4","04","04","N","","","","","","","","","","",""
"2023059396","1114","1","0","0","0","0","0","0","0","0","4","0","","67","05","2023","5","39.9697","-75.1416","1103","06","0","0","0","0","0","0","0","0","","0","0","0","10","1","0","01","","0","39 58:11.001","","00","75 08:29.592","0","0","0","0","67301","0","0","0","N","0","0","0","2","67301","0","","1","01","","N","N","N","0","","0","0","0","3","2","","1059","0","2","0","0","0","0","0","2","0","2","03","03","N","","","","","","","","","","",""