"CRN","ARRIVAL_TM","AUTOMOBILE_COUNT","BELTED_DEATH_COUNT","BELTED_SUSP_SERIOUS_INJ_COUNT","BICYCLE_COUNT","BICYCLE_DEATH_COUNT","BICYCLE_SUSP_SERIOUS_INJ_COUNT","BUS_COUNT","CHLDPAS_DEATH_COUNT","CHLDPAS_SUSP_SERIOUS_INJ_COUNT","COLLISION_TYPE","COMM_VEH_COUNT","CONS_ZONE_SPD_LIM","COUNTY","CRASH_MONTH","CRASH_YEAR","DAY_OF_WEEK","DEC_LAT","DEC_LONG","DISPATCH_TM","DISTRICT","DRIVER_COUNT_16YR","DRIVER_COUNT_17YR","DRIVER_COUNT_18YR","DRIVER_COUNT_19YR","DRIVER_COUNT_20YR","DRIVER_COUNT_50_64YR","DRIVER_COUNT_65_74YR","DRIVER_COUNT_75PLUS","EST_HRS_CLOSED","FATAL_COUNT","HEAVY_TRUCK_COUNT","HORSE_BUGGY_COUNT","HOUR_OF_DAY","ILLUMINATION","INJURY_COUNT","INTERSECT_TYPE","INTERSECTION_RELATED","LANE_CLOSED","LATITUDE","LN_CLOSE_DIR","LOCATION_TYPE","LONGITUDE","MAX_SEVERITY_LEVEL","MCYCLE_DEATH_COUNT","MCYCLE_SUSP_SERIOUS_INJ_COUNT","MOTORCYCLE_COUNT","MUNICIPALITY","NONMOTR_COUNT","NONMOTR_DEATH_COUNT","NONMOTR_SUSP_SERIOUS_INJ_COUNT","NTFY_HIWY_MAINT","PED_COUNT","PED_DEATH_COUNT","PED_SUSP_SERIOUS_INJ_COUNT","PERSON_COUNT","POLICE_AGCY","POSSIBLE_INJ_COUNT","RDWY_SURF_TYPE_CD","RELATION_TO_ROAD","ROAD_CONDITION","ROADWAY_CLEARED","SCH_BUS_IND","SCH_ZONE_IND","SECONDARY_CRASH","SMALL_TRUCK_COUNT","SPEC_JURIS_CD","SUSP_MINOR_INJ_COUNT","SUSP_SERIOUS_INJ_COUNT","SUV_COUNT","TCD_FUNC_CD","TCD_TYPE","TFC_DETOUR_IND","TIME_OF_DAY","TOT_INJ_COUNT","TOTAL_UNITS","UNB_DEATH_COUNT","UNB_SUSP_SERIOUS_INJ_COUNT","UNBELTED_OCC_COUNT","UNK_INJ_DEG_COUNT","UNK_INJ_PER_COUNT","URBAN_RURAL","VAN_COUNT","VEHICLE_COUNT","WEATHER1","WEATHER2","WORK_ZONE_IND","WORK_ZONE_LOC","WORK_ZONE_TYPE","WORKERS_PRES","WZ_CLOSE_DETOUR","WZ_FLAGGER","WZ_LAW_OFFCR_IND","WZ_LN_CLOSURE","WZ_MOVING","WZ_OTHER","WZ_SHLDER_MDN","WZ_WORKERS_INJ_KILLED"
"2023060343","0023","0","0","0","0","0","0","0","0","0","8","0","","67","07","2023","4","40.0183","-75.1492","0021","06","0","0","0","0","0","0","0","0","","0","0","0","00","3","1","00","N","0","40 01:05.747","","00","75 08:57.017","8","0","0","0","67301","1","0","0","N","1","0","0","1","67301","0","","1","01","","N","N","N","0","","0","0","0","3","2","","0014","1","2","0","0","0","1","0","2","0","1","03","03","N","","","","","","","","","","",""
"2023060376","2340","0","0","0","0","0","0","0","0","0","5","1","","67","04","2023","4","39.994","-75.199","2334","06","0","0","0","0","0","1","0","0","","0","1","0","23","3","0","00","N","0","39 59:38.473","","00","75 11:56.246","9","0","0","0","67301","0","0","0","N","0","0","0","2","68K01","0","","1","01","","N","N","N","0","","0","0","1","0","0","","2326","0","2","0","0","0","0","1","2","0","2","03","03","N","","","","","","","","","","",""
"2023061510","2034","1","0","0","0","0","0","0","0","0","5","0","","67","07","2023","1","39.9506","-75.1411","2015","06","0","0","0","0","0","0","0","0","","0","0","0","20","1","2","00","N","1","39 57:02.024","1","00","75 08:28.076","8","0","0","0","67301","0","0","0","N","0","0","0","4","68K01","0","","1","09","2045","N","N","N","0","","0","0","1","0","0","N","2001","2","2","0","0","0","2","0","2","0","2","07","07","N","","","","","","","","","","",""
"2023072357","1337","0","0","0","0","0","0","0","0","0","2","0","","67","08","2023","7","40.0189","-75.0495","1327","06","0","0","0","0","0","1","0","0","","0","0","0","13","1","0","02","","0","40 01:08.120","","06","75 02:58.216","0","0","0","0","67301","0","0","0","N","0","0","0","2","67301","0","","1","01","","N","N","N","0","","0","0","2","3","3","","1314","0","2","0","0","2","0","0","2","0","2","03","03","N","","","","","","","","","","",""
"2023071884","1342","1","0","0","0","0","0","0","0","0","1","0","","67","08","2023","7","40.0901","-75.0199","1335","06","0","0","0","0","0","2","0","0","","0","0","0","13","1","0","00","N","1","40 05:24.306","2","00","75 01:11.518","0","0","0","0","67301","0","0","0","N","0","0","0","3","67301","0","","1","01","1350","N","N","N","0","","0","0","1","3","2","N","1311","0","2","0","0","0","0","0","2","0","2","03","","N","","","","","","","","","","",""
"2023048517","1305","0","0","0","0","0","0","0","0","0","4","0","","67","05","2023","4","40.0396","-75.0458","1259","06","0","0","0","0","0","2","0","0","","0","0","0","12","1","1","01","","0","40 02:22.384","","00","75 02:44.945","8","0","0","0","67301","0","0","0","N","0","0","0","2","67301","0","","1","01","","N","N","N","1","","0","0","1","3","2","","1250","1","2","0","0","1","1","0","2","0","2","03","03","N","","","","","","","","","","",""
"2023060385","0219","2","0","0","0","0","0","0","0","0","5","0","","67","06","2023","7","39.947","-75.188","0212","06","1","0","0","0","0","0","0","0","","0","0","0","02","3","0","00","N","0","39 56:49.028","","00","75 11:16.872","0","0","0","0","67301","0","0","0","N","0","0","0","2","68K01","0","","1","01","","N","N","N","0","","0","0","0","0","0","","0209","0","2","0","0","0","0","0","2","0","2","03","03","N","","","","","","","","","","",""
"2023060402","0304","1","0","0","0","0","0","0","0","0","7","0","","67","07","2023","3","40.037","-75.0133","0254","06","0","0","0","0","0","0","0","0","","0","0","0","02","3","0","00","N","1","40 02:13.312","1","00","75 00:47.938","0","0","0","0","67301","0","0","0","N","0","0","0","1","68K01","0","","4","09","0310","N","N","N","0","","0","0","0","0","0","N","0230","0","1","0","0","0","0","0","2","0","1","07","07","N","","","","","","","","","","",""
"2023040753","","0","0","0","0","0","0","0","0","0","4","0","","67","04","2023","1","39.9792","-75.1618","","06","0","0","0","0","0","0","0","0","","0","0","0","02","3","0","01","","0","39 58:45.093","","00","75 09:42.531","0","0","0","0","67301","0","0","0","N","0","0","0","2","00000","0","","1","01","","","","N","0","","0","0","1","3","3","","0200","0","2","0","0","0","0","0","2","0","2","03","","N","","","","","","","","","","",""
"2023048130","0401","0","0","0","0","0","0","0","0","0","4","0","","67","05","2023","2","39.9751","-75.195","0401","06","0","0","0","0","0","1","0","0","","0","0","0","04","3","1","01","","1","39 58:30.316","1","00","75 11:41.875","3","0","0","0","67301","0","0","0","N","0","0","0","2","67301","0","","1","01","0438","N","N","N","0","","1","0","2","3","2","N","0400","1","2","0","0","0","0","0","2","0","2","03","","N","","","","","","","","","","",""
"2023060379","0143","1","0","2","0","0","0","0","0","0","1","1","","67","05","2023","2","39.9959","-75.1974","0139","06","0","0","0","0","0","0","0","0","","0","1","0","01","3","3","00","N","2","39 59:45.344","3","00","75 11:50.493","2","0","0","0","67301","0","0","0","N","0","0","0","3","68K01","1","","1","01","0525","N","N","N","0","","0","2","0","0","0","Y","0136","3","2","0","0","0","0","0","2","0","2","03","","N","","","","","","","","","","",""
"2023060614","1736","1","0","0","0","0","0","1","0","0","5","1","","67","07","2023","1","40.0204","-75.1568","1730","06","0","0","1","0","0","1","0","0","","0","0","0","17","1","0","00","N","1","40 01:13.360","2","00","75 09:24.510","0","0","0","0","67301","0","0","0","N","0","0","0","3","67301","0","","1","01","1905","N","N","N","0","","0","0","0","0","0","N","1725","0","2","0","0","0","0","0","2","0","2","04","","N","","","","","","","","","","",""
"2023042443","1950","1","0","0","1","0","0","0","0","0","8","0","","67","05","2023","4","39.932","-75.1746","1924","06","0","0","0","0","0","1","0","0","","0","0","0","17","1","1","00","N","0","39 55:55.040","","00","75 10:28.620","3","0","0","0","67301","1","0","0","N","0","0","0","2","67301","0","","1","01","","N","N","N","0","","1","0","0","0","0","","1700","1","2","0","0","0","0","0","2","0","1","03","03","N","","","","","","","","","","",""
"2023061793","1542","2","0","0","0","0","0","0","0","0","4","0","","67","07","2023","3","39.9415","-75.238","1540","06","0","0","0","0","0","0","0","1","","0","0","0","15","1","1","01","","0","39 56:29.575","","00","75 14:16.891","4","0","0","0","67301","0","0","0","N","0","0","0","1","67301","1","","1","01","","N","N","N","0","","0","0","0","3","3","","1525","1","2","0","0","0","0","0","2","0","2","03","","N","","","","","","","","","","",""
"2023061528","1300","1","0","0","0","0","0","0","0","0","2","0","","67","07","2023","7","39.8975","-75.2525","1300","06","0","0","0","0","0","0","0","0","","0","0","0","11","1","1","05","","9","39 53:51.445","","00","75 15:08.556","8","0","0","0","67301","0","0","0","N","0","0","0","2","67301","0","","1","01","","N","N","N","0","","0","0","1","3","2","","1111","1","2","0","0","0","1","1","2","0","2","03","03","N","","","","","","","","","","",""
"2023041643","0308","2","0","0","0","0","0","0","0","0","5","0","","67","05","2023","4","40.038","-75.14","0304","06","0","0","0","0","0","0","0","0","","0","0","0","01","3","0","00","N","0","40 02:16.816","","00","75 08:23.981","9","0","0","0","67301","0","0","0","N","0","0","0","1","67301","0","","6","01","","N","N","N","0","","0","0","0","0","0","","0150","0","3","0","0","0","0","1","2","1","3","03","","N","","","","","","","","","","",""
"2023049614","","2","0","0","0","0","0","0","0","0","1","0","","67","04","2023","4","40.0548","-75.169","","06","0","0","0","0","0","1","0","0","","0","0","0","08","1","1","01","","0","40 03:17.448","","00","75 10:08.248","8","0","0","0","67301","0","0","0","N","0","0","0","2","00000","0","","1","01","","","","N","0","","0","0","0","3","2","","0850","1","2","0","0","1","1","0","2","0","2","03","","N","","","","","","","","","","",""
"2023061948","1742","0","0","0","0","0","0","0","0","0","4","1","","67","07","2023","3","40.0207","-75.1245","1738","06","0","0","0","0","0","1","0","0","","0","1","0","16","1","0","01","","2","40 01:14.556","4","00","75 07:28.340","9","0","0","0","67301","0","0","0","N","0","0","0","3","67301","0","","1","01","1806","N","N","N","0","","0","0","1","3","3","Y","1601","0","2","0","0","0","0","1","2","0","2","03","03","N","","","","","","","","","","",""
"2023042336","1400","0","0","0","0","0","0","0","0","0","4","0","","67","05","2023","4","40.0647","-74.9823","1400","06","0","0","0","0","1","0","0","0","","0","0","0","14","1","0","01","","0","40 03:52.885","","00","74 58:56.121","0","0","0","0","67301","0","0","0","N","0","0","0","2","67301","0","","1","01","","N","N","N","0","","0","0","2","3","2","","1400","0","2","0","0","0","0","0","2","0","2","03","03","N","","","","","","","","","","",""
"2023042413","1823","0","0","0","0","0","0","0","0","0","1","0","","67","05","2023","4","39.9248","-75.1932","1823","06","0","0","0","0","0","1","0","0","","0","0","0","18","1","0","00","N","0","39 55:29.250","","00","75 11:35.537","0","0","0","0","67301","0","0","0","N","0","0","0","3","68K01","0","","1","01","","N","N","N","0","","0","0","1","0","0","","1823","0","3","0","0","0","0","0","2","2","3","03","03","N","","","","","","","","","","",""
"2023061525","1638","1","0","0","0","0","0","1","0","0","5","1","","67","07","2023","3","40.0675","-75.0512","1638","06","0","0","0","0","0","1","0","0","","0","0","0","15","1","0","00","N","0","40 04:03.088","","00","75 03:04.168","0","0","0","0","67301","0","0","0","N","0","0","0","2","67301","0","","1","01","","N","N","N","0","","0","0","0","0","0","","1544","0","2","0","0","0","0","0","2","0","2","03","03","N","","","","","","","","","","",""
"2023044400","1702","1","0","0","1","0","0","0","0","0","8","0","","67","05","2023","5","39.9745","-75.2391","1700","06","0","0","0","0","0","0","0","0","","0","0","0","16","1","1","01","","0","39 58:28.048","","00","75 14:20.824","3","0","0","0","67301","1","0","0","N","0","0","0","2","67301","0","","1","01","","N","N","N","0","","1","0","0","3","3","","1630","1","2","0","0","0","0","1","2","0","1","03","","N","","","","","","","","","","",""
"2023042590","0134","0","0","0","0","0","0","0","0","0","7","0","","67","05","2023","5","40.0524","-75.1319","2305","06","0","0","0","0","0","0","0","0","","0","0","0","23","2","0","01","","0","40 03:08.474","","00","75 07:54.721","0","0","0","0","67301","0","0","0","N","0","0","0","1","67301","0","","4","01","","N","N","N","0","","0","0","1","3","3","","2300","0","2","0","0","0","0","0","2","0","1","03","03","N","","","","","","","","","","",""
"2023041993","0903","0","0","0","0","0","0","0","0","0","4","0","","67","05","2023","4","39.9587","-75.1455","0903","06","0","0","0","0","0","0","0","0","","0","0","0","09","1","1","01","","0","39 57:31.377","","00","75 08:43.663","3","0","0","0","67301","0","0","0","N","0","0","0","2","67301","0","","1","01","","N","N","N","0","","1","0","2","3","3","","0903","1","2","0","0","0","0","0","2","0","2","03","03","N","","","","","","","","","","",""
"2023061125","1810","1","0","0","0","0","0","0","0","0","2","0","","67","07","2023","7","39.9117","-75.1724","1758","06","0","0","0","0","0","1","0","0","","0","0","0","17","1","3","01","","1","39 54:42.149","3","00","75 10:20.537","3","0","0","0","67301","0","0","0","N","0","0","0","4","67301","0","","1","01","1920","N","N","N","0","","3","0","1","3","2","N","1740","3","2","0","0","0","0","0","2","0","2","03","03","N","","","","","","","","","","",""
"2023072025","1313","3","0","0","0","0","0","0","0","0","4","0","","67","08","2023","4","40.0086","-75.2108","1311","06","0","0","0","0","1","0","0","0","","0","0","0","13","1","1","01","","0","40 00:31.160","","00","75 12:38.950","4","0","0","0","67301","0","0","0","N","0","0","0","4","46104","1","","1","01","","N","N","Y","0","","0","0","0","3","2","","1311","1","3","0","0","0","0","0","2","0","3","03","","N","","","","","","","","","","",""
"2023071892","1335","0","0","0","0","0","0","0","0","0","7","1","","67","08","2023","5","39.9812","-75.0862","1325","06","0","0","0","0","0","0","0","0","","0","1","0","12","1","3","02","","1","39 58:52.371","2","00","75 05:10.293","4","0","0","0","67301","0","0","0","N","0","0","0","3","67301","3","","4","09","0245","N","N","N","0","","0","0","0","3","3","N","1250","3","1","0","0","0","0","0","2","0","1","07","07","N","","","","","","","","","","",""
"2023071610","0635","2","0","0","0","0","0","0","0","0","2","0","","67","08","2023","6","40.0875","-74.9711","0629","06","0","0","0","0","0","0","0","0","","0","0","0","06","1","1","02","","0","40 05:15.133","","00","74 58:16.083","4","0","0","0","67301","0","0","0","N","0","0","0","2","67301","1","","1","01","","N","N","N","0","","0","0","0","3","2","","0605","1","2","0","0","0","0","1","2","0","2","03","03","N","","","","","","","","","","",""
"2023072701","2341","1","0","0","0","0","0","0","0","0","8","0","","67","07","2023","3","39.9858","-75.1116","2336","06","0","0","0","0","0","1","0","0","","1","0","0","23","3","0","01","","0","39 59:08.840","","00","75 06:41.602","1","0","0","0","67301","1","1","0","N","1","1","0","2","67301","0","2","1","01","","N","N","N","0","0","0","0","0","3","2","","2311","0","2","0","0","0","0","0","2","0","1","03","03","N","","","","","","","","","","",""
"2023067078","2109","1","0","0","0","0","0","0","0","0","5","0","","67","07","2023","3","40.0569","-75.0136","2109","06","0","0","0","0","0","0","0","0","","0","0","0","20","3","1","00","N","0","40 03:24.830","","00","75 00:49.128","3","0","0","0","67301","0","0","0","N","0","0","0","1","67301","0","","1","01","","N","N","N","0","","1","0","2","0","0","","2041","1","3","0","0","0","0","0","2","0","3","03","03","N","","","","","","","","","","",""
"2023062712","1817","1","0","0","0","0","0","0","0","0","4","0","","67","06","2023","6","39.9246","-75.1521","1802","06","0","0","0","0","0","0","0","0","","0","0","0","18","1","1","01","","0","39 55:28.498","","00","75 09:07.527","3","0","0","1","67301","0","0","0","N","0","0","0","2","67301","0","","1","99","","N","N","N","0","","1","0","0","3","2","","1837","1","2","0","0","0","0","1","2","0","2","99","","N","","","","","","","","","","",""
"2023067321","1725","0","0","0","0","0","0","0","0","0","4","0","","67","04","2023","5","40.0169","-75.1486","1717","06","0","0","0","0","0","0","0","0","","0","0","0","17","1","0","00","N","1","40 01:00.700","3","07","75 08:54.800","9","0","0","1","67301","0","0","0","N","0","0","0","2","67301","0","","1","01","1900","N","N","N","0","","0","0","0","0","0","N","1700","0","2","0","0","0","0","1","2","0","2","03","03","N","","","","","","","","","","",""
"2023067323","1255","0","0","0","0","0","0","0","0","0","6","0","","67","04","2023","2","40.023","-75.1246","1255","06","0","0","0","0","0","0","0","0","","0","0","0","12","1","2","00","N","0","40 01:22.700","","00","75 07:28.600","8","0","0","0","67301","2","0","0","N","2","0","0","2","67301","0","","6","01","","N","N","N","0","","0","0","3","0","0","","1223","2","5","0","0","0","2","0","2","0","3","03","","N","","","","","","","","","","",""
"2023067967","0644","2","0","0","0","0","0","0","0","0","4","0","","67","07","2023","1","40.0258","-75.1447","0637","06","0","0","0","0","0","0","0","0","","0","0","0","06","1","4","00","N","0","40 01:32.810","","00","75 08:41.020","3","0","0","0","67301","0","0","0","N","0","0","0","4","67301","0","","1","01","","N","N","N","0","","3","0","1","0","0","","0634","4","3","0","0","0","1","0","2","0","3","03","03","N","","","","","","","","","","",""
"2023046922","1102","2","0","0","0","0","0","0","0","0","4","0","","67","05","2023","7","40.0009","-75.1664","1059","06","0","0","0","0","0","0","0","0","","0","0","0","10","1","1","01","","0","40 00:03.369","","00","75 09:59.068","3","0","0","0","67301","0","0","0","N","0","0","0","3","67301","0","","1","09","","N","N","N","0","","1","0","1","3","3","","1058","1","3","0","0","1","0","0","2","0","3","07","07","N","","","","","","","","","","",""
"2023068004","0825","0","0","0","0","0","0","0","0","0","1","0","","67","08","2023","3","40.0498","-74.9942","0806","06","0","1","0","0","0","0","0","0","","0","0","0","07","1","1","00","N","0","40 02:59.424","","00","74 59:39.291","3","0","0","0","67301","0","0","0","N","0","0","0","4","68K01","0","","1","01","","N","N","N","0","","1","0","2","0","0","","0755","1","2","0","0","0","0","0","2","0","2","03","03","N","","","","","","","","","","",""
"2023072910","2249","1","0","0","0","0","0","0","0","0","4","0","","67","07","2023","2","40.0321","-75.1461","2249","06","0","0","0","0","0","1","0","0","","1","0","0","20","3","1","01","","0","40 01:55.711","","00","75 08:46.563","1","1","0","1","67301","0","0","0","N","0","0","0","2","67301","0","2","1","01","","N","N","N","0","0","1","0","0","3","2","","2030","1","2","0","0","0","0","0","2","0","2","03","03","N","","","","","","","","","","",""
"2023071120","1520","0","0","0","0","0","0","0","0","0","1","1","","67","08","2023","6","40.0422","-75.026","1507","06","0","0","0","0","0","1","0","0","","0","1","0","14","1","1","00","N","0","40 02:31.788","","00","75 01:33.751","3","0","0","1","67301","0","0","0","N","0","0","0","2","67301","0","","1","01","","N","N","N","0","","1","0","0","0","0","","1415","1","2","0","0","1","0","0","2","0","2","03","03","N","","","","","","","","","","",""
"2023072886","0509","1","0","0","0","0","0","0","0","0","5","1","","67","07","2023","4","39.9498","-75.184","0503","06","0","0","0","0","0","1","0","0","","0","1","0","04","2","1","00","N","2","39 56:59.229","3","03","75 11:02.331","3","0","0","0","67301","0","0","0","N","0","0","0","3","68K01","0","","1","01","0512","N","N","N","0","","1","0","0","0","0","N","0458","1","2","0","0","0","0","0","2","0","2","03","","N","","","","","","","","","","",""
"2023073166","0842","1","0","0","0","0","0","0","0","0","1","0","","67","08","2023","4","39.9582","-75.1644","0834","06","0","0","0","0","0","1","0","0","","0","0","0","08","1","0","00","N","0","39 57:29.528","","00","75 09:51.985","0","0","0","0","67301","0","0","0","N","0","0","0","4","68K01","0","","1","01","","N","N","N","1","","0","0","1","0","0","","0827","0","3","0","0","0","0","0","2","0","3","03","","N","","","","","","","","","","",""
"2023068059","0835","0","0","0","0","0","0","0","0","0","8","0","","67","07","2023","2","39.9385","-75.1716","0824","06","0","0","0","0","0","0","0","0","","0","0","0","07","1","1","01","","0","39 56:18.477","","00","75 10:17.716","3","0","0","0","67301","1","0","0","N","1","0","0","1","67301","0","","1","01","","N","N","N","0","","1","0","0","3","2","","0750","1","2","0","0","0","0","0","2","0","1","03","03","N","","","","","","","","","","",""
"2023051491","1539","1","0","0","0","0","0","0","0","0","5","0","","67","05","2023","7","39.9228","-75.1477","1524","06","0","0","0","0","0","1","0","0","","0","0","0","15","1","2","00","N","2","39 55:22.070","2","03","75 08:51.826","8","0","0","0","67301","0","0","0","N","0","0","0","4","68K01","0","","1","09","1620","N","N","N","0","","0","0","1","0","0","N","1522","2","2","0","0","0","2","0","2","0","2","07","07","N","","","","","","","","","","",""
"2023067209","0612","1","0","0","0","0","0","0","0","0","5","0","","67","07","2023","1","39.9899","-75.087","0606","06","0","0","0","0","0","0","0","0","","0","0","0","05","1","1","00","N","1","39 59:23.549","1","00","75 05:13.356","8","0","0","0","67301","0","0","0","N","0","0","0","2","68K01","0","","1","01","0620","N","N","N","0","","0","0","1","0","0","N","0548","1","2","0","0","0","1","0","2","0","2","03","03","N","","","","","","","","","","",""
"2023046355","2232","1","0","0","0","0","0","0","0","0","4","0","","67","05","2023","1","39.9581","-75.1657","2228","06","0","0","0","0","0","0","0","0","","0","0","0","22","3","2","01","","2","39 57:29.026","1","03","75 09:56.430","8","0","0","0","67301","0","0","0","N","0","0","0","3","67301","0","","1","01","2350","N","Y","N","0","","0","0","1","1","2","Y","2219","2","2","0","0","0","2","0","2","0","2","03","","N","","","","","","","","","","",""
"2023067775","1028","1","0","0","0","0","0","0","0","0","5","0","","67","04","2023","3","39.9947","-75.1342","1028","06","0","0","0","0","0","0","0","0","","0","0","0","10","1","0","00","N","0","39 59:40.900","","00","75 08:03.100","9","0","0","0","67301","0","0","0","N","0","0","0","2","67301","0","","1","01","","N","N","N","0","","0","0","0","0","0","","1000","0","2","0","0","0","0","1","2","1","2","03","03","N","","","","","","","","","","",""
"2023045122","2350","2","0","0","0","0","0","0","0","0","1","0","","67","05","2023","7","39.9737","-75.1623","2341","06","0","0","0","0","0","0","0","0","","0","0","0","22","3","0","00","N","0","39 58:25.470","","00","75 09:44.280","0","0","0","0","67301","0","0","0","N","0","0","0","1","67301","0","","6","09","","N","N","N","0","","0","0","2","0","0","","2200","0","5","0","0","0","0","0","2","0","5","07","","N","","","","","","","","","","",""
"2023051391","1620","1","0","0","0","0","0","0","0","0","1","0","","67","05","2023","3","39.982","-75.1008","1620","06","0","0","0","0","0","1","0","0","","0","0","0","15","1","1","00","N","0","39 58:55.344","","03","75 06:02.757","8","0","0","0","67301","0","0","0","N","0","0","0","3","68K01","0","","1","01","","N","N","N","0","","0","0","2","0","0","","1534","1","3","0","0","0","1","0","2","0","3","03","","N","","","","","","","","","","",""
"2023051079","1528","0","0","0","0","0","0","0","0","0","4","0","","67","05","2023","5","39.9513","-75.1991","1522","06","0","0","0","0","0","1","0","0","","0","0","0","15","1","1","01","","0","39 57:04.636","","00","75 11:57.326","8","0","0","1","67301","0","0","0","N","0","0","0","3","67504","0","","1","01","","N","N","N","0","","0","0","1","9","2","","1512","1","2","0","0","0","1","0","2","0","2","03","03","N","","","","","","","","","","",""
"2023048012","0800","1","0","0","0","0","0","0","0","0","8","0","","67","05","2023","2","39.9711","-75.2511","0756","06","0","0","0","0","0","0","0","0","","0","0","0","07","1","1","01","","0","39 58:15.949","","00","75 15:03.974","8","0","0","0","67301","1","0","0","N","1","0","0","2","67301","0","","1","01","","N","N","N","0","","0","0","0","3","3","","0750","1","2","0","0","0","1","0","2","0","1","03","03","N","","","","","","","","","","",""
"2023072170","0906","0","0","0","0","0","0","0","0","0","1","0","","67","08","2023","4","39.8928","-75.2335","0855","06","0","0","0","0","0","0","0","0","","0","0","0","08","1","0","00","N","0","39 53:33.953","","02","75 14:00.678","0","0","0","0","67301","0","0","0","N","0","0","0","2","68K01","0","","1","01","","N","N","N","0","","0","0","2","0","0","","0855","0","2","0","0","0","0","0","2","0","2","03","","N","","","","","","","","","","",""
"2023072866","1007","0","0","0","0","0","0","0","0","0","5","0","","67","08","2023","3","39.9833","-75.098","0955","06","0","0","0","0","0","1","0","0","","0","0","0","09","1","1","00","N","0","39 58:59.947","","00","75 05:52.638","8","0","0","0","67301","0","0","0","N","0","0","0","3","68K01","0","","1","01","","N","N","N","0","","0","0","2","0","0","","0952","1","2","0","0","0","1","0","2","0","2","03","","N","","","","","","","","","","",""
"2023067940","1842","2","0","0","0","0","0","0","0","0","1","0","","67","07","2023","3","40.0299","-75.0222","1757","06","0","0","0","0","0","0","0","0","","0","0","0","17","1","1","00","N","0","40 01:47.816","","00","75 01:20.059","3","0","0","0","67301","0","0","0","N","0","0","0","2","68K01","0","","1","01","","N","N","N","0","","1","0","0","0","0","","1750","1","2","0","0","0","0","0","2","0","2","03","","N","","","","","","","","","","",""
"2023068056","0523","2","0","0","0","0","0","0","0","0","1","0","","67","07","2023","1","40.0644","-75.1739","0518","06","0","0","0","0","0","0","0","0","","0","0","0","05","5","1","00","N","0","40 03:51.883","","00","75 10:26.206","3","0","0","0","67301","0","0","0","N","0","0","0","1","67301","0","","2","01","","N","N","N","0","","1","0","0","0","0","","0510","1","2","0","0","0","0","0","2","0","2","03","","N","","","","","","","","","","",""
"2023045687","1113","1","0","0","0","0","0","0","0","0","8","0","","67","05","2023","2","40.1025","-75.0287","1113","06","0","0","0","0","0","0","0","0","","0","0","0","11","1","1","01","","0","40 06:08.948","","00","75 01:43.450","3","0","0","0","67301","1","0","0","N","1","0","0","2","67301","0","","1","01","","N","N","N","0","","1","0","0","3","2","","1110","1","2","0","0","0","0","0","2","0","1","03","03","N","","","","","","","","","","",""
"2023048364","0430","0","0","0","0","0","0","0","0","0","1","0","","67","05","2023","7","39.9917","-75.1551","0430","06","0","0","0","0","0","0","0","0","","0","0","0","04","3","1","00","N","0","39 59:22.682","","00","75 09:19.982","8","0","0","0","67301","0","0","0","N","0","0","0","2","67301","0","","1","01","","N","N","N","0","","0","0","2","0","0","","0430","1","2","0","0","0","1","1","2","0","2","03","03","N","","","","","","","","","","",""
"2023045561","1258","2","0","0","0","0","0","0","0","0","1","0","","67","05","2023","1","39.9844","-75.1544","1258","06","0","0","0","0","0","0","0","0","","0","0","0","12","1","1","01","","0","39 59:03.868","","00","75 09:15.876","3","0","0","0","67301","0","0","0","N","0","0","0","3","67301","0","","1","01","","N","N","N","0","","1","0","1","3","2","","1258","1","3","0","0","0","0","0","2","0","3","03","03","N","","","","","","","","","","",""
"2023046660","0030","1","0","0","0","0","0","0","0","0","4","0","","67","05","2023","2","39.9854","-75.0967","0019","06","0","0","1","0","0","0","0","0","","0","0","0","00","3","0","01","","0","39 59:07.571","","00","75 05:48.123","0","0","0","0","67301","0","0","0","N","0","0","0","3","67301","0","","1","01","","N","N","N","0","","0","0","1","3","2","","0010","0","2","0","0","0","0","0","2","0","2","03","03","N","","","","","","","","","","",""
"2023046666","1616","1","0","0","0","0","0","0","0","0","4","0","","67","05","2023","7","40.0111","-75.1641","1616","06","0","0","0","0","0","0","0","0","","0","0","0","16","1","0","02","","1","40 00:40.056","3","00","75 09:51.282","9","0","0","0","67301","0","0","0","N","0","0","0","2","67301","0","","1","09","1745","N","N","N","1","","0","0","0","3","2","N","1608","0","2","0","0","0","0","1","2","0","2","04","04","N","","","","","","","","","","",""
"2023044645","2340","2","0","0","0","0","0","0","0","0","1","0","","67","05","2023","6","39.9581","-75.191","2322","06","0","0","0","0","0","0","0","0","","0","0","0","23","3","0","00","N","0","39 57:29.300","","00","75 11:27.600","0","0","0","0","67301","0","0","0","N","0","0","0","1","67507","0","","6","01","","N","N","Y","0","","0","0","2","0","0","","2300","0","4","0","0","1","0","0","2","0","4","03","03","N","","","","","","","","","","",""
"2023045556","0610","1","0","0","0","0","0","0","0","0","7","0","","67","05","2023","7","40.0663","-75.1805","0602","06","0","0","0","0","0","0","0","0","","0","0","0","05","5","0","01","","0","40 03:58.690","","00","75 10:49.864","9","0","0","0","67301","0","0","0","N","0","0","0","2","67301","0","","4","09","","N","N","N","0","","0","0","2","3","3","","0555","0","3","0","0","0","0","2","2","0","3","07","","N","","","","","","","","","","",""