"CRN","ARRIVAL_TM","AUTOMOBILE_COUNT","BELTED_DEATH_COUNT","BELTED_SUSP_SERIOUS_INJ_COUNT","BICYCLE_COUNT","BICYCLE_DEATH_COUNT","BICYCLE_SUSP_SERIOUS_INJ_COUNT","BUS_COUNT","CHLDPAS_DEATH_COUNT","CHLDPAS_SUSP_SERIOUS_INJ_COUNT","COLLISION_TYPE","COMM_VEH_COUNT","CONS_ZONE_SPD_LIM","COUNTY","CRASH_MONTH","CRASH_YEAR","DAY_OF_WEEK","DEC_LAT","DEC_LONG","DISPATCH_TM","DISTRICT","DRIVER_COUNT_16YR","DRIVER_COUNT_17YR","DRIVER_COUNT_18YR","DRIVER_COUNT_19YR","DRIVER_COUNT_20YR","DRIVER_COUNT_50_64YR","DRIVER_COUNT_65_74YR","DRIVER_COUNT_75PLUS","EST_HRS_CLOSED","FATAL_COUNT","HEAVY_TRUCK_COUNT","HORSE_BUGGY_COUNT","HOUR_OF_DAY","ILLUMINATION","INJURY_COUNT","INTERSECT_TYPE","INTERSECTION_RELATED","LANE_CLOSED","LATITUDE","LN_CLOSE_DIR","LOCATION_TYPE","LONGITUDE","MAX_SEVERITY_LEVEL","MCYCLE_DEATH_COUNT","MCYCLE_SUSP_SERIOUS_INJ_COUNT","MOTORCYCLE_COUNT","MUNICIPALITY","NONMOTR_COUNT","NONMOTR_DEATH_COUNT","NONMOTR_SUSP_SERIOUS_INJ_COUNT","NTFY_HIWY_MAINT","PED_COUNT","PED_DEATH_COUNT","PED_SUSP_SERIOUS_INJ_COUNT","PERSON_COUNT","POLICE_AGCY","POSSIBLE_INJ_COUNT","RDWY_SURF_TYPE_CD","RELATION_TO_ROAD","ROAD_CONDITION","ROADWAY_CLEARED","SCH_BUS_IND","SCH_ZONE_IND","SECONDARY_CRASH","SMALL_TRUCK_COUNT","SPEC_JURIS_CD","SUSP_MINOR_INJ_COUNT","SUSP_SERIOUS_INJ_COUNT","SUV_COUNT","TCD_FUNC_CD","TCD_TYPE","TFC_DETOUR_IND","TIME_OF_DAY","TOT_INJ_COUNT","TOTAL_UNITS","UNB_DEATH_COUNT","UNB_SUSP_SERIOUS_INJ_COUNT","UNBELTED_OCC_COUNT","UNK_INJ_DEG_COUNT","UNK_INJ_PER_COUNT","URBAN_RURAL","VAN_COUNT","VEHICLE_COUNT","WEATHER1","WEATHER2","WORK_ZONE_IND","WORK_ZONE_LOC","WORK_ZONE_TYPE","WORKERS_PRES","WZ_CLOSE_DETOUR","WZ_FLAGGER","WZ_LAW_OFFCR_IND","WZ_LN_CLOSURE","WZ_MOVING","WZ_OTHER","WZ_SHLDER_MDN","WZ_WORKERS_INJ_KILLED"
"2023045124","0833","0","0","0","0","0","0","0","0","0","4","0","","67","05","2023","7","40.0121","-75.1122","0833","06","0","0","0","0","0","0","0","0","","0","0","0","08","1","1","01","","1","40 00:43.452","3","00","75 06:43.833","8","0","0","1","67301","0","0","0","N","0","0","0","3","67301","0","","1","09","0930","N","N","N","0","","0","0","0","3","2","Y","0833","1","2","0","0","0","1","0","2","1","2","07","04","N","","","","","","","","","","",""
"2023047781","1206","1","0","0","0","0","0","0","0","0","8","0","","67","05","2023","5","39.9581","-75.1657","1203","06","0","0","0","0","0","0","0","0","","0","0","0","12","1","1","01","","0","39 57:29.026","","03","75 09:56.430","3","0","0","0","67301","1","0","0","N","1","0","0","2","67301","0","","1","01","","N","Y","N","0","","1","0","0","3","2","","1200","1","2","0","0","0","0","0","2","0","1","03","03","N","","","","","","","","","","",""
"2023067516","1314","1","0","0","0","0","0","0","0","0","5","1","","67","07","2023","5","39.8816","-75.2463","1249","06","0","0","0","0","0","1","0","0","","0","1","0","12","1","0","00","N","2","39 52:53.608","2","00","75 14:46.523","0","0","0","0","67301","0","0","0","N","0","0","0","3","68K01","0","","1","01","1310","N","N","N","0","","0","0","1","3","8","N","1245","0","3","0","0","0","0","0","2","0","3","03","03","N","","","","","","","","","","",""
"2023046588","1708","0","0","0","0","0","0","0","0","0","4","0","","67","05","2023","4","39.9238","-75.2249","1704","06","0","0","0","0","0","1","0","0","","0","0","0","16","1","1","01","","0","39 55:25.798","","00","75 13:29.769","3","0","0","0","67301","0","0","0","N","0","0","0","3","67301","0","","1","01","","N","N","N","0","","1","0","2","3","2","","1646","1","2","0","0","0","0","0","2","0","2","03","03","N","","","","","","","","","","",""
"2023046590","1950","1","0","0","0","0","0","0","0","0","7","0","","67","05","2023","2","40.0434","-75.1778","1936","06","0","0","0","0","0","0","0","0","","0","0","0","19","1","0","00","N","2","40 02:36.220","7","00","75 10:40.210","9","0","0","0","67301","0","0","0","N","0","0","0","1","67301","0","","5","01","2210","N","N","N","0","","0","0","0","0","0","Y","1914","0","1","0","0","1","0","1","2","0","1","03","","N","","","","","","","","","","",""
"2023048926","1827","0","0","0","0","0","0","0","0","0","5","0","","67","05","2023","5","40.1045","-75.0279","1827","06","0","0","0","0","0","1","0","0","","0","0","0","18","1","1","00","N","0","40 06:16.352","","00","75 01:40.299","3","0","0","0","67301","0","0","0","N","0","0","0","2","67301","0","","1","01","","N","N","N","0","","1","0","1","0","0","","1827","1","2","0","0","0","0","0","2","1","2","03","","N","","","","","","","","","","",""
"2023047537","1223","0","0","0","0","0","0","0","0","0","1","0","","67","05","2023","5","40.0831","-75.2092","1223","06","1","1","0","0","0","0","0","0","","0","0","0","12","1","0","00","N","0","40 04:59.308","","00","75 12:33.282","0","0","0","0","67301","0","0","0","N","0","0","0","5","67301","0","","1","01","","N","N","N","0","","0","0","2","0","0","","1206","0","2","0","0","0","0","0","2","0","2","03","03","N","","","","","","","","","","",""
"2023068644","1612","2","0","0","0","0","0","0","0","0","4","0","","67","07","2023","4","40.0271","-75.041","1602","06","0","0","0","0","0","0","0","0","","0","0","0","16","1","2","01","","0","40 01:37.538","","00","75 02:27.677","3","0","0","0","67301","0","0","0","N","0","0","0","3","67301","1","","1","01","","N","N","N","0","","1","0","0","3","2","","1600","2","2","0","0","0","0","1","2","0","2","03","03","N","","","","","","","","","","",""
"2023046587","0919","0","0","0","0","0","0","0","0","0","4","0","","67","05","2023","4","40.029","-75.2058","0917","06","0","0","0","0","0","2","0","0","","0","0","0","09","1","0","00","N","0","40 01:44.504","","07","75 12:20.872","9","0","0","0","67301","0","0","0","N","0","0","0","3","67301","0","","1","01","","N","N","N","0","","0","0","2","0","0","","0910","0","2","0","0","0","0","3","2","0","2","03","","N","","","","","","","","","","",""
"2023046019","1400","1","0","0","0","0","0","0","0","0","1","0","","67","05","2023","7","40.0099","-75.1964","1400","06","0","0","0","0","0","0","0","0","","0","0","0","22","6","1","01","","0","40 00:35.528","","00","75 11:47.178","8","0","0","0","67301","0","0","0","N","0","0","0","3","67301","0","","1","99","","N","N","N","0","","0","0","2","3","2","","2214","1","3","0","0","0","1","2","2","0","3","99","","N","","","","","","","","","","",""
"2023045692","1055","0","0","0","0","0","0","0","0","0","8","0","","67","05","2023","2","40.0674","-75.1657","1026","06","0","0","0","0","0","0","1","0","","0","0","0","10","1","1","02","","0","40 04:02.777","","00","75 09:56.574","3","0","0","0","67301","1","0","0","N","1","0","0","2","67301","0","","1","01","","N","N","N","0","","1","0","0","3","2","","1000","1","2","0","0","0","0","0","2","1","1","03","03","N","","","","","","","","","","",""
"2023068263","1332","2","0","0","0","0","0","0","0","0","2","0","","67","08","2023","3","39.9246","-75.2331","1332","06","0","0","0","0","0","0","0","0","","0","0","0","13","1","1","02","","0","39 55:28.412","","00","75 13:59.232","4","0","0","0","67301","0","0","0","N","0","0","0","3","67301","1","","1","01","","N","N","N","0","","0","0","0","0","0","","1330","1","2","0","0","0","0","0","2","0","2","03","03","N","","","","","","","","","","",""
"2023046595","1908","0","0","0","0","0","0","0","0","0","4","0","","67","05","2023","4","40.0613","-75.1721","1859","06","0","0","0","0","0","1","0","0","","0","0","0","15","1","2","01","","0","40 03:40.629","","00","75 10:19.427","3","0","0","0","67301","0","0","0","N","0","0","0","2","67301","0","","1","01","","N","N","N","0","","2","0","2","3","3","","1527","2","2","0","0","0","0","0","2","0","2","03","03","N","","","","","","","","","","",""
"2023068647","2001","0","0","0","1","0","0","0","0","0","8","0","","67","07","2023","5","39.9998","-75.0686","1951","06","0","0","0","0","0","0","0","0","","0","0","0","18","1","1","00","N","0","39 59:59.222","","00","75 04:07.086","3","0","0","0","67301","1","0","0","N","0","0","0","2","67301","0","","1","01","","N","N","N","0","","1","0","0","0","0","","1800","1","2","0","0","0","0","1","2","0","1","03","","N","","","","","","","","","","",""
"2023046012","0846","1","0","0","0","0","0","0","0","0","1","0","","67","05","2023","6","39.9358","-75.1994","0846","06","0","0","0","0","0","0","0","1","","0","0","0","08","1","1","00","N","0","39 56:08.972","","00","75 11:57.860","3","0","0","0","67301","0","0","0","N","0","0","0","2","67301","0","","1","01","","N","N","N","0","","1","0","1","0","0","","0830","1","2","0","0","1","0","0","2","0","2","03","03","N","","","","","","","","","","",""
"2023045120","0240","2","0","0","0","0","0","0","0","0","4","0","","67","05","2023","1","39.9594","-75.2453","0240","06","0","0","0","0","0","0","0","0","","0","0","0","02","3","0","01","","0","39 57:33.900","","00","75 14:43.237","0","0","0","0","67301","0","0","0","N","0","0","0","1","67301","0","","1","09","","N","N","Y","0","","0","0","0","3","2","","0235","0","2","0","0","1","0","0","2","0","2","07","07","N","","","","","","","","","","",""
"2023071081","0609","2","0","0","0","0","0","0","0","0","5","1","","67","08","2023","3","40.0017","-75.1949","0558","06","0","0","0","0","0","1","0","0","","0","1","0","05","1","2","00","N","1","40 00:05.995","3","00","75 11:41.816","8","0","0","0","67301","0","0","0","N","0","0","0","7","68K01","0","","1","01","0700","N","N","N","1","","0","0","1","0","0","N","0553","2","5","0","0","0","2","0","2","0","5","03","03","N","","","","","","","","","","",""
"2023071979","0605","0","0","0","0","0","0","0","0","0","5","1","","67","07","2023","6","39.8866","-75.2426","0601","06","0","0","0","0","0","0","0","0","","0","1","0","05","1","0","00","N","0","39 53:11.705","","00","75 14:33.473","0","0","0","0","67301","0","0","0","N","0","0","0","2","68K01","0","","1","09","","N","N","N","0","","0","0","1","0","0","","0504","0","2","0","0","0","0","0","2","0","2","03","","N","","","","","","","","","","",""
"2023072906","2142","1","0","0","0","0","0","0","0","0","4","0","","67","08","2023","5","39.9808","-75.1623","2142","06","0","0","0","0","0","0","1","0","","0","0","0","21","3","2","00","N","0","39 58:51.010","","00","75 09:44.130","3","0","0","0","67301","0","0","0","N","0","0","0","2","67301","0","","1","01","","N","N","N","0","","2","0","1","0","0","","2142","2","2","0","0","0","0","0","2","0","2","03","03","N","","","","","","","","","","",""
"2023071867","1839","0","0","0","0","0","0","0","0","0","5","1","","67","07","2023","5","40.0492","-74.9972","1833","06","0","0","0","0","0","0","0","0","","0","1","0","18","1","0","00","N","0","40 02:57.022","","00","74 59:49.930","0","0","0","0","67301","0","0","0","Y","0","0","0","2","68K01","0","","1","01","","N","N","N","0","","0","0","1","0","0","","1832","0","2","0","0","0","0","0","2","0","2","03","03","N","","","","","","","","","","",""
"2023055719","1735","0","0","0","0","0","0","0","0","0","4","0","","67","05","2023","4","40.0133","-75.0697","1730","06","0","0","0","0","0","0","0","0","","0","0","0","17","1","2","01","","0","40 00:48.024","","00","75 04:10.874","3","0","0","0","67301","0","0","0","N","0","0","0","4","67301","1","","1","01","","N","N","N","0","","1","0","1","3","3","","1729","2","2","0","0","2","0","1","2","1","2","03","","N","","","","","","","","","","",""
"2023047538","1710","0","0","0","0","0","0","0","0","0","8","0","","67","05","2023","6","39.9992","-75.1086","1710","06","0","0","0","0","0","0","0","0","","0","0","0","17","1","1","00","N","0","39 59:57.020","","01","75 06:30.830","2","0","0","0","67301","1","0","1","N","1","0","1","2","67301","0","","1","01","","N","N","N","0","","0","1","1","0","0","","1710","1","3","0","0","1","0","0","2","1","2","03","","N","","","","","","","","","","",""
"2023068640","0020","1","0","0","0","0","0","0","0","0","3","0","","67","07","2023","1","40.0335","-75.065","0015","06","0","0","0","0","0","1","0","0","","0","0","0","23","3","1","00","N","0","40 02:00.660","","00","75 03:54.120","8","0","0","0","67301","1","0","0","N","1","0","0","2","67301","0","","1","09","","N","N","N","0","","0","0","1","0","0","","2350","1","3","0","0","0","1","0","2","0","2","03","","N","","","","","","","","","","",""
"2023045893","2226","0","0","0","0","0","0","0","0","0","7","0","","67","05","2023","1","39.9835","-75.1345","2226","06","0","0","0","0","0","0","0","0","","0","0","0","22","3","0","02","","0","39 59:00.517","","00","75 08:04.272","9","0","0","0","67301","0","0","0","N","0","0","0","1","67301","0","","4","01","","N","N","N","0","","0","0","1","3","3","","2220","0","1","0","0","0","0","1","2","0","1","03","03","N","","","","","","","","","","",""
"2023067930","2135","0","0","0","0","0","0","0","0","0","1","0","","67","07","2023","1","39.9283","-75.1962","2135","06","0","0","0","0","0","0","0","0","","0","0","0","21","3","0","00","N","0","39 55:41.984","","00","75 11:46.487","0","0","0","0","67301","0","0","0","N","0","0","0","2","68K01","0","","1","01","","N","N","N","0","","0","0","2","0","0","","2115","0","2","0","0","0","0","0","2","0","2","03","","N","","","","","","","","","","",""
"2023044919","2230","2","0","0","0","0","0","0","0","0","2","0","","67","05","2023","6","40.0604","-75.0684","2227","06","0","0","0","0","0","0","0","0","","0","0","0","22","3","1","00","N","0","40 03:37.560","","00","75 04:06.300","3","0","0","0","67301","0","0","0","N","0","0","0","3","67301","0","","1","01","","N","N","N","0","","1","0","1","0","0","","2200","1","3","0","0","0","0","0","2","0","3","03","03","N","","","","","","","","","","",""
"2023058259","1447","1","0","0","0","0","0","0","0","0","1","0","","67","05","2023","6","40.0091","-75.0673","1428","06","0","0","0","0","1","0","0","0","","0","0","0","14","1","0","00","N","0","40 00:32.789","","03","75 04:02.152","0","0","0","0","67301","0","0","0","N","0","0","0","7","68K01","0","","1","01","","N","N","N","0","","0","0","2","0","0","","1416","0","3","0","0","0","0","0","2","0","3","03","","N","","","","","","","","","","",""
"2023046661","0255","1","0","0","0","0","0","0","0","0","7","0","","67","05","2023","2","39.9904","-75.1159","0255","06","0","0","1","0","0","0","0","0","","0","0","0","02","3","2","02","","0","39 59:25.604","","00","75 06:57.303","3","0","0","0","67301","0","0","0","N","0","0","0","2","67301","1","","5","01","","N","N","N","0","","1","0","0","3","2","","0255","2","1","0","0","0","0","0","2","0","1","03","03","N","","","","","","","","","","",""
"2023046602","2158","1","0","0","0","0","0","0","0","0","4","0","","67","05","2023","1","40.0186","-75.1831","2156","06","0","0","0","0","0","0","0","0","","0","0","0","21","3","2","01","","2","40 01:06.988","6","00","75 10:59.131","3","0","0","0","67301","0","0","0","N","0","0","0","3","67301","1","","1","01","1110","N","N","Y","0","","1","0","1","3","3","Y","2154","2","2","0","0","0","0","0","2","0","2","03","03","N","","","","","","","","","","",""
"2023067900","0808","1","0","0","0","0","0","0","0","0","7","0","","67","06","2023","6","39.9698","-75.1264","0801","06","1","0","0","0","0","0","0","0","","0","0","0","08","1","0","00","N","1","39 58:11.295","2","00","75 07:34.874","0","0","0","0","67301","0","0","0","N","0","0","0","1","68K01","0","","4","01","0817","N","N","N","0","","0","0","0","0","0","N","0800","0","1","0","0","0","0","0","2","0","1","03","","N","","","","","","","","","","",""
"2023046923","1148","0","0","0","0","0","0","0","0","0","4","0","","67","05","2023","7","40.0088","-75.169","1148","06","0","0","0","0","0","0","0","0","","0","0","0","11","1","0","02","","0","40 00:32.064","","00","75 10:08.718","0","0","0","0","67301","0","0","0","N","0","0","0","2","67301","0","","1","09","","N","N","N","2","","0","0","0","3","3","","1148","0","2","0","0","0","0","0","2","0","2","07","","N","","","","","","","","","","",""
"2023044921","0830","3","0","0","0","0","0","0","0","0","5","0","","67","05","2023","7","40.0249","-75.2176","0811","06","0","0","0","0","0","0","0","0","","0","0","0","08","1","1","00","N","2","40 01:29.710","6","00","75 13:03.490","3","0","0","0","67301","0","0","0","N","0","0","0","1","67301","0","","6","09","1047","N","N","N","0","","1","0","1","0","0","Y","0810","1","4","0","0","0","0","0","2","0","4","07","07","N","","","","","","","","","","",""
"2023071113","0319","1","2","0","0","0","0","0","0","0","4","0","99","67","07","2023","7","39.9075","-75.19","0315","06","0","0","0","0","0","0","0","0","","2","0","0","03","3","3","01","","1","39 54:27.370","6","00","75 11:24.825","1","0","0","0","67301","0","0","0","N","0","0","0","5","67301","0","2","1","01","0522","N","N","N","0","0","1","2","0","3","2","Y","0310","3","2","0","0","0","0","0","2","0","2","03","03","Y","4","1","U","","","U","Y","","","","N"
"2023046991","1930","1","0","0","0","0","0","0","0","0","1","0","","67","05","2023","5","39.9096","-75.1932","1927","06","0","0","0","0","0","1","0","0","","0","0","0","19","4","1","00","N","0","39 54:34.716","","00","75 11:35.389","2","0","0","0","67301","0","0","0","N","0","0","0","2","67301","0","","1","01","","N","N","N","0","","0","1","1","0","0","","1925","1","2","0","0","0","0","0","2","0","2","03","03","N","","","","","","","","","","",""
"2023049199","1912","1","0","0","0","0","0","0","0","0","4","0","","67","05","2023","1","39.9639","-75.1931","1853","06","0","0","0","0","0","0","0","1","","0","0","0","18","1","0","01","","0","39 57:50.050","","00","75 11:35.001","0","0","0","0","67301","0","0","0","N","0","0","0","2","67301","0","","1","01","","N","N","N","0","","0","0","1","3","3","","1819","0","2","0","0","0","0","0","2","0","2","03","03","N","","","","","","","","","","",""
"2023052266","0022","1","0","0","0","0","0","0","0","0","1","0","","67","05","2023","7","39.9457","-75.1899","0015","06","0","0","0","0","0","0","0","0","","0","0","0","00","3","3","00","N","1","39 56:44.551","4","03","75 11:23.636","8","0","0","0","67301","0","0","0","N","0","0","0","5","68K01","0","","1","01","0045","N","N","N","0","","0","0","1","0","0","N","0013","3","2","0","0","0","3","0","2","0","2","03","","N","","","","","","","","","","",""
"2023046359","1646","1","0","0","0","0","0","0","0","0","4","0","","67","05","2023","3","40.0359","-75.1266","1646","06","0","0","0","0","0","0","0","0","","0","0","0","16","1","1","01","","0","40 02:09.352","","00","75 07:35.804","3","0","0","0","67301","0","0","0","N","0","0","0","2","67301","0","","1","01","","N","N","N","0","","1","0","1","3","3","","1646","1","2","0","0","0","0","0","2","0","2","03","03","N","","","","","","","","","","",""
"2023052279","0129","1","0","0","0","0","0","0","0","0","1","0","","67","05","2023","6","39.9736","-75.1937","0119","06","0","0","0","0","1","0","0","0","","0","0","0","01","3","0","00","N","1","39 58:24.970","4","08","75 11:37.448","0","0","0","0","67301","0","0","0","N","0","0","0","5","68K01","0","","1","01","0202","N","N","N","0","","0","0","2","0","0","N","0117","0","3","0","0","0","0","0","2","0","3","03","","N","","","","","","","","","","",""
"2023067518","2324","0","0","0","0","0","0","0","0","0","7","0","","67","07","2023","5","40.017","-75.0506","2309","06","0","0","0","0","0","0","0","0","","0","0","0","23","3","0","00","N","0","40 01:01.066","","00","75 03:02.097","9","0","0","0","67301","0","0","0","N","0","0","0","1","68K01","0","","5","01","","N","N","N","0","","0","0","1","0","0","","2305","0","1","0","0","0","0","1","2","0","1","03","03","N","","","","","","","","","","",""
"2023046358","1012","0","0","0","0","0","0","0","0","0","4","0","","67","05","2023","4","39.972","-75.1252","1011","06","0","0","0","0","0","2","0","0","","0","0","0","10","1","4","00","N","0","39 58:19.034","","07","75 07:30.763","3","0","0","0","67301","0","0","0","N","0","0","0","4","67301","0","","1","01","","N","N","N","1","","4","0","1","0","0","","1010","4","2","0","0","0","0","0","2","0","2","03","03","N","","","","","","","","","","",""
"2023067215","0127","1","0","0","0","0","0","0","0","0","1","0","","67","07","2023","1","40.0457","-75.0886","0127","06","0","0","0","0","0","0","0","0","","0","0","0","01","3","2","00","N","0","40 02:44.463","","01","75 05:19.025","3","0","0","0","67301","0","0","0","N","0","0","0","2","67301","0","","1","01","","N","N","N","0","","2","0","0","3","2","","0127","2","2","0","0","0","0","0","2","1","2","03","","N","","","","","","","","","","",""
"2023067931","2131","2","0","0","0","0","0","0","0","0","1","0","","67","07","2023","1","39.9487","-75.1858","2125","06","0","0","0","0","0","1","0","0","","0","0","0","21","3","2","00","N","2","39 56:55.163","3","00","75 11:08.888","8","0","0","0","67301","0","0","0","N","0","0","0","4","68K01","0","","1","01","2145","N","N","N","0","","0","0","0","0","0","N","2120","2","2","0","0","0","2","0","2","0","2","03","03","N","","","","","","","","","","",""
"2023046783","0346","4","0","0","0","0","0","0","0","0","2","0","","67","05","2023","5","39.9747","-75.2334","0345","06","0","0","0","1","0","0","0","0","","0","0","0","03","3","1","00","N","0","39 58:29.030","","00","75 14:00.070","2","0","0","0","67301","0","0","0","N","0","0","0","1","67301","0","","6","09","","N","N","N","0","","0","1","1","0","0","","0343","1","5","0","0","0","0","0","2","0","5","03","03","N","","","","","","","","","","",""
"2023051011","2210","0","0","0","0","0","0","0","0","0","7","0","","67","05","2023","6","40.0058","-75.0964","2200","06","0","0","0","0","0","0","0","0","","0","0","0","22","3","0","01","","0","40 00:21.036","","01","75 05:47.139","0","0","0","0","67301","0","0","0","N","0","0","0","1","67508","0","","5","01","","N","N","Y","0","","0","0","1","3","2","","2200","0","1","0","0","1","0","0","2","0","1","03","03","N","","","","","","","","","","",""
"2023073216","1904","0","0","0","1","0","0","0","0","0","8","0","","67","08","2023","5","39.9593","-75.2316","1904","06","0","0","0","0","0","0","0","0","","0","0","0","16","1","1","00","N","0","39 57:33.404","","00","75 13:53.792","3","0","0","0","67301","1","0","0","N","0","0","0","1","67301","0","","2","01","","N","N","N","0","","1","0","1","0","0","","1655","1","2","0","0","0","0","0","2","0","1","03","03","N","","","","","","","","","","",""
"2023048135","2325","1","0","0","0","0","0","0","0","0","4","0","","67","05","2023","3","40.005","-75.1786","2323","06","0","0","0","0","0","0","0","0","","0","0","0","21","3","3","05","","0","40 00:18.026","","00","75 10:42.917","8","0","0","0","67301","0","0","0","N","0","0","0","6","67301","0","","1","99","","N","N","N","0","","0","0","1","3","2","","2155","3","2","0","0","1","3","2","2","0","2","99","","N","","","","","","","","","","",""
"2023054707","0552","1","0","0","0","0","0","0","0","0","7","0","","67","05","2023","3","39.9957","-75.1975","0546","06","0","0","0","0","0","0","0","1","","0","0","0","05","1","0","00","N","0","39 59:44.534","","00","75 11:51.151","0","0","0","0","67301","0","0","0","N","0","0","0","1","68K01","0","","4","01","","N","N","N","0","","0","0","0","0","0","","0544","0","1","0","0","0","0","0","2","0","1","03","","N","","","","","","","","","","",""
"2023042107","1110","1","0","0","0","0","0","0","0","0","4","0","","67","05","2023","7","39.9864","-75.1696","1104","06","0","0","0","0","0","0","0","0","","0","0","0","11","1","1","01","","0","39 59:11.054","","00","75 10:10.603","8","0","0","0","67301","0","0","0","N","0","0","0","2","67301","0","","1","01","","N","N","N","0","","0","0","1","3","1","","1100","1","2","0","0","0","1","1","2","0","2","03","03","N","","","","","","","","","","",""
"2023055466","2249","1","0","0","0","0","0","0","0","0","1","0","","67","05","2023","3","40.0109","-75.0622","2231","06","0","0","0","0","0","0","0","0","","0","0","0","21","3","1","00","N","0","40 00:39.279","","00","75 03:43.937","3","0","0","0","67301","0","0","0","N","0","0","0","3","68K01","0","","1","01","","N","N","N","0","","1","0","1","0","0","","2124","1","2","0","0","0","0","0","2","0","2","03","","N","","","","","","","","","","",""
"2023041994","2355","0","0","0","0","0","0","0","0","0","2","0","","67","05","2023","7","40.0718","-75.0488","2345","06","0","0","0","0","0","1","0","0","","0","0","0","23","3","5","02","","2","40 04:18.534","2","00","75 02:55.529","8","0","0","0","67301","0","0","0","N","0","0","0","5","67301","0","","1","01","0029","N","N","N","0","","0","0","2","0","0","N","2328","5","2","0","0","0","5","0","2","0","2","03","03","N","","","","","","","","","","",""
"2023040708","1511","2","0","0","0","0","0","0","0","0","1","0","","67","05","2023","5","39.9296","-75.198","1511","06","0","0","0","0","0","0","0","0","","0","0","0","15","1","2","00","N","0","39 55:46.400","","00","75 11:52.900","8","0","0","0","67301","0","0","0","N","0","0","0","3","68K01","0","","1","01","","N","N","N","0","","0","0","0","0","0","","1511","2","2","0","0","1","2","1","2","0","2","03","","N","","","","","","","","","","",""
"2023055941","1900","1","0","0","0","0","0","0","0","0","4","1","","67","06","2023","6","39.9945","-75.1919","1850","06","0","0","0","0","0","0","0","0","","0","1","0","18","1","4","03","","2","39 59:40.082","6","03","75 11:30.825","3","0","0","0","67301","0","0","0","N","0","0","0","4","67301","2","","1","09","2000","N","N","N","0","","2","0","0","3","3","Y","1849","4","2","0","0","0","0","0","2","0","2","07","04","N","","","","","","","","","","",""
"2023041333","0736","2","0","0","0","0","0","0","0","0","4","0","","67","05","2023","3","40.0309","-75.093","0728","06","0","0","0","0","0","0","0","0","","0","0","0","07","1","4","01","","0","40 01:51.218","","00","75 05:34.900","3","0","0","0","67301","0","0","0","N","0","0","0","5","67301","0","","1","01","","N","N","N","0","","4","0","0","3","2","","0700","4","2","0","0","0","0","0","2","0","2","03","","N","","","","","","","","","","",""
"2023041414","0705","1","0","0","0","0","0","0","0","0","4","0","","67","05","2023","3","39.9304","-75.1614","0700","06","0","0","0","0","0","1","0","0","","0","0","0","06","1","1","01","","0","39 55:49.468","","00","75 09:40.878","8","0","0","0","67301","0","0","0","N","0","0","0","2","67301","0","","1","01","","N","N","N","0","","0","0","1","3","3","","0656","1","2","0","0","0","1","0","2","0","2","99","","N","","","","","","","","","","",""
"2023055059","2020","1","0","0","0","0","0","0","0","0","8","0","","67","06","2023","6","39.9968","-75.1673","2015","06","0","0","0","0","0","0","0","0","","0","0","0","20","4","1","00","N","0","39 59:48.600","","00","75 10:02.330","3","0","0","0","67301","1","0","0","N","1","0","0","2","67301","0","","1","01","","N","N","N","0","","1","0","0","0","0","","2010","1","2","0","0","1","0","0","2","0","1","03","","N","","","","","","","","","","",""
"2023053594","1545","1","0","0","0","0","0","0","0","0","1","1","","67","06","2023","6","39.9537","-75.1864","1538","06","0","0","0","0","0","0","0","0","","0","1","0","15","1","1","00","N","1","39 57:13.174","3","00","75 11:10.910","8","0","0","0","67301","0","0","0","N","0","0","0","3","67507","0","","1","01","1600","N","N","N","0","","0","0","0","0","0","N","1530","1","2","0","0","0","1","0","2","0","2","03","03","N","","","","","","","","","","",""
"2023054813","0620","1","0","0","0","0","0","0","0","0","7","1","","67","06","2023","6","40.0238","-75.0357","0520","06","0","0","0","0","0","1","0","0","","0","1","0","05","5","0","00","N","2","40 01:25.676","2","07","75 02:08.559","0","0","0","0","67301","0","0","0","N","0","0","0","5","67301","0","","1","01","0937","N","N","N","0","","0","0","0","0","0","Y","0518","0","2","0","0","0","0","0","2","0","2","03","","N","","","","","","","","","","",""
"2023054745","1512","1","0","0","0","0","0","0","0","0","1","0","","67","06","2023","5","39.9509","-75.1829","1447","06","0","0","0","0","0","0","0","0","","0","0","0","14","1","1","00","N","1","39 57:03.282","4","00","75 10:58.536","3","0","0","0","67301","0","0","0","N","0","0","0","2","68K01","0","","1","01","1647","N","N","N","0","","1","0","1","0","0","Y","1444","1","2","0","0","0","0","0","2","0","2","03","","N","","","","","","","","","","",""
"2023053822","0859","1","0","0","0","0","0","0","0","0","4","1","","67","06","2023","6","40.093","-75.0045","0857","06","0","0","0","0","0","0","0","0","","0","1","0","08","1","1","00","N","0","40 05:34.880","","07","75 00:16.300","3","0","0","0","67301","0","0","0","N","0","0","0","2","67301","0","","1","01","","N","N","N","0","","1","0","0","0","0","","0836","1","2","0","0","1","0","0","2","0","2","03","03","N","","","","","","","","","","",""
"2023054893","2359","1","0","0","0","0","0","0","0","0","4","0","","67","06","2023","2","40.0024","-75.1592","2354","06","0","0","0","0","0","0","0","0","","0","0","0","23","3","0","00","N","0","40 00:08.653","","00","75 09:33.066","9","0","0","0","67301","0","0","0","N","0","0","0","1","67301","0","","6","01","","N","N","N","0","","0","0","3","0","0","","2320","0","4","0","0","0","0","1","2","0","4","03","","N","","","","","","","","","","",""