"CRN","ARRIVAL_TM","AUTOMOBILE_COUNT","BELTED_DEATH_COUNT","BELTED_SUSP_SERIOUS_INJ_COUNT","BICYCLE_COUNT","BICYCLE_DEATH_COUNT","BICYCLE_SUSP_SERIOUS_INJ_COUNT","BUS_COUNT","CHLDPAS_DEATH_COUNT","CHLDPAS_SUSP_SERIOUS_INJ_COUNT","COLLISION_TYPE","COMM_VEH_COUNT","CONS_ZONE_SPD_LIM","COUNTY","CRASH_MONTH","CRASH_YEAR","DAY_OF_WEEK","DEC_LAT","DEC_LONG","DISPATCH_TM","DISTRICT","DRIVER_COUNT_16YR","DRIVER_COUNT_17YR","DRIVER_COUNT_18YR","DRIVER_COUNT_19YR","DRIVER_COUNT_20YR","DRIVER_COUNT_50_64YR","DRIVER_COUNT_65_74YR","DRIVER_COUNT_75PLUS","EST_HRS_CLOSED","FATAL_COUNT","HEAVY_TRUCK_COUNT","HORSE_BUGGY_COUNT","HOUR_OF_DAY","ILLUMINATION","INJURY_COUNT","INTERSECT_TYPE","INTERSECTION_RELATED","LANE_CLOSED","LATITUDE","LN_CLOSE_DIR","LOCATION_TYPE","LONGITUDE","MAX_SEVERITY_LEVEL","MCYCLE_DEATH_COUNT","MCYCLE_SUSP_SERIOUS_INJ_COUNT","MOTORCYCLE_COUNT","MUNICIPALITY","NONMOTR_COUNT","NONMOTR_DEATH_COUNT","NONMOTR_SUSP_SERIOUS_INJ_COUNT","NTFY_HIWY_MAINT","PED_COUNT","PED_DEATH_COUNT","PED_SUSP_SERIOUS_INJ_COUNT","PERSON_COUNT","POLICE_AGCY","POSSIBLE_INJ_COUNT","RDWY_SURF_TYPE_CD","RELATION_TO_ROAD","ROAD_CONDITION","ROADWAY_CLEARED","SCH_BUS_IND","SCH_ZONE_IND","SECONDARY_CRASH","SMALL_TRUCK_COUNT","SPEC_JURIS_CD","SUSP_MINOR_INJ_COUNT","SUSP_SERIOUS_INJ_COUNT","SUV_COUNT","TCD_FUNC_CD","TCD_TYPE","TFC_DETOUR_IND","TIME_OF_DAY","TOT_INJ_COUNT","TOTAL_UNITS","UNB_DEATH_COUNT","UNB_SUSP_SERIOUS_INJ_COUNT","UNBELTED_OCC_COUNT","UNK_INJ_DEG_COUNT","UNK_INJ_PER_COUNT","URBAN_RURAL","VAN_COUNT","VEHICLE_COUNT","WEATHER1","WEATHER2","WORK_ZONE_IND","WORK_ZONE_LOC","WORK_ZONE_TYPE","WORKERS_PRES","WZ_CLOSE_DETOUR","WZ_FLAGGER","WZ_LAW_OFFCR_IND","WZ_LN_CLOSURE","WZ_MOVING","WZ_OTHER","WZ_SHLDER_MDN","WZ_WORKERS_INJ_KILLED"
"2023058422","1155","0","0","0","0","0","0","0","0","0","5","1","","67","06","2023","6","39.9771","-75.1126","1148","06","0","0","0","0","0","2","0","0","","0","1","0","11","1","1","00","N","1","39 58:37.667","1","00","75 06:45.216","8","0","0","0","67301","0","0","0","N","0","0","0","2","68K01","0","","1","01","1300","N","N","N","0","","0","0","1","0","0","N","1134","1","2","0","0","0","1","0","2","0","2","03","03","N","","","","","","","","","","",""
"2023072254","1900","2","0","0","0","0","0","0","0","0","4","0","","67","08","2023","2","39.9836","-75.1481","1856","06","0","0","0","0","0","0","0","0","","0","0","0","18","1","2","01","","0","39 59:00.985","","00","75 08:53.221","2","0","0","0","67301","0","0","0","N","0","0","0","2","67301","1","","1","01","","N","N","N","0","","0","1","0","3","2","","1856","2","2","0","1","2","0","0","2","0","2","03","03","N","","","","","","","","","","",""
"2023050618","1844","1","0","0","0","0","0","0","0","0","4","0","","67","05","2023","4","40.0169","-75.1716","1840","06","0","0","1","0","0","1","0","0","","0","0","0","18","1","0","00","N","0","40 01:01.000","","07","75 10:17.625","0","0","0","0","67301","0","0","0","N","0","0","0","3","67301","0","","1","01","","N","N","N","0","","0","0","1","0","0","","1807","0","2","0","0","0","0","0","2","0","2","03","03","N","","","","","","","","","","",""
"2023069991","1645","0","0","0","0","0","0","0","0","0","7","1","","67","08","2023","2","40.0074","-75.0831","1630","06","0","0","0","0","0","1","0","0","","0","1","0","16","1","0","00","N","1","40 00:26.470","4","01","75 04:58.980","0","0","0","0","67301","0","0","0","N","0","0","0","1","67301","0","","1","01","2000","N","N","N","0","","0","0","0","3","8","Y","1606","0","1","0","0","0","0","0","2","0","1","03","03","N","","","","","","","","","","",""
"2023049611","","1","0","0","0","0","0","0","0","0","1","0","","67","05","2023","2","39.9639","-75.1768","","06","0","0","0","0","0","0","0","0","","0","0","0","17","1","2","00","Y","0","39 57:49.863","","00","75 10:36.357","3","0","0","0","67301","0","0","0","N","0","0","0","3","00000","0","","1","01","","","","N","0","","2","0","1","3","2","","1730","2","2","0","0","1","0","0","2","0","2","03","","N","","","","","","","","","","",""
"2023070330","1145","0","0","0","0","0","0","0","0","0","7","0","","67","08","2023","6","40.0109","-75.1836","1136","06","0","0","0","0","0","0","0","0","","0","0","0","11","1","1","00","N","2","40 00:39.182","1","00","75 11:01.127","4","0","0","0","67301","0","0","0","N","0","0","0","3","67301","1","","3","09","1300","N","N","N","0","","0","0","1","0","0","N","1122","1","1","0","0","1","0","0","2","0","1","07","07","N","","","","","","","","","","",""
"2023069746","2018","0","0","0","0","0","0","0","0","0","2","0","","67","08","2023","7","40.0588","-75.0442","2011","06","0","0","0","0","0","0","1","0","","0","0","0","20","4","4","01","","1","40 03:31.744","4","03","75 02:39.016","3","0","0","0","67301","0","0","0","N","0","0","0","5","67301","3","","1","01","2146","N","N","N","0","","1","0","2","3","2","Y","2009","4","2","0","0","0","0","0","2","0","2","03","03","N","","","","","","","","","","",""
"2023068668","1120","1","0","0","0","0","0","0","0","0","1","0","","67","07","2023","1","40.0071","-75.2137","1117","06","0","0","0","0","0","2","0","0","","0","0","0","11","1","1","01","","2","40 00:25.975","2","00","75 12:49.652","4","0","0","0","67301","0","0","0","N","0","0","0","4","46104","1","","1","01","1157","N","N","N","1","","0","0","1","2","2","N","1116","1","3","0","0","0","0","0","2","0","3","03","","N","","","","","","","","","","",""
"2023065593","0330","0","0","0","0","0","0","0","0","0","6","0","","67","07","2023","2","40.0733","-75.2091","0323","06","0","0","0","0","0","0","0","0","","0","0","0","03","3","0","00","N","0","40 04:23.930","","00","75 12:32.670","0","0","0","0","67301","0","0","0","N","0","0","0","1","67301","0","","2","01","","N","N","N","0","","0","0","2","0","0","","0310","0","2","0","0","0","0","0","2","0","2","03","","N","","","","","","","","","","",""
"2023044700","2050","0","0","0","0","0","0","0","0","0","4","0","","67","05","2023","5","39.9222","-75.2303","2045","06","0","0","0","0","0","0","0","0","","0","0","0","19","3","6","01","","0","39 55:19.930","","00","75 13:49.176","3","0","0","0","67301","0","0","0","N","0","0","0","7","67301","0","","1","01","","N","N","N","0","","6","0","2","3","2","","1945","6","2","0","0","0","0","1","2","0","2","03","03","N","","","","","","","","","","",""
"2023047146","0150","3","0","0","0","0","0","0","0","0","4","0","","67","05","2023","7","40.0501","-75.1505","0149","06","0","0","0","0","0","0","0","0","","0","0","0","01","3","1","01","","1","40 03:00.234","6","00","75 09:01.727","3","0","0","0","67301","0","0","0","N","0","0","0","2","67301","0","","1","01","0448","N","N","N","0","","1","0","2","3","2","Y","0147","1","5","0","0","1","0","0","2","0","5","03","03","N","","","","","","","","","","",""
"2023046917","0922","2","0","0","0","0","0","0","0","0","4","0","","67","05","2023","6","39.9485","-75.2057","0918","06","0","0","0","0","0","0","0","0","","0","0","0","09","1","1","01","","1","39 56:54.661","3","00","75 12:20.448","3","0","0","0","67301","0","0","0","N","0","0","0","3","67301","0","","1","01","0950","N","N","N","0","","1","0","2","3","3","N","0910","1","4","0","0","0","0","0","2","0","4","03","03","N","","","","","","","","","","",""
"2023046912","1733","0","0","0","0","0","0","0","0","0","5","0","","67","05","2023","6","39.918","-75.2333","1733","06","0","0","0","0","0","0","0","0","","0","0","0","17","1","1","00","N","0","39 55:04.680","","00","75 13:59.800","3","0","0","0","67301","0","0","0","N","0","0","0","2","67301","0","","1","01","","N","N","N","0","","1","0","2","0","0","","1730","1","2","0","0","1","0","0","2","0","2","03","03","N","","","","","","","","","","",""
"2023047388","0950","0","0","0","0","0","0","0","0","0","1","0","","67","05","2023","2","40.0471","-75.0145","0942","06","0","0","0","1","0","2","0","0","","0","0","0","09","1","0","00","Y","0","40 02:49.589","","00","75 00:52.312","0","0","0","0","67301","0","0","0","N","0","0","0","3","67301","0","","1","01","","N","N","N","1","","0","0","2","3","2","","0935","0","3","0","0","0","0","0","2","0","3","03","03","N","","","","","","","","","","",""
"2023068926","1645","1","0","0","0","0","0","0","0","0","8","0","","67","07","2023","2","39.9503","-75.1722","1635","06","0","0","0","0","0","0","1","0","","0","0","0","16","1","1","02","","0","39 57:01.209","","00","75 10:19.992","8","0","0","0","67301","1","0","0","N","1","0","0","2","67301","0","","1","01","","N","N","N","0","","0","0","0","3","2","","1625","1","2","0","0","0","1","0","2","0","1","03","","N","","","","","","","","","","",""
"2023066238","1124","1","0","0","0","0","0","0","0","0","1","0","","67","07","2023","5","40.0135","-75.0571","1114","06","0","0","0","0","0","1","1","0","","0","0","0","11","1","0","00","N","1","40 00:48.618","1","00","75 03:25.573","0","0","0","0","67301","0","0","0","N","0","0","0","3","68K01","0","","1","01","1135","N","N","N","1","","0","0","0","0","0","N","1112","0","2","0","0","0","0","0","2","0","2","03","03","N","","","","","","","","","","",""
"2023044396","0731","0","0","0","0","0","0","0","0","0","1","0","","67","05","2023","4","40.0789","-75.0253","0730","06","0","0","0","0","0","1","0","0","","0","0","0","17","1","2","02","","0","40 04:44.486","","00","75 01:30.863","3","0","0","0","67301","0","0","0","N","0","0","0","3","67301","1","","1","01","","N","N","N","0","","1","0","1","3","2","","1730","2","2","0","0","0","0","1","2","1","2","03","03","N","","","","","","","","","","",""
"2023066434","1302","1","0","0","0","0","0","0","0","0","1","1","","67","07","2023","7","39.9439","-75.1921","1243","06","0","0","0","0","0","2","0","0","","0","1","0","12","1","3","00","N","1","39 56:37.965","4","00","75 11:31.539","3","0","0","0","67301","0","0","0","N","0","0","0","5","68K01","1","","1","01","1330","N","N","N","0","","2","0","1","0","0","N","1242","3","3","0","0","0","0","0","2","0","3","03","","N","","","","","","","","","","",""
"2023043326","1451","1","0","0","0","0","0","0","0","0","1","0","","67","05","2023","1","39.957","-75.1559","1427","06","0","0","0","0","0","1","0","0","","0","0","0","14","1","0","00","N","0","39 57:25.147","","00","75 09:21.199","0","0","0","0","67301","0","0","0","N","0","0","0","3","68K01","0","","1","01","","N","N","N","0","","0","0","1","0","0","","1424","0","2","0","0","0","0","0","2","0","2","03","","N","","","","","","","","","","",""
"2023059397","0808","1","0","0","0","0","0","0","0","0","4","0","","67","05","2023","1","39.9726","-75.1445","0803","06","0","0","0","0","0","1","0","0","","0","0","0","07","1","1","01","","0","39 58:21.475","","00","75 08:40.059","3","0","0","0","67301","0","0","0","N","0","0","0","2","67301","0","","1","01","","N","N","N","0","","1","0","1","3","2","","0751","1","2","0","0","0","0","0","2","0","2","03","03","N","","","","","","","","","","",""
"2023065912","1910","1","0","0","0","0","0","0","0","0","1","0","","67","07","2023","6","39.9577","-75.1482","1910","06","0","0","0","0","0","0","0","0","","0","0","0","18","1","4","00","N","0","39 57:27.698","","00","75 08:53.500","4","0","0","0","67301","0","0","0","N","0","0","0","4","68K01","1","","1","01","","N","N","N","0","","0","0","2","0","0","","1837","4","3","0","0","0","3","0","2","0","3","03","","N","","","","","","","","","","",""
"2023044021","2040","0","0","0","0","0","0","0","0","0","7","0","","67","05","2023","3","39.9789","-75.1082","2040","06","0","0","0","0","0","0","0","0","","0","0","0","20","3","1","00","N","2","39 58:44.163","5","00","75 06:29.425","2","0","1","1","67301","0","0","0","N","0","0","0","1","67301","0","","4","01","2245","N","N","N","0","","0","1","0","0","0","N","2040","1","1","0","0","0","0","0","2","0","1","03","03","N","","","","","","","","","","",""
"2023048126","1328","0","0","0","0","0","0","0","0","0","4","0","","67","05","2023","3","40.057","-75.0884","1315","06","0","0","0","0","1","1","0","0","","0","0","0","13","1","3","01","","0","40 03:25.064","","00","75 05:18.129","2","0","0","0","67301","2","0","1","N","2","0","1","4","67301","1","","1","01","","N","N","N","0","","1","1","1","3","2","","1308","3","4","0","0","0","0","0","2","1","2","03","03","N","","","","","","","","","","",""
"2023052261","1148","0","0","0","0","0","0","0","0","0","1","0","","67","05","2023","4","39.9787","-75.2031","1146","06","0","0","0","0","0","0","1","0","","0","0","0","11","1","2","00","N","2","39 58:43.428","3","00","75 12:11.229","3","0","0","0","67301","0","0","0","N","0","0","0","5","68K01","0","","1","01","1148","N","N","N","0","","2","0","3","0","0","Y","1145","2","3","0","0","0","0","0","2","0","3","03","","N","","","","","","","","","","",""
"2023046600","1640","1","0","0","0","0","0","0","0","0","1","0","","67","05","2023","3","40.0085","-75.1584","1629","06","0","0","0","0","0","0","0","0","","0","0","0","16","1","1","00","N","0","40 00:30.710","","00","75 09:30.140","3","0","0","0","67301","0","0","0","N","0","0","0","2","67301","0","","6","01","","N","N","N","0","","1","0","0","0","0","","1600","1","2","0","0","0","0","0","2","0","2","03","","N","","","","","","","","","","",""
"2023044698","1335","0","0","0","0","0","0","0","0","0","4","0","","67","05","2023","5","39.9459","-75.1563","1323","06","0","0","0","0","0","1","0","0","","0","0","0","13","1","1","01","","0","39 56:45.345","","00","75 09:22.814","3","0","0","0","67301","0","0","0","N","0","0","0","2","67301","0","","1","01","","N","N","N","0","","1","0","1","3","2","","1300","1","2","0","0","0","0","0","2","1","2","03","","N","","","","","","","","","","",""
"2023065052","1827","0","0","0","0","0","0","0","0","0","5","1","","67","07","2023","2","39.957","-75.1527","1817","06","0","0","0","0","0","2","0","0","","0","1","0","18","1","1","00","N","1","39 57:25.040","3","00","75 09:09.734","3","0","0","0","67301","0","0","0","Y","0","0","0","2","68K01","0","","1","01","1923","N","N","N","0","","1","0","1","0","0","N","1815","1","2","0","0","0","0","0","2","0","2","03","03","N","","","","","","","","","","",""
"2023065826","2205","1","0","0","0","0","0","0","0","0","8","0","","67","07","2023","2","40.0319","-75.1057","2205","06","0","0","0","0","0","1","0","0","","0","0","0","20","3","1","00","N","0","40 01:54.973","","00","75 06:20.569","2","0","0","0","67301","1","0","1","N","1","0","1","2","67301","0","","1","01","","N","N","N","0","","0","1","0","0","0","","2050","1","2","0","0","1","0","0","2","0","1","03","","N","","","","","","","","","","",""
"2023065603","1343","1","0","0","0","0","0","0","0","0","1","1","","67","07","2023","2","39.9904","-75.1273","1332","06","0","0","0","1","0","0","0","0","","0","1","0","13","1","1","00","N","1","39 59:25.325","3","00","75 07:38.188","4","0","0","0","67301","0","0","0","N","0","0","0","2","67301","1","","1","01","1455","N","N","N","0","","0","0","0","0","0","N","1307","1","2","0","0","0","0","0","2","0","2","03","","N","","","","","","","","","","",""
"2023069582","0213","0","0","0","0","0","0","0","0","0","7","1","","67","07","2023","3","39.958","-75.1628","0206","06","0","0","0","0","0","0","0","0","","0","1","0","01","3","0","00","N","1","39 57:28.783","4","00","75 09:46.084","0","0","0","0","67301","0","0","0","Y","0","0","0","1","68K01","0","","3","09","0320","N","N","N","0","","0","0","0","0","0","N","0151","0","1","0","0","0","0","0","2","0","1","07","","N","","","","","","","","","","",""
"2023068836","0602","1","0","0","0","0","0","1","0","0","4","1","","67","08","2023","5","39.9505","-75.1489","0600","06","0","0","0","0","0","0","0","0","","0","0","0","05","3","0","01","","0","39 57:01.895","","00","75 08:56.077","9","0","0","0","67301","0","0","0","N","0","0","0","1","67301","0","","1","01","","N","N","N","0","","0","0","0","3","2","","0522","0","2","0","0","0","0","1","2","0","2","03","03","N","","","","","","","","","","",""
"2023052708","1150","1","0","0","0","0","0","0","0","0","0","0","","67","05","2023","3","39.9774","-75.1127","1145","06","0","0","0","0","0","0","0","0","","0","0","0","11","1","0","00","N","0","39 58:38.692","","00","75 06:45.804","0","0","0","0","67301","0","0","0","N","0","0","0","2","68K01","0","","1","01","","N","N","N","0","","0","0","1","0","0","","1141","0","2","0","0","0","0","0","2","0","2","03","","N","","","","","","","","","","",""
"2023072996","1414","0","0","0","0","0","0","1","0","0","4","1","","67","08","2023","2","40.0275","-75.1464","1414","06","0","0","0","0","0","2","0","0","","0","0","0","14","1","4","01","","0","40 01:39.158","","00","75 08:47.122","3","0","0","0","67301","0","0","0","N","0","0","0","6","67301","3","","1","01","","Y","N","N","0","","1","0","1","3","2","","1410","4","2","0","0","0","0","0","2","0","2","03","","N","","","","","","","","","","",""
"2023048362","0936","2","0","0","0","0","0","0","0","0","5","0","","67","05","2023","4","39.9406","-75.2021","0928","06","0","0","0","0","0","0","0","0","","0","0","0","09","1","1","00","N","0","39 56:26.021","","03","75 12:07.710","4","0","0","0","67301","0","0","0","N","0","0","0","2","67301","1","","1","01","","N","N","N","0","","0","0","0","0","0","","0920","1","2","0","0","1","0","0","2","0","2","03","03","N","","","","","","","","","","",""
"2023047211","0420","1","0","0","0","0","0","0","0","0","1","0","","67","05","2023","7","40.0115","-75.1517","0417","06","0","0","0","0","1","0","0","0","","0","0","0","04","3","2","00","N","2","40 00:41.324","5","00","75 09:06.013","3","0","0","0","67301","0","0","0","N","0","0","0","4","67301","0","","6","01","0530","N","N","N","1","","1","0","1","0","0","Y","0415","2","3","0","0","0","1","0","2","0","3","03","03","N","","","","","","","","","","",""
"2023069576","0118","1","0","0","0","0","0","0","0","0","7","0","","67","06","2023","3","39.9517","-75.1415","0051","06","0","0","0","0","0","0","0","0","","0","0","0","00","3","0","00","N","0","39 57:06.211","","00","75 08:29.295","0","0","0","0","67301","0","0","0","N","0","0","0","1","68K01","0","","2","09","","N","N","N","0","","0","0","0","0","0","","0017","0","1","0","0","0","0","0","2","0","1","07","","N","","","","","","","","","","",""
"2023042915","1727","0","0","0","0","0","0","0","0","0","4","0","","67","05","2023","1","40.0706","-75.1847","1726","06","0","0","0","0","0","2","0","0","","0","0","0","17","1","0","01","","0","40 04:14.015","","00","75 11:04.774","0","0","0","0","67301","0","0","0","N","0","0","0","2","67301","0","","1","01","","N","N","N","0","","0","0","2","3","2","","1715","0","2","0","0","0","0","0","2","0","2","03","03","N","","","","","","","","","","",""
"2023066488","0139","1","0","0","0","0","0","0","0","0","2","0","","67","07","2023","2","40.0265","-75.1387","0139","06","0","0","0","0","1","0","0","0","","0","0","0","01","3","2","01","","0","40 01:35.554","","00","75 08:19.280","8","0","0","0","67301","0","0","0","N","0","0","0","3","67301","0","","1","01","","N","N","N","0","","0","0","2","3","2","","0139","2","3","0","0","0","2","0","2","0","3","03","03","N","","","","","","","","","","",""
"2023064849","1421","1","0","0","0","0","0","0","0","0","1","0","","67","07","2023","1","40.0433","-75.0032","1405","06","0","0","0","0","0","0","1","0","","0","0","0","13","1","0","00","N","1","40 02:35.931","1","00","75 00:11.409","0","0","0","0","67301","0","0","0","N","0","0","0","5","68K01","0","","1","09","1505","N","N","N","0","","0","0","2","0","0","N","1350","0","3","0","0","0","0","0","2","0","3","07","","N","","","","","","","","","","",""
"2023057770","2312","1","0","0","0","0","0","0","0","0","4","0","","67","06","2023","7","40.0261","-75.1475","2310","06","0","0","0","0","0","1","0","0","","0","0","0","23","3","0","01","","0","40 01:33.889","","00","75 08:51.258","0","0","0","0","67301","0","0","0","N","0","0","0","2","67301","0","","1","09","","N","N","N","0","","0","0","1","3","2","","2300","0","2","0","0","1","0","0","2","0","2","07","","N","","","","","","","","","","",""
"2023070423","1452","1","0","0","0","0","0","0","0","0","8","0","","67","08","2023","3","39.9286","-75.1634","1442","06","0","0","0","0","0","0","0","0","","0","0","0","13","1","1","01","","0","39 55:42.924","","00","75 09:48.142","8","0","0","0","67301","1","0","0","N","1","0","0","2","67301","0","","1","01","","N","N","N","0","","0","0","0","3","3","","1321","1","2","0","0","0","1","0","2","0","1","03","","N","","","","","","","","","","",""
"2023069578","0022","1","0","0","0","0","0","0","0","0","7","0","","67","06","2023","6","39.9683","-75.129","0017","06","0","0","0","0","0","0","0","0","","0","0","0","00","3","1","00","N","0","39 58:05.722","","00","75 07:44.394","4","0","0","0","67301","0","0","0","N","0","0","0","1","68K01","1","","4","01","","N","N","N","0","","0","0","0","0","0","","0017","1","1","0","0","0","0","0","2","0","1","03","03","N","","","","","","","","","","",""
"2023070332","2101","1","0","0","0","0","0","0","0","0","4","0","","67","08","2023","7","40.0108","-75.1649","2101","06","0","0","0","0","0","0","1","0","","0","0","0","21","3","1","00","N","0","40 00:38.720","","00","75 09:53.665","2","0","1","1","67301","0","0","0","N","0","0","0","2","67301","0","","1","01","","N","N","N","0","","0","1","0","0","0","","2100","1","2","0","0","0","0","0","2","0","2","03","03","N","","","","","","","","","","",""
"2023069722","1138","0","0","0","0","0","0","0","0","0","1","0","","67","07","2023","7","39.9377","-75.1982","1117","06","0","0","0","0","0","0","0","0","","0","0","0","11","1","0","00","N","0","39 56:15.672","","00","75 11:53.623","0","0","0","0","67301","0","0","0","N","0","0","0","2","68K01","0","","1","01","","N","N","N","1","","0","0","1","0","0","","1114","0","2","0","0","0","0","0","2","0","2","03","","N","","","","","","","","","","",""
"2023072179","1215","1","0","0","0","0","0","0","0","0","1","0","","67","08","2023","4","40.0093","-75.2066","1215","06","0","0","0","0","0","1","0","0","","0","0","0","19","1","1","00","N","0","40 00:33.346","","02","75 12:23.684","3","0","0","0","67301","0","0","0","N","0","0","0","2","68K01","0","","1","01","","N","N","N","0","","1","0","1","3","3","","1930","1","2","0","0","0","0","0","2","0","2","03","","N","","","","","","","","","","",""
"2023072220","0912","1","0","0","0","0","0","0","0","0","5","1","","67","07","2023","5","39.9612","-75.1824","0853","06","0","0","0","0","0","1","0","0","","0","1","0","08","1","0","06","","0","39 57:40.397","","02","75 10:56.651","0","0","0","0","67301","0","0","0","N","0","0","0","2","68K01","0","","1","01","","N","N","N","0","","0","0","0","0","0","","0851","0","2","0","0","0","0","0","2","0","2","03","03","N","","","","","","","","","","",""
"2023072253","0148","1","0","0","0","0","0","0","0","0","8","0","","67","08","2023","7","40.009","-75.1365","0141","06","0","0","0","0","0","0","0","0","","0","0","0","01","3","1","01","","2","40 00:32.302","1","00","75 08:11.403","2","0","0","0","67301","1","0","1","N","1","0","1","2","67301","0","","1","01","0100","N","N","N","0","","0","1","0","3","3","N","0139","1","2","0","0","0","0","1","2","0","1","03","","N","","","","","","","","","","",""
"2023072338","1444","1","0","0","0","0","0","1","0","0","4","1","","67","07","2023","6","40.0317","-75.1789","1351","06","0","0","0","0","0","0","0","0","","0","0","0","13","1","3","01","","1","40 01:54.253","1","00","75 10:43.938","4","0","0","0","67301","0","0","0","N","0","0","0","3","67508","3","","1","01","9999","N","N","Y","0","","0","0","0","3","2","N","1351","3","2","0","0","0","0","0","2","0","2","03","03","N","","","","","","","","","","",""
"2023046996","2155","1","0","0","0","0","0","0","0","0","4","0","","67","05","2023","6","40.0299","-75.0875","2148","06","0","0","0","0","0","0","0","0","","0","0","0","17","1","1","01","","0","40 01:47.700","","00","75 05:15.098","3","0","0","0","67301","0","0","0","N","0","0","0","2","67301","0","","1","01","","N","N","N","1","","1","0","0","3","2","","1700","1","2","0","0","0","0","1","2","0","2","03","03","N","","","","","","","","","","",""
"2023044015","1215","2","0","0","0","0","0","0","0","0","1","0","","67","05","2023","3","39.9233","-75.192","1209","06","0","0","0","0","0","1","0","0","","0","0","0","22","3","1","00","N","2","39 55:23.882","2","02","75 11:31.255","3","0","0","0","67301","0","0","0","N","0","0","0","2","67301","0","","1","01","0110","N","N","N","0","","1","0","0","0","0","N","2255","1","2","0","0","0","0","0","2","0","2","03","03","N","","","","","","","","","","",""
"2023064922","1637","0","0","0","0","0","0","0","0","0","1","0","","67","07","2023","6","40.0349","-75.1182","1628","06","0","0","0","0","0","0","0","0","","0","0","0","13","1","1","00","N","9","40 02:05.524","","00","75 07:05.558","8","0","0","0","67301","0","0","0","N","0","0","0","1","67301","0","","1","01","","N","N","N","0","","0","0","3","3","2","","1349","1","3","0","0","0","1","0","2","0","3","03","03","N","","","","","","","","","","",""
"2023068939","1209","0","0","0","0","0","0","0","0","0","1","1","","67","08","2023","6","","","1207","06","0","0","0","0","0","1","1","0","","0","1","0","12","1","0","00","N","0","","","03","","0","0","0","0","67301","0","0","0","N","0","0","0","3","67501","0","","1","01","","N","N","N","0","","0","0","1","0","0","","1201","0","2","0","0","0","0","0","1","0","2","03","03","N","","","","","","","","","","",""
"2023069046","2147","1","0","0","0","0","0","0","0","0","1","0","","67","08","2023","6","40.0594","-75.1498","2147","06","0","0","0","0","0","1","0","0","","0","0","0","21","3","2","00","N","0","40 03:33.740","","00","75 08:59.280","3","0","0","0","67301","0","0","0","N","0","0","0","4","67301","0","","1","01","","N","N","N","0","","2","0","1","3","2","","2147","2","2","0","0","0","0","0","2","0","2","03","03","N","","","","","","","","","","",""
"2023061812","0325","0","0","0","0","0","0","0","0","0","7","0","","67","05","2023","1","39.9791","-75.1388","0325","06","0","0","0","0","0","1","0","0","","0","0","0","02","3","1","00","N","0","39 58:44.900","","00","75 08:19.800","2","0","0","0","67301","0","0","0","N","0","0","0","1","67301","0","","5","01","","N","N","N","1","","0","1","0","0","0","","0230","1","1","0","0","0","0","0","2","0","1","03","03","N","","","","","","","","","","",""
"2023047308","1655","2","0","0","0","0","0","0","0","0","1","0","","67","05","2023","1","39.9182","-75.2088","1650","06","0","0","0","0","0","0","2","0","","0","0","0","16","1","1","02","","0","39 55:05.558","","00","75 12:31.805","8","0","0","0","67301","0","0","0","N","0","0","0","4","67301","0","","1","01","","N","N","N","0","","0","0","0","3","2","","1636","1","2","0","0","0","1","3","2","0","2","03","03","N","","","","","","","","","","",""
"2023047311","2330","0","0","0","0","0","0","0","0","0","8","0","","67","05","2023","1","39.965","-75.2246","2330","06","0","0","0","0","0","0","0","0","","0","0","0","23","3","1","01","","0","39 57:53.852","","00","75 13:28.466","3","0","0","0","67301","1","0","0","N","1","0","0","2","67301","0","","1","01","","N","N","N","0","","1","0","1","3","2","","2315","1","2","0","0","1","0","0","2","0","1","03","","N","","","","","","","","","","",""
"2023069620","2135","1","0","0","0","0","0","0","0","0","1","0","","67","08","2023","1","39.9175","-75.2459","2130","06","0","0","0","0","0","1","0","0","","0","0","0","21","3","1","00","N","0","39 55:02.990","","00","75 14:45.090","8","0","0","0","67301","0","0","0","N","0","0","0","3","67301","0","","4","01","","N","N","N","0","","0","0","0","0","0","","2110","1","2","0","0","0","1","0","2","0","2","03","","N","","","","","","","","","","",""
"2023068549","2222","1","0","1","0","0","0","0","0","0","4","0","","67","05","2023","2","40.0352","-75.1455","2222","06","0","0","0","0","0","1","0","0","","0","0","0","22","3","2","01","","2","40 02:06.768","5","00","75 08:43.662","2","0","0","0","67301","0","0","0","N","0","0","0","2","67301","0","","1","01","0200","N","N","N","0","","0","1","1","3","2","Y","2222","2","2","0","0","0","1","0","2","0","2","03","03","N","","","","","","","","","","",""
"2023064833","2351","1","0","0","0","0","0","0","0","0","1","0","","67","06","2023","2","39.9878","-75.2162","2351","06","0","0","0","0","0","0","0","0","","0","0","0","23","3","1","00","N","0","39 59:16.110","","00","75 12:58.246","8","0","0","0","67301","0","0","0","N","0","0","0","1","68K01","0","","1","01","","N","N","N","0","","0","0","0","9","9","","2343","1","2","0","0","0","1","0","2","0","2","03","","N","","","","","","","","","","",""
"2023042716","1214","1","0","0","0","0","0","0","0","0","1","0","","67","05","2023","1","39.9581","-75.191","1214","06","0","0","0","0","0","0","1","0","","0","0","0","12","1","1","00","N","0","39 57:28.990","","00","75 11:27.646","8","0","0","0","67301","0","0","0","N","0","0","0","4","67507","0","","1","01","","N","N","Y","0","","0","0","2","0","0","","1212","1","3","0","0","0","1","0","2","0","3","03","03","N","","","","","","","","","","",""