"CRN","ARRIVAL_TM","AUTOMOBILE_COUNT","BELTED_DEATH_COUNT","BELTED_SUSP_SERIOUS_INJ_COUNT","BICYCLE_COUNT","BICYCLE_DEATH_COUNT","BICYCLE_SUSP_SERIOUS_INJ_COUNT","BUS_COUNT","CHLDPAS_DEATH_COUNT","CHLDPAS_SUSP_SERIOUS_INJ_COUNT","COLLISION_TYPE","COMM_VEH_COUNT","CONS_ZONE_SPD_LIM","COUNTY","CRASH_MONTH","CRASH_YEAR","DAY_OF_WEEK","DEC_LAT","DEC_LONG","DISPATCH_TM","DISTRICT","DRIVER_COUNT_16YR","DRIVER_COUNT_17YR","DRIVER_COUNT_18YR","DRIVER_COUNT_19YR","DRIVER_COUNT_20YR","DRIVER_COUNT_50_64YR","DRIVER_COUNT_65_74YR","DRIVER_COUNT_75PLUS","EST_HRS_CLOSED","FATAL_COUNT","HEAVY_TRUCK_COUNT","HORSE_BUGGY_COUNT","HOUR_OF_DAY","ILLUMINATION","INJURY_COUNT","INTERSECT_TYPE","INTERSECTION_RELATED","LANE_CLOSED","LATITUDE","LN_CLOSE_DIR","LOCATION_TYPE","LONGITUDE","MAX_SEVERITY_LEVEL","MCYCLE_DEATH_COUNT","MCYCLE_SUSP_SERIOUS_INJ_COUNT","MOTORCYCLE_COUNT","MUNICIPALITY","NONMOTR_COUNT","NONMOTR_DEATH_COUNT","NONMOTR_SUSP_SERIOUS_INJ_COUNT","NTFY_HIWY_MAINT","PED_COUNT","PED_DEATH_COUNT","PED_SUSP_SERIOUS_INJ_COUNT","PERSON_COUNT","POLICE_AGCY","POSSIBLE_INJ_COUNT","RDWY_SURF_TYPE_CD","RELATION_TO_ROAD","ROAD_CONDITION","ROADWAY_CLEARED","SCH_BUS_IND","SCH_ZONE_IND","SECONDARY_CRASH","SMALL_TRUCK_COUNT","SPEC_JURIS_CD","SUSP_MINOR_INJ_COUNT","SUSP_SERIOUS_INJ_COUNT","SUV_COUNT","TCD_FUNC_CD","TCD_TYPE","TFC_DETOUR_IND","TIME_OF_DAY","TOT_INJ_COUNT","TOTAL_UNITS","UNB_DEATH_COUNT","UNB_SUSP_SERIOUS_INJ_COUNT","UNBELTED_OCC_COUNT","UNK_INJ_DEG_COUNT","UNK_INJ_PER_COUNT","URBAN_RURAL","VAN_COUNT","VEHICLE_COUNT","WEATHER1","WEATHER2","WORK_ZONE_IND","WORK_ZONE_LOC","WORK_ZONE_TYPE","WORKERS_PRES","WZ_CLOSE_DETOUR","WZ_FLAGGER","WZ_LAW_OFFCR_IND","WZ_LN_CLOSURE","WZ_MOVING","WZ_OTHER","WZ_SHLDER_MDN","WZ_WORKERS_INJ_KILLED"
"2023052390","0335","2","0","0","0","0","0","0","0","0","4","0","","67","06","2023","7","40.0494","-75.1532","0327","06","0","0","0","0","0","0","0","0","","0","0","0","03","3","0","00","N","2","40 02:57.990","5","00","75 09:11.470","0","0","0","0","67301","0","0","0","N","0","0","0","0","67301","0","","1","01","0431","N","N","N","0","","0","0","1","0","0","N","0300","0","3","0","0","0","0","0","2","0","3","03","03","N","","","","","","","","","","",""
"2023051021","0105","0","0","0","0","0","0","0","0","0","1","1","","67","06","2023","2","39.952","-75.1626","0059","06","0","0","0","0","0","0","0","0","","0","1","0","00","8","1","03","","0","39 57:07.268","","00","75 09:45.490","8","0","0","0","67301","0","0","0","N","0","0","0","2","67508","0","","1","01","","N","N","Y","1","","0","0","0","3","2","","0059","1","2","0","0","1","1","0","2","0","2","03","03","N","","","","","","","","","","",""
"2023053186","0100","2","0","0","0","0","0","0","0","0","1","0","","67","05","2023","7","39.9327","-75.2002","0035","06","0","0","0","0","0","0","0","0","","0","0","0","00","3","1","06","","1","39 55:57.681","4","02","75 12:00.672","3","0","0","0","67301","0","0","0","N","0","0","0","2","68K01","0","","1","01","0135","N","N","N","0","","1","0","0","0","0","N","0027","1","2","0","0","0","0","0","2","0","2","03","","N","","","","","","","","","","",""
"2023042434","1410","0","0","0","0","0","0","0","0","0","4","0","","67","05","2023","4","39.9213","-75.1855","1406","06","0","0","0","0","0","1","0","0","","0","0","0","14","1","1","00","N","0","39 55:16.570","","07","75 11:07.970","2","0","1","1","67301","0","0","0","N","0","0","0","2","67301","0","","1","09","","N","N","N","0","","0","1","1","0","0","","1402","1","2","0","0","0","0","0","2","0","2","07","04","N","","","","","","","","","","",""
"2023039652","1520","0","0","0","0","0","0","0","0","0","8","0","","67","05","2023","5","39.9766","-75.1529","1520","06","0","0","0","0","0","0","0","1","","0","0","0","15","1","1","01","","0","39 58:35.738","","00","75 09:10.371","8","0","0","0","67301","1","0","0","N","1","0","0","2","67505","0","","1","01","","N","N","N","1","","0","0","0","3","3","","1500","1","2","0","0","0","1","1","2","0","1","03","","N","","","","","","","","","","",""
"2023039807","0320","2","0","0","0","0","0","0","0","0","4","0","","67","05","2023","4","40.0463","-75.136","0319","06","0","0","0","0","0","0","0","0","","0","0","0","03","3","1","02","","0","40 02:46.648","","00","75 08:09.689","3","0","0","0","67301","0","0","0","N","0","0","0","1","67301","0","","1","01","","N","N","N","0","","1","0","1","3","2","","0318","1","3","0","0","0","0","0","2","0","3","03","03","N","","","","","","","","","","",""
"2023072699","1909","0","0","0","0","0","0","0","0","0","4","0","","67","08","2023","2","39.9327","-75.2002","1903","06","0","0","0","0","0","1","0","0","","0","1","0","18","1","0","06","","1","39 55:57.681","4","02","75 12:00.672","0","0","0","0","67301","0","0","0","N","0","0","0","2","67301","0","","1","01","1930","N","N","N","0","","0","0","1","0","0","N","1855","0","2","0","0","1","0","0","2","0","2","04","04","N","","","","","","","","","","",""
"2023051531","0521","1","0","0","0","0","0","0","0","0","4","0","","67","06","2023","5","40.0239","-75.0354","0521","06","0","0","0","0","0","0","1","0","","0","0","0","05","5","1","01","","0","40 01:26.136","","00","75 02:07.607","4","0","0","0","67301","0","0","0","N","0","0","0","2","67301","1","","1","01","","N","N","N","0","","0","0","1","3","2","","0510","1","2","0","0","0","0","0","2","0","2","03","","N","","","","","","","","","","",""
"2023038855","1846","0","0","0","0","0","0","0","0","0","8","0","","67","04","2023","7","39.9743","-75.2264","1820","06","0","0","0","0","0","0","0","0","","0","0","0","18","1","1","01","","0","39 58:27.207","","00","75 13:34.879","3","0","0","0","67301","1","0","0","N","1","0","0","2","67301","0","","1","09","","N","N","N","0","","1","0","0","3","2","","1819","1","2","0","0","0","0","0","2","0","1","07","","N","","","","","","","","","","",""
"2023038182","1205","2","0","0","0","0","0","0","0","0","4","0","","67","04","2023","7","39.9091","-75.2332","1201","06","0","0","0","0","0","0","0","1","","0","0","0","11","1","0","02","","0","39 54:32.597","","00","75 13:59.473","0","0","0","0","67301","0","0","0","N","0","0","0","3","67301","0","","1","09","","N","N","N","0","","0","0","1","3","2","","1147","0","3","0","0","0","0","0","2","0","3","07","04","N","","","","","","","","","","",""
"2023039928","0730","1","0","0","0","0","0","0","0","0","1","0","","67","05","2023","3","39.913","-75.1819","0720","06","0","0","0","0","0","0","1","1","","0","0","0","06","1","0","05","","1","39 54:46.874","3","00","75 10:54.977","0","0","0","0","67301","0","0","0","N","0","0","0","2","67301","0","","1","09","0740","N","N","N","0","","0","0","1","3","2","N","0650","0","2","0","0","0","0","0","2","0","2","07","","N","","","","","","","","","","",""
"2023051350","0740","1","0","0","0","0","0","0","0","0","5","1","","67","03","2023","2","40.027","-75.0254","0736","06","0","0","0","0","0","0","0","0","","0","1","0","07","1","1","00","N","1","40 01:37.356","1","00","75 01:31.352","3","0","0","0","67301","0","0","0","N","0","0","0","2","68K01","0","","1","01","0100","N","N","N","0","","1","0","0","0","0","N","0735","1","2","0","0","0","0","0","2","0","2","03","03","N","","","","","","","","","","",""
"2023038856","0229","1","0","0","0","0","0","0","0","0","4","0","","67","04","2023","1","39.9945","-75.1593","0226","06","0","0","0","0","0","0","0","0","","0","0","0","02","3","3","01","","0","39 59:40.391","","00","75 09:33.775","4","0","0","0","67301","0","0","0","N","0","0","0","4","67301","2","","1","01","","N","N","N","0","","0","0","1","3","2","","0221","3","2","0","0","2","1","1","2","0","2","03","","N","","","","","","","","","","",""
"2023051077","1958","1","0","0","0","0","0","0","0","0","4","0","","67","05","2023","5","39.9575","-75.2049","1955","06","0","0","0","0","0","0","0","0","","0","0","0","19","1","0","02","","1","39 57:26.932","6","00","75 12:17.759","9","0","0","0","67301","0","0","0","N","0","0","0","3","67504","0","","1","01","2056","N","N","N","0","","0","0","1","3","3","N","1950","0","3","0","0","1","0","2","2","1","3","03","03","N","","","","","","","","","","",""
"2023052515","0958","1","0","0","0","0","0","1","0","0","1","1","","67","06","2023","2","40.0584","-75.1312","0955","06","0","0","0","0","0","0","0","0","","0","0","0","09","1","2","00","N","0","40 03:30.275","","00","75 07:52.263","3","0","0","0","67301","0","0","0","N","0","0","0","3","67301","1","","1","01","","N","N","N","0","","1","0","0","0","0","","0943","2","2","0","0","0","0","0","2","0","2","04","04","N","","","","","","","","","","",""
"2023039576","1700","2","0","0","0","0","0","0","0","0","4","0","","67","05","2023","3","39.9766","-75.1641","1655","06","0","0","0","0","0","0","0","0","","0","0","0","16","1","0","01","","0","39 58:35.688","","00","75 09:50.817","0","0","0","0","67301","0","0","0","N","0","0","0","2","67301","0","","1","01","","N","N","N","0","","0","0","0","3","3","","1637","0","2","0","0","0","0","0","2","0","2","03","03","N","","","","","","","","","","",""
"2023052275","0518","1","0","0","0","0","0","0","0","0","0","1","","67","05","2023","4","39.9552","-75.1808","0511","06","0","0","0","0","0","0","0","0","","0","1","0","04","3","0","00","N","0","39 57:18.673","","00","75 10:50.957","0","0","0","0","67301","0","0","0","N","0","0","0","3","68K01","0","","1","01","","N","N","N","0","","0","0","1","0","0","","0454","0","3","0","0","0","0","0","2","0","3","03","03","N","","","","","","","","","","",""
"2023048351","0642","1","0","0","0","0","0","0","0","0","4","0","","67","05","2023","3","40.0457","-75.0315","0635","06","0","0","0","0","0","0","0","0","","0","0","0","06","1","0","01","","0","40 02:44.428","","00","75 01:53.506","0","0","0","0","67301","0","0","0","N","0","0","0","2","67301","0","","1","01","","N","N","N","0","","0","0","1","3","2","","0634","0","2","0","0","0","0","0","2","0","2","03","03","N","","","","","","","","","","",""
"2023071505","1246","1","0","0","0","0","0","0","0","0","5","0","","67","08","2023","7","39.961","-75.1446","1246","06","0","0","0","0","0","0","1","0","","0","0","0","12","1","1","00","N","0","39 57:39.688","","00","75 08:40.738","3","0","0","1","67301","0","0","0","N","0","0","0","3","67301","0","","1","01","","N","N","N","0","","1","0","0","0","0","","1235","1","2","0","0","0","0","0","2","0","2","03","03","N","","","","","","","","","","",""
"2023071842","2356","1","0","0","0","0","0","0","0","0","1","1","","67","07","2023","6","39.957","-75.1559","2354","06","0","0","0","0","0","2","0","0","","0","1","0","23","3","1","00","N","0","39 57:25.162","","00","75 09:21.318","4","0","0","0","67301","0","0","0","N","0","0","0","3","68K01","1","","1","01","","N","N","N","0","","0","0","0","0","0","","2353","1","2","0","0","0","0","0","2","0","2","03","03","N","","","","","","","","","","",""
"2023052013","1302","1","0","0","0","0","0","0","0","0","1","0","","67","06","2023","3","39.9772","-75.1131","1253","06","0","0","0","1","0","1","0","0","","0","0","0","12","1","0","00","N","0","39 58:38.064","","00","75 06:47.017","0","0","0","0","67301","0","0","0","N","0","0","0","3","68K01","0","","1","01","","N","N","N","0","","0","0","1","0","0","","1237","0","2","0","0","0","0","0","2","0","2","03","","N","","","","","","","","","","",""
"2023052281","0707","2","0","0","0","0","0","0","0","0","1","0","","67","05","2023","6","39.9054","-75.1501","0704","06","0","0","0","0","0","1","0","0","","0","0","0","06","1","0","00","N","1","39 54:19.542","1","00","75 09:00.285","0","0","0","0","67301","0","0","0","N","0","0","0","5","68K01","0","","1","01","0759","N","N","N","0","","0","0","0","0","0","N","0647","0","3","0","0","0","0","0","2","1","3","03","","N","","","","","","","","","","",""
"2023039940","2103","1","0","0","0","0","0","0","0","0","4","0","","67","05","2023","3","39.9729","-75.2088","2103","06","0","0","0","0","0","0","0","0","","0","0","0","21","3","0","02","","0","39 58:22.396","","00","75 12:31.532","9","0","0","0","67301","0","0","0","N","0","0","0","1","67301","0","","1","01","","N","N","N","1","","0","0","0","3","3","","2103","0","2","0","0","0","0","1","2","0","2","03","04","N","","","","","","","","","","",""
"2023052336","1651","0","0","0","0","0","0","1","0","0","5","2","","67","06","2023","4","39.9879","-75.2075","1641","06","0","0","0","0","0","1","0","0","","0","1","0","16","1","1","00","N","0","39 59:16.346","","00","75 12:26.946","8","0","0","0","67301","0","0","0","N","0","0","0","11","68K01","0","","1","01","","Y","N","N","0","","0","0","0","0","0","","1641","1","2","0","0","0","1","0","2","0","2","03","","N","","","","","","","","","","",""
"2023045558","1145","1","0","0","0","0","0","0","0","0","5","0","","67","05","2023","4","40.0411","-75.029","1143","06","0","0","1","0","0","0","0","0","","0","0","0","11","1","0","00","N","0","40 02:28.062","","00","75 01:44.461","0","0","0","0","67301","0","0","0","N","0","0","0","1","67301","0","","6","01","","N","N","N","0","","0","0","1","0","0","","1142","0","2","0","0","1","0","0","2","0","2","04","03","N","","","","","","","","","","",""
"2023038805","0331","0","0","0","0","0","0","0","0","0","7","0","","67","04","2023","7","39.8995","-75.1636","0327","06","0","0","0","0","0","0","0","0","","0","0","0","03","3","0","00","N","0","39 53:58.274","","03","75 09:48.861","9","0","0","0","67301","0","0","0","N","0","0","0","1","68K01","0","","2","09","","N","N","N","0","","0","0","1","0","0","","0306","0","1","0","0","0","0","1","2","0","1","07","","N","","","","","","","","","","",""
"2023052143","1316","0","0","0","0","0","0","0","0","0","1","1","","67","04","2023","7","39.9938","-75.1995","1311","06","0","0","0","0","0","0","0","0","","0","1","0","12","1","0","00","N","0","39 59:37.515","","00","75 11:58.314","0","0","0","0","67301","0","0","0","N","0","0","0","2","68K01","0","","1","01","","N","N","N","0","","0","0","0","3","8","","1245","0","2","0","0","0","0","0","2","1","2","03","03","N","","","","","","","","","","",""
"2023051363","1805","1","0","0","0","0","0","0","0","0","1","0","","67","04","2023","5","39.9877","-75.2076","1759","06","0","0","1","0","0","1","0","0","","0","0","0","17","1","0","00","N","1","39 59:15.670","3","00","75 12:27.335","0","0","0","0","67301","0","0","0","N","0","0","0","2","68K01","0","","1","01","1810","N","N","N","0","","0","0","1","3","8","N","1750","0","2","0","0","0","0","0","2","0","2","04","04","N","","","","","","","","","","",""
"2023051854","1209","1","0","0","0","0","0","0","0","0","8","0","","67","06","2023","2","39.9616","-75.2245","1204","06","0","0","0","0","0","0","0","0","","0","0","0","12","1","1","01","","0","39 57:41.589","","00","75 13:28.343","3","0","0","0","67301","1","0","0","N","1","0","0","1","67301","0","","1","01","","N","N","N","0","","1","0","0","3","3","","1203","1","2","0","0","0","0","0","2","0","1","03","03","N","","","","","","","","","","",""
"2023039931","1825","0","0","0","0","0","0","0","0","0","8","0","","67","05","2023","2","40.0662","-75.0535","1825","06","0","0","0","0","0","0","0","0","","0","0","0","15","1","1","00","N","0","40 03:58.260","","00","75 03:12.470","8","0","0","0","67301","1","0","0","N","1","0","0","2","67301","0","","1","01","","N","Y","N","0","","0","0","1","0","0","","1500","1","2","0","0","0","1","0","2","0","1","03","","N","","","","","","","","","","",""
"2023038837","1928","2","0","0","0","0","0","0","0","0","5","0","","67","04","2023","7","39.8969","-75.2137","1928","06","0","0","0","0","0","0","0","0","","0","0","0","18","1","0","00","N","0","39 53:48.751","","03","75 12:49.426","9","0","0","0","67301","0","0","0","N","0","0","0","2","67301","0","","1","09","","N","N","N","0","","0","0","0","0","0","","1810","0","2","0","0","0","0","2","2","0","2","07","07","N","","","","","","","","","","",""
"2023052385","0838","1","0","0","0","0","0","0","0","0","8","0","","67","06","2023","3","39.9967","-75.1762","0834","06","0","0","0","0","0","0","0","0","","0","0","0","08","1","1","00","N","0","39 59:48.267","","00","75 10:34.486","3","0","0","0","67301","1","0","0","N","1","0","0","4","67301","0","","1","01","","N","N","N","0","","1","0","1","2","1","","0833","1","3","0","0","0","0","0","2","0","2","03","03","N","","","","","","","","","","",""
"2023052379","0815","2","0","0","0","0","0","0","0","0","4","0","","67","03","2023","6","40.0477","-75.0684","0811","06","0","0","0","0","0","0","0","0","","0","0","0","07","1","2","01","","0","40 02:51.691","","00","75 04:06.124","3","0","0","0","67301","0","0","0","N","0","0","0","3","67301","0","","1","01","","N","N","N","0","","2","0","0","3","3","","0730","2","2","0","0","0","0","0","2","0","2","03","03","N","","","","","","","","","","",""
"2023040385","1915","2","0","0","0","0","0","0","0","0","1","0","","67","05","2023","4","40.0695","-74.9814","1915","06","0","0","0","0","0","0","1","0","","0","0","0","17","1","0","02","","0","40 04:10.185","","07","74 58:53.111","0","0","0","0","67301","0","0","0","N","0","0","0","3","67301","0","","1","01","","N","N","N","0","","0","0","1","3","2","","1742","0","3","0","0","0","0","0","2","0","3","03","","N","","","","","","","","","","",""
"2023053498","0324","0","0","0","0","0","0","0","0","0","1","0","45","67","05","2023","3","39.9778","-75.2012","0324","06","0","0","0","0","0","0","0","0","","0","0","0","22","3","0","00","N","1","39 58:40.098","4","00","75 12:04.400","0","0","0","0","67301","0","0","0","N","0","0","0","2","68K02","0","","1","01","0500","N","N","N","0","","0","0","2","3","8","N","2230","0","2","0","0","0","0","0","2","0","2","03","","Y","2","1","Y","N","N","N","Y","Y","N","N","N"
"2023048511","1335","0","0","0","1","0","0","0","0","0","8","0","","67","05","2023","4","39.9609","-75.145","1330","06","0","0","0","0","0","0","0","0","","0","0","0","13","1","1","01","","0","39 57:39.369","","00","75 08:41.875","3","0","0","0","67301","1","0","0","N","0","0","0","2","67301","0","","1","01","","N","N","N","1","","1","0","0","3","2","","1325","1","2","0","0","1","0","0","2","0","1","03","03","N","","","","","","","","","","",""
"2023071785","1842","1","0","0","0","0","0","0","0","0","1","0","","67","08","2023","3","40.0376","-75.0118","1835","06","0","0","0","0","0","0","0","0","","0","0","0","18","1","1","00","N","0","40 02:15.384","","00","75 00:42.533","8","0","0","0","67301","0","0","0","N","0","0","0","3","68K01","0","","1","01","","N","N","N","0","","0","0","1","0","0","","1829","1","3","0","0","0","1","0","2","1","3","03","03","N","","","","","","","","","","",""
"2023072240","1343","1","0","0","0","0","0","0","0","0","4","1","","67","08","2023","2","39.9675","-75.1487","1341","06","0","0","0","0","0","1","0","0","","0","1","0","13","1","0","01","","2","39 58:03.071","7","00","75 08:55.266","0","0","0","0","67301","0","0","0","N","0","0","0","2","67301","0","","1","01","1430","N","N","N","0","","0","0","1","3","3","Y","1340","0","3","0","0","0","0","0","2","0","3","03","03","N","","","","","","","","","","",""
"2023047784","0835","1","0","0","0","0","0","0","0","0","5","0","","67","05","2023","3","39.9536","-75.2178","0832","06","0","0","0","0","0","1","1","0","","0","0","0","08","1","2","00","Y","0","39 57:12.840","","00","75 13:03.920","3","0","0","0","67301","0","0","0","N","0","0","0","2","67301","0","","1","01","","N","N","N","0","","2","0","1","3","2","","0830","2","2","0","0","0","0","0","2","0","2","03","03","N","","","","","","","","","","",""
"2023049202","2255","1","0","0","0","0","0","0","0","0","4","0","","67","05","2023","2","40.0085","-75.2107","2252","06","0","0","0","0","0","1","0","0","","0","0","0","21","3","2","01","","0","40 00:30.708","","00","75 12:38.635","3","0","0","0","67301","0","0","0","N","0","0","0","2","67301","0","","1","01","","N","N","N","0","","2","0","1","3","1","","2158","2","2","0","0","0","0","0","2","0","2","03","03","N","","","","","","","","","","",""
"2023052325","1707","2","0","0","0","0","0","0","0","0","1","0","","67","06","2023","3","40.0271","-75.0253","1502","06","0","0","0","0","0","1","0","0","","0","0","0","14","1","1","00","N","1","40 01:37.504","1","00","75 01:31.087","3","0","0","0","67301","0","0","0","N","0","0","0","2","68K01","0","","1","01","1602","N","N","N","0","","1","0","0","0","0","N","1459","1","2","0","0","0","0","1","2","0","2","03","","N","","","","","","","","","","",""
"2023039032","2355","1","0","0","0","0","0","0","0","0","4","0","","67","04","2023","7","40.0724","-75.1579","2343","06","0","0","0","0","0","0","0","0","","0","0","0","22","3","0","01","","0","40 04:20.625","","00","75 09:28.371","9","0","0","0","67301","0","0","0","N","0","0","0","1","67301","0","","1","09","","N","N","N","1","","0","0","1","3","2","","2245","0","3","0","0","1","0","1","2","0","3","05","04","N","","","","","","","","","","",""
"2023046231","2300","2","0","0","0","0","0","0","0","0","4","0","","67","05","2023","5","40.1018","-75.0275","2300","06","0","0","0","0","0","1","0","0","","0","0","0","22","3","1","01","","0","40 06:06.598","","00","75 01:39.000","8","0","0","0","67301","0","0","0","N","0","0","0","2","67301","0","","1","99","","N","N","N","0","","0","0","0","3","2","","2215","1","2","0","0","0","1","1","2","0","2","99","","N","","","","","","","","","","",""
"2023039035","2348","3","0","0","0","0","0","0","0","0","5","0","","67","05","2023","2","40.0243","-75.0553","2348","06","0","0","0","0","0","0","0","0","","0","0","0","22","3","0","00","N","0","40 01:27.310","","00","75 03:19.040","9","0","0","0","67301","0","0","0","N","0","0","0","1","67301","0","","6","09","","N","N","N","0","","0","0","2","0","0","","2256","0","5","0","0","0","0","1","2","0","5","07","04","N","","","","","","","","","","",""
"2023038850","0626","1","0","0","0","0","0","0","0","0","8","0","","67","04","2023","7","40.0376","-75.0422","0621","06","0","0","0","0","0","0","0","0","","0","0","0","06","5","1","00","N","0","40 02:15.255","","00","75 02:31.910","3","0","0","0","67301","1","0","0","N","1","0","0","2","67301","0","","1","09","","N","N","N","0","","1","0","0","0","0","","0616","1","2","0","0","1","0","0","2","0","1","07","07","N","","","","","","","","","","",""
"2023038849","0201","1","0","0","0","0","0","0","0","0","4","0","","67","04","2023","7","40.0339","-75.0743","0201","06","0","0","0","0","0","0","0","0","","0","0","0","01","3","2","01","","0","40 02:02.069","","06","75 04:27.384","4","0","0","0","67301","0","0","0","N","0","0","0","3","67301","2","","1","09","","N","N","N","0","","0","0","1","3","2","","0156","2","2","0","0","1","0","0","2","0","2","07","07","N","","","","","","","","","","",""
"2023048018","0030","0","0","0","0","0","0","0","0","0","4","0","","67","05","2023","3","40.0272","-75.1512","0026","06","0","0","0","0","0","0","0","0","","0","0","0","23","3","0","01","","0","40 01:37.898","","00","75 09:04.471","0","0","0","0","67301","0","0","0","N","0","0","0","2","67301","0","","1","01","","N","N","N","0","","0","0","1","3","2","","2352","0","2","0","0","0","0","0","2","0","2","03","03","N","","","","","","","","","","",""
"2023048361","0157","1","0","0","0","0","0","0","0","0","1","0","","67","05","2023","4","39.9402","-75.2012","0157","06","0","0","0","0","0","1","0","0","","0","0","0","01","3","1","00","N","0","39 56:24.859","","00","75 12:04.458","3","0","0","0","67301","0","0","0","N","0","0","0","2","67301","0","","1","01","","N","N","N","0","","1","0","1","0","0","","0108","1","2","0","0","0","0","0","2","0","2","03","","N","","","","","","","","","","",""
"2023038687","0828","0","0","0","0","0","0","0","0","0","8","0","","67","05","2023","2","39.9322","-75.1915","0822","06","0","0","0","0","0","0","0","0","","0","0","0","08","1","1","01","","0","39 55:55.952","","00","75 11:29.482","8","0","0","0","67301","1","0","0","N","1","0","0","2","67301","0","","1","01","","N","N","N","0","","0","0","1","3","3","","0820","1","2","0","0","1","1","0","2","0","1","03","04","N","","","","","","","","","","",""
"2023052264","2239","1","0","0","0","0","0","0","0","0","7","0","","67","05","2023","4","40.04","-75.0061","2227","06","0","0","0","0","0","0","0","0","","0","0","0","22","3","0","00","N","0","40 02:24.070","","00","75 00:21.956","0","0","0","0","67301","0","0","0","N","0","0","0","1","68K01","0","","2","01","","N","N","N","0","","0","0","0","0","0","","2227","0","1","0","0","0","0","0","2","0","1","03","","N","","","","","","","","","","",""
"2023052882","2312","1","0","0","0","0","0","0","0","0","7","0","","67","06","2023","2","40.0025","-75.1945","2310","06","0","0","0","0","0","0","0","0","","0","0","0","23","3","1","00","N","2","40 00:09.168","4","00","75 11:40.095","8","0","0","0","67301","0","0","0","N","0","0","0","1","68K01","0","","2","09","2340","N","N","N","0","","0","0","0","0","0","N","2300","1","1","0","0","0","1","0","2","0","1","03","","N","","","","","","","","","","",""
"2023039953","1939","0","0","0","0","0","0","1","0","0","1","1","","67","04","2023","1","40.0942","-75.0308","1920","06","0","0","0","0","0","0","0","0","","0","0","0","19","2","1","02","","0","40 05:39.215","","00","75 01:50.969","4","0","0","0","67301","0","0","0","N","0","0","0","2","67508","1","","1","09","","N","N","Y","0","","0","0","1","3","2","","1920","1","2","0","0","1","0","0","2","0","2","07","07","N","","","","","","","","","","",""
"2023038324","2141","0","0","0","0","0","0","0","0","0","8","0","","67","04","2023","7","39.9592","-75.2454","2141","06","0","0","0","0","0","0","0","0","","0","0","0","21","3","1","00","N","0","39 57:32.980","","00","75 14:43.460","8","0","0","0","67301","1","0","0","N","1","0","0","2","67301","0","","1","09","","N","N","N","0","","0","0","0","0","0","","2136","1","2","0","0","0","1","0","2","0","1","03","","N","","","","","","","","","","",""
"2023052381","1350","1","0","0","0","0","0","0","0","0","5","0","","67","06","2023","5","39.9876","-75.1873","1345","06","0","0","0","0","0","0","0","0","","0","0","0","13","1","0","01","","0","39 59:15.509","","00","75 11:14.214","9","0","0","0","67301","0","0","0","N","0","0","0","2","67301","0","","1","01","","N","N","N","0","","0","0","1","3","3","","1340","0","2","0","0","0","0","1","2","0","2","03","03","N","","","","","","","","","","",""
"2023038666","0129","2","0","0","0","0","0","0","0","0","1","0","","67","05","2023","2","39.9755","-75.1947","0123","06","0","1","0","0","0","0","0","0","","0","0","0","01","3","1","00","N","1","39 58:31.744","3","00","75 11:41.087","3","0","0","0","67301","0","0","0","N","0","0","0","7","68K01","0","","1","09","0159","N","N","N","0","","1","0","1","0","0","N","0123","1","3","0","0","0","0","0","2","0","3","03","03","N","","","","","","","","","","",""
"2023052394","1920","0","0","0","0","0","0","0","0","0","7","0","","67","06","2023","6","39.9991","-75.1701","1917","06","0","0","0","0","0","0","0","0","","0","0","0","19","1","0","01","","0","39 59:56.810","","00","75 10:12.287","0","0","0","0","67301","0","0","0","N","0","0","0","1","67301","0","","9","01","","N","N","N","0","","0","0","1","3","2","","1914","0","1","0","0","0","0","0","2","0","1","03","03","N","","","","","","","","","","",""
"2023053425","0631","0","1","0","0","0","0","0","0","0","0","1","","67","06","2023","1","40.024","-75.0309","0626","06","0","0","0","0","0","1","0","0","","1","1","0","06","5","0","00","N","2","40 01:26.322","5","02","75 01:51.267","1","0","0","0","67301","0","0","0","Y","0","0","0","1","68K01","0","1","1","01","2359","N","N","N","0","0","0","0","0","0","0","Y","0618","0","1","0","0","0","0","0","2","0","1","03","","N","","","","","","","","","","",""
"2023039480","0354","1","0","0","0","0","0","0","0","0","7","0","","67","05","2023","3","39.9866","-75.2321","0351","06","0","0","0","0","0","0","0","0","","0","0","0","03","3","0","01","","0","39 59:11.893","","00","75 13:55.685","9","0","0","0","67301","0","0","0","N","0","0","0","1","67301","0","","5","01","","N","N","N","0","","0","0","0","0","0","","0340","0","1","0","0","0","0","1","2","0","1","03","03","N","","","","","","","","","","",""
"2023044670","2127","1","0","0","0","0","0","0","0","0","7","0","","67","05","2023","4","39.9732","-75.1208","2120","06","0","0","0","0","0","1","0","0","","0","0","0","21","3","1","00","N","0","39 58:23.493","","00","75 07:14.950","3","0","0","0","67301","0","0","0","N","0","0","0","4","68K01","0","","3","01","","N","N","N","0","","1","0","3","0","0","","2119","1","4","0","0","1","0","0","2","0","4","03","03","N","","","","","","","","","","",""
"2023052895","2012","1","0","0","0","0","0","0","0","0","8","0","","67","06","2023","2","40.0651","-75.1904","1955","06","0","0","0","0","0","0","0","0","","0","0","0","17","1","1","01","","0","40 03:54.183","","00","75 11:25.414","4","0","0","0","67301","1","0","0","N","1","0","0","2","67301","1","","1","09","","N","N","N","0","","0","0","0","3","3","","1730","1","2","0","0","0","0","0","2","0","1","07","","N","","","","","","","","","","",""