"CRN","ARRIVAL_TM","AUTOMOBILE_COUNT","BELTED_DEATH_COUNT","BELTED_SUSP_SERIOUS_INJ_COUNT","BICYCLE_COUNT","BICYCLE_DEATH_COUNT","BICYCLE_SUSP_SERIOUS_INJ_COUNT","BUS_COUNT","CHLDPAS_DEATH_COUNT","CHLDPAS_SUSP_SERIOUS_INJ_COUNT","COLLISION_TYPE","COMM_VEH_COUNT","CONS_ZONE_SPD_LIM","COUNTY","CRASH_MONTH","CRASH_YEAR","DAY_OF_WEEK","DEC_LAT","DEC_LONG","DISPATCH_TM","DISTRICT","DRIVER_COUNT_16YR","DRIVER_COUNT_17YR","DRIVER_COUNT_18YR","DRIVER_COUNT_19YR","DRIVER_COUNT_20YR","DRIVER_COUNT_50_64YR","DRIVER_COUNT_65_74YR","DRIVER_COUNT_75PLUS","EST_HRS_CLOSED","FATAL_COUNT","HEAVY_TRUCK_COUNT","HORSE_BUGGY_COUNT","HOUR_OF_DAY","ILLUMINATION","INJURY_COUNT","INTERSECT_TYPE","INTERSECTION_RELATED","LANE_CLOSED","LATITUDE","LN_CLOSE_DIR","LOCATION_TYPE","LONGITUDE","MAX_SEVERITY_LEVEL","MCYCLE_DEATH_COUNT","MCYCLE_SUSP_SERIOUS_INJ_COUNT","MOTORCYCLE_COUNT","MUNICIPALITY","NONMOTR_COUNT","NONMOTR_DEATH_COUNT","NONMOTR_SUSP_SERIOUS_INJ_COUNT","NTFY_HIWY_MAINT","PED_COUNT","PED_DEATH_COUNT","PED_SUSP_SERIOUS_INJ_COUNT","PERSON_COUNT","POLICE_AGCY","POSSIBLE_INJ_COUNT","RDWY_SURF_TYPE_CD","RELATION_TO_ROAD","ROAD_CONDITION","ROADWAY_CLEARED","SCH_BUS_IND","SCH_ZONE_IND","SECONDARY_CRASH","SMALL_TRUCK_COUNT","SPEC_JURIS_CD","SUSP_MINOR_INJ_COUNT","SUSP_SERIOUS_INJ_COUNT","SUV_COUNT","TCD_FUNC_CD","TCD_TYPE","TFC_DETOUR_IND","TIME_OF_DAY","TOT_INJ_COUNT","TOTAL_UNITS","UNB_DEATH_COUNT","UNB_SUSP_SERIOUS_INJ_COUNT","UNBELTED_OCC_COUNT","UNK_INJ_DEG_COUNT","UNK_INJ_PER_COUNT","URBAN_RURAL","VAN_COUNT","VEHICLE_COUNT","WEATHER1","WEATHER2","WORK_ZONE_IND","WORK_ZONE_LOC","WORK_ZONE_TYPE","WORKERS_PRES","WZ_CLOSE_DETOUR","WZ_FLAGGER","WZ_LAW_OFFCR_IND","WZ_LN_CLOSURE","WZ_MOVING","WZ_OTHER","WZ_SHLDER_MDN","WZ_WORKERS_INJ_KILLED"
"2023044317","0204","2","0","0","0","0","0","0","0","0","6","0","","67","04","2023","7","40.0297","-75.1591","0204","06","0","0","0","0","0","0","0","0","","0","0","0","05","5","0","00","N","0","40 01:46.850","","00","75 09:32.640","9","0","0","0","67301","0","0","0","N","0","0","0","1","67301","0","","6","99","","N","N","N","0","","0","0","1","0","0","","0525","0","3","0","0","0","0","1","2","0","3","99","","N","","","","","","","","","","",""
"2023066450","1245","1","0","0","0","0","0","0","0","0","1","0","","67","07","2023","4","40.0064","-75.194","1237","06","0","0","0","0","0","0","0","0","","0","0","0","12","1","1","06","","0","40 00:22.992","","02","75 11:38.316","3","0","0","0","67301","0","0","0","N","0","0","0","2","68K01","0","","1","01","","N","N","N","0","","1","0","1","0","0","","1232","1","2","0","0","0","0","0","2","0","2","03","03","N","","","","","","","","","","",""
"2023066278","1525","0","0","0","0","0","0","0","0","0","5","0","","67","07","2023","1","40.0002","-75.1064","1505","06","0","0","0","0","0","0","0","0","","0","1","0","13","1","1","00","N","0","40 00:00.690","","00","75 06:22.870","3","0","0","0","67301","0","0","0","N","0","0","0","1","67301","0","","6","01","","N","N","N","0","","1","0","1","3","2","","1350","1","2","0","0","0","0","0","2","0","2","03","","N","","","","","","","","","","",""
"2023043628","0834","2","0","0","0","0","0","0","0","0","4","0","","67","05","2023","3","39.8897","-75.2338","0834","06","0","0","0","0","0","2","0","0","","0","0","0","08","1","1","01","","0","39 53:22.940","","00","75 14:01.052","3","0","0","0","67301","0","0","0","N","0","0","0","2","67301","0","","1","01","","N","N","N","0","","1","0","0","3","2","","0834","1","2","0","0","0","0","0","2","0","2","03","03","N","","","","","","","","","","",""
"2023051381","1510","0","0","0","0","0","0","0","0","0","1","0","","67","05","2023","4","39.983","-75.0986","1500","06","0","0","0","0","1","1","0","0","","0","0","0","14","1","0","00","N","1","39 58:58.931","1","03","75 05:54.897","0","0","0","0","67301","0","0","0","N","0","0","0","3","68K01","0","","1","01","1515","N","N","N","0","","0","0","1","0","0","N","1458","0","2","0","0","0","0","0","2","1","2","03","","N","","","","","","","","","","",""
"2023065525","1103","1","0","0","0","0","0","0","0","0","2","0","","67","07","2023","4","39.9877","-75.2162","1101","06","0","0","0","0","0","0","0","0","","0","0","0","10","1","1","02","","2","39 59:15.669","3","00","75 12:58.434","8","0","0","0","67301","0","0","0","N","0","0","0","2","68K01","0","","1","01","1140","N","N","N","0","","0","0","1","3","2","N","1055","1","2","0","0","1","1","0","2","0","2","03","03","N","","","","","","","","","","",""
"2023036604","2315","1","0","0","0","0","0","0","0","0","5","0","","67","04","2023","2","40.0567","-75.0322","2315","06","0","0","0","1","0","0","0","0","","0","0","0","21","3","0","00","N","0","40 03:24.044","","00","75 01:55.815","0","0","0","0","67301","0","0","0","N","0","0","0","2","67301","0","","1","01","","N","N","Y","0","","0","0","1","0","0","","2116","0","2","0","0","0","0","0","2","0","2","03","03","N","","","","","","","","","","",""
"2023023247","","1","0","0","0","0","0","0","0","0","4","0","","67","02","2023","1","39.9717","-75.1611","","06","0","0","1","0","0","0","0","0","","0","0","0","23","3","1","01","","0","39 58:18.035","","00","75 09:40.109","8","0","0","0","67301","0","0","0","N","0","0","0","2","00000","0","","1","01","","","","N","0","","0","0","1","3","2","","2310","1","2","0","0","0","1","0","2","0","2","03","","N","","","","","","","","","","",""
"2023050074","0706","1","0","0","0","0","0","1","0","0","4","1","","67","05","2023","3","39.9375","-75.1936","0656","06","0","0","0","0","0","1","0","0","","0","0","0","06","1","2","01","","0","39 56:14.971","","00","75 11:36.988","8","0","0","0","67301","0","0","0","N","0","0","0","4","67508","0","","1","01","","N","N","Y","0","","0","0","0","3","3","","0656","2","2","0","0","0","2","0","2","0","2","03","03","N","","","","","","","","","","",""
"2023037864","2158","1","0","0","0","0","0","0","0","0","8","0","","67","04","2023","6","39.9596","-75.1956","2155","06","0","0","0","0","0","0","0","0","","0","0","0","21","3","1","01","","0","39 57:34.572","","00","75 11:44.314","3","0","0","0","67301","1","0","0","N","1","0","0","2","67301","0","","1","09","","N","N","N","0","","1","0","0","2","2","","2150","1","2","0","0","1","0","0","2","0","1","07","","N","","","","","","","","","","",""
"2023038847","0420","0","0","0","0","0","0","0","0","0","4","0","","67","04","2023","5","40.0254","-75.0733","0418","06","0","0","0","0","0","1","0","0","","0","0","0","04","3","0","01","","0","40 01:31.360","","00","75 04:23.920","0","0","0","0","67301","0","0","0","N","0","0","0","2","67301","0","","1","09","","N","N","N","0","","0","0","2","3","2","","0415","0","2","0","0","0","0","0","2","0","2","07","","N","","","","","","","","","","",""
"2023050518","1455","1","0","0","0","0","0","0","0","0","1","0","","67","06","2023","7","39.9222","-75.1872","1455","06","0","0","0","0","0","0","0","0","","0","0","0","14","1","1","00","N","0","39 55:20.056","","00","75 11:14.053","3","0","0","0","67301","0","0","0","N","0","0","0","2","67301","0","","1","01","","N","N","N","0","","1","0","1","0","0","","1445","1","2","0","0","1","0","0","2","0","2","03","03","N","","","","","","","","","","",""
"2023038693","0811","1","0","0","0","0","0","0","0","0","8","0","","67","04","2023","6","39.9527","-75.2366","0808","06","0","0","0","0","0","0","0","0","","0","0","0","07","1","1","01","","0","39 57:09.770","","00","75 14:11.907","3","0","0","0","67301","1","0","0","N","1","0","0","2","67301","0","","1","01","","N","N","N","0","","1","0","0","0","0","","0752","1","2","0","0","1","0","0","2","0","1","03","","N","","","","","","","","","","",""
"2023037092","0955","1","0","0","0","0","0","0","0","0","1","0","","67","04","2023","4","39.8897","-75.2322","0944","06","0","0","0","0","0","0","0","0","","0","0","0","08","1","1","00","N","0","39 53:22.740","","00","75 13:55.756","8","0","0","0","67301","0","0","0","N","0","0","0","2","67301","0","","1","01","","N","N","N","0","","0","0","1","0","0","","0843","1","2","0","0","1","1","1","2","0","2","04","04","N","","","","","","","","","","",""
"2023051352","2123","1","0","0","0","0","0","0","0","0","7","0","","67","04","2023","5","39.9393","-75.1438","2044","06","0","0","0","0","1","0","0","1","","0","0","0","20","3","0","00","N","2","39 56:21.630","2","00","75 08:37.649","0","0","0","0","67301","0","0","0","N","0","0","0","4","68K01","0","","2","09","2110","N","N","N","0","","0","0","1","3","8","N","2042","0","2","0","0","0","0","0","2","0","2","07","07","N","","","","","","","","","","",""
"2023038841","2140","1","0","0","0","0","0","0","0","0","4","0","","67","04","2023","5","40.0825","-74.9648","2124","06","0","0","0","0","1","0","0","0","","0","0","0","21","3","2","01","","1","40 04:56.832","4","00","74 57:53.196","3","0","0","0","67301","0","0","0","N","0","0","0","5","67301","0","","1","01","2200","N","N","N","0","","2","0","0","3","3","N","2105","2","2","0","0","2","0","0","2","1","2","03","03","N","","","","","","","","","","",""
"2023036997","1828","2","0","0","0","0","0","0","0","0","5","0","","67","04","2023","2","40.0738","-75.2102","1826","06","0","0","0","0","0","0","1","0","","0","0","0","18","1","1","00","N","0","40 04:25.760","","00","75 12:36.730","8","0","0","0","67301","0","0","0","N","0","0","0","3","67301","0","","1","01","","N","N","N","0","","0","0","3","0","0","","1815","1","5","0","0","1","1","2","2","0","5","03","03","N","","","","","","","","","","",""
"2023065936","2050","1","0","0","0","0","0","0","0","0","4","0","","67","04","2023","2","40.0363","-75.0643","2038","06","0","0","0","0","0","1","0","0","","0","0","0","20","3","1","01","","1","40 02:10.729","1","00","75 03:51.497","8","0","0","0","67301","0","0","0","N","0","0","0","2","67301","0","","1","01","0130","N","N","N","0","","0","0","1","3","2","N","2020","1","2","0","0","1","1","0","2","0","2","03","03","N","","","","","","","","","","",""
"2023065828","0438","1","0","0","0","0","0","0","0","0","2","0","","67","06","2023","7","40.0523","-75.008","0432","06","0","0","0","0","0","0","0","0","","0","0","0","04","3","1","07","","0","40 03:08.606","","00","75 00:28.400","3","0","0","0","67301","0","0","0","N","0","0","0","2","67301","0","","1","09","","N","N","N","0","","1","0","1","3","2","","0415","1","2","0","0","0","0","0","2","0","2","07","","N","","","","","","","","","","",""
"2023065592","0345","2","0","0","0","0","0","0","0","0","1","0","","67","07","2023","5","40.063","-75.1737","0341","06","0","0","0","0","0","0","0","0","","0","0","0","03","3","0","00","N","0","40 03:46.970","","00","75 10:25.330","9","0","0","0","67301","0","0","0","N","0","0","0","1","67301","0","","5","01","","N","N","N","0","","0","0","0","0","0","","0330","0","2","0","0","0","0","1","2","0","2","03","03","N","","","","","","","","","","",""
"2023065464","1000","1","0","0","0","0","0","0","0","0","5","0","","67","07","2023","7","40.0038","-75.1523","0859","06","0","0","0","0","0","0","0","0","","0","0","0","07","1","0","00","N","0","40 00:13.740","","00","75 09:08.327","0","0","0","0","67301","0","0","0","N","0","0","0","2","67301","0","","1","01","","N","N","N","0","","0","0","0","0","0","","0720","0","2","0","0","0","0","0","2","1","2","03","","N","","","","","","","","","","",""
"2023049125","2309","1","0","0","0","0","0","0","0","0","7","0","","67","05","2023","4","39.9569","-75.1548","2307","06","0","0","0","0","0","0","0","0","","0","0","0","23","3","1","00","N","0","39 57:24.971","","00","75 09:17.164","3","0","0","0","67301","0","0","0","N","0","0","0","1","68K01","0","","3","01","","N","N","N","0","","1","0","0","0","0","","2306","1","1","0","0","0","0","0","2","0","1","03","","N","","","","","","","","","","",""
"2023049197","0840","0","0","0","0","0","0","0","0","0","1","0","","67","05","2023","2","39.9554","-75.1808","0826","06","0","0","0","0","0","0","0","0","","0","0","0","06","1","0","02","","0","39 57:19.364","","00","75 10:50.974","0","0","0","0","67301","0","0","0","N","0","0","0","2","67301","0","","1","01","","N","N","N","2","","0","0","0","3","2","","0624","0","2","0","0","0","0","0","2","0","2","03","","N","","","","","","","","","","",""
"2023040270","1718","1","0","0","0","0","0","0","0","0","4","0","","67","04","2023","6","40.0292","-75.1746","1713","06","0","0","0","0","0","1","0","1","","0","0","0","17","2","0","01","","0","40 01:45.227","","00","75 10:28.439","0","0","0","0","67301","0","0","0","N","0","0","0","2","67301","0","","1","09","","N","N","Y","0","","0","0","1","3","2","","1701","0","2","0","0","0","0","0","2","0","2","07","07","N","","","","","","","","","","",""
"2023036610","0128","1","0","0","0","0","0","0","0","0","7","0","","67","04","2023","3","40.0652","-75.1681","0126","06","0","0","0","0","0","0","0","0","","0","0","0","01","3","0","01","","0","40 03:54.789","","00","75 10:05.159","9","0","0","0","67301","0","0","0","N","0","0","0","1","67301","0","","4","01","","N","N","N","0","","0","0","1","3","2","","0110","0","2","0","0","1","0","1","2","0","2","03","","N","","","","","","","","","","",""
"2023038690","0843","1","0","0","0","0","0","0","0","0","4","0","","67","04","2023","4","39.9577","-75.2132","0749","06","0","0","0","0","0","0","0","0","","0","0","0","07","1","0","01","","0","39 57:27.882","","00","75 12:47.462","0","0","0","0","67301","0","0","0","N","0","0","0","2","67301","0","","1","01","","N","N","N","0","","0","0","0","3","3","","0740","0","2","0","0","0","0","0","2","0","2","03","04","N","","","","","","","","","","",""
"2023037866","0040","2","0","0","0","0","0","0","0","0","4","0","","67","04","2023","4","39.9796","-75.165","0035","06","0","0","0","0","0","0","0","0","","0","0","0","00","3","1","01","","0","39 58:46.587","","00","75 09:54.116","8","0","0","0","67301","0","0","0","N","0","0","0","2","67301","0","","1","01","","N","N","N","0","","0","0","0","3","2","","0021","1","2","0","0","0","1","0","2","0","2","03","03","N","","","","","","","","","","",""
"2023035833","2318","1","0","0","0","0","0","0","0","0","4","0","","67","04","2023","1","39.9778","-75.1622","2317","06","0","0","0","0","0","0","0","0","","0","0","0","23","3","0","01","","0","39 58:40.101","","00","75 09:43.997","9","0","0","0","67301","0","0","0","N","0","0","0","3","67505","0","","1","01","","N","N","N","0","","0","0","1","3","3","","2310","0","2","0","0","0","0","1","2","0","2","03","03","N","","","","","","","","","","",""
"2023037969","1225","3","0","0","0","0","0","0","0","0","4","0","","67","04","2023","3","40.0789","-75.0253","1222","06","0","0","0","1","0","1","1","1","","0","0","0","12","1","1","02","","0","40 04:44.128","","00","75 01:31.218","4","0","0","0","67301","0","0","0","N","0","0","0","5","67301","1","","1","01","","N","N","N","0","","0","0","2","3","2","","1222","1","5","0","0","0","0","0","2","0","5","03","03","N","","","","","","","","","","",""
"2023039937","1658","2","0","0","0","0","0","0","0","0","1","0","","67","04","2023","6","39.965","-75.2246","1658","06","0","0","0","0","0","0","0","0","","0","0","0","15","1","2","01","","0","39 57:53.634","","00","75 13:28.424","3","0","0","0","67301","0","0","0","N","0","0","0","3","67301","0","","1","09","","N","N","N","0","","2","0","0","3","2","","1550","2","2","0","0","0","0","1","2","0","2","07","04","N","","","","","","","","","","",""
"2023042398","1424","0","0","0","0","0","0","0","0","0","1","0","","67","04","2023","1","39.9602","-75.1403","1411","06","0","0","0","0","0","0","0","0","","0","0","0","14","1","1","00","N","0","39 57:36.700","","00","75 08:25.116","4","0","0","0","67301","0","0","0","N","0","0","0","2","68K01","1","","1","01","","N","N","N","0","","0","0","2","0","0","","1407","1","3","0","0","0","0","0","2","0","2","03","","N","","","","","","","","","","",""
"2023051392","1743","1","0","0","0","0","0","0","0","0","5","0","","67","05","2023","3","39.8902","-75.2201","1743","06","0","0","0","0","0","0","0","0","","0","0","0","16","1","0","00","N","0","39 53:24.560","","00","75 13:12.263","9","0","0","0","67301","0","0","0","N","0","0","0","2","68K01","0","","1","01","","N","N","N","0","","0","0","1","0","0","","1644","0","2","0","0","0","0","1","2","0","2","03","","N","","","","","","","","","","",""
"2023038675","2031","0","0","0","0","0","0","0","0","0","8","0","","67","04","2023","5","39.9157","-75.1522","2025","06","0","0","0","0","0","0","0","0","","0","0","0","20","3","1","00","N","0","39 54:56.680","","00","75 09:07.780","3","0","0","0","67301","1","0","0","N","1","0","0","2","67301","0","","1","01","","N","N","N","0","","1","0","1","0","0","","2012","1","2","0","0","0","0","0","2","0","1","03","03","N","","","","","","","","","","",""
"2023051179","1829","1","0","0","0","0","0","0","0","0","1","0","","67","06","2023","2","39.9201","-75.2247","1829","06","0","0","0","0","0","0","0","0","","0","0","0","18","1","3","00","N","0","39 55:12.425","","00","75 13:29.045","3","0","0","0","67301","0","0","0","N","0","0","0","5","67301","0","","1","01","","N","N","N","0","","3","0","1","3","2","","1829","3","2","0","0","0","0","0","2","0","2","03","","N","","","","","","","","","","",""
"2023037693","0919","0","0","0","0","0","0","0","0","0","7","0","","67","04","2023","5","39.9974","-75.1672","0908","06","0","0","0","0","0","0","0","0","","0","0","0","09","1","0","00","N","0","39 59:50.700","","00","75 10:02.000","9","0","0","0","67301","0","0","0","N","0","0","0","1","67301","0","","4","01","","N","N","N","0","","0","0","1","0","0","","0900","0","1","0","0","0","0","1","2","0","1","03","03","N","","","","","","","","","","",""
"2023035628","0230","2","0","0","0","0","0","0","0","0","6","0","","67","04","2023","7","40.0528","-75.0168","0216","06","0","0","0","0","0","0","0","0","","0","0","0","02","3","0","00","N","1","40 03:10.200","4","00","75 01:00.460","9","0","0","0","67301","0","0","0","N","0","0","0","1","67301","0","","6","01","0040","N","N","N","0","","0","0","0","0","0","Y","0210","0","2","0","0","0","0","1","2","0","2","03","03","N","","","","","","","","","","",""
"2023037093","2155","0","0","0","0","0","0","0","0","0","4","0","","67","04","2023","2","40.035","-75.0694","2148","06","0","0","0","0","0","0","0","0","","0","0","0","21","3","1","01","","1","40 02:06.097","1","00","75 04:09.909","3","0","0","0","67301","0","0","0","N","0","0","0","3","67301","0","","1","01","2229","N","N","N","1","","1","0","1","3","2","N","2147","1","2","0","0","0","0","2","2","0","2","03","","N","","","","","","","","","","",""
"2023048843","1507","0","0","0","0","0","0","0","0","0","1","1","","67","04","2023","6","39.9677","-75.1311","1505","06","0","0","0","0","0","0","0","0","","0","1","0","14","1","1","00","N","0","39 58:03.559","","00","75 07:51.968","3","0","0","0","67301","0","0","0","N","0","0","0","3","68K01","0","","1","01","","N","N","N","0","","1","0","1","0","0","","1450","1","2","0","0","0","0","0","2","0","2","03","","N","","","","","","","","","","",""
"2023037579","1235","1","0","0","0","0","0","0","0","0","8","0","","67","04","2023","3","39.9913","-75.1088","1230","06","0","0","0","0","0","0","0","0","","0","0","0","12","1","2","00","N","0","39 59:28.610","","00","75 06:31.651","3","0","0","0","67301","2","0","0","N","2","0","0","3","67301","0","","6","01","","N","N","N","0","","2","0","0","0","0","","1225","2","3","0","0","0","0","0","2","0","1","03","03","N","","","","","","","","","","",""
"2023051388","0003","0","0","0","0","0","0","0","0","0","1","0","55","67","05","2023","1","39.9794","-75.2041","2359","06","0","0","0","0","0","0","0","0","","0","0","0","23","2","3","00","N","0","39 58:45.831","","00","75 12:14.912","3","0","0","0","67301","0","0","0","N","0","0","0","4","68K01","0","","1","01","","N","N","N","0","","3","0","2","0","0","","2356","3","2","0","0","0","0","0","2","0","2","03","","Y","4","2","Y","N","N","Y","Y","N","N","N","N"
"2023037096","0937","1","0","0","0","0","0","0","0","0","4","0","","67","04","2023","3","39.987","-75.1744","0927","06","0","0","0","0","0","0","0","0","","0","0","0","07","1","1","01","","0","39 59:13.275","","00","75 10:27.811","3","0","0","0","67301","0","0","0","N","0","0","0","2","67301","0","","1","01","","N","N","N","0","","1","0","1","3","2","","0757","1","2","0","0","0","0","1","2","0","2","03","03","N","","","","","","","","","","",""
"2023044621","1925","0","0","0","0","0","0","0","0","0","4","0","","67","05","2023","5","40.0791","-75.0412","1916","06","0","1","0","0","0","0","0","0","","0","0","0","19","1","1","02","","0","40 04:44.620","","00","75 02:28.358","8","0","0","0","67301","0","0","0","N","0","0","0","3","67301","0","","1","01","","N","N","N","0","","0","0","2","3","3","","1900","1","2","0","0","0","1","0","2","0","2","03","","N","","","","","","","","","","",""
"2023051183","2008","1","0","0","0","0","0","0","0","0","4","0","","67","05","2023","4","39.9575","-75.2234","2008","06","0","0","0","0","0","0","0","0","","0","0","0","20","4","1","01","","0","39 57:26.841","","00","75 13:24.214","3","0","0","0","67301","0","0","0","N","0","0","0","4","67301","0","","1","01","","N","N","N","0","","1","0","1","3","3","","2000","1","2","0","0","0","0","0","2","0","2","03","","N","","","","","","","","","","",""
"2023049198","2005","1","0","0","0","0","0","0","0","0","4","0","","67","05","2023","5","39.9778","-75.2134","1959","06","0","0","0","0","0","0","0","0","","0","0","0","19","1","1","01","","0","39 58:39.965","","00","75 12:48.419","3","0","0","0","67301","0","0","0","N","0","0","0","2","67301","0","","1","01","","N","N","N","0","","1","0","0","3","2","","1955","1","2","0","0","0","0","0","2","0","2","03","03","N","","","","","","","","","","",""
"2023037278","1804","1","0","0","0","0","0","0","0","0","8","0","","67","04","2023","4","40.0395","-75.1544","1803","06","0","0","0","0","0","0","0","0","","0","0","0","17","4","1","01","","0","40 02:22.243","","00","75 09:15.890","3","0","0","0","67301","1","0","0","N","1","0","0","3","67301","0","","1","09","","N","N","N","0","","1","0","0","3","2","","1753","1","2","0","0","0","0","0","2","0","1","07","","N","","","","","","","","","","",""
"2023037357","2036","1","0","0","0","0","0","0","0","0","8","0","","67","04","2023","3","39.9259","-75.1813","2032","06","0","0","0","0","0","1","0","0","","0","0","0","20","3","1","01","","0","39 55:33.075","","00","75 10:52.206","3","0","0","0","67301","1","0","0","N","1","0","0","2","67301","0","","1","01","","N","N","N","0","","1","0","0","3","2","","2009","1","2","0","0","0","0","0","2","0","1","03","03","N","","","","","","","","","","",""
"2023036208","1256","2","0","0","0","0","0","0","0","0","4","0","","67","04","2023","1","39.9622","-75.198","1253","06","0","0","0","0","0","0","0","0","","0","0","0","12","1","1","00","N","0","39 57:43.911","","07","75 11:52.950","4","0","0","0","67301","0","0","0","N","0","0","0","2","67301","1","","1","01","","N","N","N","0","","0","0","1","0","0","","1250","1","3","0","0","2","0","0","2","0","3","99","03","N","","","","","","","","","","",""
"2023039040","1804","1","0","0","0","0","0","0","0","0","4","0","","67","04","2023","6","40.0085","-75.1087","1804","06","0","0","0","0","0","0","1","0","","0","0","0","18","1","2","01","","0","40 00:30.528","","00","75 06:31.320","3","0","0","0","67301","0","0","0","N","0","0","0","5","67301","0","","1","99","","N","N","Y","0","","1","0","1","3","3","","1802","2","3","0","0","1","1","2","2","1","3","07","07","N","","","","","","","","","","",""
"2023050861","1155","1","0","0","0","0","0","0","0","0","2","0","","67","06","2023","1","40.0515","-74.9851","1155","06","0","0","0","0","0","0","0","1","","0","0","0","11","1","1","01","","0","40 03:05.718","","00","74 59:06.510","3","0","0","0","67301","0","0","0","N","0","0","0","2","67301","0","","1","01","","N","N","N","0","","1","0","1","3","3","","1155","1","2","0","0","0","0","0","2","0","2","03","03","N","","","","","","","","","","",""
"2023036206","2345","2","0","0","0","0","0","0","0","0","4","0","","67","04","2023","1","40.0751","-75.0341","2337","06","0","0","0","0","0","0","0","0","","0","0","0","22","3","1","00","N","0","40 04:30.268","","00","75 02:02.697","3","0","0","0","67301","0","0","0","N","0","0","0","2","67301","0","","1","01","","N","N","N","0","","1","0","0","0","0","","2220","1","2","0","0","0","0","1","2","0","2","03","03","N","","","","","","","","","","",""
"2023051368","2102","0","0","0","0","0","0","0","0","0","7","1","","67","04","2023","6","40.0347","-75.0187","2055","06","0","0","0","0","0","0","0","0","","0","1","0","20","3","0","00","N","2","40 02:04.817","1","00","75 01:07.184","0","0","0","0","67301","0","0","0","N","0","0","0","1","68K01","0","","4","09","2300","N","N","N","0","","0","0","0","0","0","Y","2054","0","1","0","0","0","0","0","2","0","1","07","","N","","","","","","","","","","",""
"2023049615","","1","0","0","0","0","0","0","0","0","5","0","","67","03","2023","7","40.0507","-75.1192","","06","0","0","0","1","0","0","0","0","","0","0","0","17","3","1","00","N","0","40 03:02.600","","00","75 07:09.000","8","0","0","0","67301","0","0","0","N","0","0","0","2","00000","0","","1","01","","N","N","N","0","","0","0","1","0","0","","1730","1","2","0","0","0","1","1","2","0","2","03","03","N","","","","","","","","","","",""
"2023037972","2205","0","0","0","0","0","0","0","0","0","8","0","","67","04","2023","6","39.9395","-75.1798","2202","06","0","0","0","0","0","1","0","0","","0","0","0","21","3","1","01","","0","39 56:22.133","","00","75 10:47.378","3","0","0","0","67301","1","0","0","N","1","0","0","2","67301","0","","1","09","","N","N","N","0","","1","0","1","3","2","","2156","1","2","0","0","0","0","0","2","0","1","07","","N","","","","","","","","","","",""
"2023037001","0245","2","0","0","0","0","0","0","0","0","5","0","","67","04","2023","2","39.9794","-75.2392","0238","06","0","0","0","0","0","1","0","0","","0","0","0","02","3","0","00","N","0","39 58:45.830","","00","75 14:21.070","0","0","0","0","67301","0","0","0","N","0","0","0","1","67301","0","","6","01","","N","N","N","0","","0","0","2","0","0","","0230","0","4","0","0","0","0","0","2","0","4","03","","N","","","","","","","","","","",""
"2023050566","0920","1","0","1","0","0","0","0","0","0","4","0","","67","05","2023","3","40.0245","-75.0628","0916","06","0","0","0","0","0","0","0","0","","1","0","0","09","1","1","05","","2","40 01:28.228","7","00","75 03:46.484","1","0","0","0","67301","0","0","0","N","0","0","0","2","67301","0","2","1","01","1300","N","N","N","0","0","0","1","0","3","2","Y","0916","1","2","0","0","0","0","0","2","1","2","03","03","N","","","","","","","","","","",""
"2023065096","1540","1","0","0","0","0","0","0","0","0","1","1","","67","07","2023","7","40.0504","-75.0595","1538","06","0","0","0","0","0","0","0","0","","0","1","0","15","1","1","00","N","0","40 03:01.290","","00","75 03:34.190","3","0","0","0","67301","0","0","0","N","0","0","0","1","67301","0","","6","01","","N","N","N","0","","1","0","0","0","0","","1536","1","2","0","0","0","0","0","2","0","2","03","","N","","","","","","","","","","",""
"2023042913","2212","1","0","0","0","0","0","0","0","0","4","0","","67","05","2023","7","40.0477","-75.1921","2209","06","0","0","0","0","0","0","0","0","","0","0","0","22","3","3","01","","0","40 02:51.601","","00","75 11:31.642","4","0","0","0","67301","0","0","0","N","0","0","0","4","67301","2","","1","01","","N","N","N","1","","0","0","0","3","3","","2205","3","2","0","0","0","1","0","2","0","2","03","","N","","","","","","","","","","",""
"2023037360","1414","1","0","0","0","0","0","0","0","0","4","0","","67","04","2023","4","39.9587","-75.1621","1413","06","0","0","0","0","0","0","0","0","","0","0","0","14","1","2","01","","0","39 57:31.362","","00","75 09:43.713","3","0","0","0","67301","0","0","0","N","0","0","0","4","67301","0","","1","01","","N","N","N","0","","2","0","1","0","0","","1410","2","2","0","0","0","0","0","2","0","2","03","","N","","","","","","","","","","",""
"2023037974","2245","2","0","0","0","0","0","0","0","0","1","0","","67","04","2023","4","39.9549","-75.2086","2242","06","0","0","0","0","0","0","0","0","","0","0","0","22","3","1","00","N","0","39 57:17.528","","00","75 12:30.899","3","0","0","0","67301","0","0","0","N","0","0","0","2","67301","0","","1","09","","N","N","N","0","","1","0","0","0","0","","2239","1","2","0","0","0","0","0","2","0","2","04","07","N","","","","","","","","","","",""
"2023036205","0715","0","0","0","0","0","0","0","0","0","8","0","","67","04","2023","2","39.9336","-75.1457","0702","06","0","0","0","0","0","1","0","0","","0","0","0","06","1","1","01","","0","39 56:01.111","","00","75 08:44.415","8","0","0","0","67301","1","0","0","N","1","0","0","2","67301","0","","1","01","","N","N","N","0","","0","0","1","3","2","","0657","1","2","0","0","0","1","0","2","0","1","03","","N","","","","","","","","","","",""