"CRN","ARRIVAL_TM","AUTOMOBILE_COUNT","BELTED_DEATH_COUNT","BELTED_SUSP_SERIOUS_INJ_COUNT","BICYCLE_COUNT","BICYCLE_DEATH_COUNT","BICYCLE_SUSP_SERIOUS_INJ_COUNT","BUS_COUNT","CHLDPAS_DEATH_COUNT","CHLDPAS_SUSP_SERIOUS_INJ_COUNT","COLLISION_TYPE","COMM_VEH_COUNT","CONS_ZONE_SPD_LIM","COUNTY","CRASH_MONTH","CRASH_YEAR","DAY_OF_WEEK","DEC_LAT","DEC_LONG","DISPATCH_TM","DISTRICT","DRIVER_COUNT_16YR","DRIVER_COUNT_17YR","DRIVER_COUNT_18YR","DRIVER_COUNT_19YR","DRIVER_COUNT_20YR","DRIVER_COUNT_50_64YR","DRIVER_COUNT_65_74YR","DRIVER_COUNT_75PLUS","EST_HRS_CLOSED","FATAL_COUNT","HEAVY_TRUCK_COUNT","HORSE_BUGGY_COUNT","HOUR_OF_DAY","ILLUMINATION","INJURY_COUNT","INTERSECT_TYPE","INTERSECTION_RELATED","LANE_CLOSED","LATITUDE","LN_CLOSE_DIR","LOCATION_TYPE","LONGITUDE","MAX_SEVERITY_LEVEL","MCYCLE_DEATH_COUNT","MCYCLE_SUSP_SERIOUS_INJ_COUNT","MOTORCYCLE_COUNT","MUNICIPALITY","NONMOTR_COUNT","NONMOTR_DEATH_COUNT","NONMOTR_SUSP_SERIOUS_INJ_COUNT","NTFY_HIWY_MAINT","PED_COUNT","PED_DEATH_COUNT","PED_SUSP_SERIOUS_INJ_COUNT","PERSON_COUNT","POLICE_AGCY","POSSIBLE_INJ_COUNT","RDWY_SURF_TYPE_CD","RELATION_TO_ROAD","ROAD_CONDITION","ROADWAY_CLEARED","SCH_BUS_IND","SCH_ZONE_IND","SECONDARY_CRASH","SMALL_TRUCK_COUNT","SPEC_JURIS_CD","SUSP_MINOR_INJ_COUNT","SUSP_SERIOUS_INJ_COUNT","SUV_COUNT","TCD_FUNC_CD","TCD_TYPE","TFC_DETOUR_IND","TIME_OF_DAY","TOT_INJ_COUNT","TOTAL_UNITS","UNB_DEATH_COUNT","UNB_SUSP_SERIOUS_INJ_COUNT","UNBELTED_OCC_COUNT","UNK_INJ_DEG_COUNT","UNK_INJ_PER_COUNT","URBAN_RURAL","VAN_COUNT","VEHICLE_COUNT","WEATHER1","WEATHER2","WORK_ZONE_IND","WORK_ZONE_LOC","WORK_ZONE_TYPE","WORKERS_PRES","WZ_CLOSE_DETOUR","WZ_FLAGGER","WZ_LAW_OFFCR_IND","WZ_LN_CLOSURE","WZ_MOVING","WZ_OTHER","WZ_SHLDER_MDN","WZ_WORKERS_INJ_KILLED"
"2023090713","1951","0","0","0","0","0","0","0","0","0","4","0","","67","10","2023","4","40.0031","-75.1525","1947","06","0","0","0","0","0","1","0","0","","0","0","0","19","3","1","05","","1","40 00:11.332","6","00","75 09:08.850","2","0","1","1","67301","0","0","0","N","0","0","0","2","67505","0","","1","01","2045","N","N","N","0","","0","1","1","3","2","N","1940","1","2","0","0","0","0","0","2","0","2","03","03","N","","","","","","","","","","",""
"2023112350","1750","1","0","0","0","0","0","0","0","0","5","0","","67","10","2023","2","40.0234","-75.1261","1743","06","0","0","0","0","0","0","0","0","","0","0","0","17","1","0","00","N","0","40 01:24.100","","00","75 07:34.030","0","0","0","0","67301","0","0","0","N","0","0","0","1","67301","0","","6","01","","N","N","N","0","","0","0","1","0","0","","1736","0","2","0","0","0","0","0","2","0","2","03","03","N","","","","","","","","","","",""
"2023090451","0826","1","0","0","0","0","0","0","0","0","4","0","","67","10","2023","3","40.0332","-75.0378","0823","06","0","0","0","0","0","0","1","0","","0","0","0","08","1","2","01","","1","40 01:59.691","3","00","75 02:15.936","4","0","0","0","67301","0","0","0","N","0","0","0","3","67301","2","","1","01","0100","N","N","N","0","","0","0","1","3","2","N","0820","2","2","0","0","1","0","0","2","0","2","03","","N","","","","","","","","","","",""
"2023090808","1743","1","0","0","0","0","0","0","0","0","4","0","","67","10","2023","4","39.9573","-75.1441","1743","06","0","0","0","0","0","1","0","0","","0","0","0","14","1","1","05","","0","39 57:26.412","","02","75 08:38.875","3","0","0","0","67301","0","0","0","N","0","0","0","2","67301","0","","1","01","","N","N","N","0","","1","0","1","3","2","","1437","1","2","0","0","0","0","0","2","0","2","03","03","N","","","","","","","","","","",""
"2023086475","1531","2","0","0","0","0","0","0","0","0","4","0","","67","09","2023","4","39.915","-75.1574","1530","06","0","0","0","0","0","0","0","0","","0","0","0","02","3","0","02","","0","39 54:53.982","","00","75 09:26.730","0","0","0","0","67301","0","0","0","N","0","0","0","1","67301","0","","1","99","","N","N","N","1","","0","0","0","0","0","","0217","0","3","0","0","1","0","0","2","0","3","03","","N","","","","","","","","","","",""
"2023072142","1329","1","0","0","0","0","0","0","0","0","4","0","","67","08","2023","3","39.9791","-75.1491","1329","06","0","0","0","0","0","0","0","0","","0","0","0","13","1","2","01","","2","39 58:44.878","1","00","75 08:56.727","8","0","0","0","67301","0","0","0","N","0","0","0","4","67505","0","","1","01","1430","N","N","N","0","","0","0","6","3","3","Y","1329","2","7","0","0","4","2","0","2","0","7","03","03","N","","","","","","","","","","",""
"2023090018","1530","0","0","0","0","0","0","0","0","0","4","0","","67","10","2023","7","40.028","-75.11","1530","06","0","0","0","0","0","0","0","0","","0","0","0","15","1","1","01","","0","40 01:40.967","","00","75 06:36.138","4","0","0","0","67301","0","0","0","N","0","0","0","2","67301","1","","1","01","","N","N","N","0","","0","0","2","3","2","","1515","1","2","0","0","0","0","0","2","0","2","03","","N","","","","","","","","","","",""
"2023090010","0036","1","0","0","0","0","0","0","0","0","4","0","","67","10","2023","2","39.9597","-75.2229","0034","06","0","0","0","0","1","0","0","0","","0","0","0","00","3","3","01","","1","39 57:34.963","4","01","75 13:22.526","4","0","0","0","67301","0","0","0","N","0","0","0","4","67301","3","","1","01","0055","N","N","N","1","","0","0","0","3","2","N","0030","3","2","0","0","0","0","1","2","0","2","03","03","N","","","","","","","","","","",""
"2023091203","0838","2","0","0","0","0","0","0","0","0","4","0","","67","10","2023","5","39.9703","-75.2271","0836","06","0","0","0","0","0","0","1","0","","0","0","0","08","1","1","01","","0","39 58:13.130","","00","75 13:37.408","3","0","0","0","67301","0","0","0","N","0","0","0","2","67301","0","","1","01","","N","N","N","0","","1","0","0","3","3","","0820","1","2","0","0","1","0","0","2","0","2","03","03","N","","","","","","","","","","",""
"2023091932","1111","1","0","0","0","0","0","0","0","0","4","0","","67","10","2023","4","39.9573","-75.1523","1110","06","0","0","0","0","0","0","0","1","","0","0","0","10","1","2","05","","0","39 57:26.368","","02","75 09:08.204","3","0","0","0","67301","0","0","0","N","0","0","0","3","67301","0","","1","01","","N","N","N","0","","2","0","1","3","2","","1002","2","2","0","0","0","0","0","2","0","2","03","03","N","","","","","","","","","","",""
"2023090007","1856","0","0","0","0","0","0","0","0","0","6","0","","67","10","2023","1","39.9366","-75.2296","1856","06","0","0","0","0","0","0","0","0","","0","0","0","18","3","0","00","N","2","39 56:11.920","5","00","75 13:46.480","0","0","0","0","67301","0","0","0","N","0","0","0","2","67301","0","","1","01","1946","N","N","N","0","","0","0","2","0","0","Y","1856","0","2","0","0","1","0","0","2","0","2","03","03","N","","","","","","","","","","",""
"2023090011","1709","2","0","0","0","0","0","0","0","0","4","0","","67","10","2023","2","39.9556","-75.2146","1705","06","0","0","0","0","0","0","0","0","","0","0","0","17","1","1","01","","1","39 57:20.208","4","00","75 12:52.533","3","0","0","0","67301","0","0","0","N","0","0","0","2","67301","0","","1","01","1720","N","N","N","0","","1","0","0","3","2","N","1700","1","2","0","0","0","0","0","2","0","2","03","03","N","","","","","","","","","","",""
"2023091937","0443","1","0","0","0","0","0","0","0","0","4","0","","67","10","2023","5","40.0056","-75.1033","0440","06","0","0","0","0","0","0","0","0","","0","0","0","04","3","1","01","","0","40 00:20.131","","00","75 06:11.812","8","0","0","0","67301","0","0","0","N","0","0","0","2","67301","0","","1","01","","N","N","N","0","","0","0","1","3","2","","0415","1","2","0","0","1","1","0","2","0","2","03","03","N","","","","","","","","","","",""
"2023089362","0940","1","0","0","0","0","0","0","0","0","5","0","","67","10","2023","7","40.0101","-75.1664","0935","06","0","0","0","0","0","0","1","0","","0","0","0","09","1","2","00","N","0","40 00:36.524","","00","75 09:58.979","3","0","0","0","67301","0","0","0","N","0","0","0","3","67301","0","","1","01","","N","N","N","0","","2","0","1","0","0","","0934","2","2","0","0","0","0","0","2","0","2","04","04","N","","","","","","","","","","",""
"2023089876","0735","0","0","0","0","0","0","0","0","0","1","0","","67","10","2023","2","39.9584","-75.1663","0726","06","0","0","0","0","0","0","0","0","","0","0","0","07","1","0","00","N","0","39 57:30.380","","00","75 09:58.573","0","0","0","0","67301","0","0","0","N","0","0","0","2","68K01","0","","1","01","","N","N","N","0","","0","0","2","0","0","","0726","0","2","0","0","0","0","0","2","0","2","03","03","N","","","","","","","","","","",""
"2023086493","0132","0","0","0","0","0","0","0","0","0","4","0","","67","09","2023","5","39.974","-75.2229","0131","06","0","0","0","0","0","0","0","0","","0","0","0","01","3","1","01","","0","39 58:26.255","","00","75 13:22.612","3","0","0","0","67301","0","0","0","N","0","0","0","3","67301","0","","1","01","","N","N","N","0","","1","0","2","0","0","","0130","1","2","0","0","1","0","1","2","0","2","03","","N","","","","","","","","","","",""
"2023085675","0138","0","0","0","0","0","0","0","0","0","4","0","","67","09","2023","3","39.9025","-75.2248","0134","06","0","0","0","0","0","0","0","0","","0","0","0","01","3","0","02","","0","39 54:09.341","","00","75 13:29.537","9","0","0","0","67301","0","0","0","N","0","0","0","2","67301","0","","1","09","","N","N","N","0","","0","0","2","3","2","","0130","0","2","0","0","0","0","2","2","0","2","07","07","N","","","","","","","","","","",""
"2023091645","1352","1","0","0","0","0","0","0","0","0","4","0","","67","10","2023","7","40.0376","-75.2103","1348","06","0","0","0","0","0","0","0","0","","0","0","0","13","1","1","02","","0","40 02:14.944","","00","75 12:37.370","4","0","0","0","67301","0","0","0","N","0","0","0","3","67301","1","","1","01","","N","N","N","0","","0","0","1","3","2","","1330","1","2","0","0","0","0","0","2","0","2","04","","N","","","","","","","","","","",""
"2023089541","0235","1","0","0","0","0","0","0","0","0","1","0","","67","10","2023","1","40.0224","-75.0554","0233","06","0","0","0","0","0","0","0","0","","0","0","0","02","3","0","00","N","2","40 01:20.769","3","00","75 03:19.443","9","0","0","0","67301","0","0","0","N","0","0","0","2","67301","0","","1","01","0410","N","N","Y","0","","0","0","1","0","0","Y","0228","0","5","0","0","0","0","2","2","3","5","03","","N","","","","","","","","","","",""
"2023091929","1750","0","0","0","0","0","0","0","0","0","8","0","","67","10","2023","6","40.053","-75.0643","1750","06","0","0","0","0","0","0","0","0","","0","0","0","17","1","1","01","","0","40 03:11.017","","00","75 03:51.838","8","0","0","0","67301","1","0","0","N","1","0","0","2","67301","0","","1","01","","N","N","N","0","","0","0","1","3","1","","1745","1","2","0","0","0","1","0","2","0","1","03","03","N","","","","","","","","","","",""
"2023089905","0853","0","0","0","0","0","0","0","0","0","5","0","","67","10","2023","7","40.0147","-75.1461","0853","06","0","0","0","0","0","0","0","0","","0","0","0","05","3","0","00","N","0","40 00:52.780","","00","75 08:45.790","0","0","0","0","67301","0","0","0","N","0","0","0","1","67301","0","","6","01","","N","Y","N","0","","0","0","2","0","0","","0500","0","2","0","0","1","0","0","2","0","2","03","","N","","","","","","","","","","",""
"2023094153","1000","1","0","0","0","0","0","0","0","0","1","0","","67","10","2023","6","40.0141","-75.1789","1000","06","0","0","0","0","0","0","0","0","","0","0","0","08","1","0","00","N","0","40 00:50.704","","00","75 10:44.137","0","0","0","0","67301","0","0","0","N","0","0","0","2","67301","0","","1","99","","N","N","N","0","","0","0","1","0","0","","0849","0","2","0","0","0","0","0","2","0","2","03","03","N","","","","","","","","","","",""
"2023090809","0851","2","0","0","0","0","0","0","0","0","1","0","","67","10","2023","5","39.9076","-75.1429","0851","06","0","0","0","0","0","0","1","0","","0","0","0","08","1","1","00","N","0","39 54:27.400","","03","75 08:34.400","8","0","0","0","67301","0","0","0","N","0","0","0","5","67501","0","","1","01","","N","N","N","0","","0","0","2","3","8","","0851","1","4","0","0","0","1","0","2","0","4","03","","N","","","","","","","","","","",""
"2023094152","1545","1","0","0","0","0","0","0","0","0","8","0","","67","10","2023","5","40.032","-75.1793","1545","06","0","0","0","0","0","1","0","0","","0","0","0","15","1","1","00","N","0","40 01:55.089","","00","75 10:45.403","8","0","0","0","67301","1","0","0","N","1","0","0","2","67301","0","","1","01","","N","Y","N","0","","0","0","0","0","0","","1545","1","2","0","0","0","1","0","2","0","1","03","","N","","","","","","","","","","",""
"2023091467","2014","1","0","0","1","0","0","0","0","0","8","0","","67","10","2023","5","39.9318","-75.1578","2011","06","0","0","0","0","0","0","0","0","","0","0","0","10","1","1","00","N","0","39 55:54.510","","00","75 09:28.090","8","0","0","0","67301","1","0","0","N","0","0","0","2","67301","0","","1","01","","N","N","N","0","","0","0","0","0","0","","1033","1","2","0","0","1","1","1","2","0","1","03","","N","","","","","","","","","","",""
"2023086494","1755","1","0","0","0","0","0","0","0","0","4","0","","67","09","2023","3","39.9878","-75.1806","1755","06","0","0","0","0","0","0","0","0","","0","0","0","17","1","1","01","","0","39 59:16.193","","00","75 10:50.093","3","0","0","0","67301","0","0","0","N","0","0","0","3","67301","0","","1","09","","N","N","N","1","","1","0","1","0","0","","1750","1","3","0","0","1","0","0","2","0","3","07","07","N","","","","","","","","","","",""
"2023090449","1853","1","0","0","0","0","0","0","0","0","5","0","","67","10","2023","2","39.9338","-75.22","1853","06","0","0","0","0","0","0","0","0","","0","0","0","18","3","1","00","N","1","39 56:01.800","3","00","75 13:12.100","3","0","0","0","67301","0","0","0","N","0","0","0","3","67301","0","","6","01","2030","N","N","N","0","","1","0","3","0","0","N","1849","1","4","0","0","0","0","0","2","0","4","03","03","N","","","","","","","","","","",""
"2023090655","2336","2","0","0","0","0","0","0","0","0","1","0","","67","10","2023","2","39.9944","-75.0843","2336","06","0","0","0","0","1","0","0","0","","0","0","0","23","3","0","00","N","0","39 59:39.775","","00","75 05:03.336","0","0","0","0","67301","0","0","0","N","0","0","0","4","68K01","0","","1","01","","N","N","N","1","","0","0","1","0","0","","2324","0","4","0","0","0","0","0","2","0","4","03","03","N","","","","","","","","","","",""
"2023091104","0533","1","0","0","0","0","0","0","0","0","7","0","","67","10","2023","6","40.0059","-75.095","0533","06","0","0","0","0","0","0","0","0","","0","0","0","05","3","1","00","N","2","40 00:21.220","6","00","75 05:42.105","2","0","0","0","67301","0","0","0","N","0","0","0","1","67301","0","","4","01","0900","N","N","N","0","","0","1","0","0","0","Y","0533","1","1","0","0","0","0","0","2","0","1","03","03","N","","","","","","","","","","",""
"2023091733","2023","1","0","0","0","0","0","0","0","0","1","0","","67","10","2023","6","40.102","-75.0395","2023","06","0","0","0","0","0","0","0","0","","0","0","0","20","3","1","00","Y","0","40 06:07.223","","00","75 02:22.044","3","0","0","0","67301","0","0","0","N","0","0","0","2","67301","0","","1","01","","N","N","N","0","","1","0","1","3","2","","2015","1","2","0","0","0","0","0","2","0","2","03","03","N","","","","","","","","","","",""
"2023118121","0550","1","0","0","0","0","0","0","0","0","1","0","","67","10","2023","1","39.9597","-75.1777","0541","06","0","0","0","0","0","0","0","0","","0","0","0","05","3","0","00","N","1","39 57:35.059","3","03","75 10:39.794","0","0","0","0","67301","0","0","0","N","0","0","0","2","68K01","0","","1","01","0555","N","N","N","0","","0","0","1","0","0","N","0538","0","2","0","0","0","0","0","2","0","2","03","","N","","","","","","","","","","",""
"2023091648","1432","1","0","0","0","0","0","0","0","0","1","0","","67","10","2023","3","39.9714","-75.1595","1431","06","0","0","0","0","1","0","0","0","","0","0","0","14","1","1","00","N","0","39 58:16.884","","00","75 09:34.240","3","0","0","0","67301","0","0","0","N","0","0","0","4","67301","0","","1","01","","N","N","N","1","","1","0","0","0","0","","1430","1","2","0","0","1","0","0","2","0","2","03","03","N","","","","","","","","","","",""
"2023089275","2138","1","0","0","0","0","0","0","0","0","4","0","","67","10","2023","6","39.9919","-75.1093","2138","06","0","0","0","0","0","0","0","0","","0","0","0","21","3","1","02","","0","39 59:30.833","","00","75 06:33.594","3","0","0","0","67301","0","0","0","N","0","0","0","2","67301","0","","1","01","","N","N","N","0","","1","0","1","3","3","","2130","1","2","0","0","0","0","0","2","0","2","03","","N","","","","","","","","","","",""
"2023093574","0817","2","0","0","0","0","0","0","0","0","1","0","","67","10","2023","5","39.9572","-75.1575","0759","06","0","0","0","0","0","1","0","0","","0","0","0","07","1","0","00","N","1","39 57:25.905","3","00","75 09:26.865","0","0","0","0","67301","0","0","0","N","0","0","0","3","68K01","0","","1","01","0845","N","N","N","1","","0","0","0","0","0","N","0758","0","3","0","0","0","0","0","2","0","3","03","","N","","","","","","","","","","",""
"2023090447","1126","0","0","0","0","0","0","0","0","0","4","0","","67","10","2023","3","39.9581","-75.1505","1121","06","0","0","0","0","0","1","0","0","","0","0","0","11","1","0","01","","0","39 57:29.275","","00","75 09:01.648","0","0","0","0","67301","0","0","0","N","0","0","0","2","67301","0","","1","01","","N","N","N","1","","0","0","1","3","2","","1120","0","2","0","0","1","0","0","2","0","2","03","03","N","","","","","","","","","","",""
"2023089281","1758","1","0","0","0","0","0","0","0","0","4","0","","67","10","2023","6","39.9989","-75.159","1758","06","0","0","0","0","0","0","0","0","","0","0","0","01","3","0","02","","0","39 59:55.940","","00","75 09:32.280","9","0","0","0","67301","0","0","0","N","0","0","0","2","67301","0","","1","01","","N","N","N","0","","0","0","1","3","3","","0130","0","2","0","0","0","0","1","2","0","2","03","03","N","","","","","","","","","","",""
"2023092349","2308","1","0","0","0","0","0","0","0","0","4","0","","67","10","2023","7","39.9217","-75.19","2300","06","0","0","0","0","0","0","0","0","","0","0","0","22","3","2","05","","0","39 55:18.551","","02","75 11:24.533","8","0","0","0","67301","0","0","0","N","0","0","0","3","67301","0","","1","01","","N","N","N","0","","0","0","1","3","2","","2259","2","2","0","0","1","2","0","2","0","2","03","03","N","","","","","","","","","","",""
"2023090457","1716","1","0","0","0","0","0","0","0","0","6","0","","67","10","2023","3","40.0066","-75.1917","1712","06","0","0","0","0","0","1","0","0","","0","0","0","17","1","1","00","N","1","40 00:23.896","2","00","75 11:29.990","3","0","0","0","67301","0","0","0","N","0","0","0","3","67301","0","","1","01","0100","N","N","N","0","","1","0","1","0","0","N","1708","1","2","0","0","0","0","1","2","0","2","03","03","N","","","","","","","","","","",""
"2023086783","1655","1","0","0","0","0","0","0","0","0","1","0","","67","09","2023","4","39.9025","-75.2012","1655","06","0","0","0","0","0","0","0","0","","0","0","0","06","5","1","00","N","0","39 54:08.980","","03","75 12:04.189","3","0","0","0","67301","0","0","0","N","0","0","0","2","67301","0","","1","01","","N","N","N","0","","1","0","0","0","0","","0600","1","2","0","0","0","0","0","2","0","2","03","","N","","","","","","","","","","",""
"2023086790","1300","1","0","0","0","0","0","0","0","0","4","0","","67","09","2023","4","40.0279","-75.0779","1250","06","0","0","0","0","0","0","2","0","","0","0","0","11","1","0","01","","0","40 01:40.393","","00","75 04:40.306","0","0","0","0","67301","0","0","0","N","0","0","0","2","67301","0","","1","01","","N","N","N","0","","0","0","1","3","3","","1115","0","2","0","0","1","0","0","2","0","2","03","03","N","","","","","","","","","","",""
"2023086435","2237","1","0","0","0","0","0","0","0","0","8","0","","67","09","2023","5","39.9867","-75.1562","2237","06","0","0","0","0","0","0","0","0","","0","0","0","22","3","1","00","N","1","39 59:12.097","2","00","75 09:22.295","2","0","0","0","67301","1","0","1","N","1","0","1","2","67505","0","","1","09","1145","","","N","0","","0","1","0","0","0","N","2235","1","2","0","0","0","0","1","2","0","1","07","","N","","","","","","","","","","",""
"2023089635","1921","2","0","0","0","0","0","0","0","0","1","0","","67","10","2023","7","39.9622","-75.1394","1915","06","0","0","0","0","0","0","0","0","","0","0","0","19","3","1","00","N","1","39 57:43.916","1","00","75 08:22.000","8","0","0","0","67301","0","0","0","N","0","0","0","6","68K01","0","","1","01","0805","N","N","N","0","","0","0","2","0","0","N","1911","1","4","0","0","0","1","0","2","0","4","03","03","N","","","","","","","","","","",""
"2023090006","1518","1","0","0","0","0","0","0","0","0","7","0","","67","10","2023","1","39.9059","-75.236","1515","06","0","0","0","0","0","0","0","0","","0","0","0","14","1","0","00","N","0","39 54:21.410","","00","75 14:09.560","9","0","0","0","67301","0","0","0","N","0","0","0","1","67301","0","","4","01","","N","N","N","0","","0","0","0","0","0","","1449","0","1","0","0","0","0","1","2","0","1","03","03","N","","","","","","","","","","",""
"2023092045","1300","0","0","0","0","0","0","0","0","0","5","0","","67","10","2023","6","39.9591","-75.2063","1300","06","0","0","0","0","0","0","0","0","","0","0","0","12","1","1","00","Y","0","39 57:32.600","","00","75 12:22.800","8","0","0","0","67301","0","0","0","N","0","0","0","2","67301","0","","1","01","","N","N","N","0","","0","0","2","3","2","","1230","1","2","0","0","0","1","0","2","0","2","03","","N","","","","","","","","","","",""
"2023089655","1142","2","0","0","0","0","0","0","0","0","5","0","","67","10","2023","1","39.972","-75.164","1142","06","0","0","0","0","0","0","0","0","","0","0","0","00","3","0","00","N","0","39 58:19.357","","00","75 09:50.266","9","0","0","0","67301","0","0","0","N","0","0","0","1","67301","0","","6","01","","N","N","N","1","","0","0","0","0","0","","0045","0","3","0","0","0","0","1","2","0","3","03","03","N","","","","","","","","","","",""
"2023089649","1435","1","0","0","0","0","0","0","0","0","1","0","","67","10","2023","7","39.9529","-75.1931","1430","06","0","0","0","0","0","0","0","0","","0","0","0","14","1","2","00","N","0","39 57:10.571","","00","75 11:35.267","3","0","0","0","67301","0","0","0","N","0","0","0","4","67301","1","","1","01","","N","N","N","0","","1","0","3","0","0","","1400","2","4","0","0","0","0","0","2","0","4","03","03","N","","","","","","","","","","",""
"2023088839","0047","0","0","0","0","0","0","0","0","0","4","0","","67","09","2023","4","40.0008","-75.1434","0043","06","0","0","0","0","0","0","0","0","","0","0","0","00","3","3","01","","0","40 00:02.847","","00","75 08:36.194","4","0","0","0","67301","0","0","0","N","0","0","0","3","67301","3","","1","01","","N","N","N","0","","0","0","2","3","2","","0041","3","2","0","0","0","0","0","2","0","2","03","03","N","","","","","","","","","","",""
"2023086691","1430","0","0","0","0","0","0","0","0","0","6","0","","67","09","2023","5","39.9183","-75.2297","1430","06","0","0","0","0","0","0","0","0","","0","0","0","14","1","2","00","N","0","39 55:06.040","","00","75 13:46.820","4","0","0","0","67301","0","0","0","N","0","0","0","3","67301","2","","1","01","","N","N","N","0","","0","0","0","0","0","","1430","2","2","0","0","0","0","1","2","1","2","03","03","N","","","","","","","","","","",""
"2023089101","1024","0","0","0","0","0","0","0","0","0","7","0","","67","09","2023","6","40.0044","-75.2023","1024","06","0","0","0","0","0","0","0","0","","0","0","0","22","3","1","00","N","0","40 00:15.730","","00","75 12:08.390","8","0","0","0","67301","0","0","0","N","0","0","0","1","67301","0","","5","09","","N","N","N","1","","0","0","0","0","0","","2245","1","1","0","0","0","1","0","2","0","1","07","07","N","","","","","","","","","","",""
"2023087953","0142","0","0","0","0","0","0","0","0","0","7","0","","67","09","2023","6","40.0046","-75.1319","0140","06","0","0","0","0","0","0","0","0","","0","0","0","01","3","0","00","N","0","40 00:16.380","","00","75 07:54.690","9","0","0","0","67301","0","0","0","N","0","0","0","1","67301","0","","4","09","","N","N","N","0","","0","0","1","0","0","","0139","0","1","0","0","0","0","1","2","0","1","07","07","N","","","","","","","","","","",""
"2023098083","","0","0","0","0","0","0","0","0","0","1","0","","67","10","2023","1","","","","06","0","0","0","0","0","0","0","0","","0","0","0","16","1","1","00","N","0","","","00","","8","0","0","0","67301","0","0","0","N","0","0","0","2","00000","0","","1","01","","","","N","0","","0","0","1","0","0","","1604","1","2","0","0","0","1","0","1","0","2","03","","N","","","","","","","","","","",""
"2023090446","0900","1","0","0","0","0","0","0","0","0","1","0","","67","10","2023","3","40.0526","-75.2272","0855","06","0","0","0","0","0","0","1","0","","0","0","0","08","1","2","03","","0","40 03:09.467","","00","75 13:37.741","3","0","0","0","67301","0","0","0","N","0","0","0","2","67301","0","","1","01","","N","N","N","0","","2","0","0","3","2","","0845","2","2","0","0","0","0","0","2","1","2","03","03","N","","","","","","","","","","",""
"2023095880","1108","1","0","0","0","0","0","0","0","0","4","0","","67","10","2023","6","40.0001","-75.2157","1055","06","0","0","0","0","0","0","1","0","","0","0","0","09","1","1","00","N","0","40 00:00.370","","07","75 12:56.690","3","0","0","0","67301","0","0","0","N","0","0","0","2","67301","0","","1","01","","N","N","N","0","","1","0","1","0","0","","0957","1","2","0","0","1","0","0","2","0","2","03","","N","","","","","","","","","","",""
"2023094140","1610","0","0","0","0","0","0","0","0","0","4","0","","67","10","2023","5","40.0313","-75.0474","1602","06","0","0","0","0","0","1","0","0","","0","0","0","16","1","1","01","","0","40 01:52.838","","00","75 02:50.478","3","0","0","0","67301","0","0","0","N","0","0","0","3","67301","0","","1","01","","N","N","N","0","","1","0","2","3","3","","1602","1","2","0","0","0","0","0","2","0","2","03","04","N","","","","","","","","","","",""
"2023090012","1505","1","0","0","0","0","0","0","0","0","4","0","","67","10","2023","2","39.9705","-75.1526","1500","06","0","0","0","0","0","1","0","0","","0","0","0","14","1","1","01","","0","39 58:14.289","","00","75 09:09.223","3","0","0","0","67301","0","0","0","N","0","0","0","2","67301","0","","1","01","","N","N","N","0","","1","0","1","3","2","","1456","1","2","0","0","0","0","0","2","0","2","03","03","N","","","","","","","","","","",""
"2023091741","1540","2","0","0","0","0","0","0","0","0","4","0","","67","10","2023","6","39.955","-75.2382","1536","06","0","0","0","0","0","0","0","0","","0","0","0","14","1","1","01","","0","39 57:17.996","","00","75 14:17.404","8","0","0","0","67301","0","0","0","N","0","0","0","2","67301","0","","1","01","","N","N","N","0","","0","0","0","3","2","","1409","1","2","0","0","0","1","1","2","0","2","03","","N","","","","","","","","","","",""
"2023091649","0736","1","0","0","0","0","0","0","0","0","7","0","","67","10","2023","6","39.991","-75.153","0724","06","0","0","0","0","0","0","0","0","","0","0","0","05","5","0","00","N","0","39 59:27.530","","01","75 09:10.740","0","0","0","0","67301","0","0","0","N","0","0","0","1","67301","0","","4","01","","N","N","N","0","","0","0","0","0","0","","0545","0","1","0","0","0","0","0","2","0","1","03","03","N","","","","","","","","","","",""
"2023090694","2352","1","0","0","0","0","0","0","0","0","4","0","","67","10","2023","3","39.987","-75.1744","2351","06","0","0","0","0","0","0","0","0","","0","0","0","23","3","1","01","","0","39 59:13.275","","00","75 10:27.811","3","0","0","0","67301","0","0","0","N","0","0","0","2","67301","0","","1","01","","N","N","N","0","","1","0","1","3","2","","2325","1","2","0","0","0","0","1","2","0","2","03","03","N","","","","","","","","","","",""
"2023089537","0313","1","0","0","0","0","0","0","0","0","5","0","","67","10","2023","1","39.9502","-75.1409","0313","06","0","0","0","0","0","0","0","0","","0","0","0","03","3","0","00","N","0","39 57:00.664","","00","75 08:27.336","9","0","0","0","67301","0","0","0","N","0","0","0","2","67301","0","","1","01","","N","N","N","0","","0","0","1","0","0","","0313","0","2","0","0","0","0","1","2","0","2","03","03","N","","","","","","","","","","",""
"2023090814","2300","2","0","0","0","0","0","0","0","0","2","0","","67","10","2023","1","39.9964","-75.2068","2230","06","0","0","0","1","0","0","0","0","","0","0","0","22","3","2","00","N","0","39 59:47.130","","00","75 12:24.570","8","0","0","0","67301","0","0","0","N","0","0","0","2","67301","0","","1","01","","N","N","N","0","","0","0","0","0","0","","2230","2","2","0","0","0","2","0","2","0","2","03","03","N","","","","","","","","","","",""