"CRN","ARRIVAL_TM","AUTOMOBILE_COUNT","BELTED_DEATH_COUNT","BELTED_SUSP_SERIOUS_INJ_COUNT","BICYCLE_COUNT","BICYCLE_DEATH_COUNT","BICYCLE_SUSP_SERIOUS_INJ_COUNT","BUS_COUNT","CHLDPAS_DEATH_COUNT","CHLDPAS_SUSP_SERIOUS_INJ_COUNT","COLLISION_TYPE","COMM_VEH_COUNT","CONS_ZONE_SPD_LIM","COUNTY","CRASH_MONTH","CRASH_YEAR","DAY_OF_WEEK","DEC_LAT","DEC_LONG","DISPATCH_TM","DISTRICT","DRIVER_COUNT_16YR","DRIVER_COUNT_17YR","DRIVER_COUNT_18YR","DRIVER_COUNT_19YR","DRIVER_COUNT_20YR","DRIVER_COUNT_50_64YR","DRIVER_COUNT_65_74YR","DRIVER_COUNT_75PLUS","EST_HRS_CLOSED","FATAL_COUNT","HEAVY_TRUCK_COUNT","HORSE_BUGGY_COUNT","HOUR_OF_DAY","ILLUMINATION","INJURY_COUNT","INTERSECT_TYPE","INTERSECTION_RELATED","LANE_CLOSED","LATITUDE","LN_CLOSE_DIR","LOCATION_TYPE","LONGITUDE","MAX_SEVERITY_LEVEL","MCYCLE_DEATH_COUNT","MCYCLE_SUSP_SERIOUS_INJ_COUNT","MOTORCYCLE_COUNT","MUNICIPALITY","NONMOTR_COUNT","NONMOTR_DEATH_COUNT","NONMOTR_SUSP_SERIOUS_INJ_COUNT","NTFY_HIWY_MAINT","PED_COUNT","PED_DEATH_COUNT","PED_SUSP_SERIOUS_INJ_COUNT","PERSON_COUNT","POLICE_AGCY","POSSIBLE_INJ_COUNT","RDWY_SURF_TYPE_CD","RELATION_TO_ROAD","ROAD_CONDITION","ROADWAY_CLEARED","SCH_BUS_IND","SCH_ZONE_IND","SECONDARY_CRASH","SMALL_TRUCK_COUNT","SPEC_JURIS_CD","SUSP_MINOR_INJ_COUNT","SUSP_SERIOUS_INJ_COUNT","SUV_COUNT","TCD_FUNC_CD","TCD_TYPE","TFC_DETOUR_IND","TIME_OF_DAY","TOT_INJ_COUNT","TOTAL_UNITS","UNB_DEATH_COUNT","UNB_SUSP_SERIOUS_INJ_COUNT","UNBELTED_OCC_COUNT","UNK_INJ_DEG_COUNT","UNK_INJ_PER_COUNT","URBAN_RURAL","VAN_COUNT","VEHICLE_COUNT","WEATHER1","WEATHER2","WORK_ZONE_IND","WORK_ZONE_LOC","WORK_ZONE_TYPE","WORKERS_PRES","WZ_CLOSE_DETOUR","WZ_FLAGGER","WZ_LAW_OFFCR_IND","WZ_LN_CLOSURE","WZ_MOVING","WZ_OTHER","WZ_SHLDER_MDN","WZ_WORKERS_INJ_KILLED"
"2023091470","1230","2","0","0","0","0","0","0","0","0","4","0","","67","10","2023","6","40.07","-75.1627","1230","06","0","0","0","0","0","0","1","0","","0","0","0","12","1","0","01","","0","40 04:12.010","","00","75 09:45.872","0","0","0","0","67301","0","0","0","N","0","0","0","3","67301","0","","1","01","","N","N","N","0","","0","0","1","3","1","","1216","0","3","0","0","0","0","0","2","0","3","03","04","N","","","","","","","","","","",""
"2023091377","1700","0","0","0","0","0","0","0","0","0","1","0","","67","10","2023","4","40.0113","-75.2058","1700","06","0","0","0","0","0","1","0","0","","0","0","0","16","1","2","00","N","0","40 00:40.533","","03","75 12:20.940","4","0","0","0","67301","0","0","0","N","0","0","0","4","67301","2","","1","99","","N","N","N","0","","0","0","1","0","0","","1650","2","2","0","0","4","0","1","2","1","2","03","","N","","","","","","","","","","",""
"2023086490","1715","1","0","0","0","0","0","0","0","0","1","0","","67","09","2023","4","39.95","-75.2494","1705","06","0","0","0","0","0","0","0","0","","0","0","0","17","1","1","00","N","0","39 56:59.823","","00","75 14:57.904","3","0","0","0","67301","0","0","0","N","0","0","0","1","67301","0","","6","01","","N","N","N","0","","1","0","1","0","0","","1700","1","2","0","0","0","0","0","2","0","2","03","03","N","","","","","","","","","","",""
"2023087521","0023","0","0","0","0","0","0","0","0","0","8","0","","67","09","2023","6","40.0073","-75.0999","0023","06","0","0","0","0","0","0","0","0","","0","0","0","19","3","1","00","N","0","40 00:26.400","","00","75 05:59.500","3","0","0","0","67301","1","0","0","N","1","0","0","2","67301","0","","1","09","","N","N","N","0","","1","0","1","0","0","","1926","1","2","0","0","0","0","1","2","0","1","07","07","N","","","","","","","","","","",""
"2023088980","0619","3","0","0","0","0","0","0","0","0","1","0","","67","09","2023","4","40.0032","-75.0777","0551","06","0","0","0","0","0","2","0","0","","0","0","0","05","3","0","00","N","2","40 00:11.398","2","03","75 04:39.674","9","0","0","0","67301","0","0","0","N","0","0","0","4","68K01","0","","1","01","0644","N","N","N","0","","0","0","1","0","0","N","0544","0","4","0","0","0","0","2","2","0","4","03","","N","","","","","","","","","","",""
"2023113543","0820","0","0","0","0","0","0","0","0","0","8","0","","67","10","2023","6","40.0002","-75.1422","0815","06","0","0","1","0","0","0","0","0","","0","0","0","08","3","1","01","","0","40 00:00.801","","00","75 08:31.854","3","0","0","0","67301","1","0","0","N","1","0","0","2","67301","0","","1","01","","N","N","N","0","","1","0","1","3","2","","0814","1","2","0","0","0","0","0","2","0","1","04","04","N","","","","","","","","","","",""
"2023092054","2212","1","0","0","0","0","0","0","0","0","8","0","","67","10","2023","6","40.0146","-75.1567","2212","06","0","0","0","0","0","0","1","0","","0","0","0","22","3","1","01","","1","40 00:52.463","6","00","75 09:23.952","3","0","0","0","67301","1","0","0","N","1","0","0","2","67301","0","","1","01","0010","N","N","N","0","","1","0","0","3","1","N","2210","1","2","0","0","0","0","0","2","0","1","03","","N","","","","","","","","","","",""
"2023090320","1635","1","0","0","0","0","0","0","0","0","4","0","","67","10","2023","2","40.1336","-75.01","1620","06","1","0","0","1","0","0","1","0","","0","0","0","16","1","1","00","N","0","40 08:01.037","","07","75 00:35.989","3","0","0","0","67301","0","0","0","N","0","0","0","3","67301","0","","1","01","","N","N","N","0","","1","0","2","0","0","","1615","1","3","0","0","0","0","0","2","0","3","03","","N","","","","","","","","","","",""
"2023089648","1700","2","0","0","0","0","0","0","0","0","4","0","","67","10","2023","6","39.9727","-75.2041","1700","06","0","0","0","0","0","0","0","0","","0","0","0","16","1","2","01","","0","39 58:21.655","","00","75 12:14.608","3","0","0","0","67301","0","0","0","N","0","0","0","3","67301","0","","1","01","","N","N","N","0","","2","0","0","3","2","","1655","2","2","0","0","0","0","0","2","0","2","03","03","N","","","","","","","","","","",""
"2023092668","0922","1","0","0","0","0","0","0","0","0","1","0","","67","10","2023","4","40.0751","-75.0015","0915","06","0","0","0","0","0","0","0","0","","0","0","0","08","1","2","02","","0","40 04:30.980","","00","75 00:05.525","3","0","0","0","67301","0","0","0","N","0","0","0","2","67301","0","","1","01","","N","N","N","0","","2","0","1","3","2","","0821","2","2","0","0","0","0","0","2","0","2","03","03","N","","","","","","","","","","",""
"2023091374","2011","0","0","0","0","0","0","0","0","0","4","0","","67","10","2023","5","40.0477","-75.06","2002","06","0","0","0","0","0","0","0","0","","0","0","0","19","3","1","01","","2","40 02:51.581","2","00","75 03:35.828","8","0","0","1","67301","0","0","0","N","0","0","0","2","67301","0","","1","01","0130","N","N","N","0","","0","0","1","3","2","Y","1956","1","2","0","0","0","1","0","2","0","2","03","","N","","","","","","","","","","",""
"2023090019","0059","1","0","0","0","0","0","0","0","0","1","0","","67","10","2023","2","40.0075","-75.1901","0059","06","0","0","0","0","0","0","0","0","","0","0","0","00","3","0","00","N","0","40 00:27.160","","00","75 11:24.203","0","0","0","0","67301","0","0","0","N","0","0","0","1","67301","0","","6","01","","N","N","N","0","","0","0","0","0","0","","0030","0","2","0","0","0","0","0","2","0","2","03","03","N","","","","","","","","","","",""
"2023089277","0025","2","0","0","0","0","0","0","0","0","5","0","","67","09","2023","4","40.009","-75.1943","0016","06","0","0","0","0","0","0","0","0","","0","0","0","23","3","0","00","N","1","40 00:32.461","1","00","75 11:39.338","0","0","0","0","67301","0","0","0","N","0","0","0","1","67301","0","","6","01","0115","N","N","N","0","","0","0","1","0","0","Y","2306","0","3","0","0","1","0","0","2","0","3","03","03","N","","","","","","","","","","",""
"2023086975","2207","1","0","0","0","0","0","0","0","0","4","0","","67","09","2023","6","39.9267","-75.188","2207","06","0","0","0","0","0","0","0","0","","0","0","0","21","2","2","01","","0","39 55:36.233","","01","75 11:16.848","3","0","0","0","67301","0","0","0","N","0","0","0","4","67301","1","","1","09","","N","N","N","1","","1","0","0","3","3","","2159","2","2","0","0","0","0","0","2","0","2","07","07","N","","","","","","","","","","",""
"2023089542","0558","1","0","0","0","0","0","0","0","0","1","0","","67","10","2023","1","40.0408","-75.0511","0548","06","0","0","0","0","0","0","0","0","","0","0","0","05","3","0","00","N","0","40 02:27.010","","00","75 03:03.870","9","0","0","0","67301","0","0","0","N","0","0","0","1","67301","0","","6","01","","N","N","N","0","","0","0","1","0","0","","0545","0","2","0","0","0","0","1","2","0","2","03","03","N","","","","","","","","","","",""
"2023090328","0539","1","0","0","0","0","0","0","0","0","4","0","","67","10","2023","2","40.0306","-75.1465","0538","06","0","0","0","0","0","3","0","0","","0","0","0","05","3","1","01","","1","40 01:50.134","4","00","75 08:47.748","3","0","0","0","67301","0","0","0","N","0","0","0","3","67301","0","","1","01","0640","N","N","N","0","","1","0","2","3","2","N","0538","1","3","0","0","0","0","0","2","0","3","03","03","N","","","","","","","","","","",""
"2023093576","1257","0","0","0","0","0","0","0","0","0","1","0","","67","10","2023","5","39.9787","-75.2031","1239","06","0","0","0","0","0","0","0","0","","0","0","0","12","1","1","00","N","0","39 58:43.479","","00","75 12:11.307","8","0","0","0","67301","0","0","0","N","0","0","0","3","68K01","0","","1","01","","N","N","N","0","","0","0","1","0","0","","1234","1","2","0","0","0","1","1","2","1","2","03","03","N","","","","","","","","","","",""
"2023091098","1101","0","0","0","0","0","0","0","0","0","7","0","","67","10","2023","4","40.1164","-75.0146","1101","06","0","0","0","0","0","0","0","1","","0","0","0","11","1","1","00","N","0","40 06:59.120","","00","75 00:52.440","3","0","0","0","67301","0","0","0","N","0","0","0","1","67301","0","","5","01","","N","N","N","0","","1","0","1","0","0","","1101","1","1","0","0","0","0","0","2","0","1","03","03","N","","","","","","","","","","",""
"2023086874","0642","1","0","0","0","0","0","0","0","0","4","0","","67","09","2023","4","40.0909","-75.0259","0637","06","0","0","0","0","0","0","0","0","","0","0","0","06","1","2","01","","0","40 05:27.275","","00","75 01:33.366","3","0","0","0","67301","0","0","0","N","0","0","0","5","67301","1","","1","01","","N","N","N","0","","1","0","2","3","3","","0635","2","3","0","0","0","0","0","2","0","3","03","03","N","","","","","","","","","","",""
"2023086047","1850","1","0","0","0","0","0","0","0","0","4","0","","67","09","2023","3","39.9055","-75.1741","1848","06","0","0","0","0","0","0","0","0","","0","0","0","18","4","0","01","","1","39 54:19.877","4","00","75 10:26.893","0","0","0","0","67301","0","0","0","N","0","0","0","3","67301","0","","1","01","0030","N","N","N","0","","0","0","1","3","2","N","1843","0","2","0","0","0","0","0","2","0","2","03","03","N","","","","","","","","","","",""
"2023086474","1458","2","0","0","0","0","0","0","0","0","5","0","","67","09","2023","4","39.9278","-75.1523","1450","06","0","0","0","0","0","0","1","0","","0","0","0","12","1","1","00","N","2","39 55:39.960","2","00","75 09:08.110","3","0","0","0","67301","0","0","0","N","0","0","0","2","67301","0","","6","01","1550","N","N","N","0","","1","0","2","0","0","Y","1230","1","4","0","0","0","0","0","2","0","4","03","","N","","","","","","","","","","",""
"2023073464","0229","0","0","0","0","0","0","0","0","0","7","0","","67","08","2023","1","39.9795","-75.1578","0229","06","0","0","0","0","0","0","0","0","","0","0","0","02","3","1","00","N","1","39 58:46.306","2","00","75 09:27.925","8","0","0","0","67301","0","0","0","N","0","0","0","1","67505","0","","3","01","0335","N","N","N","0","","0","0","1","0","0","N","0225","1","2","0","0","0","1","0","2","0","1","03","03","N","","","","","","","","","","",""
"2023086485","1326","1","0","0","0","0","0","0","0","0","4","0","","67","09","2023","4","40.0126","-75.0732","1326","06","0","0","0","0","0","1","0","0","","0","0","0","13","1","4","01","","0","40 00:45.188","","00","75 04:23.599","3","0","0","0","67301","0","0","0","N","0","0","0","4","67301","1","","1","01","","N","N","N","0","","3","0","1","3","2","","1320","4","2","0","0","3","0","0","2","0","2","03","03","N","","","","","","","","","","",""
"2023092036","1900","1","0","0","0","0","0","0","0","0","4","0","","67","10","2023","6","39.9137","-75.1477","1831","06","0","0","0","0","0","0","0","0","","0","0","0","16","1","1","02","","0","39 54:49.741","","00","75 08:51.624","4","0","0","0","67301","0","0","0","N","0","0","0","3","67301","1","","1","01","","N","N","N","0","","0","0","1","0","0","","1600","1","2","0","0","0","0","1","2","0","2","03","03","N","","","","","","","","","","",""
"2023089096","1735","1","0","0","0","0","0","0","0","0","4","0","","67","10","2023","6","40.0031","-75.0788","1727","06","0","0","0","0","0","0","0","0","","0","0","0","17","1","1","00","N","0","40 00:11.170","","07","75 04:43.700","8","0","0","1","67301","0","0","0","N","0","0","0","2","67301","0","","1","01","","N","N","N","0","","0","0","1","0","0","","1718","1","3","0","0","0","1","0","2","0","3","04","","N","","","","","","","","","","",""
"2023090645","0328","2","0","0","0","0","0","0","0","0","5","0","","67","10","2023","7","40.0075","-75.2004","0324","06","0","0","0","0","0","0","0","0","","0","0","0","03","3","0","00","N","0","40 00:27.051","","00","75 12:01.422","0","0","0","0","67301","0","0","0","N","0","0","0","3","68K01","0","","1","01","","N","N","N","0","","0","0","0","0","0","","0302","0","2","0","0","0","0","0","2","0","2","03","","N","","","","","","","","","","",""
"2023091740","0015","1","0","0","0","0","0","0","0","0","1","0","","67","10","2023","6","39.9485","-75.2185","0013","06","0","0","0","0","0","0","0","0","","0","0","0","00","3","2","00","N","0","39 56:54.466","","00","75 13:06.640","3","0","0","0","67301","0","0","0","N","0","0","0","2","67301","0","","6","01","","N","N","N","0","","1","0","3","0","0","","0011","2","4","0","0","0","1","0","2","0","4","03","03","N","","","","","","","","","","",""
"2023089902","1025","0","0","0","0","0","0","0","0","0","4","0","","67","10","2023","1","39.9299","-75.1444","1020","06","0","0","0","0","0","0","0","0","","0","0","0","10","1","0","02","","1","39 55:47.711","2","00","75 08:40.000","9","0","0","0","67301","0","0","0","N","0","0","0","3","67301","0","","1","01","1125","N","N","N","0","","0","0","2","3","2","N","1015","0","3","0","0","0","0","1","2","0","3","03","","N","","","","","","","","","","",""
"2023093570","0716","1","0","0","0","0","0","0","0","0","7","0","","67","10","2023","4","40.0362","-75.0156","0655","06","0","0","0","0","0","0","1","1","","0","0","0","06","1","1","00","N","1","40 02:10.240","1","03","75 00:56.081","3","0","0","0","67301","0","0","0","N","0","0","0","3","68K01","0","","3","01","0738","N","N","N","0","","1","0","1","0","0","N","0654","1","2","0","0","0","0","0","2","0","2","03","03","N","","","","","","","","","","",""
"2023091739","1630","0","0","0","0","0","0","0","0","0","8","0","","67","10","2023","6","40.0396","-75.0458","1630","06","0","0","0","0","0","0","0","0","","0","0","0","16","1","1","01","","0","40 02:22.384","","00","75 02:44.945","3","0","0","0","67301","1","0","0","N","1","0","0","2","67301","0","","1","01","","N","N","N","0","","1","0","0","3","2","","1630","1","2","0","0","0","0","0","2","0","1","03","03","N","","","","","","","","","","",""
"2023090324","2000","1","0","0","0","0","0","0","0","0","8","0","","67","10","2023","2","40.0577","-75.1661","2000","06","0","0","0","0","0","0","0","1","","0","0","0","19","4","1","05","","0","40 03:27.557","","00","75 09:57.853","3","0","0","0","67301","1","0","0","N","1","0","0","2","67301","0","","1","01","","N","N","N","0","","1","0","0","3","2","","1906","1","2","0","0","0","0","0","2","0","1","03","04","N","","","","","","","","","","",""
"2023090321","1405","1","0","0","0","0","0","0","0","0","1","0","","67","10","2023","2","40.0459","-74.9946","1400","06","0","0","0","0","0","1","0","0","","0","0","0","13","1","2","01","","1","40 02:45.118","6","00","74 59:40.643","4","0","0","0","67301","0","0","0","N","0","0","0","5","67301","2","","1","01","1545","N","N","N","2","","0","0","0","3","2","N","1349","2","4","0","0","1","0","0","2","0","4","03","03","N","","","","","","","","","","",""
"2023096358","1500","0","0","0","0","0","0","0","0","0","8","0","","67","10","2023","4","39.9463","-75.1957","1450","06","0","0","0","0","0","0","0","0","","0","0","0","14","1","1","00","N","1","39 56:46.740","3","00","75 11:44.430","8","0","0","0","67301","1","0","0","N","1","0","0","2","67504","0","","1","01","1530","N","N","N","0","","0","0","1","0","0","Y","1445","1","2","0","0","0","1","0","2","0","1","03","","N","","","","","","","","","","",""
"2023089547","1240","2","0","0","0","0","0","0","0","0","1","0","","67","09","2023","4","39.9801","-75.2465","1230","06","0","0","0","0","0","1","0","0","","0","0","0","12","1","1","00","N","0","39 58:48.330","","00","75 14:47.303","2","0","0","0","67301","0","0","0","N","0","0","0","2","67301","0","","1","01","","N","N","N","0","","0","1","0","0","0","","1229","1","2","0","0","0","0","0","2","0","2","03","03","N","","","","","","","","","","",""
"2023088457","1023","1","0","0","0","0","0","0","0","0","4","0","","67","09","2023","6","40.0059","-75.0945","1022","06","0","0","0","0","0","1","0","0","","0","0","0","10","1","1","00","N","0","40 00:21.289","","07","75 05:40.205","2","0","0","0","67301","0","0","0","N","0","0","0","2","67301","0","","1","01","","N","Y","N","0","","0","1","1","0","0","","1021","1","2","0","0","0","0","0","2","0","2","03","04","N","","","","","","","","","","",""
"2023086492","2310","3","0","0","0","0","0","0","0","0","5","0","","67","09","2023","4","39.9732","-75.2276","2305","06","0","0","0","0","0","0","0","0","","0","0","0","23","3","0","00","N","0","39 58:23.600","","00","75 13:39.400","0","0","0","0","67301","0","0","0","N","0","0","0","4","67301","0","","6","01","","N","N","N","0","","0","0","1","0","0","","2305","0","4","0","0","0","0","0","2","0","4","03","03","N","","","","","","","","","","",""
"2023086784","1654","0","0","0","0","0","0","0","0","0","5","1","","67","09","2023","4","39.9053","-75.1947","1631","06","0","0","0","0","0","0","0","0","","0","0","0","16","1","1","00","N","0","39 54:19.018","","00","75 11:41.043","3","0","0","0","67301","0","0","0","N","0","0","0","6","67301","0","","1","01","","N","N","N","0","","1","0","1","0","0","","1621","1","3","0","0","4","0","0","2","1","3","03","","N","","","","","","","","","","",""
"2023118359","0042","1","0","0","0","0","0","0","0","0","8","0","","67","12","2023","4","39.9794","-75.2253","0040","06","0","0","0","0","0","0","0","0","","1","0","0","00","3","0","01","","2","39 58:45.886","1","00","75 13:31.197","1","0","0","0","67301","1","1","0","N","1","1","0","2","67301","0","2","1","01","0230","N","N","N","0","0","0","0","0","3","2","Y","0038","0","2","0","0","0","0","0","2","0","1","03","03","N","","","","","","","","","","",""
"2023093876","0829","2","0","0","0","0","0","0","0","0","4","0","","67","10","2023","3","39.9535","-75.2067","0829","06","0","0","0","0","0","2","0","0","","0","0","0","08","1","0","01","","0","39 57:12.420","","00","75 12:24.004","0","0","0","0","67301","0","0","0","N","0","0","0","3","67504","0","","1","01","","N","N","N","0","","0","0","0","3","3","","0829","0","2","0","0","3","0","0","2","0","2","03","03","N","","","","","","","","","","",""
"2023092039","1305","2","0","0","0","0","0","0","0","0","4","0","","67","10","2023","5","39.9169","-75.216","1300","06","0","0","0","0","1","1","0","0","","0","0","0","12","1","1","02","","0","39 55:00.909","","00","75 12:57.493","8","0","0","0","67301","0","0","0","N","0","0","0","3","67301","0","","1","01","","N","N","N","0","","0","0","0","3","2","","1246","1","2","0","0","0","1","0","2","0","2","03","03","N","","","","","","","","","","",""
"2023090812","1231","1","0","0","0","0","0","0","0","0","4","0","","67","10","2023","1","40.008","-75.0732","1224","06","0","0","0","0","0","0","0","0","","0","0","0","13","1","2","00","N","0","40 00:28.955","","07","75 04:23.696","3","0","0","0","67301","0","0","0","N","0","0","0","3","67301","0","","1","01","","N","N","N","0","","2","0","1","0","0","","1300","2","2","0","0","0","0","1","2","0","2","03","","N","","","","","","","","","","",""
"2023090444","1715","0","0","0","1","0","0","0","0","0","8","0","","67","10","2023","3","39.9244","-75.1701","1651","06","0","0","0","0","0","0","0","0","","0","0","0","16","1","1","00","N","0","39 55:27.955","","00","75 10:12.267","3","0","0","0","67301","1","0","0","N","0","0","0","2","67301","0","","1","01","","N","N","N","0","","1","0","0","0","0","","1615","1","2","0","0","0","0","0","2","0","1","03","03","N","","","","","","","","","","",""
"2023091199","1847","1","0","0","1","0","0","0","0","0","8","0","","67","10","2023","5","39.921","-75.2289","1844","06","0","0","0","0","0","0","0","0","","0","0","0","18","3","1","01","","0","39 55:15.723","","00","75 13:44.082","3","0","0","0","67301","1","0","0","N","0","0","0","2","67301","0","","1","01","","N","N","N","0","","1","0","0","3","2","","1832","1","2","0","0","0","0","1","2","0","1","03","03","N","","","","","","","","","","",""
"2023090807","1515","1","0","0","0","0","0","0","0","0","4","0","","67","10","2023","3","39.9453","-75.1516","1515","06","0","0","0","0","0","0","0","2","","0","0","0","12","1","0","01","","0","39 56:43.184","","00","75 09:05.860","0","0","0","0","67301","0","0","0","N","0","0","0","2","67301","0","","1","01","","N","N","N","0","","0","0","1","3","2","","1200","0","2","0","0","0","0","0","2","0","2","03","03","N","","","","","","","","","","",""
"2023087522","0008","1","0","0","0","0","0","0","0","0","4","0","","67","09","2023","5","39.9688","-75.1362","0003","06","0","0","0","0","0","0","0","0","","0","0","0","23","3","0","01","","2","39 58:08.112","4","01","75 08:10.333","0","0","0","0","67301","0","0","0","N","0","0","0","4","67301","0","","1","09","0120","N","N","N","0","","0","0","1","3","2","Y","2344","0","2","0","0","0","0","0","2","0","2","07","","N","","","","","","","","","","",""
"2023086491","1650","3","0","0","0","0","0","0","0","0","2","0","","67","09","2023","4","39.9528","-75.2264","1648","06","0","0","0","0","0","1","0","0","","0","0","0","16","1","2","00","N","1","39 57:09.969","2","00","75 13:34.949","8","0","0","0","67301","0","0","0","N","0","0","0","3","67301","0","","1","01","1720","N","N","N","0","","0","0","0","0","0","N","1638","2","3","0","0","0","2","1","2","0","3","03","03","N","","","","","","","","","","",""
"2023088837","1934","1","0","0","0","0","0","0","0","0","4","0","","67","09","2023","4","39.9911","-75.2479","1836","06","0","0","0","0","1","0","0","0","","0","0","0","18","1","1","01","","0","39 59:27.954","","00","75 14:52.478","3","0","0","0","67301","0","0","0","N","0","0","0","2","67301","0","","1","01","","N","N","N","0","","1","0","1","3","2","","1833","1","2","0","0","0","0","0","2","0","2","03","03","N","","","","","","","","","","",""
"2023086875","1615","2","0","0","0","0","0","0","0","0","5","0","","67","09","2023","4","40.0997","-75.0106","1605","06","0","0","0","0","0","1","1","0","","0","0","0","16","1","1","00","N","0","40 05:59.040","","00","75 00:38.070","3","0","0","0","67301","0","0","0","N","0","0","0","4","67301","0","","1","01","","N","N","N","0","","1","0","0","0","0","","1600","1","2","0","0","0","0","0","2","0","2","03","03","N","","","","","","","","","","",""
"2023089012","0825","1","0","0","0","0","0","0","0","0","4","0","","67","10","2023","6","40.0464","-75.1853","0825","06","0","0","0","0","0","1","0","0","","0","0","0","07","1","0","01","","0","40 02:47.022","","00","75 11:07.029","0","0","0","0","67301","0","0","0","N","0","0","0","2","67301","0","","1","01","","N","N","N","0","","0","0","1","3","3","","0754","0","2","0","0","0","0","0","2","0","2","03","04","N","","","","","","","","","","",""
"2023090448","1427","1","0","0","0","0","0","0","0","0","8","0","","67","10","2023","6","40.1019","-75.0398","1424","06","0","0","0","0","0","0","1","0","","0","0","0","14","1","1","01","","0","40 06:06.699","","00","75 02:23.119","8","0","0","0","67301","1","0","0","N","1","0","0","2","67301","0","","1","01","","N","N","N","0","","0","0","0","3","2","","1422","1","2","0","0","0","1","0","2","0","1","03","","N","","","","","","","","","","",""
"2023089652","1810","1","0","0","0","0","0","0","0","0","4","0","","67","10","2023","7","39.9755","-75.1909","1804","06","0","0","0","0","0","1","0","0","","0","0","0","18","1","1","01","","0","39 58:31.661","","00","75 11:27.249","3","0","0","0","67301","0","0","0","N","0","0","0","2","67301","0","","1","01","","N","N","N","0","","1","0","1","0","0","","1802","1","2","0","0","0","0","0","2","0","2","03","03","N","","","","","","","","","","",""
"2023092051","1136","0","0","0","0","0","0","0","0","0","4","0","","67","10","2023","5","40.0204","-75.1521","1136","06","0","0","0","0","0","1","0","0","","0","0","0","11","1","3","01","","0","40 01:13.453","","00","75 09:07.586","3","0","0","0","67301","0","0","0","N","0","0","0","3","67301","1","","1","01","","N","N","N","0","","2","0","2","3","2","","1130","3","2","0","0","0","0","0","2","0","2","03","03","N","","","","","","","","","","",""
"2023086887","0017","1","0","0","0","0","0","0","0","0","4","0","","67","09","2023","5","40.0249","-75.1478","0015","06","0","0","0","0","0","0","0","0","","0","0","0","23","3","1","00","N","0","40 01:29.568","","07","75 08:52.202","3","0","0","0","67301","0","0","0","N","0","0","0","4","67301","0","","1","09","","N","N","N","0","","1","0","2","0","0","","2350","1","3","0","0","0","0","0","2","0","3","07","07","N","","","","","","","","","","",""
"2023087300","","1","0","0","0","0","0","0","0","0","1","0","","67","09","2023","4","39.9531","-75.1817","","06","0","0","0","0","0","0","0","0","","0","0","0","16","1","1","00","N","0","39 57:11.237","","00","75 10:54.215","8","0","0","0","67301","0","0","0","N","0","0","0","2","00000","0","","1","01","","","","N","0","","0","0","1","0","0","","1615","1","2","0","0","2","1","0","2","0","2","03","","N","","","","","","","","","","",""
"2023089650","1355","1","0","0","0","0","0","0","0","0","4","0","","67","10","2023","1","39.9556","-75.2146","1350","06","0","0","0","0","0","0","1","0","","0","0","0","13","1","1","01","","0","39 57:20.208","","00","75 12:52.533","3","0","0","0","67301","0","0","0","N","0","0","0","2","67301","0","","1","01","","N","N","N","0","","1","0","1","3","2","","1348","1","2","0","0","0","0","0","2","0","2","03","03","N","","","","","","","","","","",""
"2023091107","1710","0","0","0","0","0","0","0","0","0","7","0","","67","10","2023","3","39.9897","-75.1198","1710","06","0","0","0","0","0","0","0","0","","0","0","0","17","1","1","00","N","0","39 59:22.900","","00","75 07:11.200","3","0","0","0","67301","0","0","0","N","0","0","0","1","67301","0","","5","01","","N","N","N","0","","1","0","1","0","0","","1705","1","1","0","0","1","0","0","2","0","1","03","04","N","","","","","","","","","","",""
"2023090323","0200","1","0","0","0","0","0","0","0","0","5","0","","67","10","2023","3","39.8957","-75.2162","0200","06","0","0","0","0","0","1","0","0","","0","0","0","00","3","0","00","N","2","39 53:44.354","7","03","75 12:58.376","9","0","0","0","67301","0","0","0","N","0","0","0","2","67301","0","","1","01","0130","N","N","N","1","","0","0","0","0","0","N","0045","0","2","0","0","0","0","1","2","0","2","03","03","N","","","","","","","","","","",""
"2023086984","2020","1","0","0","0","0","0","0","0","0","8","0","","67","09","2023","4","39.9946","-75.1599","2020","06","0","0","0","0","0","0","0","0","","0","0","0","20","3","1","05","","0","39 59:40.624","","00","75 09:35.586","2","0","0","0","67301","1","0","1","N","1","0","1","2","67301","0","","1","01","","N","N","N","0","","0","1","0","3","2","","2019","1","2","0","0","1","0","0","2","0","1","03","","N","","","","","","","","","","",""
"2023088733","1922","1","0","0","0","0","0","0","0","0","4","0","","67","09","2023","5","40.0102","-75.0981","1922","06","0","0","0","0","0","0","0","0","","0","0","0","19","3","0","01","","1","40 00:36.834","2","00","75 05:53.119","0","0","0","0","67301","0","0","0","N","0","0","0","2","67301","0","","1","01","2000","N","N","N","0","","0","0","1","3","2","N","1909","0","2","0","0","0","0","0","2","0","2","04","03","N","","","","","","","","","","",""
"2023111148","0838","0","0","0","0","0","0","0","0","0","4","0","","67","09","2023","4","40.0059","-75.1135","0833","06","0","0","0","0","0","0","0","0","","0","0","0","08","1","1","01","","0","40 00:21.351","","00","75 06:48.588","8","0","0","1","67301","0","0","0","N","0","0","0","2","67301","0","","1","01","","N","N","N","0","","0","0","1","3","2","","0827","1","2","0","0","0","1","0","2","0","2","03","","N","","","","","","","","","","",""