"CRN","ARRIVAL_TM","AUTOMOBILE_COUNT","BELTED_DEATH_COUNT","BELTED_SUSP_SERIOUS_INJ_COUNT","BICYCLE_COUNT","BICYCLE_DEATH_COUNT","BICYCLE_SUSP_SERIOUS_INJ_COUNT","BUS_COUNT","CHLDPAS_DEATH_COUNT","CHLDPAS_SUSP_SERIOUS_INJ_COUNT","COLLISION_TYPE","COMM_VEH_COUNT","CONS_ZONE_SPD_LIM","COUNTY","CRASH_MONTH","CRASH_YEAR","DAY_OF_WEEK","DEC_LAT","DEC_LONG","DISPATCH_TM","DISTRICT","DRIVER_COUNT_16YR","DRIVER_COUNT_17YR","DRIVER_COUNT_18YR","DRIVER_COUNT_19YR","DRIVER_COUNT_20YR","DRIVER_COUNT_50_64YR","DRIVER_COUNT_65_74YR","DRIVER_COUNT_75PLUS","EST_HRS_CLOSED","FATAL_COUNT","HEAVY_TRUCK_COUNT","HORSE_BUGGY_COUNT","HOUR_OF_DAY","ILLUMINATION","INJURY_COUNT","INTERSECT_TYPE","INTERSECTION_RELATED","LANE_CLOSED","LATITUDE","LN_CLOSE_DIR","LOCATION_TYPE","LONGITUDE","MAX_SEVERITY_LEVEL","MCYCLE_DEATH_COUNT","MCYCLE_SUSP_SERIOUS_INJ_COUNT","MOTORCYCLE_COUNT","MUNICIPALITY","NONMOTR_COUNT","NONMOTR_DEATH_COUNT","NONMOTR_SUSP_SERIOUS_INJ_COUNT","NTFY_HIWY_MAINT","PED_COUNT","PED_DEATH_COUNT","PED_SUSP_SERIOUS_INJ_COUNT","PERSON_COUNT","POLICE_AGCY","POSSIBLE_INJ_COUNT","RDWY_SURF_TYPE_CD","RELATION_TO_ROAD","ROAD_CONDITION","ROADWAY_CLEARED","SCH_BUS_IND","SCH_ZONE_IND","SECONDARY_CRASH","SMALL_TRUCK_COUNT","SPEC_JURIS_CD","SUSP_MINOR_INJ_COUNT","SUSP_SERIOUS_INJ_COUNT","SUV_COUNT","TCD_FUNC_CD","TCD_TYPE","TFC_DETOUR_IND","TIME_OF_DAY","TOT_INJ_COUNT","TOTAL_UNITS","UNB_DEATH_COUNT","UNB_SUSP_SERIOUS_INJ_COUNT","UNBELTED_OCC_COUNT","UNK_INJ_DEG_COUNT","UNK_INJ_PER_COUNT","URBAN_RURAL","VAN_COUNT","VEHICLE_COUNT","WEATHER1","WEATHER2","WORK_ZONE_IND","WORK_ZONE_LOC","WORK_ZONE_TYPE","WORKERS_PRES","WZ_CLOSE_DETOUR","WZ_FLAGGER","WZ_LAW_OFFCR_IND","WZ_LN_CLOSURE","WZ_MOVING","WZ_OTHER","WZ_SHLDER_MDN","WZ_WORKERS_INJ_KILLED"
"2023113246","1030","1","0","0","0","0","0","0","0","0","4","0","","67","12","2023","4","40.0058","-75.097","1029","06","0","0","1","0","0","0","0","0","","0","0","0","10","1","1","01","","0","40 00:20.957","","00","75 05:49.283","3","0","0","0","67301","0","0","0","N","0","0","0","2","67301","0","","1","01","","N","N","N","0","","1","0","1","3","2","","1026","1","2","0","0","0","0","0","2","0","2","03","03","N","","","","","","","","","","",""
"2023106773","1522","1","0","0","0","0","0","0","0","0","4","0","","67","11","2023","5","40.0414","-75.049","1514","06","0","0","1","0","0","0","1","0","","0","0","0","14","1","1","01","","0","40 02:29.198","","00","75 02:56.419","3","0","0","0","67301","0","0","0","N","0","0","0","2","67301","0","","1","01","","N","N","N","0","","1","0","1","3","2","","1454","1","2","0","0","0","0","0","2","0","2","03","03","N","","","","","","","","","","",""
"2023103842","2030","0","0","0","0","0","0","0","0","0","8","0","","67","11","2023","5","39.9642","-75.1644","2020","06","0","0","0","0","0","1","0","0","","0","0","0","20","3","1","01","","0","39 57:51.112","","00","75 09:51.739","3","0","0","0","67301","1","0","0","N","1","0","0","2","67301","0","","1","01","","N","N","N","0","","1","0","0","3","3","","2015","1","2","0","0","0","0","0","2","1","1","03","03","N","","","","","","","","","","",""
"2023117177","2045","1","0","0","0","0","0","0","0","0","8","0","","67","11","2023","4","39.953","-75.1685","2023","06","0","0","0","0","0","0","0","0","","0","0","0","18","3","1","01","","0","39 57:10.744","","00","75 10:06.427","8","0","0","0","67301","1","0","0","N","1","0","0","2","67301","0","","1","01","","N","N","N","0","","0","0","0","3","2","","1849","1","2","0","0","0","1","0","2","0","1","03","","N","","","","","","","","","","",""
"2023102593","0215","1","0","0","0","0","0","0","0","0","4","0","","67","11","2023","6","39.9449","-75.1598","0210","06","0","0","0","0","0","1","0","0","","0","0","0","02","3","0","01","","0","39 56:41.647","","00","75 09:35.256","0","0","0","0","67301","0","0","0","N","0","0","0","2","67301","0","","1","01","","N","N","N","0","","0","0","1","3","2","","0203","0","2","0","0","0","0","0","2","0","2","03","","N","","","","","","","","","","",""
"2023108724","0840","2","0","0","0","0","0","0","0","0","1","0","","67","11","2023","5","39.9662","-75.2301","0830","06","0","0","0","0","0","0","0","0","","0","0","0","02","3","0","00","N","0","39 57:58.210","","00","75 13:48.500","9","0","0","0","67301","0","0","0","N","0","0","0","1","67301","0","","6","01","","N","N","N","0","","0","0","0","0","0","","0230","0","2","0","0","0","0","1","2","0","2","03","03","N","","","","","","","","","","",""
"2023108488","0958","1","0","0","0","0","0","0","0","0","1","0","","67","11","2023","5","39.9603","-75.141","0942","06","0","0","0","0","1","1","0","0","","0","0","0","09","1","0","00","N","0","39 57:37.258","","02","75 08:27.640","0","0","0","0","67301","0","0","0","N","0","0","0","2","68K01","0","","1","01","","N","N","N","0","","0","0","1","0","0","","0941","0","2","0","0","0","0","0","2","0","2","03","03","N","","","","","","","","","","",""
"2023118987","1825","1","0","0","0","0","0","0","0","0","4","0","","67","12","2023","3","40.0229","-75.137","1825","06","0","0","1","0","0","0","0","0","","0","0","0","18","3","2","01","","0","40 01:22.541","","00","75 08:13.158","3","0","0","0","67301","0","0","0","N","0","0","0","3","67301","0","","1","01","","N","N","N","0","","2","0","1","3","2","","1824","2","2","0","0","0","0","0","2","0","2","03","03","N","","","","","","","","","","",""
"2023099640","1653","2","0","0","0","0","0","0","0","0","1","0","","67","11","2023","6","39.9439","-75.2303","1653","06","0","0","0","0","0","0","0","0","","0","0","0","15","1","0","00","N","0","39 56:37.900","","00","75 13:49.100","0","0","0","0","67301","0","0","0","N","0","0","0","1","67301","0","","6","01","","N","N","Y","1","","0","0","1","0","0","","1525","0","4","0","0","1","0","0","2","0","4","03","03","N","","","","","","","","","","",""
"2023098984","0736","0","0","0","0","0","0","0","0","0","1","0","","67","11","2023","5","40.0877","-75.0424","0725","06","0","0","0","0","1","0","0","0","","0","0","0","07","1","1","00","N","1","40 05:15.629","3","00","75 02:32.491","3","0","0","1","67301","0","0","0","N","0","0","0","4","67301","0","","1","01","0800","N","N","N","0","","1","0","1","0","0","N","0714","1","2","0","0","0","0","0","2","0","2","03","","N","","","","","","","","","","",""
"2023098505","0114","1","0","0","0","0","0","0","0","0","1","0","","67","11","2023","4","40.0067","-75.0832","0114","06","0","0","0","0","0","0","0","0","","0","0","0","01","3","1","00","N","2","40 00:24.298","5","00","75 04:59.499","3","0","0","0","67301","0","0","0","N","0","0","0","1","67301","0","","1","09","0245","N","N","N","1","","1","0","0","0","0","Y","0110","1","2","0","0","0","0","0","2","0","2","07","04","N","","","","","","","","","","",""
"2023118811","0559","1","0","0","0","0","0","0","0","0","7","0","","67","12","2023","2","40.0598","-75.1334","0558","06","0","0","0","0","0","0","0","0","","0","0","0","05","3","1","01","","0","40 03:35.262","","00","75 08:00.324","2","0","0","0","67301","0","0","0","N","0","0","0","1","67301","0","","5","09","","N","N","N","0","","0","1","0","3","2","","0518","1","1","0","0","0","0","0","2","0","1","05","","N","","","","","","","","","","",""
"2023104199","1645","1","0","0","0","0","0","0","0","0","1","0","","67","11","2023","1","40.0184","-75.0472","1626","06","0","0","0","0","0","0","0","0","","0","0","0","16","1","0","00","N","0","40 01:06.326","","00","75 02:49.756","0","0","0","0","67301","0","0","0","N","0","0","0","2","68K01","0","","1","01","","N","N","N","0","","0","0","1","0","0","","1610","0","2","0","0","1","0","0","2","0","2","03","03","N","","","","","","","","","","",""
"2023119052","1400","1","0","0","0","0","0","0","0","0","5","1","","67","12","2023","4","40.0041","-75.1806","1351","06","0","0","0","0","0","0","0","0","","0","1","0","13","1","1","00","N","1","40 00:14.607","4","00","75 10:50.079","3","0","0","0","67301","0","0","0","N","0","0","0","2","67301","0","","1","09","1411","N","N","N","0","","1","0","0","0","0","N","1349","1","2","0","0","0","0","0","2","0","2","07","04","N","","","","","","","","","","",""
"2023101659","0513","0","0","0","0","0","0","0","0","0","7","0","","67","11","2023","4","40.1068","-75.027","0510","06","0","0","0","0","0","0","0","0","","0","0","0","05","3","1","00","N","1","40 06:24.443","2","00","75 01:37.247","3","0","0","0","67301","0","0","0","N","0","0","0","1","67301","0","","4","01","1100","N","Y","N","0","","1","0","1","0","0","Y","0508","1","2","0","0","0","0","0","2","0","1","03","","N","","","","","","","","","","",""
"2023118547","0519","2","0","0","0","0","0","0","0","0","4","0","","67","12","2023","4","39.9721","-75.1647","0519","06","0","0","0","0","0","0","0","0","","0","0","0","05","3","2","00","N","1","39 58:19.719","4","00","75 09:53.043","3","0","0","0","67301","0","0","0","N","0","0","0","2","67301","0","","6","09","0700","N","N","N","0","","1","0","1","0","0","N","0519","2","3","0","0","2","1","0","2","0","3","07","07","N","","","","","","","","","","",""
"2023114991","1330","2","0","0","0","0","0","0","0","0","4","0","","67","11","2023","1","40.0086","-75.0835","1323","06","0","0","0","0","0","0","0","0","","0","0","0","13","1","1","01","","0","40 00:30.595","","00","75 05:01.611","4","0","0","0","67301","0","0","0","N","0","0","0","3","67508","1","","1","01","","","","N","0","","0","0","0","3","2","","1323","1","2","0","0","0","0","0","2","0","2","03","03","N","","","","","","","","","","",""
"2023119043","1455","0","0","0","0","0","0","0","0","0","8","0","","67","12","2023","5","40.0278","-75.0601","1455","06","0","0","0","0","0","0","0","0","","0","0","0","18","3","1","05","","0","40 01:40.178","","00","75 03:36.389","3","0","0","0","67301","1","0","0","N","1","0","0","2","67301","0","","1","01","","N","N","N","0","","1","0","0","3","2","","1830","1","2","0","0","0","0","0","2","0","1","03","","N","","","","","","","","","","",""
"2023106996","2011","1","0","0","0","0","0","0","0","0","1","0","","67","11","2023","5","40.0165","-75.0615","2000","06","0","0","0","0","0","0","0","0","","0","0","0","19","3","1","00","N","1","40 00:59.457","2","00","75 03:41.282","3","0","0","0","67301","0","0","0","N","0","0","0","3","67301","0","","6","01","2100","N","N","N","0","","1","0","0","0","0","N","1951","1","2","0","0","1","0","0","2","1","2","03","03","N","","","","","","","","","","",""
"2023103201","0847","1","0","0","0","0","0","0","0","0","1","0","","67","11","2023","2","39.8956","-75.2324","0847","06","0","0","0","0","0","2","0","0","","0","0","0","08","1","0","00","N","0","39 53:44.097","","00","75 13:56.663","0","0","0","0","67301","0","0","0","N","0","0","0","2","67301","0","","1","01","","N","N","N","0","","0","0","1","0","0","","0820","0","2","0","0","0","0","0","2","0","2","03","03","N","","","","","","","","","","",""
"2023118376","0917","0","0","0","0","0","0","0","0","0","4","0","","67","12","2023","5","40.0034","-75.1512","0916","06","0","0","0","0","0","2","0","0","","0","0","0","09","1","1","01","","0","40 00:12.351","","00","75 09:04.298","8","0","0","0","67301","0","0","0","N","0","0","0","3","67505","0","","1","09","","N","N","N","0","","0","0","2","3","3","","0915","1","2","0","0","0","1","0","2","0","2","04","04","N","","","","","","","","","","",""
"2023103840","1403","2","0","0","0","0","0","0","0","0","1","0","","67","11","2023","2","40.0468","-75.0149","1401","06","0","0","0","0","0","0","1","0","","0","0","0","13","1","1","02","","1","40 02:48.627","2","00","75 00:53.580","3","0","0","0","67301","0","0","0","N","0","0","0","4","67301","0","","1","01","1420","N","Y","N","0","","1","0","0","3","2","N","1300","1","2","0","0","0","0","0","2","0","2","03","03","N","","","","","","","","","","",""
"2023101785","1700","2","0","0","0","0","0","0","0","0","4","0","","67","11","2023","4","39.9878","-75.1432","1109","06","0","0","0","0","0","0","0","0","","0","0","0","22","3","2","01","","0","39 59:16.000","","00","75 08:35.437","8","0","0","0","67301","0","0","0","N","0","0","0","3","67301","0","","1","01","","N","N","N","0","","0","0","0","3","2","","2230","2","2","0","0","0","2","1","2","0","2","03","03","N","","","","","","","","","","",""
"2023102407","1836","0","0","0","0","0","0","0","0","0","8","0","","67","11","2023","6","39.9122","-75.2444","1815","06","0","0","0","0","0","1","0","0","","0","0","0","17","3","1","01","","0","39 54:43.963","","00","75 14:39.922","4","0","0","0","67301","1","0","0","N","1","0","0","2","67301","1","","1","09","","N","N","N","0","","0","0","1","3","3","","1748","1","2","0","0","0","0","0","2","0","1","03","","N","","","","","","","","","","",""
"2023118976","1311","0","0","0","0","0","0","0","0","0","4","0","","67","12","2023","6","40.0541","-75.049","1259","06","0","0","0","0","0","1","0","1","","0","0","0","12","1","1","01","","0","40 03:14.734","","00","75 02:56.553","3","0","0","0","67301","0","0","0","N","0","0","0","2","67301","0","","1","01","","N","N","N","0","","1","0","1","2","2","","1250","1","2","0","0","0","0","0","2","1","2","03","","N","","","","","","","","","","",""
"2023110740","1052","0","0","0","0","0","0","0","0","0","4","0","","67","12","2023","3","40.0477","-75.06","1048","06","0","0","0","0","0","1","1","0","","0","0","0","10","1","1","01","","1","40 02:51.581","3","00","75 03:35.828","3","0","0","1","67301","0","0","0","N","0","0","0","2","67301","0","","1","01","1110","N","N","N","0","","1","0","1","3","2","N","1048","1","2","0","0","0","0","0","2","0","2","04","04","N","","","","","","","","","","",""
"2023102728","0801","2","0","0","0","0","0","0","0","0","4","0","","67","11","2023","4","40.1123","-75.0478","0800","06","0","0","0","0","0","1","0","0","","0","0","0","19","3","0","01","","0","40 06:44.294","","00","75 02:51.939","9","0","0","0","67301","0","0","0","N","0","0","0","2","67301","0","","1","01","","N","N","N","0","","0","0","0","3","3","","1900","0","2","0","0","0","0","1","2","0","2","03","","N","","","","","","","","","","",""
"2023103202","0810","0","0","0","0","0","0","0","0","0","8","0","","67","11","2023","2","40.0745","-75.1725","0756","06","0","0","0","0","0","0","0","0","","0","0","0","07","1","1","01","","0","40 04:28.167","","00","75 10:21.014","3","0","0","0","67301","1","0","0","N","1","0","0","2","67301","0","","1","01","","N","N","N","0","","1","0","0","3","3","","0720","1","2","0","0","0","0","0","2","0","1","03","","N","","","","","","","","","","",""
"2023101664","0633","1","0","0","0","0","0","0","0","0","4","0","","67","11","2023","7","40.0186","-75.1831","0633","06","0","0","0","0","0","1","0","0","","0","0","0","06","5","1","01","","0","40 01:06.988","","00","75 10:59.131","4","0","0","0","67301","0","0","0","N","0","0","0","2","67301","1","","1","01","","N","N","N","0","","0","0","1","3","3","","0633","1","2","0","0","2","0","0","2","0","2","03","03","N","","","","","","","","","","",""
"2023100485","0226","3","0","0","0","0","0","0","0","0","5","0","","67","11","2023","7","39.9551","-75.1446","0226","06","0","0","0","0","0","0","0","0","","0","0","0","02","3","1","00","N","0","39 57:18.300","","00","75 08:40.620","3","0","0","0","67301","0","0","0","N","0","0","0","1","67301","0","","6","01","","N","N","N","0","","1","0","0","0","0","","0224","1","3","0","0","0","0","0","2","0","3","03","","N","","","","","","","","","","",""
"2023101356","1320","1","0","0","0","0","0","0","0","0","8","0","","67","11","2023","7","40.0263","-75.0866","1300","06","0","0","0","0","0","0","0","0","","0","0","0","06","1","1","02","","0","40 01:34.838","","00","75 05:11.706","8","0","0","0","67301","1","0","0","N","1","0","0","2","67301","0","","1","01","","N","N","N","0","","0","0","0","0","0","","0620","1","2","0","0","0","1","1","2","0","1","99","","N","","","","","","","","","","",""
"2023099637","1858","1","0","0","0","0","0","0","0","0","8","0","","67","11","2023","5","39.9131","-75.2433","1852","06","0","0","0","0","0","0","0","0","","0","0","0","18","3","1","05","","0","39 54:47.100","","00","75 14:35.859","3","0","0","0","67301","1","0","0","N","1","0","0","2","67301","0","","1","01","","N","N","N","0","","1","0","0","3","2","","1846","1","2","0","0","0","0","1","2","0","1","03","03","N","","","","","","","","","","",""
"2023099603","1118","0","0","0","0","0","0","0","0","0","8","0","","67","11","2023","6","40.0267","-75.0448","1110","06","0","0","0","0","0","0","0","0","","0","0","0","08","1","1","00","N","0","40 01:36.060","","00","75 02:41.330","3","0","0","0","67301","1","0","0","N","1","0","0","2","67301","0","","1","01","","N","N","N","0","","1","0","1","0","0","","0800","1","2","0","0","1","0","0","2","0","1","03","","N","","","","","","","","","","",""
"2023099381","1231","0","0","0","0","0","0","0","0","0","4","0","","67","11","2023","5","39.99","-75.1365","1231","06","0","0","0","0","0","0","0","0","","0","0","0","18","4","5","01","","1","39 59:23.895","6","00","75 08:11.417","3","0","0","0","67301","0","0","0","N","0","0","0","5","67301","0","","1","01","1850","N","N","N","0","","4","0","1","3","3","N","1840","5","2","0","0","0","1","0","2","1","2","03","03","N","","","","","","","","","","",""
"2023101349","0810","1","0","0","0","0","0","0","0","0","7","0","","67","11","2023","3","39.9245","-75.1746","0801","06","0","0","0","0","0","0","0","1","","0","0","0","07","1","0","01","","0","39 55:28.370","","00","75 10:28.621","9","0","0","0","67301","0","0","0","N","0","0","0","1","67301","0","","4","01","","N","N","N","0","","0","0","0","3","2","","0700","0","1","0","0","0","0","1","2","0","1","03","","N","","","","","","","","","","",""
"2023117766","2355","0","0","0","0","0","0","0","0","0","1","0","","67","12","2023","2","40.0656","-75.1556","2349","06","0","0","0","0","0","1","0","0","","0","0","0","23","3","0","00","N","0","40 03:56.270","","00","75 09:20.040","0","0","0","0","67301","0","0","0","N","0","0","0","1","67301","0","","1","01","","N","N","N","0","","0","0","3","0","0","","2340","0","3","0","0","0","0","0","2","0","3","05","04","N","","","","","","","","","","",""
"2023107124","0315","0","0","0","0","0","0","0","0","0","8","0","","67","11","2023","5","39.9784","-75.1146","0308","06","0","0","0","0","0","0","0","0","","0","0","0","02","3","1","01","","0","39 58:42.906","","00","75 06:53.125","3","0","0","0","67301","1","0","0","N","1","0","0","2","67301","0","","1","01","","N","N","N","0","","1","0","1","3","2","","0230","1","2","0","0","0","0","0","2","0","1","03","03","N","","","","","","","","","","",""
"2023113923","2200","2","0","0","0","0","0","0","0","0","4","0","","67","11","2023","1","39.9916","-75.1348","2200","06","0","0","0","0","0","0","0","0","","0","0","0","18","4","1","00","N","0","39 59:29.900","","07","75 08:05.300","8","0","0","0","67301","0","0","0","N","0","0","0","2","67301","0","","1","01","","N","N","N","0","","0","0","0","0","0","","1802","1","2","0","0","0","1","0","2","0","2","03","","N","","","","","","","","","","",""
"2023108276","1738","1","0","0","0","0","0","0","0","0","4","0","","67","11","2023","7","39.94","-75.231","1737","06","0","0","0","0","0","0","0","0","","0","0","0","17","3","4","01","","0","39 56:23.870","","00","75 13:51.772","3","0","0","0","67301","0","0","0","N","0","0","0","5","67301","0","","1","01","","N","N","N","0","","1","0","0","3","3","","1710","4","2","0","0","0","3","1","2","0","2","03","03","N","","","","","","","","","","",""
"2023103846","2100","2","0","0","0","0","0","0","0","0","1","0","","67","11","2023","1","40.0376","-75.1729","2100","06","0","0","0","0","0","0","0","0","","0","0","0","20","3","1","00","N","0","40 02:15.500","","00","75 10:22.600","3","0","0","0","67301","0","0","0","N","0","0","0","3","67301","0","","6","01","","N","N","N","0","","1","0","0","0","0","","2020","1","2","0","0","0","0","0","2","0","2","03","04","N","","","","","","","","","","",""
"2023118807","2146","0","0","0","0","0","0","0","0","0","4","0","","67","11","2023","7","40.0516","-75.0088","2145","06","0","0","0","0","0","0","0","0","","0","0","0","21","3","4","00","N","2","40 03:05.898","1","07","75 00:31.808","2","0","0","0","67301","0","0","0","N","0","0","0","4","67301","0","","1","01","2250","N","N","N","0","","3","1","2","0","0","Y","2130","4","2","0","0","1","0","0","2","0","2","03","03","N","","","","","","","","","","",""
"2023103610","0902","2","0","0","0","0","0","0","0","0","4","0","","67","11","2023","2","40.0353","-75.0252","0900","06","0","0","0","0","1","0","0","0","","0","0","0","08","1","1","01","","0","40 02:07.013","","00","75 01:30.652","4","0","0","0","67301","0","0","0","N","0","0","0","2","67301","1","","1","01","","N","N","N","0","","0","0","0","3","2","","0835","1","2","0","0","0","0","1","2","0","2","03","03","N","","","","","","","","","","",""
"2023112016","2148","2","0","0","0","0","0","0","0","0","5","0","","67","12","2023","4","40.0648","-75.061","2147","06","0","0","0","1","0","0","0","0","","0","0","0","21","3","1","00","N","0","40 03:53.380","","00","75 03:39.463","3","0","0","0","67301","0","0","0","N","0","0","0","1","67301","0","","4","01","","N","N","N","0","","1","0","1","0","0","","2147","1","3","0","0","0","0","0","2","0","3","03","03","N","","","","","","","","","","",""
"2023118902","1830","1","0","0","0","0","0","0","0","0","4","0","","67","12","2023","6","39.9354","-75.2204","1823","06","0","0","0","0","0","0","0","0","","0","0","0","18","3","1","01","","0","39 56:07.522","","00","75 13:13.270","3","0","0","0","67301","0","0","0","N","0","0","0","2","67301","0","","1","01","","N","N","N","0","","1","0","0","3","2","","1818","1","2","0","0","0","0","1","2","0","2","03","","N","","","","","","","","","","",""
"2023099059","1252","0","0","0","0","0","0","0","0","0","4","0","","67","11","2023","6","39.9841","-75.1601","1251","06","0","0","0","0","0","0","0","0","","0","0","0","12","1","1","01","","0","39 59:02.710","","00","75 09:36.190","3","0","0","0","67301","0","0","0","N","0","0","0","2","67505","0","","1","01","","N","N","N","0","","1","0","1","3","3","","1250","1","2","0","0","0","0","0","2","0","2","03","03","N","","","","","","","","","","",""
"2023111023","2035","3","0","0","0","0","0","0","0","0","1","0","","67","12","2023","3","40.0745","-75.035","2032","06","0","0","0","0","0","2","0","0","","0","0","0","20","3","0","01","","0","40 04:28.594","","00","75 02:06.267","0","0","0","0","67301","0","0","0","N","0","0","0","3","67301","0","","1","01","","N","N","N","0","","0","0","1","3","2","","2029","0","4","0","0","1","0","0","2","0","4","03","03","N","","","","","","","","","","",""
"2023102732","0450","1","0","0","0","0","0","0","0","0","7","0","","67","11","2023","7","39.9773","-75.2409","0448","06","0","0","0","0","0","0","0","0","","0","0","0","04","3","0","00","N","2","39 58:38.360","4","00","75 14:27.120","0","0","0","0","67301","0","0","0","N","0","0","0","1","67301","0","","6","01","0600","N","N","N","0","","0","0","0","0","0","N","0443","0","1","0","0","0","0","0","2","0","1","03","03","N","","","","","","","","","","",""
"2023102731","1554","0","0","0","0","0","0","0","0","0","4","0","","67","11","2023","1","40.0691","-75.1538","1530","06","0","0","0","0","0","1","0","0","","0","0","0","12","1","1","01","","0","40 04:08.637","","00","75 09:13.557","3","0","0","0","67301","0","0","0","N","0","0","0","2","67301","0","","1","01","","N","N","N","0","","1","0","2","3","3","","1214","1","2","0","0","1","0","0","2","0","2","03","03","N","","","","","","","","","","",""
"2023103396","1236","1","0","0","0","0","0","0","0","0","8","0","","67","11","2023","7","39.9519","-75.1598","1234","06","0","0","0","0","0","0","0","0","","0","0","0","12","1","1","01","","0","39 57:06.961","","00","75 09:35.508","3","0","0","0","67301","1","0","0","N","1","0","0","2","67301","0","","1","01","","N","N","N","0","","1","0","0","3","2","","1213","1","2","0","0","1","0","0","2","0","1","03","03","N","","","","","","","","","","",""
"2023102118","0242","2","0","0","0","0","0","0","0","0","4","0","","67","11","2023","5","39.9412","-75.2094","0234","06","0","0","0","0","0","0","0","0","","0","0","0","20","3","1","01","","0","39 56:28.421","","00","75 12:33.827","8","0","0","0","67301","0","0","0","N","0","0","0","3","67301","0","","1","01","","N","N","N","0","","0","0","0","3","2","","2000","1","2","0","0","1","1","0","2","0","2","03","03","N","","","","","","","","","","",""
"2023108288","2211","1","0","0","0","0","0","0","0","0","4","0","","67","11","2023","7","39.9881","-75.1576","2209","06","0","0","0","0","0","0","0","0","","0","0","0","22","3","3","01","","0","39 59:17.102","","00","75 09:27.210","4","0","0","0","67301","0","0","0","N","0","0","0","4","67301","3","","1","01","","N","N","N","0","","0","0","1","3","3","","2207","3","2","0","0","0","0","0","2","0","2","03","03","N","","","","","","","","","","",""
"2023112022","0455","2","0","0","0","0","0","0","0","0","5","0","","67","12","2023","5","39.9608","-75.1553","0449","06","0","0","0","0","0","0","0","0","","0","0","0","04","3","0","00","N","2","39 57:38.830","4","00","75 09:19.040","9","0","0","0","67301","0","0","0","N","0","0","0","2","67301","0","","4","01","0200","N","N","N","0","","0","0","0","3","3","N","0430","0","2","0","0","0","0","1","2","0","2","03","03","N","","","","","","","","","","",""
"2023102165","1450","1","0","0","0","0","0","0","0","0","4","0","","67","11","2023","7","40.0062","-75.1518","1445","06","0","0","1","0","0","0","0","0","","0","0","0","14","1","3","01","","1","40 00:22.173","3","00","75 09:06.494","4","0","0","0","67301","0","0","0","N","0","0","0","4","67505","3","","1","01","1530","N","N","N","0","","0","0","1","3","2","Y","1443","3","2","0","0","0","0","1","2","0","2","03","03","N","","","","","","","","","","",""
"2023119161","1100","1","0","0","0","0","0","0","0","0","4","0","","67","12","2023","4","39.9909","-75.1016","1050","06","0","0","0","0","0","0","0","0","","0","0","0","10","1","2","01","","0","39 59:27.389","","00","75 06:05.675","4","0","0","0","67301","0","0","0","N","0","0","0","2","67301","1","","1","09","","N","N","N","0","","0","0","1","3","2","","1043","2","2","0","0","1","1","0","2","0","2","07","04","N","","","","","","","","","","",""
"2023106991","1815","1","0","0","0","0","0","0","0","0","1","0","","67","11","2023","6","39.9044","-75.239","1807","06","0","0","0","0","0","0","0","0","","0","0","0","18","3","1","00","Y","0","39 54:15.920","","00","75 14:20.540","8","0","0","0","67301","0","0","0","N","0","0","0","2","67301","0","","1","01","","N","N","N","0","","0","0","1","3","2","","1807","1","2","0","0","0","1","1","2","0","2","03","03","N","","","","","","","","","","",""
"2023116797","1045","0","0","0","0","0","0","0","0","0","8","0","","67","11","2023","3","40.076","-75.2064","1030","06","0","0","0","0","0","1","0","0","","0","0","0","10","1","1","01","","0","40 04:33.687","","00","75 12:23.151","8","0","0","0","67301","1","0","0","N","1","0","0","2","67301","0","","1","09","","N","N","N","0","","0","0","0","3","2","","1020","1","2","0","0","0","1","0","2","1","1","04","05","N","","","","","","","","","","",""
"2023106909","0521","2","0","0","0","0","0","0","0","0","1","0","","67","11","2023","5","39.9193","-75.2269","0517","06","0","0","0","0","0","0","0","0","","0","0","0","05","3","0","00","N","1","39 55:09.504","1","00","75 13:36.795","9","0","0","0","67301","0","0","0","N","0","0","0","1","67301","0","","6","01","0612","N","N","N","0","","0","0","0","0","0","N","0500","0","2","0","0","1","0","1","2","0","2","03","03","N","","","","","","","","","","",""
"2023113240","1058","3","0","0","0","0","0","0","0","0","4","0","","67","12","2023","4","39.981","-75.1632","1056","06","0","0","0","0","0","1","0","0","","0","0","0","10","1","0","01","","0","39 58:51.435","","00","75 09:47.359","0","0","0","0","67301","0","0","0","N","0","0","0","2","67301","0","","1","01","","N","N","N","0","","0","0","0","3","3","","1044","0","3","0","0","0","0","0","2","0","3","03","03","N","","","","","","","","","","",""
"2023099378","1535","1","0","0","0","0","0","0","0","0","8","0","","67","11","2023","6","39.9582","-75.2355","1530","06","0","0","0","0","0","0","0","0","","0","0","0","14","1","1","01","","0","39 57:29.528","","00","75 14:07.868","4","0","0","0","67301","1","0","0","N","1","0","0","2","67301","1","","1","01","","N","N","N","0","","0","0","0","3","2","","1454","1","2","0","0","1","0","0","2","0","1","03","03","N","","","","","","","","","","",""
"2023099000","1820","1","0","0","0","0","0","0","0","0","8","0","","67","11","2023","4","39.97","-75.1383","1820","06","0","0","0","0","0","0","0","0","","0","0","0","17","1","1","00","N","0","39 58:11.860","","00","75 08:18.040","2","0","0","0","67301","1","0","1","N","1","0","1","2","67301","0","","1","99","","N","N","N","0","","0","1","0","0","0","","1732","1","2","0","0","1","0","0","2","0","1","03","","N","","","","","","","","","","",""