"CRN","ARRIVAL_TM","AUTOMOBILE_COUNT","BELTED_DEATH_COUNT","BELTED_SUSP_SERIOUS_INJ_COUNT","BICYCLE_COUNT","BICYCLE_DEATH_COUNT","BICYCLE_SUSP_SERIOUS_INJ_COUNT","BUS_COUNT","CHLDPAS_DEATH_COUNT","CHLDPAS_SUSP_SERIOUS_INJ_COUNT","COLLISION_TYPE","COMM_VEH_COUNT","CONS_ZONE_SPD_LIM","COUNTY","CRASH_MONTH","CRASH_YEAR","DAY_OF_WEEK","DEC_LAT","DEC_LONG","DISPATCH_TM","DISTRICT","DRIVER_COUNT_16YR","DRIVER_COUNT_17YR","DRIVER_COUNT_18YR","DRIVER_COUNT_19YR","DRIVER_COUNT_20YR","DRIVER_COUNT_50_64YR","DRIVER_COUNT_65_74YR","DRIVER_COUNT_75PLUS","EST_HRS_CLOSED","FATAL_COUNT","HEAVY_TRUCK_COUNT","HORSE_BUGGY_COUNT","HOUR_OF_DAY","ILLUMINATION","INJURY_COUNT","INTERSECT_TYPE","INTERSECTION_RELATED","LANE_CLOSED","LATITUDE","LN_CLOSE_DIR","LOCATION_TYPE","LONGITUDE","MAX_SEVERITY_LEVEL","MCYCLE_DEATH_COUNT","MCYCLE_SUSP_SERIOUS_INJ_COUNT","MOTORCYCLE_COUNT","MUNICIPALITY","NONMOTR_COUNT","NONMOTR_DEATH_COUNT","NONMOTR_SUSP_SERIOUS_INJ_COUNT","NTFY_HIWY_MAINT","PED_COUNT","PED_DEATH_COUNT","PED_SUSP_SERIOUS_INJ_COUNT","PERSON_COUNT","POLICE_AGCY","POSSIBLE_INJ_COUNT","RDWY_SURF_TYPE_CD","RELATION_TO_ROAD","ROAD_CONDITION","ROADWAY_CLEARED","SCH_BUS_IND","SCH_ZONE_IND","SECONDARY_CRASH","SMALL_TRUCK_COUNT","SPEC_JURIS_CD","SUSP_MINOR_INJ_COUNT","SUSP_SERIOUS_INJ_COUNT","SUV_COUNT","TCD_FUNC_CD","TCD_TYPE","TFC_DETOUR_IND","TIME_OF_DAY","TOT_INJ_COUNT","TOTAL_UNITS","UNB_DEATH_COUNT","UNB_SUSP_SERIOUS_INJ_COUNT","UNBELTED_OCC_COUNT","UNK_INJ_DEG_COUNT","UNK_INJ_PER_COUNT","URBAN_RURAL","VAN_COUNT","VEHICLE_COUNT","WEATHER1","WEATHER2","WORK_ZONE_IND","WORK_ZONE_LOC","WORK_ZONE_TYPE","WORKERS_PRES","WZ_CLOSE_DETOUR","WZ_FLAGGER","WZ_LAW_OFFCR_IND","WZ_LN_CLOSURE","WZ_MOVING","WZ_OTHER","WZ_SHLDER_MDN","WZ_WORKERS_INJ_KILLED"
"2023099826","1651","2","0","0","0","0","0","0","0","0","4","0","","67","11","2023","5","40.0043","-75.128","1651","06","0","0","0","0","0","1","0","0","","0","0","0","16","1","0","01","","0","40 00:15.530","","00","75 07:40.814","9","0","0","0","67301","0","0","0","N","0","0","0","6","67301","0","","1","01","","N","N","N","0","","0","0","0","3","2","","1651","0","2","0","0","0","0","4","2","0","2","03","03","N","","","","","","","","","","",""
"2023104592","2007","1","0","0","0","0","0","0","0","0","4","0","","67","11","2023","2","40.0313","-75.1463","2006","06","0","0","0","0","0","0","0","0","","0","0","0","20","3","1","00","Y","2","40 01:52.579","1","00","75 08:46.773","8","0","0","1","67301","0","0","0","N","0","0","0","2","67301","0","","1","01","2030","N","N","N","0","","0","0","0","0","0","Y","2006","1","2","0","0","0","1","0","2","0","2","03","03","N","","","","","","","","","","",""
"2023111177","0954","1","0","0","0","0","0","0","0","0","4","0","","67","12","2023","5","39.9614","-75.1911","0953","06","0","0","0","0","0","1","0","0","","0","0","0","09","1","2","01","","0","39 57:41.191","","00","75 11:28.042","3","0","0","0","67301","0","0","0","N","0","0","0","3","67507","0","","1","09","","N","N","N","0","","2","0","1","2","2","","0945","2","2","0","0","0","0","0","2","0","2","02","03","N","","","","","","","","","","",""
"2023106777","1610","1","0","0","0","0","0","0","0","0","4","0","","67","11","2023","5","40.0481","-75.1509","1610","06","0","0","0","0","1","0","0","0","","0","0","0","15","1","1","01","","0","40 02:53.174","","00","75 09:03.304","8","0","0","0","67301","0","0","0","N","0","0","0","2","67301","0","","1","01","","N","N","N","0","","0","0","1","3","2","","1510","1","2","0","0","0","1","0","2","0","2","03","","N","","","","","","","","","","",""
"2023111344","2230","2","0","0","0","0","0","0","0","0","4","0","","67","12","2023","4","40.0685","-75.1684","2230","06","0","0","0","0","0","0","0","0","","0","0","0","20","3","0","01","","0","40 04:06.530","","00","75 10:06.102","0","0","0","0","67301","0","0","0","N","0","0","0","2","67301","0","","1","01","","N","N","N","0","","0","0","0","3","3","","2030","0","2","0","0","2","0","0","2","0","2","03","03","N","","","","","","","","","","",""
"2023118630","1711","1","0","0","1","0","0","0","0","0","8","0","","67","12","2023","2","39.9107","-75.1657","1710","06","0","0","0","0","0","0","0","0","","0","0","0","17","4","1","02","","0","39 54:38.625","","00","75 09:56.378","3","0","0","0","67301","1","0","0","N","0","0","0","2","67301","0","","1","01","","N","N","N","0","","1","0","0","3","2","","1709","1","2","0","0","1","0","0","2","0","1","03","03","N","","","","","","","","","","",""
"2023117061","1700","3","0","0","0","0","0","0","0","0","4","0","","67","11","2023","7","40.0016","-75.1401","1700","06","0","0","0","0","0","0","0","0","","0","0","0","16","1","1","01","","2","40 00:05.792","3","00","75 08:24.533","3","0","0","0","67301","0","0","0","N","0","0","0","2","67301","0","","1","01","1842","N","N","Y","0","","1","0","0","3","3","Y","1600","1","3","0","0","1","0","0","2","0","3","03","03","N","","","","","","","","","","",""
"2023113683","1640","0","0","0","0","0","0","0","0","0","8","0","","67","11","2023","5","40.0206","-75.1163","1640","06","0","0","0","0","0","0","0","0","","0","0","0","15","1","1","05","","0","40 01:13.994","","00","75 06:58.546","3","0","0","0","67301","1","0","0","N","1","0","0","2","67301","0","","1","01","","N","N","N","1","","1","0","0","3","2","","1544","1","2","0","0","1","0","0","2","0","1","03","","N","","","","","","","","","","",""
"2023101261","1300","1","0","0","0","0","0","0","0","0","8","0","","67","11","2023","5","39.9508","-75.1758","1300","06","0","0","0","0","0","1","0","0","","0","0","0","21","3","1","01","","0","39 57:02.796","","00","75 10:32.729","8","0","0","0","67301","1","0","0","N","1","0","0","2","67301","0","","1","01","","N","N","N","0","","0","0","0","3","2","","2100","1","2","0","0","0","1","0","2","0","1","03","03","N","","","","","","","","","","",""
"2023102020","1501","1","0","0","0","0","0","0","0","0","4","0","","67","11","2023","7","40.0588","-75.0442","1501","06","0","0","0","0","0","0","0","0","","0","0","0","15","1","0","01","","0","40 03:31.744","","00","75 02:39.016","0","0","0","0","67301","0","0","0","N","0","0","0","2","67301","0","","1","01","","N","N","N","0","","0","0","1","3","2","","1500","0","2","0","0","0","0","0","2","0","2","03","03","N","","","","","","","","","","",""
"2023104109","1618","2","0","0","0","0","0","0","0","0","1","0","","67","11","2023","6","39.9572","-75.1516","1618","06","0","0","0","0","0","0","0","0","","0","0","0","16","1","0","00","N","0","39 57:26.026","","00","75 09:05.897","0","0","0","0","67301","0","0","0","N","0","0","0","2","68K01","0","","1","01","","N","N","N","0","","0","0","0","3","8","","1602","0","2","0","0","0","0","0","2","0","2","03","03","N","","","","","","","","","","",""
"2023098436","0915","0","0","0","1","0","0","0","0","0","8","0","","67","11","2023","4","40.0465","-75.073","0915","06","0","0","0","0","0","0","0","0","","0","0","0","09","1","1","01","","0","40 02:47.450","","00","75 04:22.940","8","0","0","0","67301","1","0","0","N","0","0","0","2","67301","0","","1","99","","N","N","N","0","","0","0","0","3","3","","0915","1","2","0","0","0","1","0","2","0","1","03","","N","","","","","","","","","","",""
"2023103612","2325","2","0","0","0","0","0","0","0","0","1","0","","67","11","2023","2","40.0261","-75.0947","2320","06","0","0","0","0","0","0","0","0","","0","0","0","23","3","1","00","N","2","40 01:34.114","1","00","75 05:40.790","4","0","0","0","67301","0","0","0","N","0","0","0","2","67301","1","","1","01","0119","N","N","N","0","","0","0","0","0","0","Y","2312","1","2","0","0","1","0","0","2","0","2","03","03","N","","","","","","","","","","",""
"2023110348","1537","1","0","0","0","0","0","0","0","0","8","0","","67","12","2023","2","39.9589","-75.2414","1536","06","0","0","0","0","0","0","0","0","","0","0","0","15","1","1","01","","0","39 57:32.142","","00","75 14:29.013","2","0","0","0","67301","1","0","1","N","1","0","1","2","67301","0","","1","01","","N","N","N","0","","0","1","0","3","2","","1515","1","2","0","0","0","0","0","2","0","1","03","03","N","","","","","","","","","","",""
"2023117426","1611","2","0","0","0","0","0","0","0","0","4","0","","67","12","2023","1","40.0771","-75.1736","1557","06","0","0","0","1","0","0","0","0","","0","0","0","13","1","1","01","","0","40 04:37.430","","00","75 10:25.107","3","0","0","0","67301","0","0","0","N","0","0","0","2","67301","0","","1","01","","N","N","N","0","","1","0","0","3","3","","1320","1","2","0","0","0","0","0","2","0","2","03","","N","","","","","","","","","","",""
"2023117292","0909","0","0","0","0","0","0","0","0","0","7","0","","67","12","2023","2","39.9096","-75.1545","0909","06","0","0","0","0","0","1","0","0","","0","0","0","09","1","1","00","N","2","39 54:34.390","4","05","75 09:16.290","2","0","0","0","67301","0","0","0","N","0","0","0","1","67501","0","","3","01","0955","N","N","N","0","","0","1","1","3","2","N","0909","1","1","0","1","1","0","0","2","0","1","03","03","N","","","","","","","","","","",""
"2023111210","1304","2","0","0","0","0","0","0","0","0","4","0","","67","12","2023","5","39.9631","-75.1899","1211","06","0","0","0","0","1","0","0","0","","0","0","0","12","1","1","01","N","0","39 57:47.150","","00","75 11:23.780","8","0","0","0","67301","0","0","0","N","0","0","0","5","67507","0","","1","09","","N","N","N","0","","0","0","0","3","8","","1211","1","2","0","0","0","1","0","2","0","2","04","04","N","","","","","","","","","","",""
"2023102729","1935","1","0","0","0","0","0","0","0","0","4","0","","67","11","2023","7","39.9416","-75.2201","1931","06","0","0","0","0","0","0","0","0","","0","0","0","19","3","0","01","","1","39 56:29.691","4","00","75 13:12.445","9","0","0","0","67301","0","0","0","N","0","0","0","2","67301","0","","1","01","2000","N","N","N","0","","0","0","1","3","2","Y","1911","0","2","0","0","0","0","1","2","0","2","03","03","N","","","","","","","","","","",""
"2023102018","1601","1","0","0","0","0","0","0","0","0","1","0","","67","11","2023","5","40.0672","-75.2401","1601","06","0","0","0","0","0","0","0","0","","0","0","0","14","1","1","00","N","0","40 04:01.903","","00","75 14:24.535","4","0","0","0","67301","0","0","0","N","0","0","0","2","67301","1","","1","99","","N","N","N","1","","0","0","0","0","0","","1430","1","2","0","0","0","0","0","2","0","2","03","","N","","","","","","","","","","",""
"2023102409","2145","1","0","0","0","0","0","0","0","0","4","0","","67","11","2023","5","40.0257","-75.0554","2143","06","0","0","0","0","0","0","0","0","","0","0","0","21","3","0","01","","0","40 01:32.498","","00","75 03:19.485","0","0","0","0","67301","0","0","0","N","0","0","0","2","67301","0","","1","01","","N","N","N","0","","0","0","1","3","2","","2141","0","2","0","0","1","0","0","2","0","2","03","03","N","","","","","","","","","","",""
"2023102394","2036","0","0","0","0","0","0","0","0","0","98","0","","67","11","2023","3","40.0894","-75.0572","2020","06","0","0","0","0","0","0","0","0","","0","0","0","19","3","0","00","N","0","40 05:21.846","","00","75 03:25.979","0","0","0","0","67301","0","0","0","N","0","0","0","1","67301","0","","1","01","","N","N","N","0","","0","0","1","0","0","","1915","0","1","0","0","0","0","0","2","0","1","03","03","N","","","","","","","","","","",""
"2023106912","2348","0","0","0","0","0","0","0","0","0","8","0","","67","11","2023","5","40.0254","-75.0733","2348","06","0","0","0","0","0","0","0","0","","0","0","0","16","4","1","01","","0","40 01:31.360","","00","75 04:23.920","3","0","0","0","67301","1","0","0","N","1","0","0","2","67301","0","","1","01","","N","N","N","0","","1","0","1","3","2","","1630","1","2","0","0","1","0","0","2","0","1","03","03","N","","","","","","","","","","",""
"2023103844","1625","1","0","0","0","0","0","0","0","0","4","0","","67","11","2023","7","39.9706","-75.1819","1617","06","0","0","0","0","0","0","0","0","","0","0","0","15","1","0","01","","0","39 58:14.147","","00","75 10:55.005","0","0","0","0","67301","0","0","0","N","0","0","0","2","67301","0","","1","01","","N","N","N","0","","0","0","1","3","3","","1550","0","2","0","0","0","0","0","2","0","2","03","03","N","","","","","","","","","","",""
"2023106900","0736","2","0","0","0","0","0","0","0","0","4","0","","67","11","2023","6","40.0453","-75.088","0736","06","0","0","0","0","0","0","1","0","","0","0","0","06","1","0","00","N","0","40 02:43.175","","07","75 05:16.702","0","0","0","0","67301","0","0","0","N","0","0","0","2","67301","0","","1","01","","N","N","N","0","","0","0","0","0","0","","0653","0","2","0","0","1","0","0","2","0","2","03","03","N","","","","","","","","","","",""
"2023106650","1931","1","0","0","0","0","0","0","0","0","8","0","","67","11","2023","1","39.8986","-75.1802","1931","06","0","0","0","0","0","0","0","0","","0","0","0","19","2","1","07","","0","39 53:55.118","","08","75 10:48.820","8","0","0","0","67301","1","0","0","N","1","0","0","2","68K01","0","","1","01","","N","N","N","0","","0","0","0","0","0","","1929","1","2","0","0","1","1","1","2","0","1","03","03","N","","","","","","","","","","",""
"2023104106","1348","0","0","0","0","0","0","0","0","0","1","0","","67","11","2023","5","40.013","-75.058","1329","06","0","0","0","0","0","0","0","0","","0","0","0","13","1","2","00","N","0","40 00:46.896","","03","75 03:28.856","3","0","0","0","67301","0","0","0","N","0","0","0","4","68K01","0","","1","01","","N","N","N","0","","2","0","3","0","0","","1321","2","3","0","0","0","0","0","2","0","3","03","03","N","","","","","","","","","","",""
"2023100955","0844","1","0","1","0","0","0","0","0","0","4","0","","67","11","2023","7","40.0299","-75.0878","0842","06","0","0","0","0","0","0","0","0","","0","0","0","08","1","1","01","","2","40 01:47.633","7","00","75 05:16.085","2","0","0","0","67301","0","0","0","N","0","0","0","4","67301","0","","1","01","0020","N","N","N","0","","0","1","1","3","2","Y","0835","1","2","0","0","0","0","0","2","0","2","04","04","N","","","","","","","","","","",""
"2023098844","0125","1","0","0","0","0","0","0","0","0","4","0","","67","11","2023","4","40.0136","-75.1587","0125","06","0","0","0","0","0","0","0","0","","0","0","0","01","3","1","02","","0","40 00:49.044","","00","75 09:31.340","8","0","0","0","67301","0","0","0","N","0","0","0","2","67301","0","","1","09","","N","N","N","0","","0","0","3","3","2","","0111","1","4","0","0","0","1","0","2","0","4","07","","N","","","","","","","","","","",""
"2023100818","2100","1","0","0","0","0","0","0","0","0","5","0","","67","11","2023","6","39.9526","-75.1598","2057","06","0","0","0","0","0","0","0","0","","0","0","0","20","3","0","00","N","0","39 57:09.500","","00","75 09:35.120","0","0","0","0","67301","0","0","0","N","0","0","0","3","67301","0","","1","01","","N","N","N","0","","0","0","1","0","0","","2050","0","2","0","0","0","0","0","2","0","2","03","","N","","","","","","","","","","",""
"2023114574","2303","2","0","0","0","0","0","0","0","0","5","0","","67","11","2023","7","39.9958","-75.0832","2303","06","0","0","0","0","0","0","0","0","","0","0","0","23","3","0","00","N","1","39 59:44.958","2","00","75 04:59.483","0","0","0","0","67301","0","0","0","N","0","0","0","2","68K01","0","","1","01","2320","N","N","N","0","","0","0","0","0","0","N","2303","0","2","0","0","0","0","0","2","0","2","03","04","N","","","","","","","","","","",""
"2023118977","2323","1","0","0","0","0","0","0","0","0","4","0","","67","12","2023","3","40.0205","-75.0873","2319","06","0","0","0","0","0","0","0","0","","0","0","0","23","3","1","01","","0","40 01:13.828","","00","75 05:14.244","3","0","0","0","67301","0","0","0","N","0","0","0","4","67301","0","","1","01","","N","N","N","0","","1","0","1","3","3","","2317","1","2","0","0","0","0","1","2","0","2","03","03","N","","","","","","","","","","",""
"2023101352","1600","0","0","0","1","0","0","0","0","0","8","0","","67","11","2023","4","40.0518","-75.0086","1546","06","0","0","0","0","0","0","0","0","","0","0","0","15","1","1","00","N","0","40 03:06.524","","00","75 00:31.028","8","0","0","0","67301","1","0","0","N","0","0","0","2","67301","0","","1","01","","N","N","N","0","","0","0","0","0","0","","1542","1","2","0","0","1","1","0","2","1","1","03","","N","","","","","","","","","","",""
"2023102111","1933","0","0","0","0","0","0","0","0","0","5","0","","67","11","2023","6","40.0404","-75.17","1930","06","0","0","0","0","0","1","0","0","","0","0","0","18","3","0","00","N","0","40 02:25.500","","00","75 10:12.000","0","0","0","0","67301","0","0","0","N","0","0","0","2","67301","0","","1","01","","N","N","N","0","","0","0","2","0","0","","1848","0","2","0","0","0","0","0","2","0","2","03","03","N","","","","","","","","","","",""
"2023118903","0405","2","0","0","0","0","0","0","0","0","5","0","","67","12","2023","1","39.9885","-75.1439","0353","06","0","0","0","0","0","0","0","0","","0","0","0","03","3","0","00","N","0","39 59:18.550","","00","75 08:37.920","9","0","0","0","67301","0","0","0","N","0","0","0","1","67301","0","","6","01","","N","N","N","0","","0","0","0","0","0","","0338","0","2","0","0","0","0","1","2","0","2","03","03","N","","","","","","","","","","",""
"2023109281","0246","0","0","0","0","0","0","0","0","0","7","0","","67","11","2023","5","39.9914","-75.1225","0243","06","0","0","0","0","0","0","0","0","","0","0","0","02","3","0","05","","0","39 59:29.212","","01","75 07:21.025","0","0","0","0","67301","0","0","0","N","0","0","0","1","67301","0","","4","01","","N","N","N","0","","0","0","1","3","2","","0240","0","1","0","0","0","0","0","2","0","1","03","03","N","","","","","","","","","","",""
"2023109275","0120","0","0","0","0","0","0","0","0","0","8","0","","67","11","2023","6","39.9307","-75.1624","0115","06","0","0","0","0","0","0","0","0","","0","0","0","00","3","1","00","N","0","39 55:50.650","","00","75 09:44.700","3","0","0","0","67301","1","0","0","N","1","0","0","2","67301","0","","1","01","","N","N","N","0","","1","0","0","0","0","","0000","1","2","0","0","0","0","0","2","0","1","03","03","N","","","","","","","","","","",""
"2023102590","1955","1","0","0","0","0","0","0","0","0","8","0","","67","11","2023","6","40.0479","-75.0857","1945","06","0","0","0","0","0","0","0","0","","0","0","0","17","3","1","01","","0","40 02:52.269","","00","75 05:08.476","3","0","0","0","67301","1","0","0","N","1","0","0","2","67301","0","","1","09","","N","N","N","0","","1","0","0","3","3","","1730","1","2","0","0","1","0","0","2","0","1","03","03","N","","","","","","","","","","",""
"2023103778","1022","3","0","0","0","0","0","0","0","0","5","0","","67","11","2023","7","40.04","-75.1298","1022","06","0","0","0","0","0","0","0","0","","0","0","0","05","3","0","00","N","0","40 02:23.900","","00","75 07:47.200","9","0","0","0","67301","0","0","0","N","0","0","0","1","67301","0","","6","99","","N","N","N","0","","0","0","2","0","0","","0524","0","5","0","0","0","0","1","2","0","5","99","03","N","","","","","","","","","","",""
"2023101262","0731","1","0","0","0","0","0","0","0","0","8","0","","67","11","2023","3","39.9612","-75.1748","0728","06","0","0","0","0","0","1","0","0","","0","0","0","07","1","1","01","","1","39 57:40.716","4","00","75 10:30.197","8","0","0","0","67301","1","0","0","N","1","0","0","2","67301","0","","1","01","0740","N","N","N","0","","0","0","0","3","2","N","0718","1","2","0","0","0","1","0","2","0","1","03","04","N","","","","","","","","","","",""
"2023115803","1445","1","0","0","0","0","0","0","0","0","7","0","","67","12","2023","4","40.0138","-75.1255","1440","06","0","0","0","0","0","0","0","0","","0","0","0","14","1","1","00","N","0","40 00:49.620","","00","75 07:31.920","3","0","0","0","67301","0","0","0","N","0","0","0","1","67301","0","","5","01","","N","N","N","0","","1","0","0","0","0","","1434","1","1","0","0","0","0","0","2","0","1","04","04","N","","","","","","","","","","",""
"2023108305","2125","1","0","0","0","0","0","0","0","0","8","0","","67","11","2023","5","40.0227","-75.1628","2119","06","0","0","0","0","0","0","0","0","","0","0","0","19","3","1","00","N","0","40 01:21.731","","00","75 09:45.927","3","0","0","0","67301","1","0","0","N","1","0","0","2","67301","0","","1","01","","N","N","N","0","","1","0","0","0","0","","1941","1","2","0","0","1","0","0","2","0","1","03","03","N","","","","","","","","","","",""
"2023102110","0809","1","0","0","0","0","0","0","0","0","4","0","","67","11","2023","6","40.0599","-75.1734","0757","06","0","0","0","0","0","1","0","0","","0","0","0","07","1","2","01","","0","40 03:35.475","","00","75 10:24.377","3","0","0","0","67301","0","0","0","N","0","0","0","4","67301","0","","1","01","","N","N","N","0","","2","0","1","3","2","","0756","2","2","0","0","0","0","0","2","0","2","03","04","N","","","","","","","","","","",""
"2023103775","1640","0","0","0","0","0","0","0","0","0","5","0","","67","11","2023","2","39.9671","-75.2205","1629","06","0","0","0","0","0","0","0","0","","0","0","0","15","1","1","01","","0","39 58:01.574","","00","75 13:13.641","4","0","0","0","67301","0","0","0","N","0","0","0","3","67301","1","","1","01","","N","N","N","0","","0","0","2","3","3","","1557","1","2","0","0","1","0","0","2","0","2","03","","N","","","","","","","","","","",""
"2023106913","0104","0","0","0","0","0","0","0","0","0","4","0","","67","11","2023","6","39.957","-75.2255","0103","06","0","0","0","0","0","1","0","0","","0","0","0","01","3","0","01","","0","39 57:25.065","","00","75 13:31.843","0","0","0","0","67301","0","0","0","N","0","0","0","2","67301","0","","1","01","","N","N","N","0","","0","0","2","3","2","","0103","0","2","0","0","2","0","0","2","0","2","03","03","N","","","","","","","","","","",""
"2023103037","1601","0","0","0","0","0","0","0","0","0","8","0","","67","11","2023","1","39.9432","-75.1618","1603","06","0","0","0","0","0","0","0","0","","0","0","0","14","1","1","01","","0","39 56:35.484","","00","75 09:42.426","4","0","0","0","67301","1","0","0","N","1","0","0","2","67301","1","","1","01","","N","N","N","0","","0","0","1","3","2","","1406","1","2","0","0","0","0","1","2","0","1","03","03","N","","","","","","","","","","",""
"2023118355","1235","2","0","0","0","0","0","0","0","0","4","0","","67","12","2023","4","40.0504","-74.9999","1230","06","0","0","0","0","0","0","0","0","","0","0","0","12","1","2","01","","0","40 03:01.467","","00","74 59:59.605","3","0","0","0","67301","0","0","0","N","0","0","0","3","67301","0","","1","09","","N","N","N","0","","2","0","0","3","2","","1215","2","2","0","0","0","0","0","2","0","2","07","04","N","","","","","","","","","","",""
"2023103035","0224","1","0","0","0","0","0","0","0","0","4","0","","67","11","2023","1","39.9168","-75.1713","0223","06","0","0","0","0","0","0","0","0","","0","0","0","02","3","1","01","","0","39 55:00.583","","00","75 10:16.768","3","0","0","0","67301","0","0","0","N","0","0","0","2","67301","0","","1","01","","N","N","N","0","","1","0","1","3","2","","0223","1","2","0","0","1","0","0","2","0","2","03","03","N","","","","","","","","","","",""
"2023118548","1724","3","0","0","0","0","0","0","0","0","1","0","","67","12","2023","3","39.979","-75.1364","1717","06","0","0","0","0","1","0","0","0","","0","0","0","17","3","1","01","","0","39 58:44.482","","00","75 08:11.068","4","0","0","0","67301","0","0","0","N","0","0","0","2","67301","1","","1","01","","N","N","N","0","","0","0","1","3","3","","1713","1","4","0","0","0","0","0","2","0","4","03","03","N","","","","","","","","","","",""
"2023099829","0438","1","0","0","0","0","0","0","0","0","8","0","","67","11","2023","4","40.0415","-75.1584","0437","06","0","0","0","0","0","0","0","0","","0","0","0","04","3","1","01","","0","40 02:29.409","","00","75 09:30.140","2","0","0","0","67301","1","0","1","N","1","0","1","2","67301","0","","1","09","","N","N","N","0","","0","1","0","3","1","","0435","1","2","0","0","0","0","1","2","0","1","07","07","N","","","","","","","","","","",""
"2023099636","1050","0","0","0","0","0","0","0","0","0","1","0","","67","11","2023","5","39.8942","-75.2512","1047","06","0","0","0","0","0","0","1","0","","0","0","0","10","1","1","00","N","0","39 53:39.200","","00","75 15:04.470","3","0","0","0","67301","0","0","0","N","0","0","0","2","67301","0","","6","01","","N","N","N","0","","1","0","2","0","0","","1045","1","2","0","0","0","0","0","2","0","2","03","03","N","","","","","","","","","","",""
"2023099976","0837","2","0","0","0","0","0","0","0","0","4","0","","67","11","2023","6","40.0673","-75.0088","0833","06","0","0","0","0","0","1","0","0","","0","0","0","07","1","1","01","","0","40 04:02.789","","00","75 00:32.080","3","0","0","0","67301","0","0","0","N","0","0","0","3","67301","0","","1","01","","N","N","N","0","","1","0","0","3","3","","0750","1","2","0","0","0","0","0","2","0","2","03","03","N","","","","","","","","","","",""
"2023101769","1359","1","0","0","0","0","0","0","0","0","4","0","","67","11","2023","7","39.9107","-75.173","1359","06","0","0","0","0","0","0","0","0","","0","0","0","18","4","1","01","","0","39 54:38.421","","02","75 10:22.801","3","0","0","0","67301","0","0","0","N","0","0","0","2","67301","0","","1","01","","N","N","N","0","","1","0","1","3","2","","1830","1","2","0","0","1","0","1","2","0","2","03","03","N","","","","","","","","","","",""
"2023104284","2335","1","0","0","0","0","0","0","0","0","5","0","","67","11","2023","5","40.0049","-75.1521","2329","06","0","0","0","0","0","0","0","0","","0","0","0","23","3","0","00","N","0","40 00:17.680","","00","75 09:07.470","0","0","0","0","67301","0","0","0","N","0","0","0","2","67505","0","","1","01","","N","N","N","0","","0","0","1","0","0","","2320","0","2","0","0","1","0","0","2","0","2","03","03","N","","","","","","","","","","",""
"2023102031","1257","0","0","0","0","0","0","0","0","0","4","0","","67","11","2023","3","40.0003","-75.1434","1255","06","0","0","0","0","0","1","0","0","","0","0","0","00","3","2","02","","0","40 00:01.220","","00","75 08:36.387","3","0","0","0","67301","0","0","0","N","0","0","0","2","67301","0","","4","01","","N","N","N","3","","2","0","1","3","3","","0046","2","4","0","0","0","0","0","2","0","4","03","03","N","","","","","","","","","","",""
"2023106536","0805","0","0","0","0","0","0","0","0","0","4","0","","67","11","2023","5","39.9756","-75.1918","0756","06","0","0","1","0","0","1","0","0","","0","0","0","07","1","1","02","","0","39 58:32.344","","00","75 11:31.116","3","0","0","0","67301","0","0","0","N","0","0","0","2","67301","0","","1","01","","N","N","Y","0","","1","0","2","0","0","","0753","1","2","0","0","0","0","0","2","0","2","03","","N","","","","","","","","","","",""
"2023111142","1946","1","0","0","0","0","0","0","0","0","4","0","","67","12","2023","3","39.9557","-75.2347","1946","06","0","0","0","0","0","0","0","0","","0","0","0","19","3","0","01","","0","39 57:20.422","","00","75 14:05.013","9","0","0","0","67301","0","0","0","N","0","0","0","7","67301","0","","1","01","","N","N","N","0","","0","0","1","3","3","","1946","0","2","0","0","0","0","4","2","0","2","03","03","N","","","","","","","","","","",""
"2023118637","1700","2","0","0","0","0","0","0","0","0","5","0","","67","12","2023","5","39.9809","-75.2412","1650","06","0","0","1","0","0","0","0","0","","0","0","0","16","3","2","00","N","0","39 58:51.190","","00","75 14:28.190","3","0","0","0","67301","0","0","0","N","0","0","0","2","67301","0","","6","09","","N","N","N","0","","2","0","1","0","0","","1645","2","3","0","0","0","0","0","2","0","3","07","07","N","","","","","","","","","","",""
"2023103073","0055","2","0","0","0","0","0","0","0","0","4","0","","67","11","2023","3","39.9558","-75.1915","0054","06","0","0","0","0","0","0","0","0","","0","0","0","00","3","1","01","","1","39 57:21.261","6","00","75 11:29.218","8","0","0","0","67301","0","0","0","N","0","0","0","2","67507","0","","1","01","0147","N","N","N","0","","0","0","0","3","2","Y","0053","1","2","0","0","0","1","0","2","0","2","03","03","N","","","","","","","","","","",""
"2023107164","2000","0","0","0","0","0","0","0","0","0","8","0","","67","11","2023","6","39.957","-75.1572","1955","06","0","0","0","0","0","0","0","0","","0","0","0","19","3","1","01","","0","39 57:26.640","","00","75 09:25.508","4","0","0","0","67301","1","0","0","N","1","0","0","2","67301","1","","1","01","","N","N","N","0","","0","0","0","3","2","","1945","1","2","0","0","0","0","0","2","0","1","03","03","N","","","","","","","","","","",""
"2023110607","0221","0","0","0","0","0","0","0","0","0","4","0","","67","12","2023","3","40.0424","-75.0827","0217","06","0","0","0","0","0","1","0","0","","0","0","0","02","3","0","01","","0","40 02:32.725","","00","75 04:57.598","9","0","0","0","67301","0","0","0","N","0","0","0","2","67301","0","","1","01","","N","N","N","0","","0","0","1","3","2","","0207","0","2","0","0","0","0","1","2","0","2","03","03","N","","","","","","","","","","",""