"CRN","ARRIVAL_TM","AUTOMOBILE_COUNT","BELTED_DEATH_COUNT","BELTED_SUSP_SERIOUS_INJ_COUNT","BICYCLE_COUNT","BICYCLE_DEATH_COUNT","BICYCLE_SUSP_SERIOUS_INJ_COUNT","BUS_COUNT","CHLDPAS_DEATH_COUNT","CHLDPAS_SUSP_SERIOUS_INJ_COUNT","COLLISION_TYPE","COMM_VEH_COUNT","CONS_ZONE_SPD_LIM","COUNTY","CRASH_MONTH","CRASH_YEAR","DAY_OF_WEEK","DEC_LAT","DEC_LONG","DISPATCH_TM","DISTRICT","DRIVER_COUNT_16YR","DRIVER_COUNT_17YR","DRIVER_COUNT_18YR","DRIVER_COUNT_19YR","DRIVER_COUNT_20YR","DRIVER_COUNT_50_64YR","DRIVER_COUNT_65_74YR","DRIVER_COUNT_75PLUS","EST_HRS_CLOSED","FATAL_COUNT","HEAVY_TRUCK_COUNT","HORSE_BUGGY_COUNT","HOUR_OF_DAY","ILLUMINATION","INJURY_COUNT","INTERSECT_TYPE","INTERSECTION_RELATED","LANE_CLOSED","LATITUDE","LN_CLOSE_DIR","LOCATION_TYPE","LONGITUDE","MAX_SEVERITY_LEVEL","MCYCLE_DEATH_COUNT","MCYCLE_SUSP_SERIOUS_INJ_COUNT","MOTORCYCLE_COUNT","MUNICIPALITY","NONMOTR_COUNT","NONMOTR_DEATH_COUNT","NONMOTR_SUSP_SERIOUS_INJ_COUNT","NTFY_HIWY_MAINT","PED_COUNT","PED_DEATH_COUNT","PED_SUSP_SERIOUS_INJ_COUNT","PERSON_COUNT","POLICE_AGCY","POSSIBLE_INJ_COUNT","RDWY_SURF_TYPE_CD","RELATION_TO_ROAD","ROAD_CONDITION","ROADWAY_CLEARED","SCH_BUS_IND","SCH_ZONE_IND","SECONDARY_CRASH","SMALL_TRUCK_COUNT","SPEC_JURIS_CD","SUSP_MINOR_INJ_COUNT","SUSP_SERIOUS_INJ_COUNT","SUV_COUNT","TCD_FUNC_CD","TCD_TYPE","TFC_DETOUR_IND","TIME_OF_DAY","TOT_INJ_COUNT","TOTAL_UNITS","UNB_DEATH_COUNT","UNB_SUSP_SERIOUS_INJ_COUNT","UNBELTED_OCC_COUNT","UNK_INJ_DEG_COUNT","UNK_INJ_PER_COUNT","URBAN_RURAL","VAN_COUNT","VEHICLE_COUNT","WEATHER1","WEATHER2","WORK_ZONE_IND","WORK_ZONE_LOC","WORK_ZONE_TYPE","WORKERS_PRES","WZ_CLOSE_DETOUR","WZ_FLAGGER","WZ_LAW_OFFCR_IND","WZ_LN_CLOSURE","WZ_MOVING","WZ_OTHER","WZ_SHLDER_MDN","WZ_WORKERS_INJ_KILLED"
"2023103032","0337","2","0","0","0","0","0","0","0","0","5","0","","67","11","2023","2","40.0415","-75.0608","0335","06","0","0","0","0","0","0","1","0","","0","0","0","03","3","0","00","N","0","40 02:29.330","","00","75 03:38.860","0","0","0","0","67301","0","0","0","N","0","0","0","1","67301","0","","6","01","","N","N","N","0","","0","0","4","0","0","","0334","0","7","0","0","0","0","0","2","1","7","03","","N","","","","","","","","","","",""
"2023119157","2126","0","0","0","0","0","0","0","0","0","8","0","","67","12","2023","7","40.0188","-75.0663","2123","06","0","0","0","0","0","0","0","0","","0","0","0","21","3","1","00","N","0","40 01:07.700","","00","75 03:58.500","3","0","0","0","67301","1","0","0","N","1","0","0","2","67301","0","","1","01","","N","N","N","0","","1","0","0","0","0","","2115","1","2","0","0","0","0","1","2","0","1","03","03","N","","","","","","","","","","",""
"2023112051","1228","1","0","0","0","0","0","0","0","0","4","0","","67","12","2023","5","39.9869","-75.161","1228","06","0","0","0","0","0","0","0","0","","0","0","0","12","1","1","02","","0","39 59:12.926","","00","75 09:39.762","3","0","0","0","67301","0","0","0","N","0","0","0","2","67301","0","","1","01","","N","N","N","0","","1","0","1","3","2","","1228","1","2","0","0","0","0","0","2","0","2","03","03","N","","","","","","","","","","",""
"2023112045","1735","1","0","0","0","0","0","0","0","0","8","0","","67","12","2023","5","39.9561","-75.236","1730","06","0","0","0","0","0","0","1","0","","0","0","0","17","3","1","00","N","0","39 57:21.800","","00","75 14:09.480","3","0","0","0","67301","1","0","0","N","1","0","0","2","67301","0","","1","01","","N","Y","N","0","","1","0","0","0","0","","1725","1","2","0","0","0","0","0","2","0","1","03","04","N","","","","","","","","","","",""
"2023101787","1724","1","0","0","0","0","0","0","0","0","4","0","","67","11","2023","5","40.0515","-75.1501","1724","06","0","0","0","0","0","0","0","0","","0","0","0","17","4","1","01","","2","40 03:05.564","6","00","75 09:00.360","3","0","0","0","67301","0","0","0","N","0","0","0","3","67301","0","","1","01","1800","N","N","N","0","","1","0","1","3","2","Y","1723","1","2","0","0","0","0","0","2","0","2","03","03","N","","","","","","","","","","",""
"2023103178","2218","0","0","0","0","0","0","0","0","0","1","0","","67","11","2023","7","40.0076","-75.2006","2200","06","0","0","0","0","0","0","0","1","","0","0","0","21","3","2","00","N","1","40 00:27.382","4","00","75 12:02.331","8","0","0","0","67301","0","0","0","N","0","0","0","4","68K01","0","","1","01","2245","N","N","N","1","","0","0","1","0","0","N","2158","2","2","0","0","1","2","0","2","0","2","03","","N","","","","","","","","","","",""
"2023099405","1146","0","0","0","0","0","0","0","0","0","5","0","","67","11","2023","7","39.9624","-75.1891","1145","06","0","0","0","1","0","0","0","0","","0","0","0","11","1","1","00","N","2","39 57:44.700","6","00","75 11:20.700","8","0","0","0","67301","0","0","0","N","0","0","0","1","67507","0","","1","01","1245","N","N","N","0","","0","0","2","0","0","Y","1145","1","2","0","0","0","1","0","2","0","2","04","03","N","","","","","","","","","","",""
"2023099372","1620","0","0","0","0","0","0","0","0","0","8","0","","67","11","2023","6","39.9367","-75.1669","1602","06","0","0","0","0","0","1","0","0","","0","0","0","16","1","1","01","","0","39 56:12.251","","00","75 10:00.995","8","0","0","0","67301","1","0","0","N","1","0","0","2","67301","0","","1","01","","N","N","N","0","","0","0","1","3","2","","1600","1","2","0","0","0","1","0","2","0","1","03","","N","","","","","","","","","","",""
"2023099602","1200","2","0","0","0","0","0","0","0","0","1","0","","67","11","2023","6","40.0591","-75.1901","1148","06","0","0","0","0","0","0","0","0","","0","0","0","11","1","1","00","N","0","40 03:32.730","","00","75 11:24.418","3","0","0","0","67301","0","0","0","N","0","0","0","2","67301","0","","6","01","","N","N","Y","0","","1","0","1","0","0","","1122","1","3","0","0","0","0","0","2","0","3","03","","N","","","","","","","","","","",""
"2023113680","0235","1","0","0","0","0","0","0","0","0","5","0","","67","11","2023","7","40.0078","-75.0986","0235","06","0","0","0","0","0","0","0","0","","0","0","0","02","3","0","00","N","0","40 00:27.956","","00","75 05:55.021","0","0","0","0","67301","0","0","0","N","0","0","0","1","67301","0","","6","01","","N","N","N","1","","0","0","1","0","0","","0215","0","3","0","0","0","0","0","2","0","3","03","","N","","","","","","","","","","",""
"2023118985","0315","1","0","0","0","0","0","0","0","0","5","0","","67","12","2023","1","39.961","-75.2456","0313","06","0","0","0","0","0","0","0","0","","0","0","0","03","3","2","00","N","0","39 57:39.605","","00","75 14:44.166","2","0","0","0","67301","0","0","0","N","0","0","0","2","67301","1","","6","09","","N","N","N","0","","0","1","2","0","0","","0310","2","3","0","1","1","0","0","2","0","3","07","07","N","","","","","","","","","","",""
"2023104338","1609","1","0","0","0","0","0","0","0","0","8","0","","67","11","2023","3","40.0538","-75.2312","1604","06","0","0","0","0","0","0","0","0","","0","0","0","15","1","1","01","","0","40 03:13.392","","00","75 13:52.266","3","0","0","0","67301","1","0","0","N","1","0","0","2","67301","0","","1","01","","N","N","N","0","","1","0","0","3","2","","1558","1","2","0","0","0","0","0","2","0","1","03","03","N","","","","","","","","","","",""
"2023108286","2056","1","0","0","0","0","0","0","0","0","4","0","","67","11","2023","5","39.9404","-75.1873","2048","06","0","0","0","0","0","0","0","0","","0","0","0","20","3","1","03","","1","39 56:25.459","4","00","75 11:14.436","8","0","0","0","67301","0","0","0","N","0","0","0","2","67301","0","","1","01","2120","N","N","N","0","","0","0","1","3","2","N","2040","1","2","0","0","0","1","1","2","0","2","03","","N","","","","","","","","","","",""
"2023116362","1715","1","0","0","0","0","0","0","0","0","4","0","","67","11","2023","4","39.9271","-75.1557","1634","06","0","0","0","0","0","0","0","0","","0","0","0","13","1","1","01","","0","39 55:37.718","","00","75 09:20.376","3","0","0","0","67301","0","0","0","N","0","0","0","4","67301","0","","1","01","","N","N","N","0","","1","0","0","3","3","","1330","1","2","0","0","0","0","0","2","0","2","04","","N","","","","","","","","","","",""
"2023113235","1815","1","0","0","0","0","0","0","0","0","8","0","","67","11","2023","5","39.9902","-75.162","1810","06","0","0","0","0","0","0","0","0","","0","0","0","18","3","1","01","","0","39 59:24.719","","00","75 09:43.023","3","0","0","0","67301","1","0","0","N","1","0","0","2","67301","0","","1","01","","N","N","N","0","","1","0","0","3","1","","1805","1","2","0","0","1","0","0","2","0","1","03","03","N","","","","","","","","","","",""
"2023107165","1200","0","0","0","0","0","0","0","0","0","7","0","","67","11","2023","6","40.0336","-75.1857","1200","06","0","0","0","0","0","1","0","0","","0","0","0","11","1","1","00","N","0","40 02:01.064","","03","75 11:08.385","2","0","0","0","67301","0","0","0","N","0","0","0","1","67301","0","","4","01","","N","N","N","1","","0","1","0","0","0","","1158","1","1","0","1","1","0","0","2","0","1","03","04","N","","","","","","","","","","",""
"2023107442","2129","2","0","0","0","0","0","0","0","0","1","0","","67","11","2023","7","39.9176","-75.2457","2122","06","0","0","0","0","0","0","0","0","","0","0","0","21","3","0","02","","0","39 55:03.425","","00","75 14:44.487","9","0","0","0","67301","0","0","0","N","0","0","0","3","67301","0","","1","01","","N","N","N","0","","0","0","0","3","2","","2115","0","3","0","0","0","0","3","2","1","3","03","03","N","","","","","","","","","","",""
"2023102410","0505","1","0","0","0","0","0","0","0","0","4","0","","67","11","2023","7","40.0148","-75.0855","0455","06","0","0","0","0","0","0","0","0","","0","0","0","04","3","2","01","","0","40 00:53.268","","01","75 05:07.989","3","0","0","0","67301","0","0","0","N","0","0","0","4","67301","0","","1","01","","N","N","N","0","","2","0","1","3","2","","0440","2","2","0","0","2","0","0","2","0","2","03","03","N","","","","","","","","","","",""
"2023101350","1608","0","0","0","0","0","0","0","0","0","8","0","","67","11","2023","4","39.9259","-75.1818","1607","06","0","0","0","0","0","1","0","0","","0","0","0","16","1","1","01","","0","39 55:33.361","","00","75 10:54.418","8","0","0","0","67301","1","0","0","N","1","0","0","2","67301","0","","1","01","","N","N","N","0","","0","0","1","0","0","","1606","1","2","0","0","0","1","0","2","0","1","03","03","N","","","","","","","","","","",""
"2023106655","1517","0","0","0","0","0","0","0","0","0","1","0","","67","11","2023","3","40.0189","-75.0462","1517","06","0","0","0","0","0","1","0","0","","0","0","0","15","1","2","00","N","1","40 01:08.064","1","00","75 02:46.151","8","0","0","0","67301","0","0","0","N","0","0","0","2","68K01","0","","1","01","1546","N","N","N","0","","0","0","2","0","0","N","1517","2","2","0","0","0","2","0","2","0","2","03","03","N","","","","","","","","","","",""
"2023103855","1646","2","0","0","0","0","0","0","0","0","4","0","","67","11","2023","3","39.9955","-75.1541","1645","06","0","0","0","0","0","1","0","0","","0","0","0","16","3","2","01","","0","39 59:43.883","","00","75 09:15.363","3","0","0","0","67301","0","0","0","N","0","0","0","3","67301","0","","1","01","","N","N","N","0","","2","0","0","3","2","","1642","2","2","0","0","0","0","0","2","0","2","03","03","N","","","","","","","","","","",""
"2023101784","2120","2","0","0","0","0","0","0","0","0","4","0","","67","11","2023","4","39.9817","-75.1334","2127","06","0","0","0","0","0","0","0","0","","0","0","0","21","3","1","01","","2","39 58:54.116","1","00","75 08:00.222","3","0","0","0","67301","0","0","0","N","0","0","0","2","67301","0","","1","01","2300","N","N","N","0","","1","0","0","3","3","Y","2113","1","2","0","0","0","0","1","2","0","2","03","","N","","","","","","","","","","",""
"2023103041","1000","1","0","0","0","0","0","0","0","0","4","0","","67","11","2023","2","40.0265","-75.0422","0956","06","0","0","0","0","0","0","0","0","","0","0","0","09","1","3","01","","0","40 01:35.410","","00","75 02:31.776","3","0","0","0","67301","0","0","0","N","0","0","0","3","67301","0","","1","01","","N","N","N","0","","3","0","1","3","3","","0905","3","2","0","0","2","0","0","2","0","2","03","","N","","","","","","","","","","",""
"2023102023","2341","1","0","0","0","0","0","0","0","0","6","0","","67","11","2023","3","40.0988","-74.9779","2335","06","0","0","0","0","0","0","0","0","","0","0","0","22","3","0","00","N","1","40 05:55.780","6","00","74 58:40.600","9","0","0","0","67301","0","0","0","N","0","0","0","2","67301","0","","1","01","0100","N","N","N","0","","0","0","1","0","0","N","2241","0","2","0","0","0","0","2","2","0","2","03","03","N","","","","","","","","","","",""
"2023101358","1606","1","0","0","0","0","0","0","0","0","8","0","","67","11","2023","3","39.9725","-75.2121","1555","06","0","0","0","0","0","0","0","0","","0","0","0","15","1","1","03","","0","39 58:20.921","","00","75 12:43.411","3","0","0","0","67301","1","0","0","N","1","0","0","2","67301","0","","1","01","","N","N","N","0","","1","0","0","3","3","","1545","1","2","0","0","0","0","0","2","0","1","03","03","N","","","","","","","","","","",""
"2023107096","1115","1","0","0","0","0","0","0","0","0","1","0","","67","11","2023","2","39.9571","-75.1566","1037","06","0","0","0","0","0","1","0","0","","0","0","0","10","1","3","00","N","0","39 57:25.505","","00","75 09:23.875","3","0","0","0","67301","0","0","0","N","0","0","0","3","68K01","0","","1","01","","N","N","N","1","","3","0","1","0","0","","1029","3","3","0","0","0","0","0","2","0","3","03","","N","","","","","","","","","","",""
"2023102405","1114","1","0","0","0","0","0","0","0","0","4","0","","67","11","2023","6","39.9229","-75.2263","1114","06","0","0","0","0","0","1","0","0","","0","0","0","10","1","0","01","","0","39 55:22.321","","00","75 13:34.730","0","0","0","0","67301","0","0","0","N","0","0","0","2","67301","0","","1","09","","N","N","N","0","","0","0","1","3","2","","1036","0","2","0","0","0","0","0","2","0","2","04","07","N","","","","","","","","","","",""
"2023118629","0938","1","0","0","0","0","0","0","0","0","1","0","","67","12","2023","5","39.9038","-75.1968","0937","06","0","0","0","0","0","0","0","0","","0","0","0","09","1","1","00","N","0","39 54:13.700","","07","75 11:48.300","3","0","0","0","67301","0","0","0","N","0","0","0","2","67301","0","","1","09","","N","N","N","0","","1","0","1","0","0","","0907","1","2","0","0","0","0","1","2","0","2","07","07","N","","","","","","","","","","",""
"2023099609","1410","1","0","0","0","0","0","0","0","0","1","0","","67","11","2023","6","40.0431","-75.1133","1410","06","0","0","0","0","0","1","1","0","","0","0","0","10","1","1","00","Y","0","40 02:35.067","","00","75 06:47.916","3","0","0","0","67301","0","0","0","N","0","0","0","2","67301","0","","1","01","","N","N","N","0","","1","0","1","3","2","","1038","1","2","0","0","0","0","0","2","0","2","03","","N","","","","","","","","","","",""
"2023117419","1518","1","0","0","0","0","0","0","0","0","1","0","","67","12","2023","2","39.9091","-75.1514","1518","06","0","0","0","0","0","1","0","0","","0","0","0","15","1","2","00","N","1","39 54:32.680","4","03","75 09:04.980","3","0","0","0","67301","0","0","0","N","0","0","0","6","67501","1","","1","01","1550","N","N","N","0","","1","0","1","3","8","N","1518","2","3","0","0","0","0","0","2","1","3","03","03","N","","","","","","","","","","",""
"2023108302","1400","2","0","0","0","0","0","0","0","0","1","0","","67","11","2023","5","40.0145","-75.1782","1400","06","0","0","0","0","0","0","0","0","","0","0","0","00","6","0","00","N","0","40 00:52.042","","01","75 10:41.615","0","0","0","0","67301","0","0","0","N","0","0","0","2","67301","0","","1","01","","N","N","N","0","","0","0","0","0","0","","0015","0","2","0","0","2","0","0","2","0","2","03","03","N","","","","","","","","","","",""
"2023104202","2059","2","0","0","0","0","0","0","0","0","1","0","","67","11","2023","1","39.9625","-75.1832","2050","06","0","0","0","0","1","0","0","0","","0","0","0","20","3","0","00","N","1","39 57:44.891","4","00","75 10:59.368","0","0","0","0","67301","0","0","0","N","0","0","0","2","68K01","0","","1","01","2102","N","N","N","0","","0","0","0","0","0","N","2043","0","2","0","0","0","0","0","2","0","2","03","03","N","","","","","","","","","","",""
"2023118354","2215","3","0","0","0","0","0","0","0","0","5","0","","67","12","2023","3","39.9182","-75.1524","2208","06","0","0","0","0","0","0","0","0","","0","0","0","22","3","0","00","N","0","39 55:05.490","","00","75 09:08.470","9","0","0","0","67301","0","0","0","N","0","0","0","2","67301","0","","6","01","","N","N","Y","0","","0","0","3","0","0","","2200","0","6","0","0","0","0","1","2","0","6","03","","N","","","","","","","","","","",""
"2023108277","0720","2","0","0","0","0","0","0","0","0","4","0","","67","11","2023","7","40.0189","-75.0495","0715","06","0","0","0","0","0","0","0","0","","0","0","0","06","1","0","01","","0","40 01:08.120","","00","75 02:58.216","9","0","0","0","67301","0","0","0","N","0","0","0","2","67301","0","","1","01","","N","N","N","0","","0","0","0","3","3","","0600","0","2","0","0","0","0","1","2","0","2","03","03","N","","","","","","","","","","",""
"2023113241","1446","1","0","0","0","0","0","0","0","0","8","0","","67","12","2023","4","39.9961","-75.1715","1444","06","0","0","0","0","0","0","0","0","","0","0","0","14","1","1","00","N","0","39 59:46.045","","00","75 10:17.306","3","0","0","0","67301","1","0","0","N","1","0","0","2","67301","0","","1","01","","N","N","N","0","","1","0","0","0","0","","1440","1","2","0","0","0","0","0","2","0","1","03","03","N","","","","","","","","","","",""
"2023100951","1715","0","0","0","0","0","0","0","0","0","8","0","","67","11","2023","3","39.9356","-75.2259","1630","06","0","0","0","0","0","0","0","0","","0","0","0","15","1","1","01","","0","39 56:08.100","","00","75 13:33.378","3","0","0","0","67301","1","0","0","N","1","0","0","2","67301","0","","1","01","","N","N","N","0","","1","0","1","3","2","","1545","1","2","0","0","1","0","1","2","0","1","03","","N","","","","","","","","","","",""
"2023106997","0802","1","0","0","0","0","0","0","0","0","4","0","","67","11","2023","6","40.0437","-75.0357","0747","06","0","0","0","0","0","0","0","0","","0","0","0","07","1","1","02","","0","40 02:37.410","","00","75 02:08.635","3","0","0","0","67301","0","0","0","N","0","0","0","2","67301","0","","1","01","","N","N","N","0","","1","0","1","3","3","","0739","1","2","0","0","0","0","0","2","0","2","03","","N","","","","","","","","","","",""
"2023102401","2320","0","0","0","0","0","0","0","0","0","8","0","","67","11","2023","4","39.9057","-75.2466","2318","06","0","0","0","0","0","0","1","0","","0","0","0","17","4","1","01","","0","39 54:20.527","","00","75 14:47.666","3","0","0","0","67301","1","0","0","N","1","0","0","2","67301","0","","1","99","","N","N","N","0","","1","0","0","3","3","","1730","1","2","0","0","0","0","0","2","1","1","03","03","N","","","","","","","","","","",""
"2023118809","0124","2","0","0","0","0","0","0","0","0","4","0","","67","12","2023","4","39.966","-75.1317","0122","06","0","0","0","0","1","0","0","0","","0","0","0","23","3","1","00","N","0","39 57:57.513","","07","75 07:54.131","4","0","0","0","67301","0","0","0","N","0","0","0","2","67301","1","","1","09","","N","N","N","0","","0","0","0","3","2","","2331","1","2","0","0","0","0","1","2","0","2","07","","N","","","","","","","","","","",""
"2023112023","1637","0","0","0","0","0","0","0","0","0","8","0","","67","12","2023","5","39.9487","-75.1534","1637","06","0","0","0","0","0","0","0","1","","0","0","0","16","1","1","00","N","0","39 56:55.260","","00","75 09:12.130","4","0","0","0","67301","1","0","0","N","1","0","0","2","67301","1","","4","01","","N","N","N","0","","0","0","1","0","0","","1630","1","2","0","0","1","0","1","2","0","1","03","03","N","","","","","","","","","","",""
"2023101776","1128","0","0","0","0","0","0","0","0","0","4","0","","67","11","2023","5","39.95","-75.2352","1118","06","0","0","0","0","0","1","1","0","","0","0","0","09","1","1","01","","0","39 56:59.877","","00","75 14:06.575","3","0","0","0","67301","0","0","0","N","0","0","0","2","67301","0","","1","01","","N","N","N","1","","1","0","1","3","1","","0945","1","2","0","0","1","0","0","2","0","2","03","04","N","","","","","","","","","","",""
"2023102049","2334","0","0","0","0","0","0","0","0","0","4","0","","67","11","2023","6","39.9616","-75.1897","2330","06","0","0","0","0","0","0","0","0","","0","0","0","23","3","0","01","","2","39 57:41.795","6","00","75 11:22.786","0","0","0","0","67301","0","0","0","N","0","0","0","2","67507","0","","1","01","0046","N","N","N","0","","0","0","2","3","3","Y","2328","0","2","0","0","0","0","0","2","0","2","03","03","N","","","","","","","","","","",""
"2023103614","2145","2","0","0","0","0","0","0","0","0","4","0","","67","11","2023","7","39.9631","-75.2242","2140","06","0","0","0","0","0","0","0","0","","0","0","0","21","3","1","01","","0","39 57:47.160","","00","75 13:27.211","4","0","0","0","67301","0","0","0","N","0","0","0","3","67301","1","","1","01","","N","N","N","0","","0","0","0","3","2","","2138","1","2","0","0","1","0","0","2","0","2","04","04","N","","","","","","","","","","",""
"2023118221","0104","3","0","0","0","0","0","0","0","0","7","0","","67","12","2023","4","40.0685","-75.0676","0102","06","0","0","0","0","0","0","0","0","","0","0","0","01","3","0","00","N","0","40 04:06.460","","07","75 04:03.420","0","0","0","0","67301","0","0","0","N","0","0","0","2","67301","0","","5","99","","N","N","N","0","","0","0","0","0","0","","0100","0","3","0","0","0","0","0","2","0","3","03","03","N","","","","","","","","","","",""
"2023102404","0915","1","0","0","0","0","0","0","0","0","1","0","","67","11","2023","6","39.9368","-75.2297","0910","06","0","0","0","0","0","0","0","0","","0","0","0","08","1","1","01","","0","39 56:12.350","","00","75 13:46.966","8","0","0","0","67301","0","0","0","N","0","0","0","4","67301","0","","1","09","","N","N","N","0","","0","0","2","3","2","","0859","1","3","0","0","0","1","3","2","0","3","07","07","N","","","","","","","","","","",""
"2023102765","1110","0","0","0","0","0","0","0","0","0","8","0","","67","11","2023","2","39.9552","-75.1857","1046","06","0","0","0","0","0","0","0","0","","0","0","0","11","1","1","00","N","0","39 57:18.651","","07","75 11:08.437","4","0","0","0","67301","1","0","0","N","1","0","0","2","67507","1","","1","01","","N","N","N","0","","0","0","1","0","0","","1110","1","2","0","0","0","0","0","2","0","1","03","03","N","","","","","","","","","","",""
"2023119156","0506","1","0","0","0","0","0","0","0","0","5","0","","67","12","2023","4","40.0267","-75.03","0506","06","0","0","0","0","0","0","0","0","","0","0","0","05","3","1","00","N","0","40 01:35.947","","99","75 01:48.145","3","0","0","0","67301","0","0","0","N","0","0","0","1","67301","0","","2","01","","N","N","N","0","","1","0","1","0","0","","0506","1","2","0","0","0","0","0","2","0","2","03","03","N","","","","","","","","","","",""
"2023117425","0525","1","0","0","0","0","0","0","0","0","4","0","","67","12","2023","1","40.0506","-75.181","0523","06","0","0","0","0","0","0","0","0","","0","0","0","05","3","0","00","N","1","40 03:02.250","4","00","75 10:51.549","0","0","0","0","67301","0","0","0","N","0","0","0","1","67301","0","","6","01","0630","N","N","N","0","","0","0","1","0","0","Y","0522","0","2","0","0","0","0","0","2","0","2","03","03","N","","","","","","","","","","",""
"2023103607","1426","0","0","0","0","0","0","0","0","0","1","0","","67","11","2023","3","39.9058","-75.2239","1426","06","0","0","0","0","0","1","0","0","","0","0","0","14","1","1","00","N","0","39 54:21.055","","07","75 13:26.155","8","0","0","0","67301","0","0","0","N","0","0","0","3","67301","0","","1","01","","N","N","N","0","","0","0","2","0","0","","1423","1","2","0","0","0","1","0","2","0","2","03","03","N","","","","","","","","","","",""
"2023102727","0815","1","0","0","0","0","0","0","0","0","5","0","","67","11","2023","1","39.928","-75.1635","0756","06","0","0","0","0","0","0","0","0","","0","0","0","04","3","0","00","N","0","39 55:40.800","","00","75 09:48.600","9","0","0","0","67301","0","0","0","N","0","0","0","1","67301","0","","6","01","","N","N","Y","0","","0","0","2","0","0","","0428","0","3","0","0","0","0","1","2","0","3","03","03","N","","","","","","","","","","",""
"2023119051","2200","0","0","0","0","0","0","0","0","0","4","0","","67","12","2023","2","39.9944","-75.1578","2200","06","0","0","0","0","0","0","0","0","","0","0","0","21","3","7","01","","0","39 59:39.675","","00","75 09:28.109","3","0","0","0","67301","0","0","0","N","0","0","0","7","67301","0","","1","01","","N","N","N","0","","7","0","2","3","2","","2150","7","2","0","0","0","0","0","2","0","2","03","03","N","","","","","","","","","","",""
"2023112044","0036","0","0","0","1","0","0","0","0","0","8","0","","67","12","2023","5","39.9347","-75.1915","0034","06","0","0","0","0","0","0","0","0","","0","0","0","00","3","1","01","","0","39 56:04.989","","00","75 11:29.495","4","0","0","0","67301","1","0","0","N","0","0","0","2","67301","1","","1","01","","N","N","N","0","","0","0","0","0","0","","0012","1","2","0","0","0","0","1","2","0","1","03","03","N","","","","","","","","","","",""
"2023113072","1903","1","0","0","0","0","0","0","0","0","7","0","","67","12","2023","6","40.0119","-75.06","1854","06","0","0","1","0","0","0","0","0","","0","0","0","18","3","1","00","N","0","40 00:42.843","","00","75 03:36.023","8","0","0","0","67301","0","0","0","N","0","0","0","3","68K01","0","","2","01","","N","N","N","1","","0","0","0","0","0","","1851","1","2","0","0","0","1","0","2","0","2","03","03","N","","","","","","","","","","",""
"2023111141","1725","1","0","0","0","0","0","0","0","0","4","0","","67","12","2023","4","39.9119","-75.2419","1725","06","0","0","0","0","0","0","0","0","","0","0","0","16","1","1","02","","0","39 54:42.811","","00","75 14:30.919","8","0","0","0","67301","0","0","0","N","0","0","0","2","67301","0","","1","01","","N","N","N","0","","0","0","1","3","3","","1613","1","2","0","0","0","1","0","2","0","2","03","03","N","","","","","","","","","","",""
"2023102024","2345","2","0","0","0","0","0","0","0","0","4","0","","67","11","2023","5","40.0808","-75.0284","2343","06","0","0","0","0","0","0","0","0","","0","0","0","22","3","0","01","","1","40 04:50.820","6","00","75 01:42.117","9","0","0","0","67301","0","0","0","N","0","0","0","2","67301","0","","1","01","0030","N","N","N","0","","0","0","0","3","2","Y","2250","0","2","0","0","0","0","1","2","0","2","03","03","N","","","","","","","","","","",""
"2023102730","0254","2","0","0","0","0","0","0","0","0","5","0","","67","11","2023","1","39.9424","-75.2248","0250","06","0","0","0","0","0","0","0","0","","0","0","0","01","3","0","00","N","0","39 56:32.580","","00","75 13:29.270","0","0","0","0","67301","0","0","0","N","0","0","0","1","67301","0","","6","01","","N","N","N","0","","0","0","0","0","0","","0130","0","2","0","0","1","0","0","2","0","2","03","03","N","","","","","","","","","","",""
"2023117347","0225","0","0","0","0","0","0","0","0","0","4","0","","67","12","2023","2","39.9641","-75.2164","0217","06","0","0","0","0","0","0","0","0","","0","0","0","02","3","2","01","","0","39 57:50.803","","00","75 12:59.050","3","0","0","0","67301","0","0","0","N","0","0","0","2","67301","0","","1","01","","N","N","N","0","","2","0","2","3","2","","0215","2","2","0","0","0","0","0","2","0","2","03","","N","","","","","","","","","","",""
"2023102019","1559","1","0","0","0","0","0","0","0","0","4","0","","67","11","2023","5","40.0526","-75.2272","1551","06","0","0","0","0","1","0","0","1","","0","0","0","15","1","1","01","","2","40 03:09.034","6","00","75 13:37.563","3","0","0","0","67301","0","0","0","N","0","0","0","4","67301","0","","1","01","1647","N","N","N","0","","1","0","1","3","2","Y","1545","1","2","0","0","0","0","0","2","0","2","03","","N","","","","","","","","","","",""
"2023100492","1109","2","0","0","0","0","0","0","0","0","4","0","","67","11","2023","2","40.0834","-75.1777","1056","06","0","0","0","0","0","0","1","0","","0","0","0","09","1","1","02","","0","40 05:00.113","","00","75 10:39.655","3","0","0","0","67301","0","0","0","N","0","0","0","3","67301","0","","1","01","","N","N","Y","0","","1","0","1","3","3","","0955","1","3","0","0","0","0","0","2","0","3","03","98","N","","","","","","","","","","",""
"2023105588","1734","1","0","0","0","0","0","0","0","0","1","0","","67","11","2023","7","39.9929","-75.1222","1734","06","0","0","0","0","0","0","0","0","","0","0","0","17","3","1","01","","2","39 59:34.576","7","00","75 07:20.085","8","0","0","0","67301","0","0","0","N","0","0","0","2","67301","0","","1","01","1959","N","N","Y","0","","0","0","1","0","0","Y","1734","1","2","0","0","1","1","0","2","0","2","03","03","N","","","","","","","","","","",""