"CRN","ARRIVAL_TM","AUTOMOBILE_COUNT","BELTED_DEATH_COUNT","BELTED_SUSP_SERIOUS_INJ_COUNT","BICYCLE_COUNT","BICYCLE_DEATH_COUNT","BICYCLE_SUSP_SERIOUS_INJ_COUNT","BUS_COUNT","CHLDPAS_DEATH_COUNT","CHLDPAS_SUSP_SERIOUS_INJ_COUNT","COLLISION_TYPE","COMM_VEH_COUNT","CONS_ZONE_SPD_LIM","COUNTY","CRASH_MONTH","CRASH_YEAR","DAY_OF_WEEK","DEC_LAT","DEC_LONG","DISPATCH_TM","DISTRICT","DRIVER_COUNT_16YR","DRIVER_COUNT_17YR","DRIVER_COUNT_18YR","DRIVER_COUNT_19YR","DRIVER_COUNT_20YR","DRIVER_COUNT_50_64YR","DRIVER_COUNT_65_74YR","DRIVER_COUNT_75PLUS","EST_HRS_CLOSED","FATAL_COUNT","HEAVY_TRUCK_COUNT","HORSE_BUGGY_COUNT","HOUR_OF_DAY","ILLUMINATION","INJURY_COUNT","INTERSECT_TYPE","INTERSECTION_RELATED","LANE_CLOSED","LATITUDE","LN_CLOSE_DIR","LOCATION_TYPE","LONGITUDE","MAX_SEVERITY_LEVEL","MCYCLE_DEATH_COUNT","MCYCLE_SUSP_SERIOUS_INJ_COUNT","MOTORCYCLE_COUNT","MUNICIPALITY","NONMOTR_COUNT","NONMOTR_DEATH_COUNT","NONMOTR_SUSP_SERIOUS_INJ_COUNT","NTFY_HIWY_MAINT","PED_COUNT","PED_DEATH_COUNT","PED_SUSP_SERIOUS_INJ_COUNT","PERSON_COUNT","POLICE_AGCY","POSSIBLE_INJ_COUNT","RDWY_SURF_TYPE_CD","RELATION_TO_ROAD","ROAD_CONDITION","ROADWAY_CLEARED","SCH_BUS_IND","SCH_ZONE_IND","SECONDARY_CRASH","SMALL_TRUCK_COUNT","SPEC_JURIS_CD","SUSP_MINOR_INJ_COUNT","SUSP_SERIOUS_INJ_COUNT","SUV_COUNT","TCD_FUNC_CD","TCD_TYPE","TFC_DETOUR_IND","TIME_OF_DAY","TOT_INJ_COUNT","TOTAL_UNITS","UNB_DEATH_COUNT","UNB_SUSP_SERIOUS_INJ_COUNT","UNBELTED_OCC_COUNT","UNK_INJ_DEG_COUNT","UNK_INJ_PER_COUNT","URBAN_RURAL","VAN_COUNT","VEHICLE_COUNT","WEATHER1","WEATHER2","WORK_ZONE_IND","WORK_ZONE_LOC","WORK_ZONE_TYPE","WORKERS_PRES","WZ_CLOSE_DETOUR","WZ_FLAGGER","WZ_LAW_OFFCR_IND","WZ_LN_CLOSURE","WZ_MOVING","WZ_OTHER","WZ_SHLDER_MDN","WZ_WORKERS_INJ_KILLED"
"2023099605","0110","1","0","0","0","0","0","0","0","0","7","0","","67","11","2023","7","40.0197","-75.0958","0110","06","0","0","0","0","0","0","0","0","","0","0","0","01","3","1","03","","0","40 01:10.740","","00","75 05:45.058","3","0","0","0","67301","0","0","0","N","0","0","0","1","67301","0","","5","01","","N","N","N","0","","1","0","0","3","2","","0107","1","1","0","0","0","0","0","2","0","1","03","03","N","","","","","","","","","","",""
"2023099973","1610","1","0","0","0","0","0","0","0","0","8","0","","67","11","2023","7","39.9612","-75.1466","1557","06","0","0","0","0","0","0","0","0","","0","0","0","15","1","1","01","","0","39 57:40.430","","00","75 08:47.717","4","0","0","0","67301","1","0","0","N","1","0","0","2","67301","1","","1","01","","N","N","N","0","","0","0","0","3","2","","1527","1","2","0","0","0","0","0","2","0","1","03","03","N","","","","","","","","","","",""
"2023099823","0049","2","0","0","0","0","0","0","0","0","5","0","","67","11","2023","5","39.9918","-75.1551","0049","06","0","0","0","0","0","0","1","0","","0","0","0","22","3","3","00","N","0","39 59:30.495","","00","75 09:18.261","3","0","0","0","67301","0","0","0","N","0","0","0","4","67301","0","","1","01","","N","N","N","0","","3","0","0","0","0","","2230","3","2","0","0","0","0","1","2","0","2","03","03","N","","","","","","","","","","",""
"2023100948","1106","2","0","0","0","0","0","0","0","0","4","0","","67","11","2023","3","39.9036","-75.2417","1106","06","0","0","0","0","0","0","0","0","","0","0","0","10","1","1","00","N","1","39 54:13.060","3","07","75 14:30.280","3","0","0","0","67301","0","0","0","N","0","0","0","2","67301","0","","1","01","1120","N","N","N","0","","1","0","0","3","2","N","1040","1","2","0","0","0","0","0","2","0","2","03","03","N","","","","","","","","","","",""
"2023118806","1840","0","0","0","0","0","0","0","0","0","99","0","","67","12","2023","5","40.0555","-75.0858","1809","06","0","0","0","0","0","0","0","0","","0","0","0","18","3","0","01","","0","40 03:19.900","","00","75 05:08.873","9","0","0","0","67301","0","0","0","N","0","0","0","1","67301","0","","5","09","","N","N","N","0","","0","0","1","3","2","","1808","0","1","0","0","0","0","1","2","0","1","07","07","N","","","","","","","","","","",""
"2023103198","2350","1","0","0","0","0","0","0","0","0","4","0","","67","11","2023","1","39.9608","-75.1563","2350","06","0","0","0","0","0","0","0","0","","0","0","0","22","3","2","01","","0","39 57:38.977","","00","75 09:22.766","4","0","0","0","67301","0","0","0","N","0","0","0","2","67301","1","","1","01","","N","N","N","1","","0","0","0","3","3","","2238","2","2","0","0","0","1","0","2","0","2","03","","N","","","","","","","","","","",""
"2023118633","1226","1","0","0","0","0","0","0","0","0","4","0","","67","12","2023","5","39.9415","-75.1778","1154","06","0","0","0","0","0","0","0","1","","0","0","0","09","1","1","01","","0","39 56:29.271","","00","75 10:39.934","3","0","0","0","67301","0","0","0","N","0","0","0","2","67301","0","","1","09","","N","N","N","0","","1","0","1","3","2","","0905","1","2","0","0","0","0","0","2","0","2","07","04","N","","","","","","","","","","",""
"2023119160","0855","0","0","0","0","0","0","0","0","0","4","0","","67","12","2023","6","39.958","-75.2335","0849","06","0","0","0","0","0","0","0","0","","0","0","0","07","1","1","01","","0","39 57:28.631","","00","75 14:00.617","3","0","0","0","67301","0","0","0","N","0","0","0","2","67301","0","","1","01","","N","N","N","0","","1","0","1","3","2","","0756","1","2","0","0","0","0","1","2","0","2","03","03","N","","","","","","","","","","",""
"2023112052","0244","1","0","0","0","0","0","0","0","0","5","0","","67","12","2023","5","39.9738","-75.159","0241","06","0","0","0","0","0","1","0","0","","0","0","0","02","3","2","00","N","1","39 58:25.671","2","00","75 09:32.429","8","0","0","0","67301","0","0","0","N","0","0","0","2","67301","0","","1","01","0359","N","N","N","0","","0","0","1","0","0","N","0241","2","2","0","0","0","2","0","2","0","2","03","03","N","","","","","","","","","","",""
"2023118980","2309","2","0","0","0","0","0","0","0","0","4","0","","67","12","2023","4","40.0065","-75.0887","2305","06","0","0","0","0","0","0","0","0","","0","0","0","21","3","0","00","N","1","40 00:23.173","2","00","75 05:20.570","9","0","0","0","67301","0","0","0","N","0","0","0","2","67301","0","","1","09","0020","N","N","Y","1","","0","0","0","0","0","N","2130","0","3","0","0","0","0","1","2","0","3","07","07","N","","","","","","","","","","",""
"2023118975","0144","1","0","0","0","0","0","0","0","0","4","0","","67","12","2023","7","40.0557","-75.0643","0134","06","0","0","0","0","0","0","0","0","","0","0","0","01","3","0","00","N","0","40 03:20.670","","00","75 03:51.650","0","0","0","0","67301","0","0","0","N","0","0","0","2","67301","0","","6","01","","N","N","N","0","","0","0","2","0","0","","0124","0","3","0","0","0","0","0","2","0","3","03","03","N","","","","","","","","","","",""
"2023107358","2235","3","0","0","0","0","0","0","0","0","4","0","","67","11","2023","5","40.0724","-75.1579","2205","06","0","0","0","0","0","1","0","1","","0","0","0","21","3","4","01","","0","40 04:20.625","","00","75 09:28.371","4","0","0","0","67301","0","0","0","N","0","0","0","5","67301","4","","1","01","","N","N","Y","0","","0","0","0","3","2","","2159","4","4","0","0","0","0","1","2","0","4","03","","N","","","","","","","","","","",""
"2023112822","1340","2","0","0","0","0","0","0","0","0","4","0","","67","12","2023","6","40.0308","-75.0566","1340","06","0","0","0","0","1","0","0","0","","0","0","0","13","1","1","01","","2","40 01:50.728","6","00","75 03:23.864","4","0","0","0","67301","0","0","0","N","0","0","0","5","67301","1","","1","01","0200","N","N","N","0","","0","0","1","3","3","N","1340","1","3","0","0","3","0","0","2","0","3","03","03","N","","","","","","","","","","",""
"2023105712","0240","1","0","0","0","0","0","0","0","0","7","0","","67","11","2023","2","39.983","-75.1014","0240","06","0","0","0","0","0","0","0","0","","0","0","0","02","3","2","01","","0","39 58:58.706","","00","75 06:05.180","8","0","0","0","67301","0","0","0","N","0","0","0","2","67301","0","","4","01","","N","N","N","0","","0","0","0","3","2","","0240","2","1","0","0","2","2","0","2","0","1","03","03","N","","","","","","","","","","",""
"2023115791","0755","2","0","0","0","0","0","0","0","0","5","0","","67","11","2023","6","40.0124","-75.0996","0745","06","0","0","0","0","0","0","0","0","","0","0","0","07","5","0","00","N","2","40 00:44.790","5","00","75 05:58.540","0","0","0","0","67301","0","0","0","N","0","0","0","1","67301","0","","6","01","0900","N","N","Y","0","","0","0","2","0","0","Y","0734","0","4","0","0","1","0","0","2","0","4","03","04","N","","","","","","","","","","",""
"2023103616","1214","0","0","0","0","0","0","0","0","0","4","0","","67","11","2023","4","39.9717","-75.1259","1211","06","0","0","0","0","0","1","0","0","","0","0","0","12","1","1","01","","0","39 58:18.181","","00","75 07:33.198","3","0","0","0","67301","0","0","0","N","0","0","0","3","67301","0","","1","01","","N","N","N","0","","1","0","1","3","1","","1211","1","2","0","0","2","0","0","2","1","2","03","03","N","","","","","","","","","","",""
"2023103039","1640","0","0","0","0","0","0","0","0","0","7","0","","67","11","2023","1","40.078","-75.2107","1630","06","0","1","0","0","0","0","0","0","","0","0","0","16","1","1","01","","0","40 04:40.713","","00","75 12:38.397","3","0","0","0","67301","0","0","0","N","0","0","0","1","67301","0","","4","01","","N","N","N","0","","1","0","1","3","1","","1630","1","1","0","0","0","0","0","2","0","1","03","04","N","","","","","","","","","","",""
"2023110610","1321","2","0","0","0","0","0","0","0","0","4","0","","67","11","2023","2","40.0105","-75.1267","1321","06","0","0","0","0","0","0","0","0","","0","0","0","13","1","1","00","N","0","40 00:37.630","","00","75 07:36.180","3","0","0","0","67301","0","0","0","N","0","0","0","3","67301","0","","1","01","","N","N","N","0","","1","0","0","0","0","","1321","1","2","0","0","0","0","2","2","0","2","03","03","N","","","","","","","","","","",""
"2023094513","0100","0","0","0","0","0","0","0","0","0","4","0","","67","10","2023","1","40.0274","-75.052","0106","06","0","0","0","0","0","0","0","0","","0","0","0","00","3","0","01","","0","40 01:38.766","","00","75 03:07.203","0","0","0","0","67301","0","0","0","N","0","0","0","2","67301","0","","1","01","","N","N","N","1","","0","0","4","3","3","","0030","0","5","0","0","0","0","0","2","0","5","03","","N","","","","","","","","","","",""
"2023095789","2200","1","0","0","0","0","0","0","0","0","8","0","","67","10","2023","3","39.9391","-75.1664","2146","06","0","0","0","0","0","0","0","0","","0","0","0","21","3","1","01","","0","39 56:20.661","","00","75 09:59.176","3","0","0","0","67301","1","0","0","N","1","0","0","2","67301","0","","1","01","","N","N","N","0","","1","0","0","3","2","","2136","1","2","0","0","0","0","1","2","0","1","03","","N","","","","","","","","","","",""
"2023105578","2145","1","0","0","0","0","0","0","0","0","8","0","","67","10","2023","7","40.0087","-75.1067","2142","06","0","0","0","0","0","0","0","0","","0","0","0","21","3","1","00","N","1","40 00:31.480","2","00","75 06:23.940","8","0","0","0","67301","1","0","0","N","1","0","0","2","67301","0","","1","09","2200","N","N","N","0","","0","0","0","0","0","N","2128","1","2","0","0","0","1","0","2","0","1","07","","N","","","","","","","","","","",""
"2023093475","2325","2","0","0","0","0","0","0","0","0","4","0","","67","10","2023","4","39.9172","-75.2463","2320","06","0","0","0","0","0","0","0","0","","0","0","0","20","3","1","01","","0","39 55:01.859","","00","75 14:46.691","2","0","0","0","67301","0","0","0","N","0","0","0","3","67301","0","","1","01","","N","N","N","0","","0","1","0","3","2","","2011","1","2","0","0","0","0","1","2","0","2","03","03","N","","","","","","","","","","",""
"2023092042","1237","1","0","0","0","0","0","0","0","0","4","0","","67","10","2023","7","40.0384","-75.1769","1222","06","0","0","0","0","0","0","0","0","","0","0","0","12","1","1","01","","0","40 02:18.187","","00","75 10:36.876","3","0","0","0","67301","0","0","0","N","0","0","0","2","67301","0","","1","09","","N","N","N","0","","1","0","1","3","2","","1221","1","2","0","0","0","0","0","2","0","2","07","07","N","","","","","","","","","","",""
"2023094415","1627","1","0","0","0","0","0","0","0","0","4","0","","67","10","2023","7","40.0935","-74.9802","1627","06","1","0","0","0","0","0","0","1","","0","0","0","15","1","1","01","","0","40 05:36.611","","00","74 58:48.600","3","0","0","0","67301","0","0","0","N","0","0","0","2","67301","0","","1","01","","N","N","N","0","","1","0","1","3","2","","1555","1","2","0","0","0","0","0","2","0","2","03","03","N","","","","","","","","","","",""
"2023093239","1631","1","0","0","0","0","0","0","0","0","8","0","","67","10","2023","4","39.9871","-75.1626","1630","06","0","0","0","0","0","0","0","0","","0","0","0","16","1","1","01","","0","39 59:13.650","","00","75 09:45.421","3","0","0","0","67301","1","0","0","N","1","0","0","2","67301","0","","1","01","","N","N","N","0","","1","0","0","3","2","","1630","1","2","0","0","0","0","0","2","0","1","03","03","N","","","","","","","","","","",""
"2023095472","1109","1","0","0","0","0","0","0","0","0","4","0","","67","10","2023","6","39.9442","-75.1616","1109","06","0","0","0","0","1","0","0","1","","0","0","0","06","1","3","01","","0","39 56:39.163","","00","75 09:41.611","4","0","0","0","67301","0","0","0","N","0","0","0","4","67301","2","","1","01","","N","N","N","0","","0","0","1","3","1","","0615","3","2","0","0","0","1","0","2","0","2","03","03","N","","","","","","","","","","",""
"2023094512","0150","1","0","0","0","0","0","0","0","0","4","0","","67","10","2023","1","40.0523","-75.008","0145","06","0","0","0","0","0","0","0","0","","0","0","0","01","3","0","01","","1","40 03:08.606","6","00","75 00:28.400","9","0","0","0","67301","0","0","0","N","0","0","0","2","67301","0","","1","01","0300","N","N","N","0","","0","0","1","3","2","N","0140","0","2","0","0","0","0","2","2","0","2","03","03","N","","","","","","","","","","",""
"2023094158","1830","1","0","0","0","0","0","0","0","0","4","0","","67","10","2023","7","40.0146","-75.1785","1830","06","0","0","0","0","0","0","1","0","","0","0","0","15","1","1","01","","0","40 00:52.700","","02","75 10:42.488","2","0","0","0","67301","0","0","0","N","0","0","0","2","67301","0","","1","99","","N","N","N","0","","0","1","1","3","2","","1530","1","2","0","0","0","0","1","2","0","2","99","","N","","","","","","","","","","",""
"2023094871","1007","1","0","0","0","0","0","0","0","0","7","0","","67","10","2023","7","40.0102","-75.1931","1006","06","0","0","0","0","0","0","0","1","","0","0","0","10","1","0","00","N","0","40 00:36.563","","00","75 11:35.305","0","0","0","0","67301","0","0","0","N","0","0","0","1","67301","0","","4","01","","N","N","Y","0","","0","0","0","0","0","","1002","0","2","0","0","0","0","0","2","1","2","03","03","N","","","","","","","","","","",""
"2023102921","1524","2","0","0","0","0","0","0","0","0","1","0","","67","10","2023","3","40.0491","-75.0022","1502","06","0","0","0","0","0","0","0","0","","0","0","0","14","1","1","00","N","0","40 02:56.699","","00","75 00:08.064","3","0","0","0","67301","0","0","0","N","0","0","0","3","68K01","0","","1","01","","N","N","N","0","","1","0","0","0","0","","1458","1","2","0","0","0","0","0","2","0","2","03","","N","","","","","","","","","","",""
"2023095338","0015","2","0","1","0","0","0","0","0","0","4","0","","67","10","2023","7","40.0687","-75.1641","0010","06","0","0","0","0","0","0","0","0","","0","0","0","23","3","1","01","","0","40 04:07.205","","00","75 09:50.797","2","0","0","0","67301","0","0","0","N","0","0","0","2","67301","0","","1","99","","N","N","N","0","","0","1","0","3","2","","2340","1","2","0","0","0","0","0","2","0","2","99","","N","","","","","","","","","","",""
"2023095793","0050","1","0","0","1","0","1","0","0","0","8","0","","67","10","2023","6","39.9973","-75.1441","0043","06","0","0","0","0","0","0","0","0","","0","0","0","00","3","1","01","","0","39 59:50.409","","00","75 08:38.864","2","0","0","0","67301","1","0","1","N","0","0","0","2","67301","0","","1","01","","N","N","N","0","","0","1","0","3","3","","0018","1","2","0","0","1","0","0","2","0","1","03","03","N","","","","","","","","","","",""
"2023095884","0810","0","0","0","0","0","0","0","0","0","5","0","","67","10","2023","5","39.9911","-75.1552","0805","06","0","0","0","0","0","0","1","0","","0","0","0","08","1","1","00","N","0","39 59:27.992","","00","75 09:18.821","3","0","0","0","67301","0","0","0","N","0","0","0","3","67301","0","","1","01","","N","N","N","0","","1","0","2","0","0","","0805","1","2","0","0","0","0","0","2","0","2","03","03","N","","","","","","","","","","",""
"2023094247","2120","0","0","0","1","0","0","0","0","0","8","0","","67","10","2023","6","40.0408","-75.0578","2120","06","0","0","0","0","0","0","1","0","","0","0","0","19","3","1","00","N","0","40 02:26.986","","07","75 03:28.145","3","0","0","0","67301","1","0","0","N","0","0","0","2","67301","0","","4","01","","N","N","N","0","","1","0","1","3","3","","1900","1","2","0","0","0","0","0","2","0","1","03","03","N","","","","","","","","","","",""
"2023095780","1337","0","0","0","0","0","0","0","0","0","1","0","","67","10","2023","3","40.1047","-75.0015","1323","06","0","0","0","0","0","2","0","0","","0","0","0","12","1","1","01","","0","40 06:16.829","","00","75 00:05.337","3","0","0","0","67301","0","0","0","N","0","0","0","2","67301","0","","1","01","","N","N","N","1","","1","0","1","3","2","","1253","1","2","0","0","2","0","0","2","0","2","03","03","N","","","","","","","","","","",""
"2023091964","2350","1","0","0","0","0","0","0","0","0","1","0","","67","10","2023","1","39.9753","-75.1516","2346","06","0","0","0","0","0","1","0","0","","0","0","0","22","2","1","00","N","0","39 58:31.200","","00","75 09:05.600","3","0","0","0","67301","0","0","0","N","0","0","0","1","67505","0","","6","01","","N","N","N","0","","1","0","1","0","0","","2243","1","2","0","0","1","0","0","2","0","2","03","","N","","","","","","","","","","",""
"2023091737","0415","1","0","0","0","0","0","0","0","0","1","0","","67","10","2023","7","40.0101","-75.08","0404","06","0","0","0","0","0","0","0","0","","0","0","0","03","3","0","00","N","2","40 00:36.352","5","00","75 04:47.985","9","0","0","0","67301","0","0","0","N","0","0","0","2","67301","0","","1","01","0415","N","N","N","0","","0","0","1","0","0","Y","0352","0","2","0","0","1","0","2","2","0","2","03","03","N","","","","","","","","","","",""
"2023096101","1945","1","0","0","0","0","0","0","0","0","1","0","","67","10","2023","1","39.9071","-75.1937","1940","06","0","0","0","0","0","1","0","0","","0","0","0","19","2","1","00","Y","0","39 54:25.403","","00","75 11:37.408","3","0","0","0","67301","0","0","0","N","0","0","0","3","67301","0","","1","01","","N","N","N","0","","1","0","1","3","2","","1910","1","2","0","0","1","0","0","2","0","2","03","03","N","","","","","","","","","","",""
"2023094249","1421","1","0","0","0","0","0","0","0","0","4","0","","67","10","2023","5","39.9614","-75.2368","1420","06","0","0","0","1","0","0","0","0","","0","0","0","14","1","1","01","","2","39 57:41.141","3","01","75 14:12.483","3","0","0","0","67301","0","0","0","N","0","0","0","2","67301","0","","1","01","0100","N","N","N","0","","1","0","1","3","2","Y","1420","1","2","0","0","0","0","0","2","0","2","03","03","N","","","","","","","","","","",""
"2023094412","0235","0","0","0","0","0","0","0","0","0","4","0","","67","10","2023","6","39.9422","-75.1539","0228","06","0","0","0","0","0","0","0","0","","0","0","0","02","3","0","01","","0","39 56:31.954","","00","75 09:14.118","0","0","0","0","67301","0","0","0","N","0","0","0","2","67301","0","","1","09","","N","N","N","0","","0","0","1","3","2","","0214","0","2","0","0","1","0","0","2","1","2","07","07","N","","","","","","","","","","",""
"2023096111","1717","1","0","0","0","0","0","0","0","0","8","0","","67","10","2023","2","39.9644","-75.1902","1715","06","0","0","0","0","0","0","1","0","","0","0","0","15","1","1","00","N","0","39 57:51.950","","00","75 11:24.690","3","0","0","0","67301","1","0","0","N","1","0","0","2","67301","0","","1","01","","N","N","N","0","","1","0","0","0","0","","1557","1","2","0","0","1","0","0","2","0","1","03","03","N","","","","","","","","","","",""
"2023092364","0815","1","0","0","0","0","0","0","0","0","1","0","","67","10","2023","1","40.0151","-75.1773","0756","06","0","0","0","0","0","0","0","0","","0","0","0","06","1","1","00","N","0","40 00:54.409","","00","75 10:38.154","3","0","0","0","67301","0","0","0","N","0","0","0","2","67301","0","","1","01","","N","N","N","1","","1","0","0","0","0","","0650","1","2","0","0","1","0","0","2","0","2","03","03","N","","","","","","","","","","",""
"2023096429","1610","0","0","0","0","0","0","0","0","0","4","0","","67","10","2023","5","39.9754","-75.1918","1554","06","0","0","0","0","0","0","0","0","","0","0","0","15","1","2","00","N","0","39 58:31.529","","07","75 11:30.412","2","0","0","0","67301","0","0","0","N","0","0","0","3","67301","0","","1","01","","N","N","N","0","","0","1","2","0","0","","1548","2","2","0","0","0","1","0","2","0","2","03","03","N","","","","","","","","","","",""
"2023103576","0343","1","0","0","0","0","0","0","0","0","7","0","","67","10","2023","1","39.981","-75.2066","0340","06","0","0","0","0","0","0","0","0","","0","0","0","03","3","0","00","N","0","39 58:51.578","","00","75 12:23.640","0","0","0","0","67301","0","0","0","N","0","0","0","3","68K01","0","","3","09","","N","N","N","0","","0","0","2","0","0","","0330","0","3","0","0","0","0","0","2","0","3","04","","N","","","","","","","","","","",""
"2023092044","0320","0","0","0","0","0","0","0","0","0","2","0","","67","10","2023","1","40.0343","-75.0733","0307","06","0","0","0","0","0","0","0","0","","0","0","0","03","3","2","00","N","0","40 02:03.322","","00","75 04:23.710","8","0","0","0","67301","0","0","0","N","0","0","0","3","67301","0","","1","09","","N","N","N","1","","0","0","1","0","0","","0300","2","2","0","0","0","2","0","2","0","2","07","07","N","","","","","","","","","","",""
"2023095876","1930","1","0","0","0","0","0","0","0","0","8","0","","67","10","2023","1","40.0721","-75.033","1911","06","0","0","0","0","0","0","0","0","","0","0","0","18","3","1","02","","0","40 04:19.712","","00","75 01:58.660","2","0","0","0","67301","1","0","1","N","1","0","1","2","67301","0","","1","01","","N","N","N","0","","0","1","0","3","2","","1835","1","2","0","0","0","0","1","2","0","1","03","03","N","","","","","","","","","","",""
"2023092047","1707","0","0","0","0","0","0","0","0","0","8","0","","67","10","2023","7","39.9758","-75.1584","1704","06","0","0","0","0","0","0","0","0","","0","0","0","17","4","1","01","","0","39 58:33.043","","00","75 09:30.301","2","0","0","0","67301","1","0","1","N","1","0","1","3","67301","0","","1","09","","N","N","N","0","","0","1","1","3","2","","1702","1","2","0","0","0","0","0","2","0","1","07","04","N","","","","","","","","","","",""
"2023091742","0532","1","0","0","0","0","0","0","0","0","5","0","","67","10","2023","7","39.9595","-75.2459","0530","06","0","0","0","0","1","0","0","0","","0","0","0","05","3","1","00","N","0","39 57:34.167","","00","75 14:45.405","2","0","0","0","67301","0","0","0","N","0","0","0","2","67301","0","","1","01","","N","N","N","0","","0","1","2","0","0","","0524","1","3","0","0","0","0","0","2","0","3","03","03","N","","","","","","","","","","",""
"2023095433","2253","1","0","0","0","0","0","0","0","0","1","0","","67","10","2023","3","39.8984","-75.1825","2237","06","0","0","0","0","1","0","0","0","","0","0","0","22","3","0","00","N","0","39 53:54.205","","03","75 10:56.897","0","0","0","0","67301","0","0","0","N","0","0","0","2","68K01","0","","1","01","","N","N","N","0","","0","0","1","0","0","","2214","0","2","0","0","0","0","0","2","0","2","03","","N","","","","","","","","","","",""
"2023095337","1423","1","0","0","0","0","0","0","0","0","4","0","","67","10","2023","2","39.8932","-75.236","1419","06","0","0","0","0","0","1","1","0","","0","0","0","14","1","2","02","","2","39 53:35.466","2","02","75 14:09.435","3","0","0","0","67301","0","0","0","N","0","0","0","2","67301","0","","1","01","1545","N","N","N","0","","2","0","1","3","3","N","1419","2","2","0","0","0","0","0","2","0","2","03","03","N","","","","","","","","","","",""
"2023096104","2251","1","0","0","1","0","0","0","0","0","8","0","","67","10","2023","2","39.9244","-75.1697","2248","06","0","0","0","0","0","0","0","0","","0","0","0","22","3","1","01","","0","39 55:27.784","","00","75 10:10.844","8","0","0","0","67301","1","0","0","N","0","0","0","3","67301","0","","1","01","","N","N","N","0","","0","0","0","3","2","","2245","1","2","0","0","0","1","0","2","0","1","04","03","N","","","","","","","","","","",""
"2023100878","0404","2","0","0","0","0","0","0","0","0","1","0","","67","10","2023","1","39.959","-75.1706","0358","06","0","0","0","0","0","0","0","0","","0","0","0","08","3","3","00","N","2","39 57:32.320","4","00","75 10:14.285","3","0","0","0","67301","0","0","0","N","0","0","0","3","68K01","0","","1","01","0900","N","N","N","0","","3","0","0","0","0","Y","0844","3","2","0","0","0","0","0","2","0","2","03","","N","","","","","","","","","","",""
"2023094130","1630","1","0","0","0","0","0","0","0","0","1","0","","67","10","2023","4","39.9166","-75.1734","1526","06","0","0","0","0","0","0","0","0","","0","0","0","14","1","0","00","N","1","39 54:59.827","4","00","75 10:24.265","0","0","0","0","67301","0","0","0","N","0","0","0","1","67301","0","","6","01","1626","N","N","N","0","","0","0","0","0","0","N","1400","0","2","0","0","1","0","0","2","1","2","03","","N","","","","","","","","","","",""
"2023095874","2205","1","0","0","0","0","0","0","0","0","4","0","","67","10","2023","2","39.9073","-75.1879","2148","06","0","0","0","0","0","1","0","0","","0","0","0","21","3","1","01","","1","39 54:26.287","4","00","75 11:16.317","8","0","0","0","67301","0","0","0","N","0","0","0","2","67301","0","","1","01","2235","N","N","N","1","","0","0","0","0","0","N","2130","1","2","0","0","0","1","0","2","0","2","03","","N","","","","","","","","","","",""
"2023094250","2015","1","0","0","0","0","0","0","0","0","8","0","","67","10","2023","7","40.0023","-75.2201","1956","06","0","0","0","0","0","0","0","0","","0","0","0","19","3","1","01","","0","40 00:08.205","","00","75 13:12.866","8","0","0","0","67301","1","0","0","N","1","0","0","2","67301","0","","1","09","","N","N","N","0","","0","0","0","3","2","","1950","1","2","0","0","0","1","0","2","0","1","07","07","N","","","","","","","","","","",""
"2023093134","1022","1","0","0","0","0","0","0","0","0","5","0","","67","10","2023","7","39.9803","-75.1798","1021","06","0","0","0","0","0","0","0","0","","0","0","0","10","1","0","00","N","0","39 58:49.130","","00","75 10:47.370","9","0","0","0","67301","0","0","0","N","0","0","0","2","67301","0","","6","09","","N","N","N","0","","0","0","1","0","0","","1019","0","2","0","0","1","0","2","2","0","2","04","","N","","","","","","","","","","",""
"2023105582","1706","1","0","0","0","0","0","0","0","0","1","0","","67","10","2023","3","39.9912","-75.1308","1705","06","0","0","0","0","0","0","0","0","","0","0","0","17","1","1","00","N","1","39 59:28.440","1","00","75 07:50.910","3","0","0","0","67301","0","0","0","N","0","0","0","1","67301","0","","6","01","1725","N","N","N","1","","1","0","2","0","0","Y","1701","1","4","0","0","0","0","0","2","0","4","03","03","N","","","","","","","","","","",""
"2023097776","2315","1","0","0","0","0","0","0","0","0","1","0","","67","10","2023","7","40.0435","-75.0031","2314","06","0","0","0","0","0","0","0","0","","0","0","0","23","3","0","00","N","2","40 02:36.491","2","03","75 00:11.125","0","0","0","0","67301","0","0","0","N","0","0","0","4","68K01","0","","2","09","2350","N","N","N","0","","0","0","3","0","0","N","2314","0","4","0","0","0","0","0","2","0","4","07","07","N","","","","","","","","","","",""
"2023096428","1923","1","0","0","0","0","0","0","0","0","4","0","","67","10","2023","1","39.9246","-75.1713","1918","06","0","0","0","0","0","0","1","0","","0","0","0","19","3","1","01","","0","39 55:28.500","","00","75 10:16.531","3","0","0","0","67301","0","0","0","N","0","0","0","3","67301","0","","1","01","","N","N","N","0","","1","0","0","3","2","","1915","1","2","0","0","3","0","0","2","1","2","03","03","N","","","","","","","","","","",""
"2023093979","0215","1","0","0","0","0","0","0","0","0","7","0","","67","10","2023","1","40.04","-75.0065","0215","06","0","0","0","0","0","0","0","0","","0","0","0","02","3","0","00","N","0","40 02:24.024","","00","75 00:23.557","0","0","0","0","67301","0","0","0","N","0","0","0","1","68K01","0","","3","09","","N","N","N","0","","0","0","0","0","0","","0210","0","1","0","0","0","0","0","2","0","1","07","07","N","","","","","","","","","","",""