"CRN","ARRIVAL_TM","AUTOMOBILE_COUNT","BELTED_DEATH_COUNT","BELTED_SUSP_SERIOUS_INJ_COUNT","BICYCLE_COUNT","BICYCLE_DEATH_COUNT","BICYCLE_SUSP_SERIOUS_INJ_COUNT","BUS_COUNT","CHLDPAS_DEATH_COUNT","CHLDPAS_SUSP_SERIOUS_INJ_COUNT","COLLISION_TYPE","COMM_VEH_COUNT","CONS_ZONE_SPD_LIM","COUNTY","CRASH_MONTH","CRASH_YEAR","DAY_OF_WEEK","DEC_LAT","DEC_LONG","DISPATCH_TM","DISTRICT","DRIVER_COUNT_16YR","DRIVER_COUNT_17YR","DRIVER_COUNT_18YR","DRIVER_COUNT_19YR","DRIVER_COUNT_20YR","DRIVER_COUNT_50_64YR","DRIVER_COUNT_65_74YR","DRIVER_COUNT_75PLUS","EST_HRS_CLOSED","FATAL_COUNT","HEAVY_TRUCK_COUNT","HORSE_BUGGY_COUNT","HOUR_OF_DAY","ILLUMINATION","INJURY_COUNT","INTERSECT_TYPE","INTERSECTION_RELATED","LANE_CLOSED","LATITUDE","LN_CLOSE_DIR","LOCATION_TYPE","LONGITUDE","MAX_SEVERITY_LEVEL","MCYCLE_DEATH_COUNT","MCYCLE_SUSP_SERIOUS_INJ_COUNT","MOTORCYCLE_COUNT","MUNICIPALITY","NONMOTR_COUNT","NONMOTR_DEATH_COUNT","NONMOTR_SUSP_SERIOUS_INJ_COUNT","NTFY_HIWY_MAINT","PED_COUNT","PED_DEATH_COUNT","PED_SUSP_SERIOUS_INJ_COUNT","PERSON_COUNT","POLICE_AGCY","POSSIBLE_INJ_COUNT","RDWY_SURF_TYPE_CD","RELATION_TO_ROAD","ROAD_CONDITION","ROADWAY_CLEARED","SCH_BUS_IND","SCH_ZONE_IND","SECONDARY_CRASH","SMALL_TRUCK_COUNT","SPEC_JURIS_CD","SUSP_MINOR_INJ_COUNT","SUSP_SERIOUS_INJ_COUNT","SUV_COUNT","TCD_FUNC_CD","TCD_TYPE","TFC_DETOUR_IND","TIME_OF_DAY","TOT_INJ_COUNT","TOTAL_UNITS","UNB_DEATH_COUNT","UNB_SUSP_SERIOUS_INJ_COUNT","UNBELTED_OCC_COUNT","UNK_INJ_DEG_COUNT","UNK_INJ_PER_COUNT","URBAN_RURAL","VAN_COUNT","VEHICLE_COUNT","WEATHER1","WEATHER2","WORK_ZONE_IND","WORK_ZONE_LOC","WORK_ZONE_TYPE","WORKERS_PRES","WZ_CLOSE_DETOUR","WZ_FLAGGER","WZ_LAW_OFFCR_IND","WZ_LN_CLOSURE","WZ_MOVING","WZ_OTHER","WZ_SHLDER_MDN","WZ_WORKERS_INJ_KILLED"
"2023095328","0200","3","0","0","0","0","0","0","0","0","2","0","","67","10","2023","1","40.0522","-75.0652","0200","06","0","0","0","0","0","0","0","0","","0","0","0","01","3","1","00","N","2","40 03:07.878","1","00","75 03:54.798","3","0","0","0","67301","0","0","0","N","0","0","0","2","67301","0","","1","01","0330","N","N","Y","0","","1","0","0","0","0","Y","0159","1","3","0","0","0","0","1","2","0","3","03","","N","","","","","","","","","","",""
"2023096224","1140","1","0","1","0","0","0","0","0","1","4","0","","67","10","2023","3","40.034","-75.0744","1139","06","0","0","0","0","0","0","1","0","","0","0","0","11","1","5","01","","2","40 02:02.392","6","00","75 04:27.730","2","0","0","0","67301","0","0","0","N","0","0","0","5","67301","0","","1","01","1230","N","N","N","0","","1","4","1","3","2","Y","1100","5","2","0","1","1","0","0","2","0","2","03","03","N","","","","","","","","","","",""
"2023094423","2015","1","0","0","0","0","0","0","0","0","4","0","","67","10","2023","7","39.994","-75.1792","2004","06","0","0","0","0","0","1","0","0","","0","0","0","19","3","1","01","","0","39 59:38.356","","00","75 10:45.261","3","0","0","0","67301","0","0","0","N","0","0","0","5","67301","0","","1","01","","N","N","N","1","","1","0","0","3","2","","1950","1","2","0","0","0","0","0","2","0","2","03","03","N","","","","","","","","","","",""
"2023091936","2150","1","0","0","0","0","0","0","0","0","2","0","","67","10","2023","7","40.0298","-75.0626","2150","06","0","0","0","0","0","0","0","0","","0","0","0","12","1","1","00","N","0","40 01:47.100","","00","75 03:45.200","3","0","0","0","67301","0","0","0","N","0","0","0","2","67301","0","","1","09","","N","N","N","0","","1","0","1","0","0","","1200","1","2","0","0","1","0","0","2","0","2","07","04","N","","","","","","","","","","",""
"2023094154","0404","0","0","0","0","0","0","0","0","0","7","0","","67","10","2023","2","40.0095","-75.1885","0355","06","0","0","0","0","0","0","0","0","","0","0","0","03","3","0","00","N","0","40 00:34.209","","02","75 11:18.447","0","0","0","0","67301","0","0","0","N","0","0","0","1","67301","0","","4","01","","N","N","N","0","","0","0","1","0","0","","0354","0","1","0","0","1","0","0","2","0","1","03","03","N","","","","","","","","","","",""
"2023095473","0530","0","0","0","0","0","0","0","0","0","4","0","","67","10","2023","1","39.9473","-75.1479","0520","06","0","0","0","0","0","0","0","0","","0","0","0","04","3","1","01","","0","39 56:50.242","","00","75 08:52.564","3","0","0","0","67301","0","0","0","N","0","0","0","2","67301","0","","1","01","","N","N","N","0","","1","0","0","3","2","","0426","1","2","0","0","0","0","0","2","1","2","03","","N","","","","","","","","","","",""
"2023095787","1725","1","0","0","0","0","0","0","0","0","4","0","","67","10","2023","3","40.033","-75.0693","1717","06","0","0","0","0","0","0","0","0","","0","0","0","17","1","1","01","","0","40 01:58.795","","00","75 04:09.333","8","0","0","0","67301","0","0","0","N","0","0","0","3","67301","0","","1","01","","N","N","N","0","","0","0","1","3","2","","1715","1","2","0","0","2","1","0","2","0","2","03","03","N","","","","","","","","","","",""
"2023091743","1210","2","0","0","0","0","0","0","0","0","4","0","","67","10","2023","7","39.9704","-75.15","1205","06","0","0","0","0","0","0","0","0","","0","0","0","11","1","1","01","","0","39 58:14.005","","00","75 08:59.639","3","0","0","0","67301","0","0","0","N","0","0","0","3","67301","0","","1","09","","N","N","N","0","","1","0","0","3","2","","1159","1","2","0","0","0","0","0","2","0","2","07","07","N","","","","","","","","","","",""
"2023094861","1950","0","0","0","0","0","0","0","0","0","8","0","","67","10","2023","7","40.0527","-75.2362","1947","06","0","0","0","0","0","0","1","0","","0","0","0","18","3","1","01","","0","40 03:09.801","","00","75 14:10.448","3","0","0","0","67301","1","0","0","N","1","0","0","4","67301","0","","1","09","","N","N","N","0","","1","0","1","3","2","","1847","1","2","0","0","0","0","0","2","0","1","07","07","N","","","","","","","","","","",""
"2023095475","1305","1","0","0","0","0","0","0","0","0","1","0","","67","10","2023","2","40.1025","-74.982","1300","06","0","0","0","0","0","1","0","0","","0","0","0","12","1","1","02","","0","40 06:08.933","","00","74 58:55.279","8","0","0","0","67301","0","0","0","N","0","0","0","3","67301","0","","1","01","","N","N","N","0","","0","0","1","3","2","","1215","1","3","0","0","1","1","0","2","1","3","03","03","N","","","","","","","","","","",""
"2023092851","0034","3","0","0","0","0","0","0","0","0","5","0","","67","10","2023","3","39.9498","-75.2341","0030","06","0","0","0","0","0","0","0","0","","0","0","0","00","3","1","00","N","1","39 56:59.330","3","00","75 14:02.630","8","0","0","0","67301","0","0","0","N","0","0","0","2","67301","0","","6","01","0200","N","N","N","1","","0","0","1","0","0","Y","0029","1","5","0","0","0","1","0","2","0","5","03","03","N","","","","","","","","","","",""
"2023096103","1553","1","0","0","0","0","0","0","0","0","1","0","","67","10","2023","1","39.9016","-75.175","1553","06","0","0","0","0","0","1","0","1","","0","0","0","23","3","0","00","N","0","39 54:05.597","","00","75 10:29.950","9","0","0","0","67301","0","0","0","N","0","0","0","3","67301","0","","1","01","","N","N","N","0","","0","0","2","0","0","","2330","0","3","0","0","0","0","3","2","0","3","03","","N","","","","","","","","","","",""
"2023094146","0134","0","0","0","0","0","0","0","0","0","4","0","","67","10","2023","5","39.9919","-75.1864","0133","06","0","0","0","0","0","0","0","0","","0","0","0","23","3","1","01","","0","39 59:30.660","","00","75 11:10.908","3","0","0","0","67301","0","0","0","N","0","0","0","2","67301","0","","1","01","","N","N","N","0","","1","0","0","3","2","","2305","1","2","0","0","0","0","0","2","1","2","03","03","N","","","","","","","","","","",""
"2023095471","0741","0","0","0","0","0","0","0","0","0","8","0","","67","10","2023","2","39.9227","-75.1565","0731","06","0","0","0","0","0","0","0","0","","0","0","0","06","3","1","01","","0","39 55:21.657","","00","75 09:23.547","3","0","0","0","67301","1","0","0","N","1","0","0","2","67301","0","","1","01","","N","N","N","1","","1","0","0","3","2","","0630","1","2","0","0","1","0","0","2","0","1","03","03","N","","","","","","","","","","",""
"2023095873","1537","1","0","0","0","0","0","0","0","0","8","0","","67","10","2023","2","39.9213","-75.1753","1533","06","0","0","0","0","0","1","0","0","","0","0","0","15","1","1","01","","0","39 55:16.521","","00","75 10:30.986","3","0","0","0","67301","1","0","0","N","1","0","0","2","67301","0","","1","01","","N","N","N","0","","1","0","0","3","2","","1527","1","2","0","0","0","0","0","2","0","1","03","03","N","","","","","","","","","","",""
"2023094862","1809","2","0","1","0","0","0","0","0","0","1","0","","67","10","2023","5","40.0363","-75.2181","1803","06","0","0","0","0","0","2","0","1","","0","0","0","18","1","2","00","N","1","40 02:10.770","5","00","75 13:05.217","2","0","0","0","67301","0","0","0","N","0","0","0","4","67301","1","","1","01","2045","N","N","N","0","","0","1","2","0","0","Y","1800","2","4","0","0","0","0","0","2","0","4","03","03","N","","","","","","","","","","",""
"2023092854","0924","0","0","0","0","0","0","0","0","0","8","0","","67","10","2023","3","39.9713","-75.1213","0920","06","0","0","0","0","0","0","0","0","","0","0","0","09","1","1","01","","0","39 58:17.065","","02","75 07:16.884","3","0","0","0","67301","1","0","0","N","1","0","0","2","67301","0","","1","01","","N","N","N","0","","1","0","1","3","2","","0915","1","2","0","0","0","0","0","2","0","1","03","","N","","","","","","","","","","",""
"2023093241","0255","2","0","0","0","0","0","0","0","0","5","0","","67","10","2023","4","39.974","-75.1246","0254","06","0","0","0","0","0","0","0","0","","0","0","0","02","3","0","00","N","2","39 58:26.400","7","00","75 07:28.400","9","0","0","0","67301","0","0","0","N","0","0","0","1","67301","0","","6","01","0321","N","N","N","0","","0","0","0","0","0","N","0251","0","2","0","0","0","0","1","2","0","2","03","","N","","","","","","","","","","",""
"2023095043","2209","1","0","0","0","0","0","0","0","0","4","0","","67","10","2023","2","39.9828","-75.1186","2208","06","0","0","0","0","0","0","0","0","","0","0","0","22","3","0","02","","1","39 58:57.983","3","00","75 07:06.814","9","0","0","0","67301","0","0","0","N","0","0","0","4","67301","0","","1","01","1029","N","N","N","0","","0","0","1","0","0","N","2207","0","2","0","0","2","0","1","2","0","2","03","","N","","","","","","","","","","",""
"2023095042","1025","0","0","0","0","0","0","0","0","0","8","0","","67","10","2023","2","39.9689","-75.1344","1020","06","0","0","0","0","0","0","1","0","","0","0","0","10","1","1","01","","0","39 58:08.006","","00","75 08:03.925","3","0","0","0","67301","1","0","0","N","1","0","0","2","67301","0","","1","01","","N","N","N","0","","1","0","1","3","2","","1015","1","2","0","0","0","0","0","2","0","1","03","","N","","","","","","","","","","",""
"2023093625","1638","0","0","0","0","0","0","0","0","0","1","0","","67","10","2023","3","39.9552","-75.1467","1630","06","0","0","0","0","0","1","0","0","","0","0","0","16","1","0","00","N","1","39 57:18.600","4","03","75 08:48.100","0","0","0","0","67301","0","0","0","N","0","0","0","3","67501","0","","1","01","1700","N","N","N","1","","0","0","2","3","8","N","1630","0","3","0","0","0","0","0","2","0","3","03","03","N","","","","","","","","","","",""
"2023096117","2231","1","0","0","0","0","0","0","0","0","1","0","","67","10","2023","6","40.0284","-75.1536","2230","06","0","0","0","0","0","0","0","0","","0","0","0","12","1","1","01","","0","40 01:42.391","","00","75 09:12.945","3","0","0","0","67301","0","0","0","N","0","0","0","1","67301","0","","1","01","","N","N","N","1","","1","0","0","3","2","","1254","1","3","0","0","0","0","0","2","0","2","03","03","N","","","","","","","","","","",""
"2023100959","0930","1","0","0","0","0","0","0","0","0","5","0","","67","10","2023","5","39.9772","-75.2268","0930","06","0","0","0","0","1","1","0","0","","0","0","0","19","4","1","01","","0","39 58:37.959","","00","75 13:36.308","8","0","0","0","67301","0","0","0","N","0","0","0","2","67301","0","","1","01","","N","N","N","0","","0","0","1","3","2","","1945","1","2","0","0","0","1","1","2","0","2","99","","N","","","","","","","","","","",""
"2023094137","2330","1","0","0","0","0","0","0","0","0","5","0","","67","10","2023","3","40.1043","-75.0314","2325","06","0","0","0","0","0","0","0","0","","0","0","0","23","3","1","00","N","0","40 06:15.350","","00","75 01:53.200","3","0","0","0","67301","0","0","0","N","0","0","0","2","67301","0","","1","01","","N","N","N","0","","1","0","1","0","0","","2310","1","2","0","0","0","0","0","2","0","2","03","","N","","","","","","","","","","",""
"2023091939","0415","1","0","0","0","0","0","0","0","0","4","0","","67","10","2023","7","40.0537","-75.1414","0411","06","0","0","0","0","0","0","0","0","","0","0","0","04","3","0","05","","0","40 03:13.142","","00","75 08:29.177","0","0","0","0","67301","0","0","0","N","0","0","0","2","67301","0","","1","01","","N","N","N","0","","0","0","0","3","2","","0408","0","2","0","0","0","0","0","2","1","2","03","","N","","","","","","","","","","",""
"2023116520","1702","1","0","0","0","0","0","0","0","0","4","0","","67","10","2023","7","39.973","-75.2147","1702","06","0","0","0","0","0","0","0","0","","0","0","0","14","1","2","00","N","0","39 58:22.701","","07","75 12:52.757","3","0","0","0","67301","0","0","0","N","0","0","0","2","67301","0","","1","01","","N","N","N","0","","2","0","0","0","0","","1457","2","2","0","0","0","0","0","2","1","2","04","","N","","","","","","","","","","",""
"2023092262","0800","0","0","0","0","0","0","0","0","0","1","0","","67","10","2023","2","40.1006","-75.0232","0800","06","0","0","0","0","0","0","1","0","","0","0","0","07","1","1","00","Y","0","40 06:01.990","","00","75 01:23.520","3","0","0","0","67301","0","0","0","N","0","0","0","2","67301","0","","1","01","","N","N","N","0","","1","0","2","3","2","","0745","1","2","0","0","0","0","0","2","0","2","03","03","N","","","","","","","","","","",""
"2023094507","1635","1","0","0","0","0","0","0","0","0","4","0","","67","10","2023","1","39.9147","-75.155","1627","06","0","0","0","0","0","0","0","0","","0","0","0","15","1","1","02","","0","39 54:52.810","","00","75 09:17.829","3","0","0","0","67301","0","0","0","N","0","0","0","2","67301","0","","1","01","","N","N","N","0","","1","0","1","3","2","","1557","1","2","0","0","1","0","0","2","0","2","03","","N","","","","","","","","","","",""
"2023091734","1605","1","0","0","0","0","0","0","0","0","2","0","","67","10","2023","7","40.0874","-75.0762","1600","06","0","0","1","0","0","0","0","0","","0","0","0","14","1","1","00","N","0","40 05:14.570","","00","75 04:34.170","3","0","0","0","67301","0","0","0","N","0","0","0","2","67301","0","","1","09","","N","N","N","0","","1","0","1","0","0","","1435","1","2","0","0","0","0","0","2","0","2","07","07","N","","","","","","","","","","",""
"2023114031","1300","1","0","0","0","0","0","0","0","0","8","0","","67","10","2023","7","40.0031","-75.2052","1255","06","0","0","0","0","0","0","0","0","","0","0","0","12","1","1","00","N","0","40 00:11.200","","00","75 12:18.560","8","0","0","0","67301","1","0","0","N","1","0","0","2","67301","0","","1","01","","N","N","N","0","","0","0","0","0","0","","1250","1","2","0","0","1","1","0","2","0","1","03","","N","","","","","","","","","","",""
"2023091935","2230","1","0","0","0","0","0","0","0","0","5","0","","67","10","2023","7","39.9184","-75.2091","1735","06","0","0","0","0","0","0","1","0","","0","0","0","17","8","1","00","N","0","39 55:06.390","","00","75 12:32.690","3","0","0","0","67301","0","0","0","N","0","0","0","2","67301","0","","1","09","","N","N","N","0","","1","0","0","0","0","","1730","1","2","0","0","0","0","1","2","1","2","07","07","N","","","","","","","","","","",""
"2023100961","1845","0","0","0","0","0","0","0","0","0","7","0","","67","10","2023","2","39.9827","-75.227","1839","06","0","0","0","0","0","0","1","0","","0","0","0","18","3","1","03","","0","39 58:57.545","","00","75 13:37.336","3","0","0","0","67301","0","0","0","N","0","0","0","1","67301","0","","4","01","","N","N","N","0","","1","0","1","3","2","","1830","1","1","0","0","1","0","0","2","0","1","03","","N","","","","","","","","","","",""
"2023092849","1045","0","0","0","0","0","0","0","0","0","4","0","","67","10","2023","2","40.1317","-75.0122","1020","06","0","0","0","0","0","2","0","0","","0","0","0","10","1","1","01","","1","40 07:54.000","1","00","75 00:44.039","4","0","0","0","67301","0","0","0","N","0","0","0","2","67301","1","","1","01","1235","N","N","N","0","","0","0","2","3","2","Y","1015","1","2","0","0","0","0","0","2","0","2","03","03","N","","","","","","","","","","",""
"2023092662","0756","1","0","0","0","0","0","0","0","0","4","0","","67","10","2023","2","40.0458","-75.0992","0742","06","0","0","0","0","0","1","0","0","","0","0","0","07","1","0","01","","0","40 02:45.049","","00","75 05:57.080","0","0","0","0","67301","0","0","0","N","0","0","0","2","67301","0","","1","01","","N","N","N","0","","0","0","1","3","3","","0739","0","2","0","0","0","0","0","2","0","2","03","","N","","","","","","","","","","",""
"2023095480","2346","2","0","0","0","0","0","0","0","0","4","0","","67","10","2023","1","39.993","-75.2176","2311","06","0","0","0","1","0","0","0","0","","0","0","0","19","3","2","01","","0","39 59:34.723","","00","75 13:03.338","3","0","0","0","67301","0","0","0","N","0","0","0","4","67301","0","","1","01","","N","N","N","0","","2","0","0","3","2","","1952","2","2","0","0","0","0","1","2","0","2","03","03","N","","","","","","","","","","",""
"2023096658","0730","3","0","0","0","0","0","0","0","0","1","0","","67","10","2023","5","39.9705","-75.1832","0719","06","0","0","0","0","0","0","0","0","","0","0","0","06","1","0","00","N","0","39 58:13.700","","00","75 10:59.500","0","0","0","0","67301","0","0","0","N","0","0","0","1","67301","0","","6","01","","N","N","N","0","","0","0","0","0","0","","0644","0","3","0","0","1","0","0","2","0","3","03","03","N","","","","","","","","","","",""
"2023094143","0800","1","0","0","0","0","0","0","0","0","8","0","","67","10","2023","6","39.9575","-75.1979","0800","06","0","0","0","0","0","1","0","0","","0","0","0","15","1","1","00","N","0","39 57:26.931","","00","75 11:52.356","8","0","0","0","67301","1","0","0","N","1","0","0","2","67301","0","","1","01","","N","N","N","0","","0","0","0","0","0","","1525","1","2","0","0","0","1","0","2","0","1","03","","N","","","","","","","","","","",""
"2023095686","1954","1","0","0","0","0","0","0","0","0","1","0","","67","10","2023","7","39.9677","-75.132","1954","06","0","0","0","0","0","0","0","0","","0","0","0","19","3","0","00","N","0","39 58:03.597","","03","75 07:55.096","0","0","0","0","67301","0","0","0","N","0","0","0","3","68K01","0","","1","09","","N","N","N","0","","0","0","2","0","0","","1942","0","3","0","0","0","0","0","2","0","3","07","","N","","","","","","","","","","",""
"2023095033","0227","0","0","0","0","0","0","0","0","0","5","0","","67","10","2023","4","40.0361","-75.0649","0225","06","0","0","0","0","0","0","0","0","","0","0","0","00","3","1","00","N","0","40 02:09.874","","00","75 03:53.491","3","0","0","0","67301","0","0","0","N","0","0","0","2","67301","0","","1","01","","N","N","N","0","","1","0","1","0","0","","0034","1","2","0","0","0","0","0","2","1","2","03","03","N","","","","","","","","","","",""
"2023091647","0049","1","0","0","0","0","0","0","0","0","4","0","","67","10","2023","7","40.0345","-75.0481","0047","06","0","0","0","0","0","0","0","0","","0","0","0","00","3","0","01","","0","40 02:04.145","","00","75 02:53.325","0","0","0","0","67301","0","0","0","N","0","0","0","3","67301","0","","1","01","","N","N","N","0","","0","0","1","3","3","","0042","0","2","0","0","0","0","0","2","0","2","03","03","N","","","","","","","","","","",""
"2023103882","1650","1","0","0","0","0","0","0","0","0","1","0","","67","10","2023","6","39.9304","-75.2187","1628","06","0","0","0","0","0","0","0","0","","0","0","0","16","1","1","02","","1","39 55:49.390","4","00","75 13:07.301","8","0","0","0","67301","0","0","0","N","0","0","0","2","67508","0","","1","01","9999","","","N","0","","0","0","0","0","0","N","1615","1","2","0","0","0","1","0","2","0","1","03","03","N","","","","","","","","","","",""
"2023093881","0000","1","0","0","0","0","0","0","0","0","4","0","","67","10","2023","3","39.9715","-75.1594","0000","06","0","0","0","0","0","0","0","0","","0","0","0","22","3","0","01","","0","39 58:17.227","","00","75 09:33.882","0","0","0","0","67301","0","0","0","N","0","0","0","2","67301","0","","1","01","","N","N","N","0","","0","0","0","3","2","","2206","0","2","0","0","0","0","0","2","0","2","04","04","N","","","","","","","","","","",""
"2023093136","0100","0","0","0","0","0","0","0","0","0","4","0","","67","10","2023","3","39.9946","-75.1594","0100","06","0","0","0","0","0","0","0","0","","0","0","0","00","3","1","01","","0","39 59:40.393","","00","75 09:33.790","3","0","0","0","67301","0","0","0","N","0","0","0","2","67301","0","","1","01","","N","N","N","0","","1","0","2","3","2","","0050","1","2","0","0","1","0","0","2","0","2","03","03","N","","","","","","","","","","",""
"2023093242","1231","1","0","0","0","0","0","0","0","0","4","0","","67","10","2023","4","39.9913","-75.1349","1230","06","0","0","0","0","0","0","0","0","","0","0","0","10","1","1","01","","0","39 59:28.844","","00","75 08:05.471","3","0","0","0","67301","0","0","0","N","0","0","0","2","67301","0","","1","01","","N","N","N","0","","1","0","1","3","2","","1000","1","2","0","0","0","0","1","2","0","2","03","03","N","","","","","","","","","","",""
"2023095882","1052","2","0","0","0","0","0","0","0","0","4","0","","67","10","2023","1","40.0039","-75.2207","1045","06","0","0","0","0","0","0","2","0","","0","0","0","10","1","2","01","","0","40 00:14.125","","00","75 13:14.515","4","0","0","0","67301","0","0","0","N","0","0","0","3","67301","2","","1","01","","N","N","N","0","","0","0","1","3","2","","1036","2","3","0","0","0","0","0","2","0","3","03","03","N","","","","","","","","","","",""
"2023091786","1357","1","0","0","0","0","0","0","0","0","7","0","","67","10","2023","7","39.9135","-75.1813","1355","06","0","0","1","0","0","0","0","0","","0","0","0","13","1","0","00","N","1","39 54:48.600","4","03","75 10:52.700","0","0","0","0","67301","0","0","0","N","0","0","0","1","67501","0","","4","09","1436","N","N","N","0","","0","0","0","0","0","N","1352","0","1","0","0","0","0","0","2","0","1","07","07","N","","","","","","","","","","",""
"2023093115","1245","1","0","0","0","0","0","0","0","0","4","0","","67","10","2023","3","40.0474","-75.0807","1240","06","0","0","0","0","0","0","0","0","","0","0","0","22","3","2","00","N","0","40 02:50.510","","00","75 04:50.690","3","0","0","0","67301","0","0","0","N","0","0","0","3","67301","0","","1","01","","N","N","N","0","","1","0","1","0","0","","2200","2","2","0","0","1","1","0","2","0","2","03","03","N","","","","","","","","","","",""
"2023092049","0523","1","0","0","0","0","0","0","0","0","5","0","","67","10","2023","1","40.0289","-75.1159","0519","06","0","0","0","0","0","0","0","0","","0","0","0","02","3","0","00","N","0","40 01:44.100","","00","75 06:57.300","9","0","0","0","67301","0","0","0","N","0","0","0","1","67301","0","","6","09","","N","N","N","1","","0","0","1","0","0","","0220","0","3","0","0","0","0","1","2","0","3","03","07","N","","","","","","","","","","",""
"2023098475","1430","1","0","0","0","0","0","0","0","0","1","0","","67","10","2023","2","40.0342","-75.0193","1408","06","0","0","0","0","1","0","0","0","","0","0","0","14","1","0","00","N","0","40 02:03.135","","03","75 01:09.530","0","0","0","0","67301","0","0","0","N","0","0","0","2","68K01","0","","1","01","","N","N","N","0","","0","0","1","0","0","","1405","0","2","0","0","1","0","0","2","0","2","03","03","N","","","","","","","","","","",""
"2023096116","1621","1","0","0","0","0","0","0","0","0","4","0","","67","10","2023","1","40.0246","-75.1306","1621","06","0","0","0","0","0","0","0","0","","0","0","0","16","1","0","01","","1","40 01:28.411","2","00","75 07:50.204","0","0","0","0","67301","0","0","0","N","0","0","0","5","67301","0","","1","01","1730","N","N","N","0","","0","0","1","3","2","Y","1605","0","2","0","0","0","0","0","2","0","2","03","03","N","","","","","","","","","","",""
"2023093277","1228","1","0","0","0","0","0","0","0","0","7","0","","67","10","2023","7","39.9068","-75.1383","1226","06","0","0","0","0","1","0","0","0","","0","0","0","12","1","0","00","N","2","39 54:24.600","4","03","75 08:17.900","0","0","0","0","67301","0","0","0","N","0","0","0","1","67501","0","","4","09","1254","N","N","N","0","","0","0","0","3","8","Y","1221","0","1","0","0","0","0","0","2","0","1","07","","N","","","","","","","","","","",""
"2023095687","1942","1","0","0","0","0","0","0","0","0","1","0","","67","10","2023","7","39.9677","-75.132","1942","06","0","0","0","0","0","1","0","0","","0","0","0","19","3","0","00","N","0","39 58:03.569","","03","75 07:55.191","0","0","0","0","67301","0","0","0","N","0","0","0","2","68K01","0","","1","09","","N","N","N","0","","0","0","1","0","0","","1942","0","2","0","0","0","0","0","2","0","2","07","","N","","","","","","","","","","",""
"2023092356","1205","0","0","0","0","0","0","0","0","0","4","0","","67","10","2023","1","40.0405","-75.0474","1203","06","0","0","0","0","0","1","0","0","","0","0","0","06","5","1","01","","0","40 02:25.690","","00","75 02:50.722","4","0","0","0","67301","0","0","0","N","0","0","0","2","67301","1","","1","01","","N","N","N","0","","0","0","1","3","2","","0632","1","2","0","0","0","0","0","2","0","2","03","","N","","","","","","","","","","",""
"2023094147","0900","1","0","0","0","0","0","0","0","0","4","0","","67","10","2023","6","39.9811","-75.1647","0855","06","0","0","0","0","0","0","0","0","","0","0","0","08","1","2","01","","0","39 58:52.118","","00","75 09:53.035","3","0","0","0","67301","0","0","0","N","0","0","0","4","67301","0","","1","09","","N","N","N","0","","2","0","1","3","3","","0854","2","2","0","0","0","0","0","2","0","2","07","04","N","","","","","","","","","","",""
"2023094413","1452","1","0","0","0","0","0","0","0","0","4","0","","67","10","2023","4","39.9571","-75.149","1452","06","0","0","0","0","0","0","0","0","","0","0","0","13","1","0","02","","0","39 57:25.618","","00","75 08:56.284","0","0","0","0","67301","0","0","0","N","0","0","0","2","67301","0","","1","99","","N","N","N","1","","0","0","0","0","0","","1329","0","2","0","0","0","0","0","2","0","2","03","","N","","","","","","","","","","",""
"2023095803","0059","0","0","0","0","0","0","0","0","0","1","0","","67","10","2023","2","39.9107","-75.1607","0056","06","0","0","0","0","0","1","0","0","","0","0","0","00","3","0","00","N","0","39 54:38.600","","03","75 09:38.400","0","0","0","0","67301","0","0","0","N","0","0","0","3","67501","0","","1","01","","N","N","N","0","","0","0","2","0","0","","0056","0","2","0","0","0","0","0","2","0","2","03","03","N","","","","","","","","","","",""
"2023094160","0828","0","0","0","0","0","0","0","0","0","7","0","","67","10","2023","6","40.0192","-75.1909","0821","06","0","0","0","0","0","0","0","0","","0","0","0","08","1","1","00","N","0","40 01:09.039","","00","75 11:27.062","4","0","0","0","67301","0","0","0","N","0","0","0","1","67301","1","","5","09","","N","N","N","0","","0","0","1","0","0","","0815","1","1","0","0","0","0","0","2","0","1","07","","N","","","","","","","","","","",""
"2023092041","0910","0","0","0","0","0","0","0","0","0","4","0","","67","10","2023","1","39.94","-75.2139","0903","06","0","0","0","0","0","0","0","0","","0","0","0","08","1","0","01","","0","39 56:23.899","","00","75 12:49.910","0","0","0","0","67301","0","0","0","N","0","0","0","2","67301","0","","1","01","","N","N","N","0","","0","0","2","3","2","","0850","0","2","0","0","0","0","0","2","0","2","03","03","N","","","","","","","","","","",""
"2023091938","0230","1","0","0","0","0","0","0","0","0","1","0","","67","10","2023","7","40.0208","-75.1435","0205","06","0","0","0","0","0","0","0","0","","0","0","0","02","3","0","00","N","1","40 01:14.890","4","00","75 08:36.690","0","0","0","0","67301","0","0","0","N","0","0","0","1","67301","0","","6","01","0415","N","N","N","0","","0","0","1","0","0","N","0200","0","2","0","0","1","0","0","2","0","2","03","","N","","","","","","","","","","",""
"2023093233","2103","0","0","0","0","0","0","0","0","0","1","0","","67","10","2023","3","39.9211","-75.1943","2057","06","0","0","0","0","0","1","0","0","","0","0","0","20","3","2","00","Y","0","39 55:15.967","","00","75 11:39.392","8","0","0","0","67301","0","0","0","N","0","0","0","3","67301","0","","1","01","","N","N","N","0","","0","0","2","3","2","","2050","2","2","0","0","1","2","0","2","0","2","03","","N","","","","","","","","","","",""