"CRN","ARRIVAL_TM","AUTOMOBILE_COUNT","BELTED_DEATH_COUNT","BELTED_SUSP_SERIOUS_INJ_COUNT","BICYCLE_COUNT","BICYCLE_DEATH_COUNT","BICYCLE_SUSP_SERIOUS_INJ_COUNT","BUS_COUNT","CHLDPAS_DEATH_COUNT","CHLDPAS_SUSP_SERIOUS_INJ_COUNT","COLLISION_TYPE","COMM_VEH_COUNT","CONS_ZONE_SPD_LIM","COUNTY","CRASH_MONTH","CRASH_YEAR","DAY_OF_WEEK","DEC_LAT","DEC_LONG","DISPATCH_TM","DISTRICT","DRIVER_COUNT_16YR","DRIVER_COUNT_17YR","DRIVER_COUNT_18YR","DRIVER_COUNT_19YR","DRIVER_COUNT_20YR","DRIVER_COUNT_50_64YR","DRIVER_COUNT_65_74YR","DRIVER_COUNT_75PLUS","EST_HRS_CLOSED","FATAL_COUNT","HEAVY_TRUCK_COUNT","HORSE_BUGGY_COUNT","HOUR_OF_DAY","ILLUMINATION","INJURY_COUNT","INTERSECT_TYPE","INTERSECTION_RELATED","LANE_CLOSED","LATITUDE","LN_CLOSE_DIR","LOCATION_TYPE","LONGITUDE","MAX_SEVERITY_LEVEL","MCYCLE_DEATH_COUNT","MCYCLE_SUSP_SERIOUS_INJ_COUNT","MOTORCYCLE_COUNT","MUNICIPALITY","NONMOTR_COUNT","NONMOTR_DEATH_COUNT","NONMOTR_SUSP_SERIOUS_INJ_COUNT","NTFY_HIWY_MAINT","PED_COUNT","PED_DEATH_COUNT","PED_SUSP_SERIOUS_INJ_COUNT","PERSON_COUNT","POLICE_AGCY","POSSIBLE_INJ_COUNT","RDWY_SURF_TYPE_CD","RELATION_TO_ROAD","ROAD_CONDITION","ROADWAY_CLEARED","SCH_BUS_IND","SCH_ZONE_IND","SECONDARY_CRASH","SMALL_TRUCK_COUNT","SPEC_JURIS_CD","SUSP_MINOR_INJ_COUNT","SUSP_SERIOUS_INJ_COUNT","SUV_COUNT","TCD_FUNC_CD","TCD_TYPE","TFC_DETOUR_IND","TIME_OF_DAY","TOT_INJ_COUNT","TOTAL_UNITS","UNB_DEATH_COUNT","UNB_SUSP_SERIOUS_INJ_COUNT","UNBELTED_OCC_COUNT","UNK_INJ_DEG_COUNT","UNK_INJ_PER_COUNT","URBAN_RURAL","VAN_COUNT","VEHICLE_COUNT","WEATHER1","WEATHER2","WORK_ZONE_IND","WORK_ZONE_LOC","WORK_ZONE_TYPE","WORKERS_PRES","WZ_CLOSE_DETOUR","WZ_FLAGGER","WZ_LAW_OFFCR_IND","WZ_LN_CLOSURE","WZ_MOVING","WZ_OTHER","WZ_SHLDER_MDN","WZ_WORKERS_INJ_KILLED"
"2023094257","1705","0","0","0","0","0","0","0","0","0","4","0","","67","10","2023","5","40.0369","-75.1451","1702","06","0","0","0","0","0","0","1","0","","0","0","0","16","1","5","02","","0","40 02:12.984","","00","75 08:42.301","3","0","0","0","67301","0","0","0","N","0","0","0","5","67301","3","","1","01","","N","N","N","0","","2","0","2","3","2","","1640","5","2","0","0","2","0","0","2","0","2","04","04","N","","","","","","","","","","",""
"2023094136","2020","2","0","0","0","0","0","0","0","0","4","0","","67","10","2023","3","39.9561","-75.146","2010","06","0","0","0","0","0","0","0","0","","0","0","0","19","3","2","01","","0","39 57:21.794","","00","75 08:45.632","4","0","0","0","67301","0","0","0","N","0","0","0","4","67301","2","","1","01","","N","N","N","0","","0","0","1","3","3","","1918","2","3","0","0","0","0","0","2","0","3","03","","N","","","","","","","","","","",""
"2023096220","0730","2","0","0","0","0","0","0","0","0","5","0","","67","10","2023","6","40.097","-75.0305","0725","06","0","0","0","0","0","1","0","0","","0","0","0","06","3","1","00","N","0","40 05:49.173","","00","75 01:49.632","3","0","0","0","67301","0","0","0","N","0","0","0","2","67301","0","","1","09","","N","N","N","0","","1","0","1","0","0","","0600","1","3","0","0","0","0","0","2","0","3","07","","N","","","","","","","","","","",""
"2023094148","1115","0","0","0","0","0","0","0","0","0","8","0","","67","10","2023","3","40.005","-75.0941","1110","06","0","0","0","0","0","0","0","0","","0","0","0","08","1","1","00","N","0","40 00:17.880","","00","75 05:38.780","8","0","0","0","67301","1","0","0","N","1","0","0","2","67301","0","","1","01","","N","Y","N","0","","0","0","1","0","0","","0853","1","2","0","0","0","1","1","2","0","1","03","03","N","","","","","","","","","","",""
"2023108961","1522","0","0","0","0","0","0","0","0","0","4","0","","67","10","2023","4","40.0232","-75.1244","1520","06","0","0","0","0","0","0","0","0","","0","0","0","15","1","1","01","","0","40 01:23.401","","00","75 07:27.865","8","0","0","1","67301","0","0","0","N","0","0","0","2","67301","0","","1","01","","N","N","N","1","","0","0","0","3","3","","1511","1","2","0","0","0","1","0","2","0","2","03","03","N","","","","","","","","","","",""
"2023094251","2101","2","0","0","0","0","0","0","0","0","4","0","","67","10","2023","1","39.9722","-75.2449","2100","06","0","0","0","0","0","0","0","0","","0","0","0","19","3","0","01","","0","39 58:19.899","","00","75 14:41.596","0","0","0","0","67301","0","0","0","N","0","0","0","2","67301","0","","1","01","","N","N","N","0","","0","0","0","3","2","","1900","0","2","0","0","0","0","0","2","0","2","03","","N","","","","","","","","","","",""
"2023105584","1759","0","0","0","0","0","0","0","0","0","8","0","","67","10","2023","7","40.0082","-75.1048","1757","06","0","0","0","0","0","0","0","0","","0","0","0","17","1","1","00","N","0","40 00:29.400","","00","75 06:17.300","2","0","0","0","67301","1","0","1","N","1","0","1","2","67301","0","","1","01","","N","N","N","0","","0","1","1","0","0","","1706","1","2","0","0","1","0","0","2","0","1","03","03","N","","","","","","","","","","",""
"2023119047","0507","0","0","0","0","0","0","0","0","0","5","0","","67","10","2023","1","40.0002","-75.1532","0500","06","0","0","0","0","1","1","0","0","","0","0","0","04","3","2","00","N","0","40 00:00.725","","00","75 09:11.623","8","0","0","0","67301","0","0","0","N","0","0","0","2","67301","0","","1","09","","N","N","N","0","","0","0","2","0","0","","0450","2","2","0","0","0","2","0","2","0","2","03","","N","","","","","","","","","","",""
"2023094156","1545","1","0","0","0","0","0","0","0","0","4","0","","67","10","2023","3","40.012","-75.176","1537","06","0","0","0","0","0","1","0","0","","0","0","0","15","1","0","01","","1","40 00:43.041","4","00","75 10:33.654","9","0","0","0","67301","0","0","0","N","0","0","0","2","67301","0","","1","01","1705","N","N","N","0","","0","0","0","3","2","N","1525","0","2","0","0","1","0","1","2","1","2","03","03","N","","","","","","","","","","",""
"2023095782","1337","0","0","0","1","0","0","0","0","0","8","0","","67","10","2023","3","39.8872","-75.2324","1322","06","0","0","0","0","0","1","0","0","","0","0","0","12","1","1","00","N","0","39 53:13.800","","07","75 13:56.500","3","0","0","0","67301","1","0","0","N","0","0","0","2","67301","0","","1","01","","N","N","N","0","","1","0","1","0","0","","1209","1","2","0","0","0","0","0","2","0","1","03","03","N","","","","","","","","","","",""
"2023093124","0300","0","0","0","0","0","0","0","0","0","7","0","","67","10","2023","3","40.0644","-75.0095","0300","06","0","0","0","0","0","0","0","0","","0","0","0","03","3","0","00","N","0","40 03:51.774","","00","75 00:34.298","9","0","0","0","67301","0","0","0","N","0","0","0","1","67301","0","","5","01","","N","N","N","1","","0","0","0","0","0","","0300","0","1","0","0","0","0","1","2","0","1","03","03","N","","","","","","","","","","",""
"2023094417","1013","0","0","0","0","0","0","0","0","0","4","0","","67","10","2023","3","39.8946","-75.2296","1008","06","0","0","0","0","0","2","0","0","","0","0","0","10","1","1","03","","0","39 53:40.896","","00","75 13:46.117","4","0","0","0","67301","0","0","0","N","0","0","0","2","67301","1","","1","01","","N","N","N","1","","0","0","1","3","2","","1000","1","2","0","0","0","0","0","2","0","2","03","03","N","","","","","","","","","","",""
"2023098452","0030","2","0","0","0","0","0","0","0","0","1","0","","67","09","2023","6","40.0587","-74.9957","0023","06","0","0","0","1","0","0","0","0","","0","0","0","00","3","2","01","","0","40 03:31.491","","00","74 59:44.414","3","0","0","0","67301","0","0","0","N","0","0","0","3","67301","0","","1","09","","N","N","N","0","","2","0","0","0","0","","0010","2","3","0","0","0","0","1","2","0","3","07","","N","","","","","","","","","","",""
"2023087506","2132","1","0","0","1","0","0","0","0","0","8","0","","67","09","2023","7","40.09","-74.9681","2127","06","0","0","0","0","0","0","0","0","","0","0","0","19","3","1","02","","0","40 05:23.898","","00","74 58:05.120","3","0","0","0","67301","1","0","0","N","0","0","0","2","67301","0","","1","01","","N","N","N","0","","1","0","0","3","3","","1955","1","2","0","0","1","0","0","2","0","1","03","03","N","","","","","","","","","","",""
"2023089647","2255","1","0","0","0","0","0","0","0","0","4","0","","67","10","2023","5","39.9573","-75.2033","2245","06","0","0","0","0","0","0","0","0","","0","0","0","22","3","1","02","","0","39 57:26.212","","00","75 12:11.884","3","0","0","0","67301","0","0","0","N","0","0","0","2","67301","0","","1","01","","N","N","N","0","","1","0","0","3","2","","2232","1","2","0","0","0","0","0","2","0","2","03","","N","","","","","","","","","","",""
"2023087219","1438","1","0","0","0","0","0","0","0","0","4","0","","67","10","2023","1","40.0343","-75.0746","1432","06","0","0","0","0","0","0","1","0","","0","0","0","14","1","2","01","","1","40 02:03.402","2","00","75 04:28.529","3","0","0","0","67301","0","0","0","N","0","0","0","2","67301","0","","1","01","1500","N","N","N","0","","2","0","1","3","2","Y","1413","2","2","0","0","1","0","0","2","0","2","03","","N","","","","","","","","","","",""
"2023087112","1240","2","0","0","0","0","0","0","0","0","4","0","","67","09","2023","7","40.1011","-74.9744","1231","06","0","0","0","0","0","0","0","0","","0","0","0","04","3","1","01","","0","40 06:03.888","","00","74 58:27.731","8","0","0","0","67301","0","0","0","N","0","0","0","2","67301","0","","1","01","","N","N","N","0","","0","0","0","3","2","","0420","1","2","0","0","1","1","0","2","0","2","03","03","N","","","","","","","","","","",""
"2023087948","0345","0","0","0","0","0","0","0","0","0","5","0","","67","10","2023","2","39.9437","-75.1661","0344","06","0","0","0","0","0","0","0","0","","0","0","0","02","3","0","00","N","0","39 56:37.350","","00","75 09:57.810","0","0","0","0","67301","0","0","0","N","0","0","0","1","67301","0","","6","01","","N","N","N","0","","0","0","2","0","0","","0253","0","2","0","0","1","0","0","2","0","2","03","03","N","","","","","","","","","","",""
"2023090004","1707","1","0","0","0","0","0","0","0","0","8","0","","67","10","2023","4","40.0234","-75.2079","1659","06","0","0","0","0","0","0","0","0","","0","0","0","16","1","1","00","N","0","40 01:24.090","","00","75 12:28.477","3","0","0","0","67301","1","0","0","N","1","0","0","2","67301","0","","1","01","","N","N","N","0","","1","0","0","0","0","","1631","1","2","0","0","1","0","0","2","0","1","03","03","N","","","","","","","","","","",""
"2023088842","1650","1","0","0","0","0","0","0","0","0","1","0","","67","10","2023","4","40.0515","-75.1501","1636","06","0","0","0","0","0","0","1","0","","0","0","0","16","1","1","01","","0","40 03:05.564","","00","75 09:00.360","3","0","0","0","67301","0","0","0","N","0","0","0","2","67301","0","","1","01","","N","N","N","0","","1","0","0","3","1","","1613","1","2","0","0","0","0","1","2","0","2","03","03","N","","","","","","","","","","",""
"2023088056","1940","1","0","0","0","0","0","0","0","0","5","0","","67","10","2023","3","39.9539","-75.2376","1932","06","0","0","0","0","0","0","0","0","","0","0","0","12","1","1","00","N","0","39 57:14.070","","00","75 14:15.230","3","0","0","0","67301","0","0","0","N","0","0","0","1","67301","0","","6","01","","N","N","N","0","","1","0","2","0","0","","1212","1","3","0","0","0","0","0","2","0","3","03","","N","","","","","","","","","","",""
"2023088726","0817","0","0","0","0","0","0","0","0","0","5","0","","67","10","2023","4","39.913","-75.2244","0810","06","0","0","0","0","0","1","0","0","","0","0","0","08","1","1","00","N","0","39 54:46.810","","00","75 13:27.950","3","0","0","1","67301","0","0","0","N","0","0","0","2","67301","0","","1","01","","N","N","N","0","","1","0","1","0","0","","0807","1","2","0","0","0","0","0","2","0","2","03","03","N","","","","","","","","","","",""
"2023088313","2059","0","0","0","0","0","0","0","0","0","4","0","","67","10","2023","3","40.0257","-75.0367","2057","06","0","0","0","0","0","0","0","0","","0","0","0","20","3","3","02","","2","40 01:32.353","1","00","75 02:12.077","2","0","1","1","67301","0","0","0","N","0","0","0","3","67301","2","","1","01","0100","N","N","N","0","","0","1","1","3","3","Y","2052","3","2","0","0","0","0","0","2","0","2","03","","N","","","","","","","","","","",""
"2023089009","0611","1","0","2","0","0","0","0","0","0","4","0","","67","10","2023","5","40.0516","-75.1941","0607","06","0","0","0","0","0","0","0","0","","0","0","0","06","3","2","02","","1","40 03:05.871","6","00","75 11:38.664","2","0","0","0","67301","0","0","0","N","0","0","0","2","67301","0","","1","01","0720","N","N","N","0","","0","2","1","3","2","N","0600","2","2","0","0","0","0","0","2","0","2","03","","N","","","","","","","","","","",""
"2023091041","1444","1","0","0","0","0","0","0","0","0","1","0","","67","10","2023","1","39.9785","-75.1107","1433","06","0","0","0","0","0","0","0","0","","0","0","0","14","1","1","00","N","1","39 58:42.457","2","03","75 06:38.618","3","0","0","1","67301","0","0","0","N","0","0","0","2","68K01","0","","1","01","1525","N","N","N","0","","1","0","0","0","0","N","1431","1","2","0","0","0","0","0","2","0","2","03","03","N","","","","","","","","","","",""
"2023087519","2025","2","0","0","0","0","0","0","0","0","1","0","","67","09","2023","6","39.9555","-75.2138","2020","06","0","0","0","0","0","0","0","0","","0","0","0","19","3","0","00","N","0","39 57:19.863","","00","75 12:49.744","0","0","0","0","67301","0","0","0","N","0","0","0","2","67301","0","","1","03","","N","N","N","0","","0","0","0","0","0","","1937","0","2","0","0","0","0","0","2","0","2","07","07","N","","","","","","","","","","",""
"2023087115","0157","1","0","0","0","0","0","0","0","0","4","0","","67","10","2023","1","40.0176","-75.1723","0141","06","0","0","0","0","1","0","0","0","","0","0","0","01","3","0","02","","0","40 01:03.429","","03","75 10:20.334","0","0","0","0","67301","0","0","0","N","0","0","0","2","67301","0","","1","01","","N","N","N","0","","0","0","0","0","0","","0120","0","2","0","0","2","0","0","2","1","2","03","03","N","","","","","","","","","","",""
"2023088728","1651","0","0","0","0","0","0","0","0","0","4","0","","67","10","2023","4","40.0712","-75.1914","1651","06","0","0","0","0","0","0","0","0","","0","0","0","16","1","1","02","","0","40 04:16.471","","00","75 11:28.867","4","0","0","0","67301","0","0","0","N","0","0","0","2","67301","1","","1","01","","N","N","N","0","","0","0","1","3","3","","1630","1","2","0","0","0","0","1","2","0","2","03","","N","","","","","","","","","","",""
"2023087939","0225","3","0","0","0","0","0","0","0","0","5","0","","67","10","2023","1","40.0363","-75.0875","0218","06","0","0","0","0","0","0","0","0","","0","0","0","02","3","0","00","N","2","40 02:10.810","1","00","75 05:15.110","0","0","0","0","67301","0","0","0","N","0","0","0","1","67301","0","","6","01","0325","N","N","N","0","","0","0","3","0","0","N","0216","0","6","0","0","0","0","0","2","0","6","03","","N","","","","","","","","","","",""
"2023102408","0533","2","0","0","0","0","0","0","0","0","5","0","","67","10","2023","1","40.0379","-75.1776","0529","06","0","0","0","0","0","0","0","0","","0","0","0","05","3","2","00","N","0","40 02:16.440","","00","75 10:39.210","4","0","0","0","67301","0","0","0","N","0","0","0","2","67301","2","","1","01","","N","N","Y","0","","0","0","1","0","0","","0529","2","3","0","0","0","0","0","2","0","3","03","03","N","","","","","","","","","","",""
"2023099647","0515","0","0","0","0","0","0","0","0","0","1","0","","67","09","2023","7","39.9742","-75.1457","0457","06","0","0","0","0","0","0","0","0","","0","0","0","04","3","0","00","N","0","39 58:27.100","","00","75 08:44.500","0","0","0","0","67301","0","0","0","N","0","0","0","1","67301","0","","6","09","","N","N","N","0","","0","0","3","0","0","","0452","0","3","0","0","1","0","0","2","0","3","07","07","N","","","","","","","","","","",""
"2023088505","0553","1","0","0","0","0","0","0","0","0","1","0","","67","10","2023","5","39.9098","-75.1552","0550","06","0","0","0","0","0","1","0","0","","0","0","0","05","3","0","00","N","0","39 54:35.260","","05","75 09:18.644","0","0","0","0","67301","0","0","0","N","0","0","0","2","67501","0","","1","01","","N","N","N","0","","0","0","1","0","0","","0544","0","2","0","0","0","0","0","2","0","2","03","","N","","","","","","","","","","",""
"2023090391","1351","1","0","0","0","0","0","0","0","0","1","0","","67","10","2023","1","40.009","-75.0679","1340","06","0","0","0","0","0","0","0","0","","0","0","0","13","1","0","00","N","2","40 00:32.369","1","03","75 04:04.516","0","0","0","0","67301","0","0","0","N","0","0","0","3","68K01","0","","1","01","1448","N","N","N","0","","0","0","1","0","0","N","1338","0","2","0","0","0","0","0","2","0","2","03","03","N","","","","","","","","","","",""
"2023087515","0140","0","0","0","0","0","0","0","0","0","7","0","","67","10","2023","2","40.0673","-75.2042","0128","06","0","0","0","0","0","0","0","0","","0","0","0","00","3","1","00","N","0","40 04:02.260","","00","75 12:15.280","3","0","0","0","67301","0","0","0","N","0","0","0","1","67301","0","","5","01","","N","N","N","0","","1","0","1","0","0","","0010","1","1","0","0","0","0","0","2","0","1","03","","N","","","","","","","","","","",""
"2023087304","1307","1","0","0","0","0","0","0","0","0","1","0","","67","10","2023","2","39.9821","-75.1589","1305","06","0","0","0","0","0","0","0","1","","0","0","0","13","1","1","00","N","2","39 58:55.400","2","00","75 09:32.000","3","0","0","0","67301","0","0","0","N","0","0","0","4","67505","0","","1","01","1345","N","N","N","0","","1","0","2","0","0","Y","1300","1","3","0","0","0","0","0","2","0","3","03","03","N","","","","","","","","","","",""
"2023088486","0900","1","0","0","0","0","0","0","0","0","8","0","","67","10","2023","5","39.9832","-75.1568","0900","06","0","0","0","0","0","0","0","0","","0","0","0","08","1","1","01","","0","39 58:59.577","","00","75 09:25.018","3","0","0","0","67301","1","0","0","N","1","0","0","2","67505","0","","1","01","","N","N","N","0","","1","0","0","3","2","","0859","1","2","0","0","0","0","0","2","0","1","03","03","N","","","","","","","","","","",""
"2023093123","1355","0","0","0","0","0","0","0","0","0","4","0","","67","10","2023","4","40.0485","-74.9978","1355","06","0","0","0","0","0","0","0","0","","0","0","0","13","1","1","02","","2","40 02:54.282","4","02","74 59:51.580","3","0","0","0","67301","0","0","0","N","0","0","0","2","67301","0","","1","01","1445","N","N","N","1","","1","0","1","0","0","N","1355","1","2","0","0","0","0","0","2","0","2","03","03","N","","","","","","","","","","",""
"2023090764","0100","1","0","0","0","0","0","0","0","0","7","0","","67","09","2023","7","40.0352","-75.0182","0051","06","0","0","0","0","0","0","0","0","","0","0","0","00","3","0","00","N","0","40 02:06.837","","03","75 01:05.690","9","0","0","0","67301","0","0","0","N","0","0","0","1","68K01","0","","3","09","","N","N","N","0","","0","0","0","0","0","","0050","0","1","0","0","0","0","1","2","0","1","07","","N","","","","","","","","","","",""
"2023087656","0351","1","0","0","0","0","0","0","0","0","5","0","","67","10","2023","1","39.9858","-75.1298","0341","06","0","0","0","0","0","0","0","0","","0","0","0","03","3","0","00","N","0","39 59:08.820","","00","75 07:47.190","0","0","0","0","67301","0","0","0","N","0","0","0","1","67301","0","","6","01","","N","N","N","0","","0","0","2","0","0","","0300","0","3","0","0","1","0","0","2","0","3","03","03","N","","","","","","","","","","",""
"2023087512","2334","0","0","0","0","0","0","0","0","0","2","0","","67","09","2023","6","39.9185","-75.2091","2320","06","0","0","0","0","0","0","0","0","","0","0","0","23","3","1","00","N","0","39 55:06.450","","00","75 12:32.750","2","0","0","0","67301","0","0","0","N","0","0","0","1","67301","0","","6","09","","N","N","N","0","","0","1","2","0","0","","2319","1","2","0","1","1","0","0","2","0","2","07","07","N","","","","","","","","","","",""
"2023091644","0732","1","0","0","0","0","0","0","0","0","8","0","","67","10","2023","3","40.0598","-75.2382","0722","06","0","0","0","0","0","0","0","0","","0","0","0","07","1","1","01","","0","40 03:35.187","","00","75 14:17.449","8","0","0","0","67301","1","0","0","N","1","0","0","2","67301","0","","1","01","","N","N","N","0","","0","0","0","3","2","","0716","1","2","0","0","0","1","0","2","0","1","03","03","N","","","","","","","","","","",""
"2023089551","0929","0","0","0","0","0","0","0","0","0","4","0","","67","10","2023","3","39.991","-75.2362","0925","06","1","0","0","0","0","0","1","0","","0","0","0","09","1","1","01","","0","39 59:27.697","","00","75 14:10.147","3","0","0","0","67301","0","0","0","N","0","0","0","3","67301","0","","1","01","","N","N","N","0","","1","0","2","3","3","","0923","1","2","0","0","2","0","0","2","0","2","03","03","N","","","","","","","","","","",""
"2023086979","0029","0","0","0","0","0","0","0","0","0","1","0","","67","09","2023","7","40.0741","-75.1909","0024","06","0","0","0","0","0","1","0","0","","0","0","0","00","3","0","01","","0","40 04:26.944","","00","75 11:26.887","0","0","0","0","67301","0","0","0","N","0","0","0","2","67301","0","","1","09","","N","N","Y","1","","0","0","1","3","2","","0024","0","2","0","0","0","0","0","2","0","2","07","07","N","","","","","","","","","","",""
"2023087498","1430","0","0","0","0","0","0","0","0","0","3","0","","67","09","2023","6","39.9398","-75.1578","1417","06","0","0","0","0","0","0","2","0","","0","0","0","12","1","1","00","N","0","39 56:23.170","","00","75 09:28.090","3","0","0","1","67301","0","0","0","N","0","0","0","2","67301","0","","1","01","","N","N","N","0","","1","0","1","0","0","","1242","1","2","0","0","0","0","0","2","0","2","04","04","N","","","","","","","","","","",""
"2023087516","2228","2","0","0","0","0","0","0","0","0","1","0","","67","10","2023","1","40.0244","-75.0344","2223","06","0","0","0","1","0","0","0","0","","0","0","0","22","3","1","00","N","2","40 01:27.925","5","00","75 02:03.727","4","0","0","0","67301","0","0","0","N","0","0","0","6","67301","1","","1","01","0018","N","N","N","0","","0","0","2","0","0","Y","2210","1","4","0","0","0","0","1","2","0","4","03","","N","","","","","","","","","","",""
"2023087508","1509","3","0","0","0","0","0","0","0","0","6","0","","67","10","2023","1","40.0684","-75.0168","1505","06","0","0","0","0","0","1","0","0","","0","0","0","14","1","3","00","N","0","40 04:06.060","","00","75 01:00.540","3","0","0","0","67301","0","0","0","N","0","0","0","6","67301","2","","1","01","","N","N","Y","0","","1","0","0","0","0","","1420","3","3","0","0","0","0","0","2","0","3","03","03","N","","","","","","","","","","",""
"2023088831","1845","0","0","0","0","0","0","0","0","0","4","0","","67","10","2023","1","39.9472","-75.1561","1839","06","0","0","0","1","0","0","0","0","","0","0","0","18","3","0","01","","1","39 56:49.740","7","00","75 09:21.892","0","0","0","0","67301","0","0","0","N","0","0","0","3","67301","0","","1","01","0100","N","N","Y","0","","0","0","2","3","2","N","1805","0","2","0","0","3","0","0","2","0","2","03","03","N","","","","","","","","","","",""
"2023087954","0610","1","0","0","0","0","0","0","0","0","4","0","","67","10","2023","1","40.0101","-75.1214","0609","06","0","0","0","0","0","0","0","0","","0","0","0","05","3","1","01","","0","40 00:36.436","","00","75 07:17.178","4","0","0","0","67301","0","0","0","N","0","0","0","2","67301","1","","1","01","","N","N","N","0","","0","0","1","3","2","","0555","1","2","0","0","0","0","1","2","0","2","03","03","N","","","","","","","","","","",""
"2023088325","0841","0","0","0","0","0","0","0","0","0","4","0","","67","10","2023","3","40.0229","-75.1482","0832","06","0","0","0","0","0","1","0","0","","0","0","0","07","5","1","05","","0","40 01:22.512","","00","75 08:53.354","3","0","0","0","67301","0","0","0","N","0","0","0","2","67301","0","","1","01","","N","N","Y","0","","1","0","2","3","2","","0753","1","2","0","0","0","0","0","2","0","2","03","03","N","","","","","","","","","","",""
"2023089514","0932","1","0","0","0","0","0","0","0","0","1","0","","67","10","2023","5","40.0115","-75.0606","0932","06","0","0","0","0","0","0","1","0","","0","0","0","09","1","1","00","N","0","40 00:41.568","","00","75 03:38.310","8","0","0","0","67301","0","0","0","N","0","0","0","2","68K01","0","","1","01","","N","N","N","0","","0","0","1","0","0","","0918","1","2","0","0","0","1","0","2","0","2","03","","N","","","","","","","","","","",""
"2023087224","0425","1","0","0","0","0","0","0","0","0","4","0","","67","09","2023","7","39.9942","-75.1562","0420","06","0","0","0","0","0","0","0","0","","0","0","0","04","3","0","01","","0","39 59:38.958","","00","75 09:22.441","9","0","0","0","67301","0","0","0","N","0","0","0","2","67301","0","","1","01","","N","N","N","0","","0","0","1","3","2","","0410","0","2","0","0","1","0","1","2","0","2","03","","N","","","","","","","","","","",""
"2023089278","1912","1","0","0","0","0","0","0","0","0","8","0","","67","10","2023","4","39.9966","-75.1755","1912","06","0","0","0","0","0","1","0","0","","0","0","0","19","3","1","01","","0","39 59:47.937","","00","75 10:31.936","8","0","0","0","67301","1","0","0","N","1","0","0","2","67301","0","","1","01","","N","N","N","0","","0","0","0","3","2","","1900","1","2","0","0","0","1","0","2","0","1","03","","N","","","","","","","","","","",""
"2023088827","1628","1","0","0","0","0","0","0","0","0","4","0","","67","10","2023","4","40.0444","-75.0726","1620","06","0","0","0","0","0","0","0","0","","0","0","0","16","1","1","01","","0","40 02:39.831","","00","75 04:21.681","3","0","0","0","67301","0","0","0","N","0","0","0","2","67301","0","","1","01","","N","N","N","0","","1","0","2","3","2","","1600","1","3","0","0","0","0","0","2","0","3","03","03","N","","","","","","","","","","",""
"2023088450","0819","1","0","0","0","0","0","0","0","0","8","0","","67","10","2023","4","40.0419","-75.075","0808","06","0","0","0","0","0","0","0","0","","0","0","0","07","1","1","05","","0","40 02:30.931","","00","75 04:29.927","3","0","0","0","67301","1","0","0","N","1","0","0","2","67301","0","","1","01","","N","N","N","0","","1","0","0","3","2","","0750","1","2","0","0","0","0","0","2","0","1","03","03","N","","","","","","","","","","",""
"2023089029","2009","1","0","0","0","0","0","0","0","0","4","0","","67","10","2023","6","39.9604","-75.1894","2008","06","0","0","0","0","0","0","0","0","","0","0","0","20","3","0","01","","2","39 57:37.313","1","00","75 11:22.016","9","0","0","0","67301","0","0","0","N","0","0","0","4","67507","0","","1","01","2105","N","N","N","0","","0","0","1","3","2","Y","2007","0","2","0","0","1","0","1","2","0","2","03","","N","","","","","","","","","","",""
"2023088052","1041","0","0","0","0","0","0","0","0","0","8","0","","67","10","2023","2","40.0087","-75.0857","1038","06","0","0","0","0","0","0","0","0","","0","0","0","19","3","1","00","N","0","40 00:31.200","","00","75 05:08.580","3","0","0","0","67301","1","0","0","N","1","0","0","2","67301","0","","1","01","","N","N","N","0","","1","0","1","0","0","","1900","1","2","0","0","1","0","0","2","0","1","03","03","N","","","","","","","","","","",""
"2023087945","1900","1","0","0","0","0","0","0","0","0","5","0","","67","10","2023","2","39.9022","-75.2249","1900","06","0","0","0","0","0","0","1","0","","0","0","0","09","1","2","00","N","0","39 54:07.974","","00","75 13:29.493","3","0","0","0","67301","0","0","0","N","0","0","0","3","67301","0","","1","01","","N","N","N","0","","2","0","1","0","0","","0900","2","2","0","0","0","0","0","2","0","2","03","03","N","","","","","","","","","","",""
"2023090242","1803","0","0","0","0","0","0","0","0","0","1","0","","67","10","2023","1","39.8991","-75.1757","1802","06","0","0","0","0","0","0","0","0","","0","0","0","17","1","0","00","N","0","39 53:56.858","","03","75 10:32.361","0","0","0","0","67301","0","0","0","N","0","0","0","2","68K01","0","","1","01","","N","N","N","1","","0","0","1","0","0","","1735","0","2","0","0","0","0","0","2","0","2","03","","N","","","","","","","","","","",""
"2023088841","0940","2","0","0","0","0","0","0","0","0","4","0","","67","10","2023","5","39.9705","-75.151","0938","06","0","0","0","0","0","1","0","0","","0","0","0","09","1","1","01","","0","39 58:14.112","","01","75 09:03.278","3","0","0","0","67301","0","0","0","N","0","0","0","3","67301","0","","1","01","","N","N","N","0","","1","0","0","3","2","","0936","1","2","0","0","0","0","0","2","0","2","03","03","N","","","","","","","","","","",""
"2023089549","1115","1","0","0","0","0","0","0","0","0","4","0","","67","09","2023","7","39.9991","-75.2309","1106","06","0","0","0","0","0","0","1","0","","0","0","0","10","1","0","01","","0","39 59:56.764","","00","75 13:51.134","0","0","0","0","67301","0","0","0","N","0","0","0","3","67301","0","","1","01","","N","N","N","0","","0","0","1","3","2","","1050","0","2","0","0","0","0","0","2","0","2","04","04","N","","","","","","","","","","",""