"CRN","ARRIVAL_TM","AUTOMOBILE_COUNT","BELTED_DEATH_COUNT","BELTED_SUSP_SERIOUS_INJ_COUNT","BICYCLE_COUNT","BICYCLE_DEATH_COUNT","BICYCLE_SUSP_SERIOUS_INJ_COUNT","BUS_COUNT","CHLDPAS_DEATH_COUNT","CHLDPAS_SUSP_SERIOUS_INJ_COUNT","COLLISION_TYPE","COMM_VEH_COUNT","CONS_ZONE_SPD_LIM","COUNTY","CRASH_MONTH","CRASH_YEAR","DAY_OF_WEEK","DEC_LAT","DEC_LONG","DISPATCH_TM","DISTRICT","DRIVER_COUNT_16YR","DRIVER_COUNT_17YR","DRIVER_COUNT_18YR","DRIVER_COUNT_19YR","DRIVER_COUNT_20YR","DRIVER_COUNT_50_64YR","DRIVER_COUNT_65_74YR","DRIVER_COUNT_75PLUS","EST_HRS_CLOSED","FATAL_COUNT","HEAVY_TRUCK_COUNT","HORSE_BUGGY_COUNT","HOUR_OF_DAY","ILLUMINATION","INJURY_COUNT","INTERSECT_TYPE","INTERSECTION_RELATED","LANE_CLOSED","LATITUDE","LN_CLOSE_DIR","LOCATION_TYPE","LONGITUDE","MAX_SEVERITY_LEVEL","MCYCLE_DEATH_COUNT","MCYCLE_SUSP_SERIOUS_INJ_COUNT","MOTORCYCLE_COUNT","MUNICIPALITY","NONMOTR_COUNT","NONMOTR_DEATH_COUNT","NONMOTR_SUSP_SERIOUS_INJ_COUNT","NTFY_HIWY_MAINT","PED_COUNT","PED_DEATH_COUNT","PED_SUSP_SERIOUS_INJ_COUNT","PERSON_COUNT","POLICE_AGCY","POSSIBLE_INJ_COUNT","RDWY_SURF_TYPE_CD","RELATION_TO_ROAD","ROAD_CONDITION","ROADWAY_CLEARED","SCH_BUS_IND","SCH_ZONE_IND","SECONDARY_CRASH","SMALL_TRUCK_COUNT","SPEC_JURIS_CD","SUSP_MINOR_INJ_COUNT","SUSP_SERIOUS_INJ_COUNT","SUV_COUNT","TCD_FUNC_CD","TCD_TYPE","TFC_DETOUR_IND","TIME_OF_DAY","TOT_INJ_COUNT","TOTAL_UNITS","UNB_DEATH_COUNT","UNB_SUSP_SERIOUS_INJ_COUNT","UNBELTED_OCC_COUNT","UNK_INJ_DEG_COUNT","UNK_INJ_PER_COUNT","URBAN_RURAL","VAN_COUNT","VEHICLE_COUNT","WEATHER1","WEATHER2","WORK_ZONE_IND","WORK_ZONE_LOC","WORK_ZONE_TYPE","WORKERS_PRES","WZ_CLOSE_DETOUR","WZ_FLAGGER","WZ_LAW_OFFCR_IND","WZ_LN_CLOSURE","WZ_MOVING","WZ_OTHER","WZ_SHLDER_MDN","WZ_WORKERS_INJ_KILLED"
"2023092220","1854","2","0","0","0","0","0","0","0","0","5","0","","67","10","2023","2","39.9113","-75.1495","1838","06","0","0","0","0","0","0","0","0","","0","0","0","18","1","1","00","N","1","39 54:40.761","3","08","75 08:58.173","3","0","0","0","67301","0","0","0","N","0","0","0","3","68K01","0","","1","01","1915","N","N","N","0","","1","0","0","0","0","N","1838","1","2","0","0","0","0","0","2","0","2","03","03","N","","","","","","","","","","",""
"2023086980","1605","1","0","0","0","0","0","0","0","0","2","0","","67","09","2023","7","40.0025","-75.0864","1551","06","0","0","0","0","0","0","0","0","","0","0","0","15","1","1","00","N","1","40 00:09.065","3","00","75 05:11.090","3","0","0","0","67301","0","0","0","N","0","0","0","3","67301","0","","1","01","1605","N","N","N","0","","1","0","1","0","0","N","1509","1","2","0","0","0","0","0","2","0","2","03","","N","","","","","","","","","","",""
"2023087655","1251","0","0","0","0","0","0","0","0","0","1","0","","67","10","2023","2","40.0354","-75.0437","1235","06","0","0","0","0","0","1","0","0","","0","0","0","12","1","3","00","N","2","40 02:07.274","2","00","75 02:37.194","3","0","0","0","67301","0","0","0","N","0","0","0","3","67301","0","","6","01","1330","N","N","N","1","","1","0","2","0","0","Y","1230","3","3","0","0","1","2","0","2","0","3","03","03","N","","","","","","","","","","",""
"2023088051","0912","0","0","0","0","0","0","0","0","0","1","0","","67","10","2023","3","40.0251","-75.0295","0912","06","0","0","0","0","0","2","0","0","","0","0","0","09","1","0","00","N","0","40 01:30.454","","00","75 01:46.150","0","0","0","0","67301","0","0","0","N","0","0","0","3","67301","0","","1","01","","N","N","N","0","","0","0","3","0","0","","0910","0","3","0","0","0","0","0","2","0","3","03","03","N","","","","","","","","","","",""
"2023087652","0105","0","0","0","0","0","0","0","0","0","7","0","","67","10","2023","2","40.0672","-74.9819","0100","06","0","0","0","0","0","1","0","0","","0","0","0","00","3","0","00","N","0","40 04:01.969","","00","74 58:54.860","0","0","0","0","67301","0","0","0","N","0","0","0","1","67301","0","","4","01","","N","N","N","0","","0","0","1","0","0","","0050","0","1","0","0","1","0","0","2","0","1","03","03","N","","","","","","","","","","",""
"2023088727","0705","3","0","0","0","0","0","0","0","0","4","0","","67","10","2023","5","39.921","-75.2289","0700","06","0","0","0","0","0","1","1","0","","0","0","0","06","1","3","01","","0","39 55:15.723","","00","75 13:44.082","3","0","0","0","67301","0","0","0","N","0","0","0","4","67301","0","","1","01","","N","N","Y","0","","3","0","0","3","2","","0630","3","3","0","0","0","0","0","2","0","3","03","03","N","","","","","","","","","","",""
"2023088724","0825","2","0","0","0","0","0","0","0","0","4","0","","67","10","2023","4","39.9644","-75.1692","0820","06","0","0","0","0","0","2","0","0","","0","0","0","07","1","2","02","","0","39 57:51.940","","00","75 10:09.026","3","0","0","0","67301","0","0","0","N","0","0","0","3","67301","0","","1","01","","N","N","N","0","","2","0","1","3","3","","0740","2","3","0","0","0","0","0","2","0","3","03","03","N","","","","","","","","","","",""
"2023087114","2240","2","0","0","0","0","0","0","0","0","5","0","","67","09","2023","7","40.0172","-75.1735","2233","06","0","0","0","0","0","0","0","0","","0","0","0","22","3","0","00","N","0","40 01:02.021","","00","75 10:24.612","0","0","0","0","67301","0","0","0","N","0","0","0","2","67301","0","","1","01","","N","N","N","0","","0","0","0","0","0","","2220","0","2","0","0","2","0","0","2","0","2","03","03","N","","","","","","","","","","",""
"2023091375","1804","0","0","0","0","0","0","0","0","0","8","0","","67","09","2023","7","39.9299","-75.2322","1802","06","0","0","0","0","0","0","0","0","","0","0","0","17","4","1","00","N","0","39 55:47.510","","00","75 13:55.770","3","0","0","0","67301","1","0","0","N","1","0","0","2","67301","0","","1","01","","N","N","N","1","","1","0","0","0","0","","1758","1","2","0","0","0","0","0","2","0","1","03","03","N","","","","","","","","","","",""
"2023089359","1535","1","0","0","0","0","0","0","0","0","8","0","","67","10","2023","5","40.0331","-75.1812","1531","06","0","0","0","0","0","0","0","0","","0","0","0","15","1","1","01","","0","40 01:59.144","","00","75 10:52.444","3","0","0","0","67301","1","0","0","N","1","0","0","2","67301","0","","1","01","","N","N","N","0","","1","0","0","3","2","","1530","1","2","0","0","0","0","0","2","0","1","03","03","N","","","","","","","","","","",""
"2023088720","2047","2","0","0","0","0","0","0","0","0","4","0","","67","10","2023","2","40.0207","-75.2164","2041","06","0","0","0","0","0","0","0","0","","0","0","0","20","3","0","00","N","0","40 01:14.680","","07","75 12:58.920","0","0","0","0","67301","0","0","0","N","0","0","0","2","67301","0","","1","01","","N","N","N","0","","0","0","0","0","0","","2025","0","2","0","0","0","0","0","2","0","2","03","03","N","","","","","","","","","","",""
"2023088309","0214","2","0","0","0","0","0","0","0","0","1","0","","67","10","2023","4","39.9335","-75.2155","0208","06","0","0","0","0","0","0","0","0","","0","0","0","01","3","0","03","","0","39 56:00.776","","00","75 12:55.859","9","0","0","0","67301","0","0","0","N","0","0","0","3","67301","0","","1","01","","N","N","N","0","","0","0","0","3","2","","0145","0","2","0","0","0","0","3","2","0","2","03","03","N","","","","","","","","","","",""
"2023114030","2145","1","0","0","0","0","0","0","0","0","4","0","","67","09","2023","2","40.0081","-75.2116","2125","06","0","0","0","0","0","1","0","0","","0","0","0","20","3","2","00","N","0","40 00:29.120","","07","75 12:41.827","3","0","0","0","67301","0","0","0","N","0","0","0","3","67301","0","","1","09","","N","N","N","0","","2","0","1","0","0","","2007","2","2","0","0","0","0","1","2","0","2","04","07","N","","","","","","","","","","",""
"2023084496","1549","0","0","0","0","0","0","0","0","0","1","0","","67","09","2023","7","39.9543","-75.1417","1549","06","0","0","0","1","0","1","0","0","","0","0","0","15","1","0","00","N","2","39 57:15.300","4","03","75 08:30.120","0","0","0","0","67301","0","0","0","N","0","0","0","3","67501","0","","1","09","1625","N","N","N","0","","0","0","2","3","8","N","1549","0","2","0","0","0","0","0","2","0","2","04","07","N","","","","","","","","","","",""
"2023085161","1616","2","0","0","0","0","0","0","0","0","4","0","","67","09","2023","5","40.0881","-74.9658","1553","06","0","1","0","0","0","0","0","0","","0","0","0","15","1","1","01","","0","40 05:17.203","","07","74 57:56.746","3","0","0","0","67301","0","0","0","N","0","0","0","2","67301","0","","1","01","","N","N","N","0","","1","0","0","3","2","","1530","1","2","0","0","0","0","0","2","0","2","03","03","N","","","","","","","","","","",""
"2023086483","0715","1","0","0","0","0","0","0","0","0","8","0","","67","09","2023","2","40.0384","-75.0362","0654","06","0","0","0","0","0","0","0","0","","0","0","0","06","5","1","01","","0","40 02:18.341","","00","75 02:10.266","3","0","0","0","67301","1","0","0","N","1","0","0","2","67301","0","","1","09","","N","N","N","0","","1","0","0","3","2","","0640","1","2","0","0","0","0","0","2","0","1","07","07","N","","","","","","","","","","",""
"2023085171","2347","1","0","0","0","0","0","0","0","0","6","0","","67","09","2023","4","40.0654","-75.1538","2344","06","0","0","0","0","0","0","0","0","","0","0","0","23","3","0","00","N","0","40 03:55.590","","00","75 09:13.750","9","0","0","0","67301","0","0","0","N","0","0","0","1","67301","0","","6","01","","N","N","N","1","","0","0","1","0","0","","2300","0","3","0","0","0","0","1","2","0","3","03","","N","","","","","","","","","","",""
"2023104577","0520","0","0","0","0","0","0","0","0","0","7","0","","67","11","2023","5","40.1158","-74.9899","0514","06","0","0","0","0","0","1","0","0","","0","0","0","05","3","1","00","N","0","40 06:57.020","","00","74 59:23.500","4","0","0","0","67301","0","0","0","N","0","0","0","1","67301","1","","4","01","","N","N","N","0","","0","0","1","0","0","","0511","1","1","0","0","0","0","0","2","0","1","03","","N","","","","","","","","","","",""
"2023114285","1309","0","0","0","0","0","0","0","0","0","8","0","","67","12","2023","4","40.0608","-74.9875","1302","06","0","0","0","0","0","0","0","0","","0","0","0","07","1","1","00","N","0","40 03:38.880","","00","74 59:14.830","3","0","0","0","67301","1","0","0","N","1","0","0","2","67301","0","","1","01","","N","N","N","0","","1","0","1","0","0","","0750","1","2","0","0","0","0","0","2","0","1","03","","N","","","","","","","","","","",""
"2023117274","2153","1","0","0","0","0","0","0","0","0","4","0","","67","12","2023","6","40.0092","-75.1511","2153","06","0","0","0","0","0","0","0","0","","0","0","0","21","3","1","01","","0","40 00:33.325","","00","75 09:04.460","3","0","0","0","67301","1","0","0","N","1","0","0","3","67301","0","","1","01","","N","N","N","0","","1","0","0","3","2","","2150","1","3","0","0","0","0","1","2","0","2","03","03","N","","","","","","","","","","",""
"2023114516","1512","1","0","0","0","0","0","0","0","0","5","0","","67","12","2023","6","39.9131","-75.2433","1506","06","0","0","0","0","0","0","0","0","","0","0","0","14","1","1","05","","0","39 54:47.100","","00","75 14:35.859","8","0","0","0","67301","0","0","0","N","0","0","0","3","67301","0","","1","01","","N","N","N","1","","0","0","0","3","2","","1457","1","2","0","0","0","1","2","2","0","2","03","03","N","","","","","","","","","","",""
"2023108729","1630","0","0","0","0","0","0","0","0","0","4","0","","67","11","2023","4","39.9815","-75.1886","1621","06","0","0","0","0","0","0","0","0","","0","0","0","16","3","0","01","","0","39 58:53.466","","00","75 11:19.060","0","0","0","0","67301","0","0","0","N","0","0","0","3","67301","0","","1","01","","N","N","N","0","","0","0","1","3","2","","1600","0","3","0","0","2","0","0","2","1","3","03","03","N","","","","","","","","","","",""
"2023114800","1758","0","0","0","0","0","0","0","0","0","8","0","","67","12","2023","5","40.1335","-75.0104","1758","06","0","0","0","0","0","0","0","0","","0","0","0","17","4","1","00","N","2","40 08:00.437","2","07","75 00:37.324","3","0","0","0","67301","1","0","0","N","1","0","0","2","67301","0","","1","01","0100","N","N","N","0","","1","0","1","0","0","Y","1710","1","2","0","0","0","0","0","2","0","1","03","03","N","","","","","","","","","","",""
"2023112038","0552","1","0","0","0","0","0","0","0","0","4","0","","67","12","2023","6","40.0599","-75.1734","0542","06","0","0","0","0","0","1","0","0","","0","0","0","05","5","1","01","","0","40 03:35.475","","00","75 10:24.377","4","0","0","0","67301","0","0","0","N","0","0","0","3","67301","1","","1","01","","N","N","N","0","","0","0","1","3","2","","0539","1","2","0","0","0","0","0","2","0","2","03","03","N","","","","","","","","","","",""
"2023109285","2103","0","0","0","0","0","0","0","0","0","8","0","","67","11","2023","5","40.0072","-75.123","2046","06","0","0","0","0","0","0","0","0","","0","0","0","18","3","1","00","N","0","40 00:25.787","","00","75 07:22.882","3","0","0","0","67301","1","0","0","N","1","0","0","2","67301","0","","1","01","","N","N","N","0","","1","0","0","0","0","","1845","1","2","0","0","0","0","1","2","0","1","03","03","N","","","","","","","","","","",""
"2023108289","1635","1","0","0","0","0","0","0","0","0","4","0","","67","11","2023","1","39.9788","-75.1815","1630","06","0","0","0","0","0","1","0","0","","0","0","0","15","1","1","01","","0","39 58:43.723","","00","75 10:53.232","3","0","0","0","67301","0","0","0","N","0","0","0","2","67301","0","","1","09","","N","N","Y","0","","1","0","2","3","3","","1500","1","3","0","0","0","0","1","2","0","3","07","07","N","","","","","","","","","","",""
"2023113926","1340","2","0","0","0","0","0","0","0","0","4","0","","67","12","2023","3","40.0547","-75.1497","1340","06","0","0","0","1","0","0","1","0","","0","0","0","13","1","1","01","","2","40 03:16.837","5","00","75 08:58.941","8","0","0","0","67301","0","0","0","N","0","0","0","2","67301","0","","1","01","1515","N","N","N","0","","0","0","0","3","2","N","1340","1","2","0","0","2","1","0","2","0","2","03","03","N","","","","","","","","","","",""
"2023108272","1745","0","0","0","0","0","0","0","0","0","4","0","","67","11","2023","3","39.9227","-75.17","1735","06","0","0","0","0","0","0","1","0","","0","0","0","17","3","0","00","N","0","39 55:21.680","","07","75 10:11.925","0","0","0","0","67301","0","0","0","N","0","0","0","2","67301","0","","1","01","","N","N","N","0","","0","0","2","0","0","","1729","0","2","0","0","0","0","0","2","0","2","03","","N","","","","","","","","","","",""
"2023116252","1200","0","0","0","0","0","0","0","0","0","1","0","","67","12","2023","2","40.0134","-75.1799","1200","06","0","0","0","0","0","0","0","0","","0","0","0","06","3","1","00","N","0","40 00:48.318","","00","75 10:47.656","8","0","0","0","67301","0","0","0","N","0","0","0","2","67301","0","","1","09","","N","N","N","0","","0","0","2","0","0","","0620","1","2","0","0","0","1","1","2","0","2","07","07","N","","","","","","","","","","",""
"2023113245","1626","1","0","0","0","0","0","0","0","0","5","0","","67","11","2023","2","39.9889","-75.1199","1626","06","0","0","1","0","0","0","1","0","","0","0","0","16","1","0","01","","0","39 59:19.604","","00","75 07:12.799","0","0","0","0","67301","0","0","0","N","0","0","0","3","67301","0","","1","01","","N","N","N","0","","0","0","1","3","2","","1626","0","3","0","0","0","0","0","2","1","3","03","03","N","","","","","","","","","","",""
"2023113914","1750","1","0","0","0","0","0","0","0","0","4","0","","67","12","2023","4","39.9254","-75.1778","1750","06","0","0","0","0","0","1","0","0","","0","0","0","17","3","3","01","","0","39 55:31.423","","00","75 10:39.577","3","0","0","0","67301","0","0","0","N","0","0","0","3","67301","1","","1","01","","N","N","N","0","","2","0","1","3","2","","1750","3","2","0","0","2","0","0","2","0","2","03","03","N","","","","","","","","","","",""
"2023116982","1330","1","0","0","0","0","0","0","0","0","1","0","","67","12","2023","5","39.9614","-75.1481","1330","06","0","0","0","0","0","0","0","0","","0","0","0","01","3","1","01","","0","39 57:41.037","","00","75 08:53.327","4","0","0","0","67301","0","0","0","N","0","0","0","2","67301","1","","1","99","","N","N","N","0","","0","0","1","9","2","","0130","1","2","0","0","0","0","1","2","0","2","99","98","N","","","","","","","","","","",""
"2023113301","1351","2","0","0","0","0","0","0","0","0","1","0","","67","12","2023","4","40.005","-75.152","1350","06","0","0","0","0","0","0","0","0","","0","0","0","13","1","2","00","N","1","40 00:18.178","1","00","75 09:07.362","4","0","0","0","67301","0","0","0","N","0","0","0","5","67505","2","","1","01","1410","N","N","N","0","","0","0","1","0","0","N","1347","2","3","0","0","0","0","2","2","0","3","03","03","N","","","","","","","","","","",""
"2023117181","1340","0","0","0","0","0","0","0","0","0","8","0","","67","12","2023","4","39.9533","-75.1629","1340","06","0","0","0","0","0","0","0","0","","0","0","0","13","1","1","00","N","0","39 57:11.936","","00","75 09:46.492","8","0","0","0","67301","1","0","0","N","1","0","0","2","67301","0","","6","01","","N","N","N","0","","0","0","1","0","0","","1330","1","2","0","0","0","1","0","2","0","1","03","03","N","","","","","","","","","","",""
"2023116518","2357","1","0","0","0","0","0","0","0","0","8","0","","67","12","2023","4","39.9418","-75.1741","2350","06","0","0","0","0","0","1","0","0","","0","0","0","23","3","1","01","","0","39 56:30.469","","00","75 10:26.774","4","0","0","0","67301","1","0","0","N","1","0","0","2","67301","1","","1","01","","N","N","N","0","","0","0","0","3","3","","2325","1","2","0","0","0","0","0","2","0","1","03","03","N","","","","","","","","","","",""
"2023116798","2130","0","0","0","0","0","0","0","0","0","7","0","","67","12","2023","2","40.0773","-75.2114","2117","06","0","0","0","0","0","0","0","0","","0","0","0","19","1","1","00","N","0","40 04:38.220","","00","75 12:40.910","3","0","0","0","67301","0","0","0","N","0","0","0","1","67301","0","","5","01","","N","N","N","1","","1","0","0","0","0","","1945","1","1","0","0","0","0","0","2","0","1","03","03","N","","","","","","","","","","",""
"2023117268","0815","1","0","0","0","0","0","0","0","0","4","0","","67","12","2023","4","40.0385","-75.2115","0810","06","0","0","0","0","0","1","0","0","","0","0","0","08","1","0","02","","0","40 02:18.202","","00","75 12:41.516","0","0","0","0","67301","0","0","0","N","0","0","0","2","67301","0","","1","01","","N","N","N","0","","0","0","1","3","3","","0808","0","2","0","0","0","0","0","2","0","2","03","03","N","","","","","","","","","","",""
"2023113114","0003","0","0","0","0","0","0","0","0","0","5","0","","67","12","2023","1","39.9724","-75.2531","0000","06","0","0","0","0","0","0","0","0","","0","0","0","23","3","1","00","N","0","39 58:20.640","","00","75 15:11.323","8","0","0","0","67301","0","0","0","N","0","0","0","2","67301","0","","6","09","","N","N","N","0","","0","0","2","3","2","","2330","1","2","0","0","0","1","0","2","0","2","07","07","N","","","","","","","","","","",""
"2023118983","1923","1","0","0","0","0","0","0","0","0","4","0","","67","12","2023","4","39.9647","-75.2081","1923","06","0","0","0","0","0","1","0","0","","0","0","0","19","3","0","01","","0","39 57:53.045","","00","75 12:29.113","0","0","0","0","67301","0","0","0","N","0","0","0","3","67301","0","","1","09","","N","N","N","1","","0","0","0","3","3","","1916","0","2","0","0","3","0","0","2","0","2","07","","N","","","","","","","","","","",""
"2023086480","2335","0","0","0","0","0","0","0","0","0","8","0","","67","09","2023","6","39.9489","-75.1661","2330","06","0","0","0","0","0","0","0","0","","0","0","0","23","3","1","02","","0","39 56:56.180","","00","75 09:57.933","3","0","0","0","67301","1","0","0","N","1","0","0","2","67301","0","","1","01","","N","N","N","0","","1","0","1","3","3","","2328","1","2","0","0","0","0","0","2","0","1","03","03","N","","","","","","","","","","",""
"2023085182","1249","0","0","0","0","0","0","0","0","0","8","0","","67","09","2023","5","39.9618","-75.2462","1242","06","0","0","0","0","0","0","0","0","","0","0","0","12","1","1","00","N","0","39 57:42.610","","00","75 14:46.190","4","0","0","0","67301","1","0","0","N","1","0","0","2","67301","1","","1","01","","N","N","N","0","","0","0","1","0","0","","1236","1","2","0","0","0","0","0","2","0","1","03","03","N","","","","","","","","","","",""
"2023112442","0657","0","0","0","0","0","0","0","0","0","4","0","","67","12","2023","6","39.9911","-75.2479","0657","06","0","0","0","0","0","1","0","0","","0","0","0","06","1","0","01","","0","39 59:27.954","","00","75 14:52.478","0","0","0","0","67301","0","0","0","N","0","0","0","3","46104","0","","1","01","","N","N","Y","1","","0","0","2","0","0","","0657","0","3","0","0","0","0","0","2","0","3","03","","N","","","","","","","","","","",""
"2023085215","1100","2","0","0","0","0","0","0","0","0","5","0","","67","09","2023","5","40.025","-75.1478","1043","06","0","0","0","0","0","1","0","0","","0","0","0","08","1","1","00","N","0","40 01:30.145","","00","75 08:52.076","3","0","0","0","67301","0","0","0","N","0","0","0","2","67301","0","","1","01","","N","N","N","0","","1","0","0","0","0","","0855","1","2","0","0","0","0","1","2","0","2","03","03","N","","","","","","","","","","",""
"2023085211","0632","1","0","0","0","0","0","0","0","0","4","0","","67","09","2023","5","39.9831","-75.126","0631","06","0","0","0","0","0","0","0","0","","0","0","0","06","1","1","01","","0","39 58:59.071","","00","75 07:33.664","4","0","0","0","67301","0","0","0","N","0","0","0","2","67301","1","","1","01","","N","N","N","0","","0","0","1","3","2","","0631","1","2","0","0","0","0","0","2","0","2","03","","N","","","","","","","","","","",""
"2023102649","0944","0","0","0","0","0","0","0","0","0","1","0","","67","09","2023","5","39.9808","-75.104","0924","06","0","0","0","0","0","2","0","0","","0","0","0","09","1","0","00","N","0","39 58:50.803","","00","75 06:14.450","0","0","0","0","67301","0","0","0","N","0","0","0","3","68K01","0","","1","01","","N","N","N","0","","0","0","3","0","0","","0920","0","3","0","0","0","0","0","2","0","3","03","","N","","","","","","","","","","",""
"2023088722","1132","0","0","0","1","0","0","0","0","0","8","0","","67","09","2023","3","39.9604","-75.1397","1128","06","0","0","0","0","0","1","0","0","","0","0","0","11","1","1","00","N","0","39 57:37.406","","07","75 08:23.008","3","0","0","0","67301","1","0","0","N","0","0","0","2","67301","0","","1","01","","N","N","N","1","","1","0","0","0","0","","1120","1","2","0","0","0","0","0","2","0","1","04","","N","","","","","","","","","","",""
"2023114024","1136","0","0","0","0","0","0","0","0","0","4","0","","67","12","2023","3","39.9206","-75.1704","1119","06","0","0","0","0","0","1","0","0","","0","0","0","11","1","1","01","","0","39 55:14.415","","00","75 10:13.994","3","0","0","0","67301","0","0","0","N","0","0","0","3","67301","0","","1","01","","N","N","N","0","","1","0","3","3","2","","1109","1","3","0","0","0","0","0","2","0","3","03","","N","","","","","","","","","","",""
"2023108284","1655","0","0","0","0","0","0","0","0","0","4","0","","67","11","2023","2","40.0143","-75.0709","1653","06","0","0","0","0","0","1","0","0","","0","0","0","16","3","1","01","","0","40 00:51.572","","00","75 04:15.064","3","0","0","0","67301","0","0","0","N","0","0","0","3","67301","0","","1","01","","N","N","N","0","","1","0","1","3","2","","1648","1","2","0","0","0","0","1","2","1","2","03","03","N","","","","","","","","","","",""
"2023114357","0530","1","0","0","0","0","0","0","0","0","4","0","","67","12","2023","5","39.9578","-75.2193","0522","06","0","0","0","0","0","0","0","0","","0","0","0","05","3","0","01","","2","39 57:27.914","5","00","75 13:09.437","0","0","0","0","67301","0","0","0","N","0","0","0","2","67301","0","","1","01","0530","N","N","Y","0","","0","0","2","3","2","Y","0515","0","3","0","0","2","0","0","2","0","3","03","03","N","","","","","","","","","","",""
"2023115913","2333","1","0","0","0","0","0","0","0","0","4","0","","67","12","2023","7","40","-75.195","2320","06","0","0","0","0","0","0","0","1","","0","0","0","22","3","0","00","N","0","40 00:00.176","","00","75 11:41.985","9","0","0","0","67301","0","0","0","N","0","0","0","7","68K01","0","","1","01","","N","N","N","0","","0","0","2","0","0","","2259","0","3","0","0","0","0","1","2","0","3","03","","N","","","","","","","","","","",""
"2023117063","1553","0","0","0","0","0","0","0","0","0","8","0","","67","12","2023","7","39.999","-75.1332","1538","06","0","0","0","0","0","0","0","0","","0","0","0","13","1","1","01","","0","39 59:56.498","","00","75 07:59.680","2","0","0","0","67301","1","0","1","N","1","0","1","2","67301","0","","1","01","","N","N","N","0","","0","1","0","3","2","","1301","1","2","0","0","0","0","1","2","0","1","03","03","N","","","","","","","","","","",""
"2023115274","2023","0","0","0","0","0","0","0","0","0","4","0","","67","12","2023","1","39.9396","-75.2203","2018","06","0","0","0","0","0","0","0","0","","0","0","0","20","3","0","01","","2","39 56:22.382","6","00","75 13:13.089","0","0","0","0","67301","0","0","0","N","0","0","0","2","67301","0","","1","09","2214","N","N","N","0","","0","0","1","3","2","Y","2018","0","2","0","0","0","0","0","2","1","2","07","","N","","","","","","","","","","",""
"2023114940","1537","0","0","0","0","0","0","0","0","0","4","0","","67","12","2023","6","40.1292","-75.0249","1532","06","0","0","0","0","0","1","0","0","","0","0","0","15","1","0","01","","0","40 07:45.210","","00","75 01:29.597","0","0","0","0","67301","0","0","0","N","0","0","0","2","67301","0","","1","01","","N","N","N","0","","0","0","1","3","2","","1531","0","2","0","0","0","0","0","2","1","2","03","","N","","","","","","","","","","",""
"2023117266","1919","2","0","0","0","0","0","0","0","0","1","0","","67","12","2023","1","40.0269","-75.2094","1917","06","0","0","0","0","0","0","0","0","","0","0","0","19","3","1","01","","0","40 01:36.995","","00","75 12:33.945","3","0","0","0","67301","0","0","0","N","0","0","0","3","67301","0","","1","09","","N","N","N","0","","1","0","1","0","0","","1912","1","3","0","0","0","0","1","2","0","3","07","07","N","","","","","","","","","","",""
"2023117428","1318","1","0","0","0","0","0","0","0","0","4","0","","67","12","2023","7","40.036","-75.0492","1310","06","0","0","0","0","0","0","0","0","","0","0","0","12","1","0","01","","0","40 02:09.776","","00","75 02:56.943","0","0","0","0","67301","0","0","0","N","0","0","0","2","67301","0","","1","01","","N","N","N","0","","0","0","1","3","3","","1247","0","2","0","0","0","0","0","2","0","2","03","03","N","","","","","","","","","","",""
"2023117762","1231","0","0","0","0","0","0","0","0","0","8","0","","67","12","2023","4","40.0455","-75.0883","1230","06","0","0","0","0","0","0","0","1","","0","0","0","06","3","1","01","","0","40 02:43.859","","00","75 05:17.937","3","0","0","0","67301","1","0","0","N","1","0","0","2","67301","0","","1","01","","N","N","N","0","","1","0","1","3","2","","0600","1","2","0","0","0","0","0","2","0","1","99","","N","","","","","","","","","","",""
"2023118744","0602","1","0","0","0","0","0","0","0","0","0","0","","67","12","2023","7","39.9822","-75.1004","0540","06","0","0","0","0","0","0","0","0","","0","0","0","05","3","0","00","N","1","39 58:55.938","1","03","75 06:01.432","0","0","0","0","67301","0","0","0","N","0","0","0","1","68K01","0","","1","01","0635","N","N","N","0","","0","0","0","0","0","N","0539","0","1","0","0","0","0","0","2","0","1","03","","N","","","","","","","","","","",""
"2023108717","1902","0","0","0","0","0","0","0","0","0","4","0","","67","11","2023","3","40.0416","-75.0643","1857","06","0","0","0","0","0","0","0","0","","0","0","0","18","3","1","01","","0","40 02:29.839","","00","75 03:51.611","3","0","0","0","67301","0","0","0","N","0","0","0","2","67301","0","","1","01","","N","N","N","0","","1","0","1","3","2","","1857","1","2","0","0","0","0","0","2","1","2","03","","N","","","","","","","","","","",""
"2023112356","1104","0","0","0","0","0","0","0","0","0","4","0","","67","12","2023","1","39.9741","-75.1179","1047","06","0","0","0","0","0","2","0","0","","0","0","0","10","1","3","01","","0","39 58:26.839","","06","75 07:04.474","3","0","0","0","67301","0","0","0","N","0","0","0","3","67301","0","","1","09","","N","N","N","0","","3","0","2","3","2","","1045","3","2","0","0","0","0","0","2","0","2","07","","N","","","","","","","","","","",""
"2023108294","1457","1","0","0","0","0","0","0","0","0","1","0","","67","11","2023","1","40.0517","-75.1267","1455","06","0","0","0","0","0","1","0","0","","0","0","0","14","1","1","00","N","1","40 03:06.060","4","00","75 07:36.190","4","0","0","0","67301","0","0","0","N","0","0","0","1","67301","1","","6","09","1546","N","N","N","0","","0","0","1","0","0","N","1444","1","2","0","0","0","0","0","2","0","2","07","","N","","","","","","","","","","",""