"CRN","ARRIVAL_TM","AUTOMOBILE_COUNT","BELTED_DEATH_COUNT","BELTED_SUSP_SERIOUS_INJ_COUNT","BICYCLE_COUNT","BICYCLE_DEATH_COUNT","BICYCLE_SUSP_SERIOUS_INJ_COUNT","BUS_COUNT","CHLDPAS_DEATH_COUNT","CHLDPAS_SUSP_SERIOUS_INJ_COUNT","COLLISION_TYPE","COMM_VEH_COUNT","CONS_ZONE_SPD_LIM","COUNTY","CRASH_MONTH","CRASH_YEAR","DAY_OF_WEEK","DEC_LAT","DEC_LONG","DISPATCH_TM","DISTRICT","DRIVER_COUNT_16YR","DRIVER_COUNT_17YR","DRIVER_COUNT_18YR","DRIVER_COUNT_19YR","DRIVER_COUNT_20YR","DRIVER_COUNT_50_64YR","DRIVER_COUNT_65_74YR","DRIVER_COUNT_75PLUS","EST_HRS_CLOSED","FATAL_COUNT","HEAVY_TRUCK_COUNT","HORSE_BUGGY_COUNT","HOUR_OF_DAY","ILLUMINATION","INJURY_COUNT","INTERSECT_TYPE","INTERSECTION_RELATED","LANE_CLOSED","LATITUDE","LN_CLOSE_DIR","LOCATION_TYPE","LONGITUDE","MAX_SEVERITY_LEVEL","MCYCLE_DEATH_COUNT","MCYCLE_SUSP_SERIOUS_INJ_COUNT","MOTORCYCLE_COUNT","MUNICIPALITY","NONMOTR_COUNT","NONMOTR_DEATH_COUNT","NONMOTR_SUSP_SERIOUS_INJ_COUNT","NTFY_HIWY_MAINT","PED_COUNT","PED_DEATH_COUNT","PED_SUSP_SERIOUS_INJ_COUNT","PERSON_COUNT","POLICE_AGCY","POSSIBLE_INJ_COUNT","RDWY_SURF_TYPE_CD","RELATION_TO_ROAD","ROAD_CONDITION","ROADWAY_CLEARED","SCH_BUS_IND","SCH_ZONE_IND","SECONDARY_CRASH","SMALL_TRUCK_COUNT","SPEC_JURIS_CD","SUSP_MINOR_INJ_COUNT","SUSP_SERIOUS_INJ_COUNT","SUV_COUNT","TCD_FUNC_CD","TCD_TYPE","TFC_DETOUR_IND","TIME_OF_DAY","TOT_INJ_COUNT","TOTAL_UNITS","UNB_DEATH_COUNT","UNB_SUSP_SERIOUS_INJ_COUNT","UNBELTED_OCC_COUNT","UNK_INJ_DEG_COUNT","UNK_INJ_PER_COUNT","URBAN_RURAL","VAN_COUNT","VEHICLE_COUNT","WEATHER1","WEATHER2","WORK_ZONE_IND","WORK_ZONE_LOC","WORK_ZONE_TYPE","WORKERS_PRES","WZ_CLOSE_DETOUR","WZ_FLAGGER","WZ_LAW_OFFCR_IND","WZ_LN_CLOSURE","WZ_MOVING","WZ_OTHER","WZ_SHLDER_MDN","WZ_WORKERS_INJ_KILLED"
"2023112803","0100","1","0","0","0","0","0","0","0","0","7","0","","67","12","2023","2","39.9737","-75.119","0051","06","0","0","0","0","0","0","0","0","","0","0","0","00","3","0","06","","0","39 58:25.401","","08","75 07:08.543","0","0","0","0","67301","0","0","0","N","0","0","0","2","68K01","0","","2","09","","N","N","N","0","","0","0","0","0","0","","0051","0","1","0","0","0","0","0","2","0","1","07","","N","","","","","","","","","","",""
"2023106698","0134","1","0","0","0","0","0","0","0","0","4","0","","67","11","2023","1","40.0211","-75.1399","0129","06","0","0","0","0","0","0","0","0","","0","0","0","01","3","3","01","","0","40 01:16.051","","00","75 08:23.731","2","0","0","0","67301","0","0","0","N","0","0","0","3","67301","0","","1","01","","N","N","N","0","","1","2","0","3","2","","0128","3","2","0","2","3","0","0","2","1","2","03","03","N","","","","","","","","","","",""
"2023106024","0242","1","0","0","0","0","0","0","0","0","4","0","","67","11","2023","7","40.0343","-75.14","0239","06","0","0","0","0","0","0","0","0","","0","0","0","02","3","1","01","","0","40 02:03.440","","00","75 08:23.930","4","0","0","0","67301","0","0","0","N","0","0","0","2","67301","1","","1","09","","N","N","N","0","","0","0","1","3","2","","0226","1","2","0","0","1","0","0","2","0","2","07","07","N","","","","","","","","","","",""
"2023104585","2355","0","0","0","1","0","0","0","0","0","8","0","","67","11","2023","5","39.9434","-75.2323","2318","06","0","0","0","0","0","1","0","0","","0","0","0","23","6","1","01","","0","39 56:36.238","","00","75 13:56.250","8","0","0","0","67301","1","0","0","N","0","0","0","2","67301","0","","1","01","","N","N","N","0","","0","0","1","3","2","","2315","1","2","0","0","0","1","0","2","0","1","03","03","N","","","","","","","","","","",""
"2023115286","0837","1","0","0","0","0","0","0","0","0","4","0","","67","12","2023","5","40.0025","-75.1597","0833","06","0","1","0","0","0","0","0","0","","0","0","0","08","1","0","00","N","0","40 00:08.871","","01","75 09:34.769","0","0","0","0","67301","0","0","0","N","0","0","0","2","67301","0","","1","01","","N","N","N","0","","0","0","1","0","0","","0830","0","2","0","0","0","0","0","2","0","2","03","03","N","","","","","","","","","","",""
"2023108600","1255","0","0","0","1","0","1","0","0","0","8","0","","67","11","2023","2","39.9605","-75.235","1253","06","0","0","0","0","0","0","0","0","","0","0","0","12","1","1","02","","1","39 57:37.659","2","00","75 14:06.165","2","0","0","0","67301","1","0","1","N","0","0","0","2","67301","0","","1","01","1310","N","N","N","1","","0","1","0","0","0","N","1252","1","2","0","0","0","0","0","2","0","1","04","03","N","","","","","","","","","","",""
"2023112227","1050","0","0","0","0","0","0","0","0","0","8","0","","67","12","2023","6","39.9978","-75.1018","1038","06","0","0","0","0","0","0","0","0","","0","0","0","02","3","1","02","","0","39 59:52.158","","00","75 06:06.517","2","0","0","0","67301","1","0","1","N","1","0","1","2","67301","0","","1","09","","N","N","N","0","","0","1","0","3","3","","0230","1","2","0","0","0","0","1","2","0","1","03","98","N","","","","","","","","","","",""
"2023115980","1630","2","0","0","0","0","0","0","0","0","4","0","","67","12","2023","3","39.9284","-75.1524","1620","06","0","0","0","0","0","0","0","0","","0","0","0","16","1","0","00","N","0","39 55:42.210","","00","75 09:08.490","9","0","0","0","67301","0","0","0","N","0","0","0","1","67301","0","","6","01","","N","N","N","1","","0","0","1","0","0","","1606","0","4","0","0","0","0","1","2","0","4","03","","N","","","","","","","","","","",""
"2023109274","1405","1","0","0","0","0","0","0","0","0","8","0","","67","11","2023","5","39.9246","-75.1742","1405","06","0","0","0","0","0","0","0","0","","0","0","0","13","1","1","00","N","0","39 55:28.670","","00","75 10:27.047","3","0","0","0","67301","1","0","0","N","1","0","0","2","67301","0","","1","01","","N","N","N","0","","1","0","0","0","0","","1348","1","2","0","0","0","0","0","2","0","1","03","03","N","","","","","","","","","","",""
"2023117553","0218","0","0","0","0","0","0","0","0","0","7","0","","67","11","2023","4","40.0488","-74.9975","0201","06","0","0","0","0","0","0","0","0","","0","0","0","02","3","1","00","N","2","40 02:55.652","1","00","74 59:50.826","8","0","0","0","67301","0","0","0","N","0","0","0","1","68K01","0","","4","01","0230","N","N","N","0","","0","0","0","0","0","Y","0200","1","1","0","0","0","1","0","2","1","1","03","","N","","","","","","","","","","",""
"2023117349","2300","1","0","0","0","0","0","0","0","0","4","0","","67","12","2023","7","40.0514","-75.1486","2300","06","0","0","0","0","0","1","0","0","","0","0","0","20","3","1","01","","0","40 03:04.986","","00","75 08:54.866","4","0","0","0","67301","0","0","0","N","0","0","0","2","67301","1","","1","01","","N","N","N","0","","0","0","0","3","3","","2045","1","2","0","0","0","0","1","2","1","2","03","03","N","","","","","","","","","","",""
"2023118163","1737","0","0","0","0","0","0","0","0","0","1","0","","67","12","2023","4","39.8886","-75.2027","1711","06","0","0","0","0","0","0","0","0","","0","0","0","17","3","0","00","N","2","39 53:18.953","1","03","75 12:09.639","0","0","0","0","67301","0","0","0","N","0","0","0","2","68K01","0","","1","01","1740","N","N","N","0","","0","0","2","0","0","N","1707","0","2","0","0","0","0","0","2","0","2","03","","N","","","","","","","","","","",""
"2023106683","1843","0","0","0","0","0","0","0","0","0","4","0","","67","11","2023","6","40.043","-75.06","1840","06","0","0","0","0","0","1","0","0","","0","0","0","18","3","1","01","","0","40 02:34.918","","00","75 03:35.949","8","0","0","0","67301","0","0","0","N","0","0","0","2","67301","0","","1","01","","N","N","N","0","","0","0","2","3","3","","1814","1","2","0","0","1","1","1","2","0","2","03","","N","","","","","","","","","","",""
"2023116514","1810","0","0","0","1","0","0","0","0","0","8","0","","67","12","2023","2","40.0241","-75.0541","1805","06","0","0","0","0","0","0","0","0","","0","0","0","18","3","1","02","","0","40 01:26.907","","00","75 03:14.598","3","0","0","0","67301","1","0","0","N","0","0","0","2","67301","0","","1","09","","N","N","N","0","","1","0","0","3","3","","1800","1","2","0","0","0","0","1","2","0","1","03","03","N","","","","","","","","","","",""
"2023117066","0043","1","0","0","0","0","0","0","0","0","4","0","","67","12","2023","7","40.0601","-75.1401","0036","06","0","0","0","0","0","0","0","0","","0","0","0","00","3","0","00","N","0","40 03:36.380","","00","75 08:24.280","0","0","0","0","67301","0","0","0","N","0","0","0","1","67301","0","","1","01","","N","N","N","0","","0","0","2","0","0","","0034","0","3","0","0","1","0","0","2","0","3","03","03","N","","","","","","","","","","",""
"2023116244","0603","0","0","0","1","0","0","0","0","0","8","0","","67","12","2023","3","39.9607","-75.1424","0558","06","0","0","0","0","0","1","0","0","","0","0","0","05","3","1","02","","0","39 57:38.431","","00","75 08:32.582","8","0","0","0","67301","1","0","0","N","0","0","0","2","67301","0","","1","01","","N","N","N","0","","0","0","0","0","0","","0557","1","2","0","0","0","1","0","2","1","1","03","","N","","","","","","","","","","",""
"2023116629","1220","1","0","0","0","0","0","0","0","0","5","0","","67","12","2023","7","40.0675","-75.197","1220","06","0","0","0","0","0","0","1","0","","0","0","0","12","1","2","00","N","0","40 04:03.079","","00","75 11:49.339","3","0","0","0","67301","0","0","0","N","0","0","0","4","67301","0","","6","01","","N","N","N","0","","2","0","2","3","1","","1216","2","3","0","0","0","0","0","2","0","3","03","04","N","","","","","","","","","","",""
"2023114847","0135","1","0","0","0","0","0","0","0","0","7","0","","67","12","2023","2","39.9098","-75.1558","0133","06","0","0","0","0","1","0","0","0","","0","0","0","01","3","1","00","N","1","39 54:35.300","4","02","75 09:20.800","4","0","0","0","67301","0","0","0","N","0","0","0","1","67501","1","","3","09","0214","N","N","N","0","","0","0","0","0","0","N","0133","1","1","0","0","0","0","0","2","0","1","07","08","N","","","","","","","","","","",""
"2023114802","2151","3","0","0","0","0","0","0","0","0","4","0","","67","12","2023","7","39.9293","-75.2193","2151","06","0","0","0","0","0","0","0","0","","0","0","0","21","3","0","00","N","0","39 55:45.400","","00","75 13:09.460","9","0","0","0","67301","0","0","0","N","0","0","0","1","67301","0","","1","01","","N","N","N","0","","0","0","1","0","0","","2139","0","4","0","0","1","0","1","2","0","4","03","03","N","","","","","","","","","","",""
"2023114804","0150","0","0","0","0","0","0","0","0","0","7","0","","67","12","2023","6","40.0233","-75.0768","0146","06","0","0","0","0","0","0","0","0","","0","0","0","01","3","1","01","","1","40 01:23.700","1","00","75 04:36.637","3","0","0","0","67301","0","0","0","N","0","0","0","1","67301","0","","5","01","0251","N","N","N","0","","1","0","1","3","2","N","0143","1","1","0","0","0","0","0","2","0","1","03","03","N","","","","","","","","","","",""
"2023111999","0714","0","0","0","0","0","0","0","0","0","1","0","","67","11","2023","7","39.9684","-75.1911","0709","06","0","0","0","0","0","0","0","0","","0","0","0","07","1","0","00","N","1","39 58:06.138","4","00","75 11:27.882","0","0","0","0","67301","0","0","0","N","0","0","0","5","68K01","0","","1","01","0720","N","N","N","0","","0","0","2","0","0","Y","0708","0","2","0","0","2","0","0","2","0","2","03","","N","","","","","","","","","","",""
"2023112228","2352","1","0","0","0","0","0","0","0","0","4","0","","67","12","2023","6","39.9832","-75.1449","2349","06","0","0","0","0","0","0","0","0","","0","0","0","23","3","1","01","","0","39 58:59.458","","00","75 08:41.805","4","0","0","0","67301","0","0","0","N","0","0","0","2","67301","1","","1","01","","N","N","N","1","","0","0","0","3","3","","2300","1","2","0","0","0","0","1","2","0","2","03","03","N","","","","","","","","","","",""
"2023113532","1215","0","0","0","0","0","0","0","0","0","4","0","","67","12","2023","3","40.0555","-75.0537","1215","06","0","0","0","0","0","1","0","0","","0","0","0","12","1","1","00","N","1","40 03:19.718","2","00","75 03:13.405","3","0","0","0","67301","0","0","0","N","0","0","0","1","67301","0","","6","01","1219","N","N","N","1","","1","0","3","0","0","N","1200","1","4","0","0","0","0","0","2","0","4","03","","N","","","","","","","","","","",""
"2023112050","2134","2","0","0","0","0","0","0","0","0","7","0","","67","11","2023","5","39.9924","-75.1631","2131","06","0","0","0","0","0","0","0","0","","0","0","0","21","3","1","00","N","0","39 59:32.490","","00","75 09:47.140","8","0","0","0","67301","0","0","0","N","0","0","0","1","67301","0","","6","01","","N","N","N","0","","0","0","0","0","0","","2131","1","2","0","0","0","1","0","2","0","2","03","03","N","","","","","","","","","","",""
"2023112020","1655","1","0","0","0","0","0","0","0","0","1","0","","67","12","2023","6","39.9383","-75.1667","1647","06","0","0","0","0","0","1","0","0","","0","0","0","16","3","1","00","N","1","39 56:17.977","2","00","75 10:00.189","3","0","0","0","67301","0","0","0","N","0","0","0","3","67301","0","","1","01","1710","N","N","N","1","","1","0","1","3","2","N","1640","1","3","0","0","0","0","0","2","0","3","03","03","N","","","","","","","","","","",""
"2023114949","1500","0","0","0","0","0","0","0","0","0","1","0","","67","12","2023","7","39.9733","-75.1945","1500","06","0","0","0","0","0","0","0","0","","0","0","0","17","3","1","00","N","0","39 58:24.010","","00","75 11:40.270","2","0","0","0","67301","0","0","0","N","0","0","0","4","67301","0","","1","99","","N","N","N","0","","0","1","2","0","0","","1720","1","2","0","0","0","0","3","2","0","2","99","","N","","","","","","","","","","",""
"2023117184","1015","0","0","0","0","0","0","0","0","0","4","0","","67","12","2023","7","39.9579","-75.2081","1010","06","0","0","0","0","0","0","1","0","","0","0","0","10","1","5","01","","0","39 57:28.300","","00","75 12:28.988","3","0","0","0","67301","0","0","0","N","0","0","0","5","67301","0","","1","01","","N","N","N","0","","5","0","1","3","2","","1005","5","2","0","0","0","0","0","2","1","2","03","","N","","","","","","","","","","",""
"2023107446","1856","1","0","0","0","0","0","0","0","0","5","0","","67","11","2023","7","40.0345","-75.0388","1847","06","0","0","0","1","0","0","0","0","","0","0","0","18","3","1","00","N","0","40 02:04.208","","00","75 02:19.604","4","0","0","0","67301","0","0","0","N","0","0","0","2","67301","1","","1","01","","N","N","N","0","","0","0","1","0","0","","1831","1","2","0","0","0","0","0","2","0","2","03","03","N","","","","","","","","","","",""
"2023112344","1745","0","0","0","0","0","0","0","0","0","8","0","","67","12","2023","1","40.0763","-74.987","1737","06","0","0","0","0","0","0","0","0","","0","0","0","17","3","1","02","","0","40 04:34.753","","00","74 59:13.214","3","0","0","0","67301","1","0","0","N","1","0","0","2","67301","0","","1","09","","N","N","N","1","","1","0","0","3","3","","1730","1","2","0","0","0","0","0","2","0","1","07","07","N","","","","","","","","","","",""
"2023107310","0515","0","0","0","0","0","0","0","0","0","7","0","","67","11","2023","1","40.0499","-74.994","0503","06","0","0","0","0","0","0","0","0","","0","0","0","04","2","1","00","N","2","40 02:59.574","2","00","74 59:38.548","8","0","0","0","67301","0","0","0","N","0","0","0","1","68K01","0","","3","01","0625","N","N","N","0","","0","0","1","0","0","N","0457","1","1","0","0","0","1","0","2","0","1","03","","N","","","","","","","","","","",""
"2023105114","0259","1","0","0","0","0","0","0","0","0","2","0","","67","11","2023","1","39.9595","-75.223","0250","06","0","0","0","0","0","0","0","0","","0","0","0","02","3","0","00","N","0","39 57:34.100","","00","75 13:22.730","9","0","0","0","67301","0","0","0","N","0","0","0","1","67301","0","","6","01","","N","N","N","0","","0","0","1","0","0","","0224","0","3","0","0","0","0","1","2","1","3","03","03","N","","","","","","","","","","",""
"2023105111","0225","1","0","0","0","0","0","0","0","0","5","0","","67","11","2023","7","40.0317","-75.0312","0020","06","0","0","0","0","0","0","0","0","","0","0","0","23","3","0","00","N","2","40 01:54.180","3","00","75 01:52.230","9","0","0","0","67301","0","0","0","N","0","0","0","1","67301","0","","6","01","0115","N","N","N","0","","0","0","2","0","0","N","2355","0","3","0","0","0","0","1","2","0","3","03","03","N","","","","","","","","","","",""
"2023116878","1705","0","0","0","0","0","0","0","0","0","8","0","","67","12","2023","5","40.0946","-75.0152","1700","06","0","0","0","0","0","0","0","0","","0","0","0","16","3","1","01","","0","40 05:40.718","","00","75 00:54.707","2","0","0","0","67301","1","0","1","N","1","0","1","2","67301","0","","1","01","","N","N","N","0","","0","1","0","3","2","","1650","1","2","0","0","0","0","1","2","0","1","03","03","N","","","","","","","","","","",""
"2023117060","0935","2","0","0","0","0","0","0","0","0","4","0","","67","12","2023","7","39.9304","-75.1614","0922","06","0","0","0","0","0","0","0","1","","0","0","0","09","1","2","01","","0","39 55:49.468","","00","75 09:40.878","3","0","0","0","67301","0","0","0","N","0","0","0","3","67301","0","","1","01","","N","N","N","0","","2","0","0","3","3","","0915","2","2","0","0","0","0","0","2","0","2","03","03","N","","","","","","","","","","",""
"2023107672","0755","1","0","0","0","0","0","0","0","0","5","0","","67","11","2023","6","39.9582","-75.1661","0749","06","0","0","0","0","0","1","0","0","","0","0","0","07","1","1","00","N","1","39 57:29.374","3","02","75 09:58.006","8","0","0","0","67301","0","0","0","N","0","0","0","3","68K01","0","","1","01","0850","N","N","N","0","","0","0","0","0","0","N","0746","1","2","0","0","0","1","0","2","1","2","03","","N","","","","","","","","","","",""
"2023115459","2138","1","0","0","0","0","0","0","0","0","1","0","","67","12","2023","1","40.0234","-75.0845","2136","06","0","0","0","0","0","1","0","0","","0","0","0","21","3","1","05","","0","40 01:24.208","","00","75 05:04.060","3","0","0","0","67301","0","0","0","N","0","0","0","3","67301","0","","1","09","","N","N","N","1","","1","0","1","3","2","","2130","1","3","0","0","0","0","0","2","0","3","07","","N","","","","","","","","","","",""
"2023112223","0455","1","0","0","0","0","0","0","0","0","5","0","","67","12","2023","7","39.9413","-75.1697","0454","06","0","0","0","0","0","0","0","0","","0","0","0","04","3","0","00","N","2","39 56:28.500","4","00","75 10:11.030","0","0","0","0","67301","0","0","0","N","0","0","0","1","67301","0","","1","01","0620","N","N","N","0","","0","0","3","0","0","Y","0447","0","4","0","0","0","0","0","2","0","4","03","03","N","","","","","","","","","","",""
"2023115788","0730","2","0","0","0","0","0","0","0","0","1","0","","67","12","2023","1","39.9611","-75.2267","0720","06","0","0","0","0","0","0","0","0","","0","0","0","06","3","1","00","N","0","39 57:39.860","","00","75 13:36.080","3","0","0","0","67301","0","0","0","N","0","0","0","2","67301","0","","6","01","","N","N","N","0","","1","0","1","0","0","","0640","1","3","0","0","0","0","1","2","0","3","04","04","N","","","","","","","","","","",""
"2023116547","0200","1","0","0","0","0","0","0","0","0","7","0","","67","12","2023","1","39.9555","-75.1481","0200","06","0","0","0","0","0","0","0","0","","0","0","0","02","3","0","00","N","2","39 57:19.647","4","02","75 08:53.044","0","0","0","0","67301","0","0","0","N","0","0","0","2","67501","0","","3","01","0232","N","N","N","0","","0","0","0","3","8","N","0200","0","1","0","0","0","0","0","2","0","1","03","","N","","","","","","","","","","",""
"2023114627","1638","1","0","0","0","0","0","0","0","0","4","0","","67","12","2023","7","40.0526","-75.0686","1635","06","0","0","0","0","0","0","0","0","","0","0","0","16","3","1","02","","1","40 03:09.379","4","00","75 04:06.427","8","0","0","1","67301","0","0","0","N","0","0","0","2","67301","0","","1","01","1640","N","N","N","0","","0","0","0","3","3","Y","1624","1","2","0","0","0","1","0","2","0","2","03","03","N","","","","","","","","","","",""
"2023113539","0036","2","0","0","0","0","0","0","0","0","4","0","","67","12","2023","2","40.0239","-75.0354","0021","06","0","0","0","1","0","0","0","0","","0","0","0","23","3","1","05","","0","40 01:26.136","","02","75 02:07.607","3","0","0","0","67301","0","0","0","N","0","0","0","2","67301","0","","1","01","","N","N","N","0","","1","0","0","3","1","","2348","1","2","0","0","0","0","0","2","0","2","03","03","N","","","","","","","","","","",""
"2023105597","1424","2","0","0","0","0","0","0","0","0","1","0","","67","11","2023","1","39.9844","-75.1021","1423","06","0","0","0","0","0","1","0","0","","0","0","0","14","1","1","00","N","1","39 59:03.810","2","00","75 06:07.690","3","0","0","0","67301","0","0","0","N","0","0","0","1","67301","0","","6","01","1425","N","N","N","0","","1","0","2","0","0","N","1423","1","4","0","0","1","0","0","2","0","4","03","03","N","","","","","","","","","","",""
"2023116631","0406","2","0","0","0","0","0","0","0","0","1","0","","67","12","2023","5","39.9593","-75.232","0406","06","0","0","0","0","0","0","0","0","","0","0","0","02","3","0","00","N","0","39 57:33.586","","00","75 13:55.275","0","0","0","0","67301","0","0","0","N","0","0","0","1","67301","0","","6","01","","N","N","N","0","","0","0","0","0","0","","0258","0","3","0","0","0","0","0","2","1","3","03","03","N","","","","","","","","","","",""
"2023117272","2140","0","0","0","0","0","0","0","0","0","4","0","","67","12","2023","5","39.997","-75.1786","2132","06","0","0","0","0","0","0","0","1","","0","0","0","21","3","1","01","","0","39 59:49.350","","00","75 10:42.861","3","0","0","0","67301","0","0","0","N","0","0","0","2","67301","0","","1","01","","N","N","N","0","","1","0","1","3","2","","2114","1","2","0","0","0","0","1","2","0","2","03","03","N","","","","","","","","","","",""
"2023118157","1613","1","0","0","0","0","0","0","0","0","1","0","","67","12","2023","1","39.9601","-75.1797","1550","06","0","0","0","0","0","0","0","0","","0","0","0","15","1","0","00","N","2","39 57:36.353","4","03","75 10:46.791","0","0","0","0","67301","0","0","0","N","0","0","0","2","68K01","0","","1","09","1620","N","N","N","0","","0","0","0","0","0","N","1544","0","2","0","0","0","0","0","2","1","2","07","04","N","","","","","","","","","","",""
"2023106699","0430","0","0","0","0","0","0","0","0","0","5","0","","67","11","2023","1","40.0032","-75.1339","0420","06","0","0","0","0","0","0","0","0","","0","0","0","04","3","0","00","N","0","40 00:11.590","","00","75 08:01.970","0","0","0","0","67301","0","0","0","N","0","0","0","1","67301","0","","6","01","","N","N","N","0","","0","0","2","0","0","","0418","0","4","0","0","1","0","0","2","2","4","03","03","N","","","","","","","","","","",""
"2023114944","1645","1","0","0","0","0","0","0","0","0","8","0","","67","12","2023","3","40.0342","-75.0639","1640","06","0","0","0","0","0","0","0","0","","0","0","0","16","1","1","00","N","0","40 02:03.253","","00","75 03:50.024","3","0","0","0","67301","1","0","0","N","1","0","0","2","67301","0","","1","01","","N","N","N","0","","1","0","0","3","2","","1634","1","2","0","0","0","0","0","2","0","1","03","03","N","","","","","","","","","","",""
"2023109069","1648","2","0","0","0","0","0","0","0","0","4","0","","67","11","2023","3","39.991","-75.1799","1648","06","0","0","0","0","0","0","0","0","","0","0","0","23","3","0","01","","0","39 59:27.480","","00","75 10:47.634","0","0","0","0","67301","0","0","0","N","0","0","0","2","67301","0","","1","99","","N","N","N","0","","0","0","0","3","2","","2355","0","2","0","0","0","0","0","2","0","2","99","","N","","","","","","","","","","",""
"2023108721","1130","1","0","0","0","0","0","0","0","0","4","0","","67","11","2023","2","40.0313","-75.073","1125","06","0","0","0","0","0","1","0","0","","0","0","0","10","1","3","02","","0","40 01:52.542","","00","75 04:22.773","8","0","0","0","67301","0","0","0","N","0","0","0","5","67301","0","","1","01","","N","N","N","0","","0","0","0","0","0","","1030","3","2","0","0","0","3","2","2","1","2","03","03","N","","","","","","","","","","",""
"2023117185","2057","0","0","0","0","0","0","0","0","0","4","0","","67","12","2023","6","39.9573","-75.2479","1959","06","0","0","0","0","0","0","0","0","","0","0","0","19","3","0","01","","0","39 57:26.242","","99","75 14:52.386","9","0","0","0","67301","0","0","0","N","0","0","0","2","67301","0","","1","01","","N","N","N","0","","0","0","1","3","1","","1951","0","2","0","0","0","0","1","2","0","2","03","03","N","","","","","","","","","","",""
"2023088453","0113","2","0","0","0","0","0","0","0","0","4","0","","67","09","2023","5","40.1143","-74.9879","0058","06","0","0","0","0","0","1","0","0","","0","0","0","00","3","2","01","","0","40 06:51.342","","00","74 59:16.507","3","0","0","0","67301","0","0","0","N","0","0","0","2","67301","0","","1","01","","N","N","N","0","","2","0","0","3","2","","0044","2","2","0","0","0","0","0","2","0","2","03","03","N","","","","","","","","","","",""
"2023085218","1207","1","0","0","0","0","0","0","0","0","0","0","","67","09","2023","4","40.0197","-75.1657","1207","06","0","0","0","0","0","0","1","0","","0","0","0","09","1","1","01","","0","40 01:11.063","","02","75 09:56.535","3","0","0","0","67301","0","0","0","N","0","0","0","1","67301","0","","1","01","","N","N","N","0","","1","0","0","3","3","","0931","1","1","0","0","1","0","0","2","0","1","03","03","N","","","","","","","","","","",""
"2023087618","1557","1","0","0","0","0","0","0","0","0","7","0","","67","09","2023","1","39.9716","-75.123","1550","06","0","0","0","0","0","0","0","0","","0","0","0","15","1","0","00","N","0","39 58:17.814","","03","75 07:22.671","0","0","0","0","67301","0","0","0","N","0","0","0","2","68K01","0","","2","09","","N","N","N","0","","0","0","0","0","0","","1545","0","1","0","0","0","0","0","2","0","1","07","","N","","","","","","","","","","",""
"2023085366","0250","2","0","0","0","0","0","0","0","0","2","0","","67","09","2023","7","40.0614","-75.148","0243","06","0","0","0","0","0","0","0","0","","0","0","0","02","3","0","00","N","0","40 03:41.040","","00","75 08:52.820","0","0","0","0","67301","0","0","0","N","0","0","0","2","67301","0","","6","09","","N","N","N","0","","0","0","3","0","0","","0235","0","5","0","0","0","0","0","2","0","5","07","","N","","","","","","","","","","",""
"2023085183","1856","0","0","0","0","0","0","0","0","0","8","0","","67","09","2023","5","39.95","-75.2352","1855","06","0","0","0","0","0","0","0","0","","0","0","0","18","1","1","01","","0","39 56:59.877","","00","75 14:06.575","3","0","0","0","67301","1","0","0","N","1","0","0","2","67301","0","","1","01","","N","Y","N","0","","1","0","1","3","2","","1850","1","2","0","0","1","0","0","2","0","1","03","03","N","","","","","","","","","","",""
"2023089100","2324","1","0","0","0","0","0","0","0","0","4","0","","67","09","2023","3","39.9755","-75.2295","2324","06","0","0","0","0","0","0","0","0","","0","0","0","23","3","0","01","","0","39 58:31.839","","00","75 13:46.329","9","0","0","0","67301","0","0","0","N","0","0","0","2","67301","0","","1","01","","N","N","N","0","","0","0","2","3","3","","2324","0","3","0","0","1","0","1","2","0","3","03","03","N","","","","","","","","","","",""
"2023086484","1752","1","0","0","0","0","0","0","0","0","8","0","","67","09","2023","3","40.0233","-75.0768","1750","06","0","0","0","0","0","0","0","0","","0","0","0","17","1","1","01","","0","40 01:23.700","","00","75 04:36.637","3","0","0","0","67301","1","0","0","N","1","0","0","2","67301","0","","1","09","","N","N","N","0","","1","0","0","3","2","","1750","1","2","0","0","0","0","1","2","0","1","07","07","N","","","","","","","","","","",""
"2023086510","1457","1","0","0","0","0","0","0","0","0","8","0","","67","09","2023","3","39.9832","-75.1568","1456","06","0","0","0","0","0","0","0","0","","0","0","0","14","1","1","01","","0","39 58:59.577","","00","75 09:25.018","8","0","0","0","67301","1","0","0","N","1","0","0","2","67505","0","","1","01","","","","N","0","","0","0","0","3","2","","1443","1","2","0","0","0","1","1","2","0","1","03","04","N","","","","","","","","","","",""
"2023116521","1816","3","0","0","0","0","0","0","0","0","4","0","","67","12","2023","3","39.9724","-75.231","1805","06","1","0","0","0","0","0","0","0","","0","0","0","18","3","0","01","","0","39 58:20.816","","00","75 13:51.495","0","0","0","0","67301","0","0","0","N","0","0","0","4","67301","0","","4","01","","N","N","N","0","","0","0","1","0","0","","1800","0","4","0","0","0","0","0","2","0","4","03","03","N","","","","","","","","","","",""
"2023115977","1500","1","0","0","0","0","0","0","0","0","1","0","","67","12","2023","6","39.9196","-75.2027","1500","06","0","0","0","0","0","1","0","0","","0","0","0","14","1","2","00","N","1","39 55:10.602","3","03","75 12:09.645","3","0","0","0","67301","0","0","0","N","0","0","0","3","67301","0","","1","01","0000","N","N","N","0","","2","0","1","0","0","Y","1430","2","2","0","0","0","0","1","2","0","2","03","03","N","","","","","","","","","","",""