"CRN","ARRIVAL_TM","AUTOMOBILE_COUNT","BELTED_DEATH_COUNT","BELTED_SUSP_SERIOUS_INJ_COUNT","BICYCLE_COUNT","BICYCLE_DEATH_COUNT","BICYCLE_SUSP_SERIOUS_INJ_COUNT","BUS_COUNT","CHLDPAS_DEATH_COUNT","CHLDPAS_SUSP_SERIOUS_INJ_COUNT","COLLISION_TYPE","COMM_VEH_COUNT","CONS_ZONE_SPD_LIM","COUNTY","CRASH_MONTH","CRASH_YEAR","DAY_OF_WEEK","DEC_LAT","DEC_LONG","DISPATCH_TM","DISTRICT","DRIVER_COUNT_16YR","DRIVER_COUNT_17YR","DRIVER_COUNT_18YR","DRIVER_COUNT_19YR","DRIVER_COUNT_20YR","DRIVER_COUNT_50_64YR","DRIVER_COUNT_65_74YR","DRIVER_COUNT_75PLUS","EST_HRS_CLOSED","FATAL_COUNT","HEAVY_TRUCK_COUNT","HORSE_BUGGY_COUNT","HOUR_OF_DAY","ILLUMINATION","INJURY_COUNT","INTERSECT_TYPE","INTERSECTION_RELATED","LANE_CLOSED","LATITUDE","LN_CLOSE_DIR","LOCATION_TYPE","LONGITUDE","MAX_SEVERITY_LEVEL","MCYCLE_DEATH_COUNT","MCYCLE_SUSP_SERIOUS_INJ_COUNT","MOTORCYCLE_COUNT","MUNICIPALITY","NONMOTR_COUNT","NONMOTR_DEATH_COUNT","NONMOTR_SUSP_SERIOUS_INJ_COUNT","NTFY_HIWY_MAINT","PED_COUNT","PED_DEATH_COUNT","PED_SUSP_SERIOUS_INJ_COUNT","PERSON_COUNT","POLICE_AGCY","POSSIBLE_INJ_COUNT","RDWY_SURF_TYPE_CD","RELATION_TO_ROAD","ROAD_CONDITION","ROADWAY_CLEARED","SCH_BUS_IND","SCH_ZONE_IND","SECONDARY_CRASH","SMALL_TRUCK_COUNT","SPEC_JURIS_CD","SUSP_MINOR_INJ_COUNT","SUSP_SERIOUS_INJ_COUNT","SUV_COUNT","TCD_FUNC_CD","TCD_TYPE","TFC_DETOUR_IND","TIME_OF_DAY","TOT_INJ_COUNT","TOTAL_UNITS","UNB_DEATH_COUNT","UNB_SUSP_SERIOUS_INJ_COUNT","UNBELTED_OCC_COUNT","UNK_INJ_DEG_COUNT","UNK_INJ_PER_COUNT","URBAN_RURAL","VAN_COUNT","VEHICLE_COUNT","WEATHER1","WEATHER2","WORK_ZONE_IND","WORK_ZONE_LOC","WORK_ZONE_TYPE","WORKERS_PRES","WZ_CLOSE_DETOUR","WZ_FLAGGER","WZ_LAW_OFFCR_IND","WZ_LN_CLOSURE","WZ_MOVING","WZ_OTHER","WZ_SHLDER_MDN","WZ_WORKERS_INJ_KILLED"
"2023117064","0100","0","0","0","0","0","0","0","0","0","4","0","","67","12","2023","5","40.0251","-75.139","0100","06","0","0","0","0","0","0","0","0","","0","0","0","23","3","1","01","","0","40 01:30.187","","00","75 08:20.461","4","0","0","0","67301","0","0","0","N","0","0","0","3","67301","1","","1","01","","N","N","N","1","","0","0","1","3","2","","2331","1","2","0","0","0","0","1","2","0","2","03","03","N","","","","","","","","","","",""
"2023115278","0510","1","0","0","0","0","0","0","0","0","7","0","","67","12","2023","4","39.9934","-75.1919","0506","06","0","0","0","0","0","0","0","0","","0","0","0","05","3","0","00","N","0","39 59:36.267","","00","75 11:30.888","9","0","0","0","67301","0","0","0","N","0","0","0","3","67301","0","","2","01","","N","N","N","0","","0","0","0","0","0","","0500","0","1","0","0","0","0","2","2","0","1","03","03","N","","","","","","","","","","",""
"2023110549","0419","1","0","0","0","0","0","0","0","0","1","0","","67","11","2023","1","40.0055","-75.195","0353","06","0","0","0","0","0","0","0","0","","0","0","0","03","3","0","00","N","1","40 00:19.874","1","02","75 11:42.060","0","0","0","0","67301","0","0","0","N","0","0","0","2","68K01","0","","1","01","0445","N","N","N","0","","0","0","1","0","0","N","0350","0","2","0","0","0","0","0","2","0","2","03","","N","","","","","","","","","","",""
"2023116367","1447","2","0","0","0","0","0","0","0","0","4","0","","67","12","2023","3","40.0395","-75.1168","1447","06","0","0","1","0","0","0","0","1","","0","0","0","14","1","1","11","","0","40 02:22.062","","00","75 07:00.467","8","0","0","0","67301","0","0","0","N","0","0","0","2","67301","0","","1","01","","N","N","N","0","","0","0","0","3","3","","1425","1","2","0","0","0","1","1","2","0","2","03","03","N","","","","","","","","","","",""
"2023112221","0320","0","0","0","0","0","0","0","0","0","7","0","","67","12","2023","1","40.0463","-75.248","0315","06","0","0","0","0","0","0","0","0","","0","0","0","03","3","0","00","N","0","40 02:46.800","","00","75 14:52.900","9","0","0","0","67301","0","0","0","N","0","0","0","1","67301","0","","2","01","","N","N","N","0","","0","0","1","0","0","","0315","0","1","0","0","0","0","1","2","0","1","03","03","N","","","","","","","","","","",""
"2023114633","1415","1","0","0","0","0","0","0","0","0","5","0","","67","11","2023","2","40.0043","-75.1276","1415","06","0","0","0","0","0","0","0","0","","0","0","0","14","1","1","00","N","1","40 00:15.340","3","00","75 07:39.240","3","0","0","0","67301","0","0","0","N","0","0","0","1","67301","0","","1","01","1530","N","N","N","1","","1","0","0","0","0","N","1415","1","2","0","0","0","0","0","2","0","2","03","","N","","","","","","","","","","",""
"2023112355","2101","2","0","0","0","0","0","0","0","0","5","0","","67","11","2023","7","39.9997","-75.1436","2035","06","0","0","0","0","0","0","0","0","","0","0","0","20","3","0","00","N","0","39 59:58.990","","00","75 08:36.990","9","0","0","0","67301","0","0","0","N","0","0","0","1","67301","0","","6","01","","N","N","N","1","","0","0","1","0","0","","2033","0","4","0","0","1","0","1","2","0","4","03","03","N","","","","","","","","","","",""
"2023110205","1131","1","0","0","0","0","0","0","0","0","1","0","","67","11","2023","3","40.008","-75.1918","1130","06","0","0","0","0","0","0","0","0","","0","0","0","10","1","0","00","N","0","40 00:28.729","","03","75 11:30.468","0","0","0","0","67301","0","0","0","N","0","0","0","2","67301","0","","1","99","","N","N","N","0","","0","0","0","0","0","","1000","0","2","0","0","2","0","0","2","1","2","03","","N","","","","","","","","","","",""
"2023109282","0612","0","0","0","0","0","0","0","0","0","4","0","","67","11","2023","2","39.9903","-75.127","0559","06","0","0","0","0","0","1","0","0","","0","0","0","05","3","0","01","","1","39 59:25.574","4","00","75 07:37.365","0","0","0","0","67301","0","0","0","N","0","0","0","2","67301","0","","1","09","0645","N","N","N","0","","0","0","2","3","2","N","0550","0","2","0","0","1","0","0","2","0","2","03","03","N","","","","","","","","","","",""
"2023116524","1345","1","0","0","0","0","0","0","0","0","4","0","","67","12","2023","2","39.9987","-75.1782","1342","06","0","0","1","0","0","0","0","0","","0","0","0","13","1","1","05","","0","39 59:55.178","","00","75 10:41.592","3","0","0","0","67301","0","0","0","N","0","0","0","2","67301","0","","1","01","","N","N","N","0","","1","0","1","3","2","","1333","1","2","0","0","0","0","0","2","0","2","03","","N","","","","","","","","","","",""
"2023114945","1943","1","0","0","0","0","0","0","0","0","8","0","","67","12","2023","3","40.0138","-75.056","1930","06","0","0","0","0","0","0","0","0","","0","0","0","18","3","1","01","","0","40 00:49.39","","00","75 03:21.306","3","0","0","0","67301","1","0","0","N","1","0","0","2","67301","0","","1","01","","N","N","N","0","","1","0","0","3","2","","1846","1","2","0","0","0","0","0","2","0","1","03","03","N","","","","","","","","","","",""
"2023117273","1755","1","0","0","0","0","0","0","0","0","4","0","","67","12","2023","6","40.0111","-75.1558","1712","06","0","0","0","0","0","0","0","0","","0","0","0","17","3","1","01","","0","40 00:40.049","","00","75 09:20.714","3","0","0","0","67301","0","0","0","N","0","0","0","2","67301","0","","1","01","","N","N","N","0","","1","0","1","3","3","","1712","1","2","0","0","0","0","1","2","0","2","03","03","N","","","","","","","","","","",""
"2023112036","2006","1","0","0","0","0","0","0","0","0","4","0","","67","12","2023","6","39.8975","-75.2524","2006","06","0","0","0","0","1","0","0","0","","0","0","0","20","3","2","01","","0","39 53:51.111","","00","75 15:08.512","3","0","0","0","67301","0","0","0","N","0","0","0","3","67301","0","","1","01","","N","N","N","0","","2","0","1","3","2","","2005","2","2","0","0","0","0","0","2","0","2","03","03","N","","","","","","","","","","",""
"2023109062","1625","1","0","0","0","0","0","0","0","0","4","0","","67","11","2023","1","39.931","-75.243","1615","06","0","0","0","0","0","0","0","0","","0","0","0","15","1","1","03","","0","39 55:51.548","","00","75 14:34.635","4","0","0","0","67301","0","0","0","N","0","0","0","2","67301","1","","1","99","","N","N","N","0","","0","0","0","3","3","","1515","1","2","0","0","0","0","0","2","0","2","07","07","N","","","","","","","","","","",""
"2023115799","1830","1","0","0","0","0","0","0","0","0","4","0","","67","12","2023","7","39.9895","-75.1108","0100","06","0","0","0","0","0","0","0","0","","0","0","0","01","3","0","01","","0","39 59:22.074","","00","75 06:38.721","0","0","0","0","67301","0","0","0","N","0","0","0","2","67301","0","","1","01","","N","N","N","0","","0","0","1","3","3","","0100","0","2","0","0","2","0","0","2","0","2","03","03","N","","","","","","","","","","",""
"2023113227","1452","1","0","0","0","0","0","0","0","0","4","0","","67","11","2023","5","40.0414","-75.049","1450","06","0","0","0","0","0","0","0","0","","0","0","0","14","1","1","01","","0","40 02:28.970","","00","75 02:56.457","8","0","0","0","67301","0","0","0","N","0","0","0","2","67301","0","","1","01","","N","N","N","0","","0","0","1","3","2","","1445","1","2","0","0","1","1","0","2","0","2","03","03","N","","","","","","","","","","",""
"2023108960","1445","0","0","0","0","0","0","0","0","0","0","0","","67","09","2023","4","40.0201","-75.1486","1439","06","0","0","0","0","0","1","0","0","","0","0","0","23","3","1","00","Y","0","40 01:12.500","","00","75 08:54.900","3","0","0","1","67301","0","0","0","N","0","0","0","1","67301","0","","1","01","","N","N","N","0","","1","0","0","0","0","","2300","1","2","0","0","0","0","0","2","0","1","03","03","N","","","","","","","","","","",""
"2023112654","2235","2","0","1","0","0","0","0","0","0","2","0","","67","12","2023","1","40.0633","-75.1394","2228","06","0","0","0","0","0","0","0","0","","0","0","0","22","3","2","03","","2","40 03:47.827","4","00","75 08:21.718","2","0","0","0","67301","0","0","0","N","0","0","0","2","46102","0","","1","09","2338","N","N","N","0","","0","1","0","3","2","Y","2228","2","2","0","0","0","1","0","2","0","2","07","08","N","","","","","","","","","","",""
"2023085219","1245","0","0","0","0","0","0","0","0","0","4","0","","67","09","2023","4","40.0033","-75.1661","1245","06","0","0","0","0","0","2","0","0","","0","0","0","12","1","1","00","N","0","40 00:11.882","","07","75 09:58.006","3","0","0","0","67301","0","0","0","N","0","0","0","3","67301","0","","1","01","","N","N","N","0","","1","0","2","0","0","","1245","1","2","0","0","0","0","0","2","0","2","03","03","N","","","","","","","","","","",""
"2023087082","0901","0","0","0","0","0","0","0","0","0","1","0","","67","09","2023","5","39.9426","-75.1429","0855","06","0","0","0","1","0","0","0","0","","0","0","0","08","1","0","00","N","1","39 56:33.227","1","00","75 08:34.515","0","0","0","0","67301","0","0","0","N","0","0","0","2","68K01","0","","1","01","0905","N","N","N","0","","0","0","2","0","0","N","0854","0","2","0","0","0","0","0","2","0","2","03","03","N","","","","","","","","","","",""
"2023085156","0359","2","0","0","0","0","0","0","0","0","5","0","","67","09","2023","7","40.1105","-75.0225","0355","06","0","0","0","0","0","0","0","0","","0","0","0","03","3","0","00","N","0","40 06:37.890","","00","75 01:21.010","0","0","0","0","67301","0","0","0","N","0","0","0","1","67301","0","","6","09","","N","N","N","0","","0","0","0","0","0","","0345","0","2","0","0","0","0","0","2","0","2","07","","N","","","","","","","","","","",""
"2023089605","0423","1","0","0","0","0","0","0","0","0","7","0","","67","09","2023","2","40.0251","-75.0291","0404","06","0","0","0","0","0","0","0","0","","0","0","0","04","3","0","00","N","0","40 01:30.276","","00","75 01:44.642","0","0","0","0","67301","0","0","0","N","0","0","0","1","68K01","0","","3","09","","N","N","N","0","","0","0","0","0","0","","0403","0","1","0","0","0","0","0","2","0","1","07","07","N","","","","","","","","","","",""
"2023088305","2333","2","0","0","0","0","0","0","0","0","4","0","","67","09","2023","4","39.9614","-75.1498","2328","06","0","0","0","0","0","0","0","0","","0","0","0","23","3","0","01","","0","39 57:41.310","","00","75 08:59.213","0","0","0","0","67301","0","0","0","N","0","0","0","2","67301","0","","1","01","","N","N","N","0","","0","0","0","3","2","","2323","0","2","0","0","0","0","0","2","0","2","03","","N","","","","","","","","","","",""
"2023083626","1803","1","0","0","0","0","0","0","0","0","5","0","","67","09","2023","3","40.0369","-75.1451","1758","06","0","0","0","0","0","0","0","0","","0","0","0","17","1","4","02","","1","40 02:12.984","1","00","75 08:42.301","3","0","0","0","67301","0","0","0","N","0","0","0","4","67301","0","","1","01","1813","N","N","N","0","","4","0","1","3","2","Y","1747","4","2","0","0","0","0","0","2","0","2","03","","N","","","","","","","","","","",""
"2023083605","1758","1","0","0","1","0","0","0","0","0","8","0","","67","09","2023","4","40.0405","-75.0591","1757","06","0","0","0","0","0","0","0","0","","0","0","0","17","1","1","01","","1","40 02:25.817","2","00","75 03:32.713","3","0","0","0","67301","1","0","0","N","0","0","0","2","67301","0","","1","01","1900","N","N","N","0","","1","0","0","3","2","Y","1755","1","2","0","0","0","0","0","2","0","1","03","","N","","","","","","","","","","",""
"2023115276","2350","2","0","0","0","0","0","0","0","0","4","0","","67","12","2023","7","39.9609","-75.245","2350","06","0","0","0","0","0","0","0","0","","0","0","0","23","3","0","01","","0","39 57:39.339","","00","75 14:42.037","9","0","0","0","67301","0","0","0","N","0","0","0","2","67301","0","","1","01","","N","N","N","0","","0","0","0","3","2","","2320","0","2","0","0","1","0","2","2","0","2","03","","N","","","","","","","","","","",""
"2023116515","1309","1","0","0","0","0","0","0","0","0","4","0","","67","12","2023","3","40.0068","-75.0828","1245","06","0","0","0","0","0","0","0","0","","0","0","0","12","1","0","01","","0","40 00:24.446","","00","75 04:58.248","9","0","0","0","67301","0","0","0","N","0","0","0","2","67301","0","","1","01","","N","N","N","0","","0","0","0","3","2","","1230","0","2","0","0","0","0","1","2","0","2","03","03","N","","","","","","","","","","",""
"2023117065","0110","2","0","0","0","0","0","0","0","0","5","0","","67","12","2023","6","40.0322","-75.1231","0105","06","0","0","0","0","0","0","0","0","","0","0","0","01","3","0","00","N","0","40 01:55.810","","00","75 07:22.990","0","0","0","0","67301","0","0","0","N","0","0","0","1","67301","0","","6","01","","N","N","N","0","","0","0","0","0","0","","0102","0","2","0","0","0","0","0","2","0","2","03","03","N","","","","","","","","","","",""
"2023109619","2030","1","0","0","0","0","0","0","0","0","1","0","","67","11","2023","5","40.0586","-75.2373","2027","06","0","0","0","1","0","0","0","0","","0","0","0","20","3","0","00","N","1","40 03:30.999","2","00","75 14:14.311","0","0","0","0","67301","0","0","0","N","0","0","0","2","67301","0","","6","01","2200","N","N","N","0","","0","0","1","0","0","N","2020","0","2","0","0","2","0","0","2","0","2","03","","N","","","","","","","","","","",""
"2023105243","1631","3","0","0","0","0","0","0","0","0","4","0","","67","11","2023","7","40.0414","-75.0408","1630","06","0","0","0","0","1","2","0","0","","0","0","0","16","4","0","02","","2","40 02:29.097","5","00","75 02:26.912","0","0","0","0","67301","0","0","0","N","0","0","0","9","67301","0","","1","01","0100","N","N","N","0","","0","0","1","3","3","Y","1627","0","4","0","0","6","0","0","2","0","4","03","","N","","","","","","","","","","",""
"2023115983","2021","1","0","0","0","0","0","0","0","0","4","0","","67","12","2023","3","40.0233","-75.0484","2016","06","0","0","0","0","0","0","0","0","","0","0","0","19","3","0","01","","0","40 01:23.848","","00","75 02:54.126","9","0","0","0","67301","0","0","0","N","0","0","0","4","67301","0","","1","01","","N","N","N","0","","0","0","1","3","2","","1956","0","3","0","0","0","0","3","2","1","3","03","","N","","","","","","","","","","",""
"2023109391","1905","0","0","0","0","0","0","0","0","0","8","0","","67","11","2023","4","39.9484","-75.1441","1901","06","0","0","0","0","0","0","0","0","","0","0","0","18","3","1","01","","0","39 56:54.177","","00","75 08:38.866","3","0","0","0","67301","1","0","0","N","1","0","0","2","67301","0","","1","01","","N","N","N","0","","1","0","1","3","2","","1845","1","2","0","0","0","0","0","2","0","1","03","","N","","","","","","","","","","",""
"2023109398","1212","2","0","0","0","0","0","0","0","0","4","0","","67","11","2023","2","39.9538","-75.2201","1200","06","0","0","0","0","0","0","0","0","","0","0","0","11","1","1","01","","0","39 57:13.845","","00","75 13:12.349","3","0","0","0","67301","0","0","0","N","0","0","0","2","67301","0","","1","01","","N","N","N","0","","1","0","0","3","2","","1145","1","2","0","0","0","0","1","2","0","2","03","03","N","","","","","","","","","","",""
"2023115277","0320","2","0","0","0","0","0","0","0","0","1","0","","67","12","2023","1","39.9405","-75.2189","0300","06","0","1","0","0","0","0","0","0","","0","0","0","02","3","1","01","","0","39 56:25.815","","00","75 13:08.211","3","0","0","0","67301","0","0","0","N","0","0","0","1","67301","0","","4","01","","N","N","N","0","","1","0","0","0","0","","0253","1","2","0","0","0","0","0","2","0","2","03","03","N","","","","","","","","","","",""
"2023105595","0230","3","0","0","0","0","0","0","0","0","4","0","","67","11","2023","7","39.9978","-75.111","0229","06","0","0","0","0","0","0","0","0","","0","0","0","02","3","2","05","","2","39 59:52.234","5","01","75 06:39.499","3","0","0","0","67301","0","0","0","N","0","0","0","4","67301","0","","1","09","0302","N","N","N","0","","2","0","1","3","2","Y","0220","2","4","0","0","0","0","0","2","0","4","04","07","N","","","","","","","","","","",""
"2023112349","1625","0","0","0","0","0","0","0","0","0","8","0","","67","12","2023","1","39.9517","-75.2031","1617","06","0","0","0","0","0","0","0","0","","0","0","0","14","1","1","01","","0","39 57:06.279","","00","75 12:11.188","4","0","0","0","67301","1","0","0","N","1","0","0","2","67301","1","","1","09","","N","N","N","0","","0","0","1","3","2","","1459","1","2","0","0","0","0","1","2","0","1","07","07","N","","","","","","","","","","",""
"2023115500","1838","1","0","0","0","0","0","0","0","0","7","0","","67","12","2023","2","39.9634","-75.1874","1835","06","0","0","0","0","0","0","0","0","","0","0","0","16","3","0","01","","2","39 57:48.208","4","00","75 11:14.803","9","0","0","0","67301","0","0","0","N","0","0","0","2","67507","0","","5","01","1905","N","N","N","0","","0","0","0","2","2","Y","1633","0","1","0","0","0","0","1","2","0","1","03","03","N","","","","","","","","","","",""
"2023119050","2306","0","0","0","0","0","0","0","0","0","8","0","","67","12","2023","5","40.0181","-75.1574","2300","06","0","0","0","0","0","0","0","0","","0","0","0","17","6","1","02","","0","40 01:05.051","","00","75 09:26.582","2","0","0","0","67301","1","0","1","N","1","0","1","2","67301","0","","5","01","","N","N","N","0","","0","1","0","0","0","","1700","1","2","0","0","0","0","1","2","0","1","03","03","N","","","","","","","","","","",""
"2023109068","1023","1","0","0","0","0","0","0","0","0","8","0","","67","11","2023","5","39.952","-75.2205","1023","06","0","0","0","0","0","1","0","0","","0","0","0","10","1","1","01","","0","39 57:07.293","","00","75 13:13.692","3","0","0","0","67301","1","0","0","N","1","0","0","2","67301","0","","1","01","","N","N","Y","0","","1","0","0","3","3","","1000","1","2","0","0","1","0","0","2","0","1","03","","N","","","","","","","","","","",""
"2023117180","0741","1","0","0","0","0","0","0","0","0","4","0","","67","12","2023","3","39.9634","-75.1694","0739","06","0","0","0","0","0","0","0","0","","0","0","0","07","1","1","01","","0","39 57:48.369","","00","75 10:09.896","3","0","0","0","67301","0","0","0","N","0","0","0","2","67301","0","","1","01","","N","N","N","0","","1","0","1","3","2","","0716","1","2","0","0","0","0","0","2","0","2","03","","N","","","","","","","","","","",""
"2023114809","0330","0","0","0","0","0","0","0","0","0","5","0","","67","12","2023","1","39.9762","-75.2336","0328","06","0","0","0","0","0","0","0","0","","0","0","0","02","3","0","00","N","2","39 58:34.400","5","00","75 14:00.900","0","0","0","0","67301","0","0","0","N","0","0","0","1","67301","0","","6","01","0430","N","N","N","0","","0","0","2","0","0","Y","0216","0","2","0","0","1","0","0","2","0","2","03","","N","","","","","","","","","","",""
"2023108726","1044","0","0","0","0","0","0","0","0","0","7","0","","67","11","2023","1","39.9705","-75.2342","1044","06","0","0","0","0","0","0","0","0","","0","0","0","10","1","2","01","","0","39 58:13.825","","00","75 14:03.137","3","0","0","0","67301","0","0","0","N","0","0","0","2","67301","0","","4","01","","N","N","N","0","","2","0","1","3","2","","1030","2","2","0","0","2","0","0","2","0","1","03","03","N","","","","","","","","","","",""
"2023112675","0715","0","0","0","0","0","0","0","0","0","2","0","","67","12","2023","1","39.9349","-75.1529","0708","06","0","0","0","0","0","0","0","0","","0","0","0","06","1","0","00","N","0","39 56:05.550","","00","75 09:10.590","0","0","0","0","67301","0","0","0","N","0","0","0","1","67301","0","","6","01","","N","N","N","0","","0","0","3","0","0","","0655","0","3","0","0","1","0","0","2","0","3","03","03","N","","","","","","","","","","",""
"2023115780","0918","0","0","0","0","0","0","0","0","0","8","0","","67","12","2023","2","40.0437","-75.0851","0910","06","0","0","0","0","0","0","0","0","","0","0","0","09","8","1","01","","0","40 02:37.368","","00","75 05:06.103","3","0","0","0","67301","1","0","0","N","1","0","0","2","67301","0","","1","09","","N","N","N","0","","1","0","0","3","2","","0900","1","2","0","0","0","0","1","2","0","1","07","","N","","","","","","","","","","",""
"2023114628","0820","0","0","0","1","0","0","0","0","0","8","0","","67","12","2023","7","39.92","-75.1626","0809","06","0","0","0","0","0","0","0","0","","0","0","0","07","1","1","03","","0","39 55:11.855","","00","75 09:45.316","3","0","0","0","67301","1","0","0","N","0","0","0","2","67301","0","","1","01","","N","N","N","0","","1","0","1","0","0","","0745","1","2","0","0","0","0","0","2","0","1","03","03","N","","","","","","","","","","",""
"2023116789","1913","2","0","0","0","0","0","0","0","0","4","0","","67","12","2023","5","40.0286","-75.0953","1913","06","0","0","0","0","0","1","0","0","","0","0","0","18","3","1","00","N","0","40 01:43.010","","07","75 05:42.950","4","0","0","0","67301","0","0","0","N","0","0","0","2","67301","1","","1","01","","N","N","N","0","","0","0","0","0","0","","1851","1","2","0","0","2","0","0","2","0","2","03","03","N","","","","","","","","","","",""
"2023114950","2040","0","0","0","0","0","0","0","0","0","1","0","","67","12","2023","5","39.9385","-75.1985","2040","06","0","0","0","0","0","2","0","0","","0","0","0","18","3","1","00","N","0","39 56:18.546","","00","75 11:54.553","8","0","0","0","67301","0","0","0","N","0","0","0","3","67301","0","","1","01","","N","N","N","0","","0","0","3","0","0","","1857","1","3","0","0","0","1","1","2","0","3","04","04","N","","","","","","","","","","",""
"2023114028","1349","1","0","0","0","0","0","0","0","0","4","0","","67","12","2023","1","39.957","-75.2458","1310","06","0","0","0","0","0","1","0","0","","0","0","0","12","8","1","01","","0","39 57:25.356","","00","75 14:45.007","3","0","0","0","67301","0","0","0","N","0","0","0","2","67301","0","","1","09","","N","N","N","0","","1","0","2","3","2","","1250","1","3","0","0","1","0","1","2","0","3","07","","N","","","","","","","","","","",""
"2023109518","1730","0","0","0","0","0","0","0","0","0","4","0","","67","11","2023","4","40.0565","-75.0636","1723","06","0","0","0","0","0","2","0","0","","0","0","0","17","3","0","01","","0","40 03:23.403","","00","75 03:49.064","0","0","0","0","67301","0","0","0","N","0","0","0","2","67301","0","","1","01","","N","N","N","0","","0","0","2","0","0","","1713","0","2","0","0","0","0","0","2","0","2","03","03","N","","","","","","","","","","",""
"2023114806","1004","1","0","0","0","0","0","0","0","0","4","0","","67","12","2023","7","40.0329","-75.0759","1000","06","0","0","0","0","0","0","0","0","","0","0","0","09","1","0","01","","0","40 01:58.432","","00","75 04:33.304","0","0","0","0","67301","0","0","0","N","0","0","0","4","67301","0","","1","01","","N","N","N","0","","0","0","1","3","3","","0955","0","2","0","0","0","0","0","2","0","2","03","03","N","","","","","","","","","","",""
"2023114355","1539","2","0","0","0","0","0","0","0","0","4","0","","67","12","2023","6","40.0588","-75.0506","1534","06","1","0","0","0","0","0","0","0","","0","0","0","15","1","2","01","","1","40 03:31.504","4","00","75 03:02.099","3","0","0","0","67301","0","0","0","N","0","0","0","2","67301","0","","1","01","0100","N","N","N","0","","2","0","0","3","3","N","1530","2","2","0","0","0","0","0","2","0","2","03","","N","","","","","","","","","","",""
"2023086973","0118","0","0","0","0","0","0","0","0","0","5","0","","67","09","2023","1","39.9282","-75.1722","0115","06","0","0","0","0","0","0","0","0","","0","0","0","01","3","0","00","N","2","39 55:41.600","1","00","75 10:19.790","9","0","0","0","67301","0","0","0","N","0","0","0","1","67301","0","","6","09","0200","N","N","N","0","","0","0","2","0","0","N","0100","0","3","0","0","0","0","1","2","1","3","07","07","N","","","","","","","","","","",""
"2023085226","1405","0","0","0","0","0","0","0","0","0","7","0","","67","09","2023","6","40.0146","-75.1567","1400","06","0","0","0","0","0","1","0","0","","0","0","0","13","1","1","01","","0","40 00:52.463","","00","75 09:23.952","3","0","0","0","67301","0","0","0","N","0","0","0","1","67301","0","","4","01","","N","N","N","0","","1","0","1","3","2","","1327","1","2","0","0","0","0","0","2","0","1","03","03","N","","","","","","","","","","",""
"2023085178","0009","0","0","0","0","0","0","0","0","0","8","0","","67","09","2023","7","39.9741","-75.2041","0007","06","0","0","0","0","0","1","0","0","","0","0","0","00","3","2","00","N","2","39 58:26.764","6","00","75 12:14.601","2","0","0","0","67301","1","0","1","N","1","0","1","2","67301","0","","1","01","0140","N","N","N","0","","1","1","1","0","0","Y","0005","2","2","0","0","0","0","0","2","0","1","03","03","N","","","","","","","","","","",""
"2023085670","2040","3","0","0","0","0","0","0","0","0","1","0","","67","09","2023","7","39.9536","-75.165","2040","06","0","0","0","0","0","1","0","0","","0","0","0","20","3","0","02","","0","39 57:12.949","","00","75 09:54.175","0","0","0","0","67301","0","0","0","N","0","0","0","3","67301","0","","1","01","","N","N","N","0","","0","0","0","3","2","","2040","0","3","0","0","3","0","0","2","0","3","03","03","N","","","","","","","","","","",""
"2023087084","0748","0","0","0","0","0","0","0","0","0","7","0","99","67","09","2023","7","39.9257","-75.1471","0743","06","0","0","0","0","0","1","0","0","","0","0","0","07","5","1","00","N","1","39 55:32.492","2","03","75 08:49.513","8","0","0","0","67301","0","0","0","N","0","0","0","1","68K01","0","","4","09","0830","N","N","N","0","","0","0","1","0","0","N","0719","1","1","0","0","0","1","0","2","0","1","07","07","Y","4","1","U","","","U","Y","","","","N"
"2023087602","0832","0","0","0","0","0","0","0","0","0","5","0","","67","09","2023","4","40.0011","-75.1947","0832","06","0","0","0","0","0","1","0","0","","0","0","0","08","1","0","00","N","0","40 00:03.894","","00","75 11:40.960","0","0","0","0","67301","0","0","0","N","0","0","0","2","68K01","0","","1","01","","N","N","N","0","","0","0","2","0","0","","0806","0","2","0","0","0","0","0","2","0","2","03","","N","","","","","","","","","","",""
"2023085372","2137","1","0","0","0","0","0","0","0","0","1","0","","67","09","2023","7","39.9936","-75.2339","2132","06","0","0","0","0","0","0","0","0","","0","0","0","20","3","0","00","N","0","39 59:36.920","","00","75 14:01.950","9","0","0","0","67301","0","0","0","N","0","0","0","1","67301","0","","6","09","","N","N","N","0","","0","0","1","0","0","","2009","0","2","0","0","0","0","1","2","0","2","07","07","N","","","","","","","","","","",""
"2023118224","2120","1","0","0","0","0","0","0","0","0","4","0","","67","12","2023","4","40.101","-75.0296","2115","06","0","0","0","0","1","0","0","0","","0","0","0","21","3","2","00","N","1","40 06:03.797","2","07","75 01:46.473","3","0","0","0","67301","0","0","0","N","0","0","0","3","67301","1","","1","01","2200","N","N","N","0","","1","0","2","0","0","N","2100","2","3","0","0","0","0","0","2","0","3","03","03","N","","","","","","","","","","",""
"2023116879","1025","0","0","0","0","0","0","0","0","0","4","0","","67","12","2023","6","39.994","-75.2358","1025","06","0","0","0","0","0","0","0","0","","0","0","0","02","3","0","00","N","0","39 59:38.450","","00","75 14:08.940","9","0","0","0","67301","0","0","0","N","0","0","0","1","67301","0","","6","01","","N","N","N","0","","0","0","1","3","3","","0200","0","2","0","0","0","0","1","2","0","2","04","04","N","","","","","","","","","","",""