"CRN","ARRIVAL_TM","AUTOMOBILE_COUNT","BELTED_DEATH_COUNT","BELTED_SUSP_SERIOUS_INJ_COUNT","BICYCLE_COUNT","BICYCLE_DEATH_COUNT","BICYCLE_SUSP_SERIOUS_INJ_COUNT","BUS_COUNT","CHLDPAS_DEATH_COUNT","CHLDPAS_SUSP_SERIOUS_INJ_COUNT","COLLISION_TYPE","COMM_VEH_COUNT","CONS_ZONE_SPD_LIM","COUNTY","CRASH_MONTH","CRASH_YEAR","DAY_OF_WEEK","DEC_LAT","DEC_LONG","DISPATCH_TM","DISTRICT","DRIVER_COUNT_16YR","DRIVER_COUNT_17YR","DRIVER_COUNT_18YR","DRIVER_COUNT_19YR","DRIVER_COUNT_20YR","DRIVER_COUNT_50_64YR","DRIVER_COUNT_65_74YR","DRIVER_COUNT_75PLUS","EST_HRS_CLOSED","FATAL_COUNT","HEAVY_TRUCK_COUNT","HORSE_BUGGY_COUNT","HOUR_OF_DAY","ILLUMINATION","INJURY_COUNT","INTERSECT_TYPE","INTERSECTION_RELATED","LANE_CLOSED","LATITUDE","LN_CLOSE_DIR","LOCATION_TYPE","LONGITUDE","MAX_SEVERITY_LEVEL","MCYCLE_DEATH_COUNT","MCYCLE_SUSP_SERIOUS_INJ_COUNT","MOTORCYCLE_COUNT","MUNICIPALITY","NONMOTR_COUNT","NONMOTR_DEATH_COUNT","NONMOTR_SUSP_SERIOUS_INJ_COUNT","NTFY_HIWY_MAINT","PED_COUNT","PED_DEATH_COUNT","PED_SUSP_SERIOUS_INJ_COUNT","PERSON_COUNT","POLICE_AGCY","POSSIBLE_INJ_COUNT","RDWY_SURF_TYPE_CD","RELATION_TO_ROAD","ROAD_CONDITION","ROADWAY_CLEARED","SCH_BUS_IND","SCH_ZONE_IND","SECONDARY_CRASH","SMALL_TRUCK_COUNT","SPEC_JURIS_CD","SUSP_MINOR_INJ_COUNT","SUSP_SERIOUS_INJ_COUNT","SUV_COUNT","TCD_FUNC_CD","TCD_TYPE","TFC_DETOUR_IND","TIME_OF_DAY","TOT_INJ_COUNT","TOTAL_UNITS","UNB_DEATH_COUNT","UNB_SUSP_SERIOUS_INJ_COUNT","UNBELTED_OCC_COUNT","UNK_INJ_DEG_COUNT","UNK_INJ_PER_COUNT","URBAN_RURAL","VAN_COUNT","VEHICLE_COUNT","WEATHER1","WEATHER2","WORK_ZONE_IND","WORK_ZONE_LOC","WORK_ZONE_TYPE","WORKERS_PRES","WZ_CLOSE_DETOUR","WZ_FLAGGER","WZ_LAW_OFFCR_IND","WZ_LN_CLOSURE","WZ_MOVING","WZ_OTHER","WZ_SHLDER_MDN","WZ_WORKERS_INJ_KILLED"
"2023109621","1624","1","0","0","0","0","0","0","0","0","4","0","","67","11","2023","5","40.0972","-75.0181","1624","06","0","0","0","0","0","0","1","0","","0","0","0","14","1","1","01","","0","40 05:49.760","","00","75 01:05.283","3","0","0","0","67301","0","0","0","N","0","0","0","2","67301","0","","1","01","","N","N","N","0","","1","0","1","3","2","","1415","1","2","0","0","0","0","0","2","0","2","03","","N","","","","","","","","","","",""
"2023113679","1020","0","0","0","0","0","0","0","0","0","8","0","","67","12","2023","4","39.9611","-75.246","1015","06","0","0","0","0","0","0","0","0","","0","0","0","10","1","1","00","N","0","39 57:40.130","","00","75 14:48.361","2","0","0","0","67301","1","0","1","N","1","0","1","2","67301","0","","1","01","","N","N","N","0","","0","1","1","0","0","","1010","1","2","0","0","0","0","0","2","0","1","03","03","N","","","","","","","","","","",""
"2023114943","1900","0","0","0","0","0","0","0","0","0","8","0","","67","12","2023","2","40.0354","-75.0498","1852","06","0","0","0","0","0","0","0","0","","0","0","0","06","5","1","01","","0","40 02:07.385","","00","75 02:59.150","3","0","0","0","67301","1","0","0","N","1","0","0","2","67301","0","","1","99","","N","N","N","0","","1","0","1","3","2","","0640","1","2","0","0","0","0","0","2","0","1","03","03","N","","","","","","","","","","",""
"2023116366","0850","1","0","0","0","0","0","0","0","0","7","0","","67","12","2023","3","40.0291","-75.1223","0832","06","0","0","0","0","0","0","0","0","","0","0","0","08","5","0","00","N","0","40 01:44.900","","00","75 07:20.400","9","0","0","0","67301","0","0","0","N","0","0","0","1","67301","0","","5","01","","N","N","N","0","","0","0","0","0","0","","0820","0","1","0","0","0","0","1","2","0","1","03","","N","","","","","","","","","","",""
"2023114939","2105","0","0","0","0","0","0","0","0","0","2","0","","67","12","2023","1","40.0614","-75.0747","2105","06","0","0","0","0","0","1","0","0","","0","0","0","20","3","1","00","N","0","40 03:41.110","","00","75 04:28.990","4","0","0","0","67301","0","0","0","N","0","0","0","1","67301","1","","6","09","","N","N","N","0","","0","0","2","0","0","","2042","1","3","0","0","0","0","0","2","0","3","07","07","N","","","","","","","","","","",""
"2023113535","1802","0","0","0","0","0","0","0","0","0","3","0","","67","12","2023","1","40.0507","-75.0003","1754","06","0","0","0","0","0","0","0","0","","0","0","0","17","3","2","00","N","0","40 03:02.693","","07","75 00:00.974","3","0","0","0","67301","0","0","0","N","0","0","0","3","67301","0","","5","09","","N","N","N","0","","2","0","3","0","0","","1752","2","3","0","0","0","0","0","2","0","3","07","","N","","","","","","","","","","",""
"2023105704","1416","0","0","0","0","0","0","0","0","0","4","0","","67","11","2023","6","40.0179","-75.0826","1415","06","0","0","0","0","0","0","0","0","","0","0","0","14","1","0","01","","0","40 01:04.501","","01","75 04:57.636","0","0","0","0","67301","0","0","0","N","0","0","0","2","67301","0","","1","01","","N","N","N","0","","0","0","2","3","2","","1413","0","3","0","0","0","0","0","2","1","3","03","03","N","","","","","","","","","","",""
"2023112688","0404","1","0","0","0","0","0","0","0","0","7","0","","67","12","2023","1","40.0518","-75.1501","0402","06","0","0","0","0","0","0","0","0","","0","0","0","04","3","0","00","N","0","40 03:06.360","","00","75 09:00.460","9","0","0","0","67301","0","0","0","N","0","0","0","1","67301","0","","4","01","","N","N","N","0","","0","0","0","0","0","","0401","0","1","0","0","0","0","1","2","0","1","03","03","N","","","","","","","","","","",""
"2023114951","1725","1","0","0","0","0","0","0","0","0","2","0","","67","12","2023","5","40.035","-75.1191","1725","06","0","0","0","0","0","1","0","0","","0","0","0","12","1","0","00","N","0","40 02:05.933","","00","75 07:08.812","9","0","0","0","67301","0","0","0","N","0","0","0","2","67301","0","","1","01","","N","N","N","0","","0","0","1","0","0","","1230","0","2","0","0","1","0","1","2","0","2","03","","N","","","","","","","","","","",""
"2023110305","0032","1","0","0","0","0","0","0","0","0","5","1","55","67","11","2023","3","39.9849","-75.2083","0032","06","0","0","0","0","0","0","0","0","","0","1","0","00","3","1","00","N","0","39 59:05.818","","00","75 12:30.046","4","0","0","0","67301","0","0","0","N","0","0","0","2","68K01","1","","1","01","","N","N","N","0","","0","0","0","0","0","","0032","1","2","0","0","0","0","0","2","0","2","03","03","Y","4","1","N","","","Y","Y","","","","N"
"2023118489","1840","1","0","0","0","0","0","0","0","0","5","0","","67","12","2023","7","40.001","-75.1947","1831","06","0","0","0","0","0","2","0","0","","0","0","0","18","3","0","00","N","0","40 00:03.450","","00","75 11:41.073","9","0","0","0","67301","0","0","0","N","0","0","0","4","68K01","0","","1","01","","N","N","N","0","","0","0","2","0","0","","1815","0","3","0","0","0","0","1","2","0","3","03","","N","","","","","","","","","","",""
"2023116981","1450","1","0","0","0","0","0","0","0","0","4","0","","67","12","2023","5","39.9566","-75.1513","1450","06","0","0","0","0","0","1","0","0","","0","0","0","12","1","1","02","","0","39 57:23.622","","00","75 09:04.685","3","0","0","0","67301","0","0","0","N","0","0","0","2","67301","0","","1","01","","N","N","N","0","","1","0","1","3","2","","1200","1","2","0","0","1","0","0","2","0","2","03","03","N","","","","","","","","","","",""
"2023114026","1814","0","0","0","0","0","0","0","0","0","8","0","","67","12","2023","3","39.9506","-75.1537","1814","06","0","0","0","0","0","0","0","0","","0","0","0","12","1","1","02","","0","39 57:01.991","","00","75 09:13.335","3","0","0","0","67301","1","0","0","N","1","0","0","2","67301","0","","1","99","","N","N","N","0","","1","0","0","0","0","","1220","1","2","0","0","0","0","1","2","1","1","04","04","N","","","","","","","","","","",""
"2023118223","1730","0","0","0","0","0","0","0","0","0","8","0","","67","12","2023","3","40.0821","-75.0788","1716","06","0","0","0","0","0","1","0","0","","0","0","0","17","3","1","02","","0","40 04:55.412","","00","75 04:43.816","3","0","0","0","67301","1","0","0","N","1","0","0","2","67301","0","","1","01","","N","N","N","0","","1","0","1","3","3","","1714","1","2","0","0","0","0","0","2","0","1","03","03","N","","","","","","","","","","",""
"2023114283","1558","1","0","0","0","0","0","0","0","0","4","0","","67","12","2023","5","39.9","-75.1753","1552","06","0","0","0","0","0","1","1","0","","0","0","0","15","1","1","02","","0","39 53:59.865","","00","75 10:31.240","3","0","0","0","67301","0","0","0","N","0","0","0","2","67301","0","","1","01","","N","N","N","0","","1","0","1","0","0","","1550","1","2","0","0","0","0","0","2","0","2","03","","N","","","","","","","","","","",""
"2023085370","1800","1","0","0","0","0","0","0","0","0","4","0","","67","09","2023","7","39.973","-75.2261","1800","06","0","0","0","0","0","1","0","0","","0","0","0","10","1","0","01","","0","39 58:22.816","","00","75 13:34.056","9","0","0","0","67301","0","0","0","N","0","0","0","2","67301","0","","1","08","","N","N","N","0","","0","0","1","3","2","","1000","0","2","0","0","0","0","2","2","0","2","07","","N","","","","","","","","","","",""
"2023083176","0929","2","0","0","0","0","0","0","0","0","4","0","","67","09","2023","3","39.9335","-75.2155","0927","06","0","0","0","1","0","0","0","0","","0","0","0","09","1","1","03","","0","39 56:00.776","","00","75 12:55.859","3","0","0","0","67301","0","0","0","N","0","0","0","2","67301","0","","1","01","","N","N","N","0","","1","0","0","3","2","","0900","1","2","0","0","0","0","1","2","0","2","03","03","N","","","","","","","","","","",""
"2023087608","2042","0","0","0","0","0","0","0","0","0","0","0","","67","09","2023","6","39.9544","-75.141","2042","06","0","0","0","0","0","0","0","0","","0","0","0","20","3","1","00","N","0","39 57:15.692","","08","75 08:27.625","8","0","0","1","67301","0","0","0","N","0","0","0","1","68K01","0","","1","01","","N","N","N","0","","0","0","0","0","0","","2028","1","1","0","0","0","1","0","2","0","1","03","","N","","","","","","","","","","",""
"2023087229","0741","1","0","0","0","0","0","0","0","0","1","0","","67","09","2023","3","39.9973","-75.0894","0741","06","0","0","0","0","0","0","0","0","","0","0","0","07","1","1","01","","0","39 59:50.249","","00","75 05:21.970","3","0","0","0","67301","0","0","0","N","0","0","0","2","67301","0","","1","09","","N","N","N","0","","1","0","1","3","2","","0736","1","2","0","0","0","0","0","2","0","2","04","","N","","","","","","","","","","",""
"2023085165","1546","1","0","0","0","0","0","0","0","0","4","0","","67","09","2023","5","39.9303","-75.2276","1544","06","0","0","0","0","0","0","1","0","","0","0","0","15","1","1","02","","0","39 55:49.195","","00","75 13:39.266","3","0","0","0","67301","0","0","0","N","0","0","0","3","67301","0","","1","01","","N","N","N","0","","1","0","2","3","2","","1542","1","3","0","0","0","0","1","2","0","3","03","03","N","","","","","","","","","","",""
"2023085205","1320","1","0","0","0","0","0","0","0","0","1","0","","67","09","2023","7","39.9999","-75.1525","1313","06","0","0","0","0","0","0","0","0","","0","0","0","12","1","1","00","N","0","39 59:59.620","","00","75 09:08.990","3","0","0","0","67301","0","0","0","N","0","0","0","1","67301","0","","1","09","","N","N","N","0","","1","0","1","0","0","","1240","1","2","0","0","0","0","0","2","0","2","07","04","N","","","","","","","","","","",""
"2023086789","1646","1","0","0","0","0","0","0","0","0","7","0","","67","09","2023","3","40.0328","-75.0635","1646","06","0","0","0","0","0","1","0","0","","0","0","0","15","1","0","00","N","0","40 01:58.010","","00","75 03:48.430","0","0","0","0","67301","0","0","0","N","0","0","0","1","67301","0","","4","01","","N","N","N","0","","0","0","0","0","0","","1535","0","1","0","0","0","0","0","2","0","1","07","07","N","","","","","","","","","","",""
"2023085181","1658","0","0","0","0","0","0","0","0","0","8","0","","67","09","2023","4","39.9522","-75.2408","1655","06","0","0","0","0","0","0","0","1","","0","0","0","16","1","1","01","","0","39 57:07.862","","00","75 14:26.779","3","0","0","0","67301","1","0","0","N","1","0","0","2","67301","0","","1","01","","N","N","N","0","","1","0","1","3","2","","1650","1","2","0","0","0","0","0","2","0","1","03","03","N","","","","","","","","","","",""
"2023085155","2151","0","0","0","0","0","0","0","0","0","4","0","","67","09","2023","5","40.0965","-75.0175","2130","06","0","0","0","0","0","1","0","0","","0","0","0","16","1","1","00","N","0","40 05:47.300","","07","75 01:03.000","3","0","0","1","67301","0","0","0","N","0","0","0","2","67301","0","","1","01","","N","N","N","0","","1","0","1","0","0","","1636","1","2","0","0","0","0","0","2","0","2","03","03","N","","","","","","","","","","",""
"2023085794","1818","1","0","0","0","0","0","0","0","0","5","0","","67","09","2023","3","39.9543","-75.2261","1810","06","0","0","0","0","0","0","0","0","","0","0","0","17","4","0","00","N","0","39 57:15.308","","00","75 13:33.873","0","0","0","0","67301","0","0","0","N","0","0","0","2","67301","0","","1","01","","N","N","N","0","","0","0","1","0","0","","1755","0","2","0","0","0","0","0","2","0","2","03","03","N","","","","","","","","","","",""
"2023085221","1845","1","0","0","0","0","0","0","0","0","5","0","","67","09","2023","4","40.0072","-75.1929","1829","06","0","0","0","0","0","0","0","0","","0","0","0","16","1","1","00","N","0","40 00:25.930","","03","75 11:34.608","3","0","0","0","67301","0","0","0","N","0","0","0","3","67301","0","","1","01","","N","N","N","1","","1","0","0","0","0","","1654","1","2","0","0","1","0","1","2","0","2","03","03","N","","","","","","","","","","",""
"2023085222","1949","1","0","0","0","0","0","0","0","0","5","0","","67","09","2023","4","40.0252","-75.1948","1946","06","0","0","0","0","0","0","0","0","","0","0","0","19","3","1","00","N","0","40 01:30.580","","00","75 11:41.250","3","0","0","0","67301","0","0","0","N","0","0","0","2","67301","0","","1","01","","N","N","N","0","","1","0","0","0","0","","1944","1","2","0","0","0","0","0","2","0","2","03","03","N","","","","","","","","","","",""
"2023085225","0023","1","0","0","0","0","0","0","0","0","4","0","","67","09","2023","5","40.0144","-75.153","0019","06","0","0","0","0","0","0","1","0","","0","0","0","23","3","2","01","","0","40 00:51.722","","00","75 09:10.938","3","0","0","0","67301","0","0","0","N","0","0","0","2","67301","0","","1","01","","N","N","N","0","","1","0","1","3","2","","2330","2","2","0","0","0","1","0","2","0","2","03","03","N","","","","","","","","","","",""
"2023083469","2109","0","0","0","0","0","0","0","0","0","6","0","","67","09","2023","3","40.0203","-75.0804","2106","06","0","0","0","0","1","0","0","0","","0","0","0","21","3","1","01","","0","40 01:13.126","","01","75 04:49.678","8","0","0","1","67301","0","0","0","N","0","0","0","3","67301","0","","1","01","","N","N","N","0","","0","0","1","3","2","","2104","1","2","0","0","0","1","1","2","0","2","03","03","N","","","","","","","","","","",""
"2023085229","1725","1","0","0","0","0","0","0","0","0","7","0","","67","09","2023","7","40.013","-75.2012","1715","06","0","0","0","0","0","0","0","1","","0","0","0","16","1","1","00","N","0","40 00:46.700","","00","75 12:04.300","4","0","0","0","67301","0","0","0","N","0","0","0","1","67301","1","","4","09","","N","N","N","0","","0","0","0","0","0","","1630","1","1","0","0","0","0","0","2","0","1","07","04","N","","","","","","","","","","",""
"2023085180","1021","2","0","0","0","0","0","0","0","0","4","0","","67","09","2023","7","39.9389","-75.1747","1021","06","0","0","0","0","0","0","1","0","","0","0","0","10","1","2","01","","0","39 56:19.874","","00","75 10:29.049","3","0","0","0","67301","0","0","0","N","0","0","0","3","67301","0","","1","09","","N","N","Y","0","","2","0","0","2","2","","1004","2","2","0","0","0","0","0","2","0","2","07","04","N","","","","","","","","","","",""
"2023085200","1015","0","0","0","1","0","1","0","0","0","8","0","","67","09","2023","1","39.9833","-75.1816","1008","06","0","0","0","0","0","0","0","0","","0","0","0","09","1","1","05","","0","39 58:59.912","","00","75 10:53.631","2","0","0","0","67301","1","0","1","N","0","0","0","2","67301","0","","1","09","","N","N","N","0","","0","1","1","3","2","","0954","1","2","0","0","1","0","0","2","0","1","04","07","N","","","","","","","","","","",""
"2023083183","1208","1","0","0","0","0","0","0","0","0","4","0","","67","09","2023","3","39.9688","-75.2454","1207","06","0","0","0","0","0","1","0","0","","0","0","0","12","1","1","01","","0","39 58:07.872","","00","75 14:43.931","4","0","0","0","67301","0","0","0","N","0","0","0","2","67301","1","","1","01","","N","N","N","0","","0","0","1","3","2","","1205","1","2","0","0","1","0","0","2","0","2","03","03","N","","","","","","","","","","",""
"2023083614","0915","1","0","0","0","0","0","0","0","0","4","0","","67","09","2023","4","40.0408","-75.0392","0913","06","0","0","0","0","0","1","0","0","","0","0","0","08","1","2","01","","0","40 02:26.880","","00","75 02:21.206","3","0","0","0","67301","0","0","0","N","0","0","0","3","67301","0","","1","01","","N","N","N","0","","2","0","2","3","3","","0830","2","4","0","0","0","0","0","2","1","4","03","03","N","","","","","","","","","","",""
"2023086974","0622","1","0","0","0","0","0","0","0","0","4","0","","67","09","2023","1","39.9057","-75.1939","0614","06","0","0","0","0","0","1","0","0","","0","0","0","06","3","0","01","","1","39 54:20.655","3","00","75 11:38.126","0","0","0","0","67301","0","0","0","N","0","0","0","5","67301","0","","1","09","0611","N","N","N","0","","0","0","3","3","2","N","0606","0","5","0","0","0","0","0","2","1","5","07","04","N","","","","","","","","","","",""
"2023083618","1510","1","0","0","0","0","0","0","0","0","4","0","","67","09","2023","4","40.0378","-75.0379","1510","06","0","0","0","0","0","1","0","0","","0","0","0","15","1","1","01","","1","40 02:16.069","2","00","75 02:16.469","3","0","0","1","67301","0","0","0","N","0","0","0","3","67301","0","","1","01","1525","N","N","N","0","","1","0","0","3","2","Y","1510","1","2","0","0","0","0","0","2","0","2","03","03","N","","","","","","","","","","",""
"2023118963","1711","0","0","0","0","0","0","0","0","0","1","0","","67","12","2023","7","40.0555","-74.9842","1704","06","0","0","0","0","0","1","0","0","","0","0","0","17","2","0","00","N","1","40 03:19.636","1","00","74 59:03.224","0","0","0","0","67301","0","0","0","N","0","0","0","4","68K01","0","","1","01","1752","N","N","N","0","","0","0","3","0","0","N","1701","0","3","0","0","0","0","0","2","0","3","03","","N","","","","","","","","","","",""
"2023085185","0128","0","0","0","0","0","0","0","0","0","4","0","","67","09","2023","1","39.9561","-75.2277","0109","06","0","0","0","0","0","0","0","0","","0","0","0","23","3","0","01","","0","39 57:21.855","","00","75 13:39.748","9","0","0","0","67301","0","0","0","N","0","0","0","2","67301","0","","1","09","","N","N","N","0","","0","0","3","3","3","","2338","0","4","0","0","0","0","2","2","1","4","04","07","N","","","","","","","","","","",""
"2023083549","1228","1","0","0","0","0","0","0","0","0","7","0","","67","09","2023","4","39.9057","-75.1322","1224","06","0","0","0","0","0","1","0","0","","0","0","0","12","1","1","00","N","2","39 54:20.400","3","03","75 07:55.900","4","0","0","0","67301","0","0","0","N","0","0","0","1","67501","1","","3","01","1240","N","N","N","0","","0","0","0","0","0","N","1224","1","1","0","0","0","0","0","2","0","1","03","03","N","","","","","","","","","","",""
"2023085224","1730","2","0","0","0","0","0","0","0","0","4","0","","67","09","2023","5","40.021","-75.1639","1730","06","0","0","0","0","0","0","0","0","","0","0","0","16","1","2","01","","0","40 01:15.603","","00","75 09:50.111","3","0","0","0","67301","0","0","0","N","0","0","0","3","67301","0","","1","01","","N","N","N","0","","2","0","0","3","3","","1648","2","2","0","0","0","0","1","2","0","2","03","04","N","","","","","","","","","","",""
"2023088836","1300","1","0","0","0","0","0","0","0","0","4","0","","67","09","2023","2","39.9763","-75.2368","1300","06","0","0","0","0","0","0","0","0","","0","0","0","05","3","0","02","","0","39 58:34.661","","00","75 14:12.562","9","0","0","0","67301","0","0","0","N","0","0","0","2","67301","0","","1","01","","N","N","N","0","","0","0","1","3","2","","0500","0","2","0","0","0","0","2","2","0","2","03","","N","","","","","","","","","","",""
"2023086054","0248","1","0","0","0","0","0","0","0","0","4","0","","67","09","2023","7","39.9533","-75.1838","0248","06","0","0","0","0","0","0","0","0","","0","0","0","02","3","1","01","","0","39 57:12.011","","00","75 11:01.589","3","0","0","0","67301","0","0","0","N","0","0","0","4","67301","0","","1","01","","N","N","N","0","","1","0","1","3","2","","0244","1","2","0","0","0","0","0","2","0","2","07","03","N","","","","","","","","","","",""
"2023088647","0314","1","0","0","0","0","0","0","0","0","5","0","","67","09","2023","7","39.9581","-75.1407","0303","06","0","0","0","0","0","0","0","0","","0","0","0","02","3","2","00","N","2","39 57:29.241","1","00","75 08:26.663","8","0","0","0","67301","0","0","0","N","0","0","0","3","68K01","0","","1","09","0444","N","N","N","0","","0","0","1","0","0","N","0257","2","2","0","0","0","2","0","2","0","2","07","","N","","","","","","","","","","",""
"2023085179","2135","2","0","0","0","0","0","0","0","0","4","0","","67","09","2023","7","39.9639","-75.1931","2130","06","0","0","0","0","0","0","0","0","","0","0","0","21","3","2","01","","0","39 57:50.050","","00","75 11:35.001","3","0","0","0","67301","0","0","0","N","0","0","0","3","67301","0","","1","09","","N","N","N","0","","2","0","0","3","3","","2119","2","2","0","0","0","0","1","2","0","2","04","07","N","","","","","","","","","","",""
"2023085223","0923","2","0","0","0","0","0","0","0","0","4","0","","67","09","2023","5","40.0049","-75.1875","0917","06","0","0","0","0","0","1","0","0","","0","0","0","09","1","1","03","","0","40 00:17.749","","00","75 11:14.821","3","0","0","0","67301","0","0","0","N","0","0","0","3","67301","0","","1","01","","N","N","N","1","","1","0","0","0","0","","0902","1","3","0","0","0","0","0","2","0","3","03","03","N","","","","","","","","","","",""
"2023085173","0012","1","0","0","0","0","0","0","0","0","4","0","","67","09","2023","7","40.0587","-75.1863","0006","06","0","0","0","0","0","0","0","0","","0","0","0","00","3","1","01","","0","40 03:31.163","","00","75 11:10.557","8","0","0","0","67301","0","0","0","N","0","0","0","3","67301","0","","1","01","","N","N","N","0","","0","0","1","3","3","","0004","1","2","0","0","1","1","0","2","0","2","03","03","N","","","","","","","","","","",""
"2023085168","1502","1","0","0","0","0","0","0","0","0","0","0","","67","09","2023","6","39.9268","-75.2326","1501","06","0","0","0","0","0","0","0","0","","0","0","0","15","1","0","00","N","0","39 55:36.560","","00","75 13:57.250","0","0","0","0","67301","0","0","0","N","0","0","0","1","67301","0","","1","01","","N","N","N","0","","0","0","1","0","0","","1500","0","3","0","0","0","0","0","2","1","3","03","03","N","","","","","","","","","","",""
"2023083470","0115","2","0","0","0","0","0","0","0","0","1","0","","67","09","2023","4","39.9648","-75.205","0115","06","0","0","0","0","0","0","0","0","","0","0","0","01","3","1","00","N","0","39 57:53.269","","00","75 12:17.933","3","0","0","0","67301","0","0","0","N","0","0","0","1","67301","0","","6","01","","N","N","N","0","","1","0","1","0","0","","0115","1","3","0","0","0","0","0","2","0","3","03","03","N","","","","","","","","","","",""
"2023085206","0131","1","0","0","0","0","0","0","0","0","8","0","","67","09","2023","1","40.0083","-75.1311","0125","06","0","0","0","0","0","0","0","0","","0","0","0","01","3","1","00","N","0","40 00:30.040","","00","75 07:52.070","2","0","0","0","67301","1","0","1","N","1","0","1","2","67301","0","","1","09","","N","N","N","0","","0","1","0","0","0","","0123","1","2","0","0","0","0","1","2","0","1","07","07","N","","","","","","","","","","",""
"2023119137","1146","0","0","0","0","0","0","0","0","0","1","0","","67","12","2023","3","39.9796","-75.2045","1133","06","0","0","0","0","0","2","0","0","","0","0","0","11","1","0","00","N","2","39 58:46.623","3","00","75 12:16.138","0","0","0","0","67301","0","0","0","N","0","0","0","3","68K01","0","","1","01","1230","N","N","N","1","","0","0","2","3","8","N","1132","0","3","0","0","0","0","0","2","0","3","03","03","N","","","","","","","","","","",""
"2023119139","0601","0","0","0","0","0","0","0","0","0","1","0","","67","12","2023","4","40.0438","-75.0029","0531","06","0","0","0","0","0","0","0","0","","0","0","0","05","3","0","00","N","0","40 02:37.757","","00","75 00:10.519","0","0","0","0","67301","0","0","0","N","0","0","0","2","68K01","0","","4","09","","N","N","N","1","","0","0","0","0","0","","0525","0","2","0","0","0","0","0","2","0","2","07","","N","","","","","","","","","","",""
"2023083698","1502","2","0","0","0","0","0","0","0","0","5","0","","67","09","2023","5","39.9539","-75.1886","1500","06","0","0","0","0","0","0","0","0","","0","0","0","15","1","0","00","N","0","39 57:14.160","","00","75 11:18.817","0","0","0","0","67301","0","0","0","N","0","0","0","2","67507","0","","1","01","","N","N","N","0","","0","0","0","0","0","","1500","0","2","0","0","0","0","0","2","0","2","03","03","N","","","","","","","","","","",""
"2023087077","2356","0","0","0","0","0","0","0","0","0","7","0","","67","09","2023","5","39.9152","-75.1898","2356","06","0","0","0","0","0","0","0","0","","0","0","0","23","3","0","00","N","0","39 54:54.600","","03","75 11:23.300","0","0","0","0","67301","0","0","0","N","0","0","0","1","67501","0","","3","01","","N","N","N","0","","0","0","0","0","0","","2356","0","1","0","0","0","0","0","2","1","1","03","03","N","","","","","","","","","","",""
"2023087085","0737","0","0","0","0","0","0","0","0","0","7","0","","67","09","2023","1","39.96","-75.1794","0727","06","0","0","0","0","0","0","0","0","","0","0","0","07","1","0","00","N","1","39 57:35.842","3","03","75 10:45.938","0","0","0","0","67301","0","0","0","N","0","0","0","2","68K01","0","","3","09","0740","N","N","N","0","","0","0","1","0","0","N","0726","0","1","0","0","0","0","0","2","0","1","07","07","N","","","","","","","","","","",""
"2023085198","1900","0","0","0","0","0","0","0","0","0","8","0","","67","09","2023","6","39.9723","-75.1658","1856","06","0","0","0","0","0","0","0","0","","0","0","0","18","4","1","01","","0","39 58:20.222","","00","75 09:56.906","3","0","0","0","67301","1","0","0","N","1","0","0","4","67301","0","","1","01","","N","N","N","0","","1","0","2","3","2","","1852","1","3","0","0","3","0","0","2","0","2","03","","N","","","","","","","","","","",""
"2023118638","2154","1","0","0","0","0","0","0","0","0","4","0","","67","05","2023","2","39.9881","-75.1824","2152","06","0","0","0","0","0","1","0","0","","0","0","0","21","3","3","05","","0","39 59:17.008","","00","75 10:56.669","3","0","0","0","67301","0","0","0","N","0","0","0","3","67301","2","","1","01","","N","N","N","0","","1","0","5","3","2","","2150","3","6","0","0","1","0","0","2","0","6","03","03","N","","","","","","","","","","",""
"2023111146","0930","0","0","0","0","0","0","0","0","0","8","0","","67","09","2023","1","39.9946","-75.1514","0930","06","0","0","0","0","0","0","0","0","","0","0","0","10","1","1","00","N","0","39 59:40.710","","00","75 09:05.080","3","0","0","0","67301","1","0","0","N","1","0","0","2","67301","0","","1","09","","N","N","N","0","","1","0","1","0","0","","1045","1","2","0","0","0","0","1","2","0","1","07","04","N","","","","","","","","","","",""
"2023116884","1130","1","0","0","0","0","0","0","0","0","4","0","","67","12","2023","5","39.9877","-75.1546","1110","06","0","0","0","0","0","1","0","0","","0","0","0","09","1","0","01","","0","39 59:15.712","","00","75 09:16.465","0","0","0","0","67301","0","0","0","N","0","0","0","2","67301","0","","1","01","","N","N","N","1","","0","0","0","3","3","","0930","0","3","0","0","0","0","0","2","0","3","03","03","N","","","","","","","","","","",""
"2023114948","1510","2","0","0","0","0","0","0","0","0","2","0","","67","12","2023","2","39.9708","-75.2148","1455","06","0","0","0","0","1","0","0","0","","0","0","0","14","1","0","00","N","0","39 58:14.912","","00","75 12:53.117","0","0","0","0","67301","0","0","0","N","0","0","0","2","67301","0","","1","01","","N","N","N","0","","0","0","0","0","0","","1450","0","2","0","0","2","0","0","2","0","2","03","","N","","","","","","","","","","",""
"2023112042","1022","0","0","0","0","0","0","0","0","0","4","0","","67","12","2023","6","40.0357","-75.052","1021","06","0","0","0","0","0","1","0","0","","0","0","0","10","1","1","01","","2","40 02:08.429","3","00","75 03:07.070","4","0","0","0","67301","0","0","0","N","0","0","0","2","67301","1","","1","01","0130","N","N","N","0","","0","0","2","3","3","N","1019","1","2","0","0","0","0","0","2","0","2","03","","N","","","","","","","","","","",""