"CRN","ARRIVAL_TM","AUTOMOBILE_COUNT","BELTED_DEATH_COUNT","BELTED_SUSP_SERIOUS_INJ_COUNT","BICYCLE_COUNT","BICYCLE_DEATH_COUNT","BICYCLE_SUSP_SERIOUS_INJ_COUNT","BUS_COUNT","CHLDPAS_DEATH_COUNT","CHLDPAS_SUSP_SERIOUS_INJ_COUNT","COLLISION_TYPE","COMM_VEH_COUNT","CONS_ZONE_SPD_LIM","COUNTY","CRASH_MONTH","CRASH_YEAR","DAY_OF_WEEK","DEC_LAT","DEC_LONG","DISPATCH_TM","DISTRICT","DRIVER_COUNT_16YR","DRIVER_COUNT_17YR","DRIVER_COUNT_18YR","DRIVER_COUNT_19YR","DRIVER_COUNT_20YR","DRIVER_COUNT_50_64YR","DRIVER_COUNT_65_74YR","DRIVER_COUNT_75PLUS","EST_HRS_CLOSED","FATAL_COUNT","HEAVY_TRUCK_COUNT","HORSE_BUGGY_COUNT","HOUR_OF_DAY","ILLUMINATION","INJURY_COUNT","INTERSECT_TYPE","INTERSECTION_RELATED","LANE_CLOSED","LATITUDE","LN_CLOSE_DIR","LOCATION_TYPE","LONGITUDE","MAX_SEVERITY_LEVEL","MCYCLE_DEATH_COUNT","MCYCLE_SUSP_SERIOUS_INJ_COUNT","MOTORCYCLE_COUNT","MUNICIPALITY","NONMOTR_COUNT","NONMOTR_DEATH_COUNT","NONMOTR_SUSP_SERIOUS_INJ_COUNT","NTFY_HIWY_MAINT","PED_COUNT","PED_DEATH_COUNT","PED_SUSP_SERIOUS_INJ_COUNT","PERSON_COUNT","POLICE_AGCY","POSSIBLE_INJ_COUNT","RDWY_SURF_TYPE_CD","RELATION_TO_ROAD","ROAD_CONDITION","ROADWAY_CLEARED","SCH_BUS_IND","SCH_ZONE_IND","SECONDARY_CRASH","SMALL_TRUCK_COUNT","SPEC_JURIS_CD","SUSP_MINOR_INJ_COUNT","SUSP_SERIOUS_INJ_COUNT","SUV_COUNT","TCD_FUNC_CD","TCD_TYPE","TFC_DETOUR_IND","TIME_OF_DAY","TOT_INJ_COUNT","TOTAL_UNITS","UNB_DEATH_COUNT","UNB_SUSP_SERIOUS_INJ_COUNT","UNBELTED_OCC_COUNT","UNK_INJ_DEG_COUNT","UNK_INJ_PER_COUNT","URBAN_RURAL","VAN_COUNT","VEHICLE_COUNT","WEATHER1","WEATHER2","WORK_ZONE_IND","WORK_ZONE_LOC","WORK_ZONE_TYPE","WORKERS_PRES","WZ_CLOSE_DETOUR","WZ_FLAGGER","WZ_LAW_OFFCR_IND","WZ_LN_CLOSURE","WZ_MOVING","WZ_OTHER","WZ_SHLDER_MDN","WZ_WORKERS_INJ_KILLED"
"2023117424","1738","1","0","0","0","0","0","0","0","0","7","0","","67","12","2023","4","39.94","-75.2381","1735","06","0","0","0","0","0","0","0","0","","0","0","0","17","2","0","00","N","1","39 56:24.020","6","00","75 14:17.320","9","0","0","0","67301","0","0","0","N","0","0","0","2","67301","0","","2","01","1816","N","N","N","0","","0","0","0","0","0","Y","1734","0","1","0","0","0","0","1","2","0","1","03","03","N","","","","","","","","","","",""
"2023108718","2133","1","0","0","0","0","0","0","0","0","4","0","","67","11","2023","3","40.0299","-75.1031","2124","06","0","0","0","0","0","1","0","0","","0","0","0","21","3","1","01","","0","40 01:47.679","","00","75 06:11.073","4","0","0","0","67301","0","0","0","N","0","0","0","2","67301","1","","1","01","","N","N","N","0","","0","0","1","3","2","","2100","1","2","0","0","0","0","1","2","0","2","03","","N","","","","","","","","","","",""
"2023117626","1000","0","0","0","0","0","0","0","0","0","4","0","","67","12","2023","1","40.011","-75.1509","0957","06","0","0","0","0","0","0","1","0","","0","0","0","09","1","1","01","","0","40 00:39.507","","00","75 09:03.115","3","0","0","0","67301","0","0","0","N","0","0","0","2","67301","0","","1","01","","N","N","N","0","","1","0","1","3","2","","0920","1","2","0","0","2","0","0","2","1","2","04","","N","","","","","","","","","","",""
"2023104959","1546","1","0","0","0","0","0","0","0","0","4","0","","67","11","2023","6","39.9568","-75.161","1546","06","0","0","0","0","0","0","0","0","","0","0","0","17","3","1","01","","0","39 57:24.545","","00","75 09:39.523","3","0","0","0","67301","0","0","0","N","0","0","0","2","67301","0","","1","01","","N","N","N","0","","1","0","1","3","3","","1757","1","2","0","0","1","0","0","2","0","2","03","03","N","","","","","","","","","","",""
"2023115978","1253","1","0","0","0","0","0","0","0","0","4","0","","67","12","2023","2","40.0444","-75.0726","1253","06","0","0","0","0","0","1","0","0","","0","0","0","12","1","2","01","","2","40 02:39.695","6","00","75 04:21.465","3","0","0","0","67301","0","0","0","N","0","0","0","2","67301","0","","1","01","1423","N","N","Y","0","","1","0","1","3","2","Y","1253","2","2","0","0","0","1","0","2","0","2","04","","N","","","","","","","","","","",""
"2023111970","9999","1","0","0","0","0","0","0","0","0","4","0","","67","12","2023","7","39.9556","-75.1895","1103","06","0","0","0","0","0","1","0","0","","0","0","0","10","1","2","01","","0","39 57:20.190","","00","75 11:22.130","3","0","0","0","67301","0","0","0","N","0","0","0","4","67507","0","","1","01","","N","N","N","0","","2","0","1","3","2","","1035","2","2","0","0","0","0","0","2","0","2","03","03","N","","","","","","","","","","",""
"2023114354","1705","1","0","0","0","0","0","0","0","0","1","0","","67","11","2023","4","40.038","-75.0887","1658","06","0","0","0","0","0","1","0","0","","0","0","0","14","1","1","03","","0","40 02:16.791","","00","75 05:19.252","8","0","0","0","67301","0","0","0","N","0","0","0","2","67301","0","","1","01","","N","N","N","0","","0","0","1","3","2","","1400","1","2","0","0","1","1","1","2","0","2","03","","N","","","","","","","","","","",""
"2023107117","2330","0","0","0","0","0","0","0","0","0","8","0","","67","11","2023","6","39.9546","-75.2061","2323","06","0","0","0","0","0","0","0","0","","0","0","0","22","3","1","00","N","0","39 57:16.383","","00","75 12:21.825","3","0","0","0","67301","1","0","0","N","1","0","0","2","67301","0","","4","01","","N","N","N","0","","1","0","0","0","0","","2245","1","2","0","0","0","0","1","2","0","1","03","03","N","","","","","","","","","","",""
"2023105571","0430","2","0","0","0","0","0","0","0","0","5","0","","67","11","2023","1","39.9623","-75.1958","0424","06","0","0","0","0","0","0","0","0","","0","0","0","01","3","0","00","N","0","39 57:44.400","","00","75 11:44.700","0","0","0","0","67301","0","0","0","N","0","0","0","1","67301","0","","6","01","","N","N","N","0","","0","0","0","0","0","","0120","0","2","0","0","0","0","0","2","0","2","03","03","N","","","","","","","","","","",""
"2023109066","0545","1","0","0","0","0","0","0","0","0","4","0","","67","11","2023","5","40.0707","-75.162","0537","06","0","0","0","0","0","1","0","0","","0","0","0","05","3","0","01","","0","40 04:14.487","","00","75 09:43.335","0","0","0","0","67301","0","0","0","N","0","0","0","2","67301","0","","1","01","","N","N","N","1","","0","0","0","3","3","","0530","0","2","0","0","0","0","0","2","0","2","03","","N","","","","","","","","","","",""
"2023115804","0601","1","0","0","0","0","0","0","0","0","4","0","","67","12","2023","6","40.029","-75.1526","0556","06","0","0","0","0","0","0","0","0","","0","0","0","05","3","1","00","N","0","40 01:44.520","","00","75 09:09.380","3","0","0","0","67301","0","0","0","N","0","0","0","2","67301","0","","6","01","","N","N","N","0","","1","0","2","0","0","","0528","1","3","0","0","0","0","0","2","0","3","03","03","N","","","","","","","","","","",""
"2023114231","1115","1","0","0","0","0","0","0","0","0","1","0","","67","11","2023","4","40.0076","-75.2012","1046","06","0","0","0","0","0","0","0","0","","0","0","0","10","1","1","00","N","2","40 00:27.208","3","00","75 12:04.499","8","0","0","0","67301","0","0","0","N","0","0","0","3","68K01","0","","1","01","1236","N","N","N","0","","0","0","1","0","0","N","1046","1","3","0","0","0","1","0","2","1","3","03","","N","","","","","","","","","","",""
"2023113223","0300","3","0","0","0","0","0","0","0","0","4","0","","67","12","2023","1","39.9609","-75.1434","0251","06","0","0","0","0","0","1","0","0","","0","0","0","02","3","2","01","","1","39 57:39.104","4","00","75 08:36.176","3","0","0","0","67301","0","0","0","N","0","0","0","5","67301","1","","1","01","0600","N","N","N","0","","1","0","2","3","2","Y","0245","2","5","0","0","1","0","1","2","0","5","03","03","N","","","","","","","","","","",""
"2023115282","0236","1","0","0","0","0","0","0","0","0","7","0","","67","12","2023","1","39.9893","-75.1555","0236","06","0","0","0","0","0","0","0","0","","0","0","0","02","3","0","01","","0","39 59:21.609","","00","75 09:19.709","0","0","0","0","67301","0","0","0","N","0","0","0","1","67301","0","","5","01","","N","N","N","0","","0","0","0","3","2","","0220","0","1","0","0","0","0","0","2","0","1","03","","N","","","","","","","","","","",""
"2023109067","1635","1","0","0","0","0","0","0","0","0","8","0","","67","11","2023","4","39.9461","-75.1768","1630","06","0","0","0","0","0","0","0","0","","0","0","0","18","3","1","01","","0","39 56:45.916","","00","75 10:36.344","3","0","0","0","67301","1","0","0","N","1","0","0","2","67301","0","","1","01","","N","N","N","0","","1","0","0","3","2","","1830","1","2","0","0","0","0","0","2","0","1","03","03","N","","","","","","","","","","",""
"2023112343","2240","1","0","0","0","0","0","0","0","0","4","0","","67","12","2023","7","40.1052","-75.0328","2234","06","0","0","0","0","0","1","0","0","","0","0","0","22","3","1","01","","0","40 06:18.503","","00","75 01:58.546","4","0","0","0","67301","0","0","0","N","0","0","0","2","67301","1","","1","01","","N","N","N","0","","0","0","1","3","2","","2230","1","2","0","0","0","0","1","2","0","2","03","","N","","","","","","","","","","",""
"2023113547","0009","0","0","0","0","0","0","0","0","0","4","0","","67","12","2023","3","40.0272","-75.1512","0009","06","0","0","0","0","0","0","0","0","","0","0","0","22","3","2","01","","9","40 01:37.871","","00","75 09:04.477","3","0","0","0","67301","0","0","0","N","0","0","0","3","67301","0","","1","01","","N","N","N","0","","2","0","2","3","2","","2253","2","2","0","0","0","0","1","2","0","2","03","03","N","","","","","","","","","","",""
"2023116511","2110","2","0","0","0","0","0","0","0","0","1","0","","67","12","2023","3","40.0472","-75.1809","2102","06","0","0","1","0","0","0","0","0","","0","0","0","21","3","0","00","N","1","40 02:49.820","3","00","75 10:51.240","0","0","0","0","67301","0","0","0","N","0","0","0","1","67301","0","","6","01","0025","N","N","N","0","","0","0","0","0","0","N","2100","0","2","0","0","0","0","0","2","0","2","03","03","N","","","","","","","","","","",""
"2023105113","0044","0","0","0","0","0","0","0","0","0","2","0","","67","11","2023","7","39.9476","-75.2356","0044","06","0","0","0","0","0","0","0","0","","0","0","0","23","3","0","00","N","1","39 56:51.510","1","00","75 14:08.310","0","0","0","0","67301","0","0","0","N","0","0","0","1","67301","0","","1","01","0051","N","N","N","0","","0","0","2","0","0","N","2348","0","2","0","0","1","0","0","2","0","2","03","03","N","","","","","","","","","","",""
"2023117323","0108","1","0","0","0","0","0","0","0","0","1","0","","67","12","2023","7","39.9677","-75.1894","0107","06","0","0","0","0","1","0","0","0","","0","0","0","00","2","0","00","N","1","39 58:03.598","1","00","75 11:21.944","0","0","0","0","67301","0","0","0","N","0","0","0","5","68K01","0","","1","01","0135","N","N","N","0","","0","0","2","0","0","N","0054","0","3","0","0","0","0","0","2","0","3","03","","N","","","","","","","","","","",""
"2023108295","1720","2","0","0","0","0","0","0","0","0","4","0","","67","11","2023","1","40.0272","-75.1512","1720","06","0","0","0","0","0","0","0","0","","0","0","0","21","3","2","01","","0","40 01:37.898","","00","75 09:04.471","3","0","0","0","67301","0","0","0","N","0","0","0","3","67301","0","","1","09","","N","N","N","0","","1","0","0","3","2","","2130","2","2","0","0","0","1","1","2","0","2","07","","N","","","","","","","","","","",""
"2023085162","1926","0","0","0","1","0","0","0","0","0","8","0","","67","09","2023","5","40.0807","-74.99","1922","06","0","0","0","0","0","0","0","0","","0","0","0","19","3","1","00","N","0","40 04:50.370","","00","74 59:24.010","3","0","0","0","67301","1","0","0","N","0","0","0","2","67301","0","","1","01","","N","N","N","0","","1","0","1","0","0","","1914","1","2","0","0","0","0","0","2","0","1","03","","N","","","","","","","","","","",""
"2023119046","0352","1","0","0","0","0","0","0","0","0","1","0","","67","12","2023","7","39.9954","-75.1124","0352","06","0","0","0","0","0","0","0","0","","0","0","0","03","3","1","00","N","0","39 59:43.327","","00","75 06:44.620","4","0","0","0","67301","0","0","0","N","0","0","0","3","67301","1","","1","01","","N","N","N","0","","0","0","1","3","2","","0352","1","2","0","0","0","0","0","2","0","2","03","03","N","","","","","","","","","","",""
"2023083482","0900","1","0","0","0","0","0","0","0","0","4","0","","67","09","2023","3","40.0306","-75.1531","0900","06","0","0","0","0","0","0","0","0","","0","0","0","07","1","1","00","N","0","40 01:50.300","","00","75 09:11.000","2","0","1","1","67301","0","0","0","N","0","0","0","2","67301","0","","1","01","","N","N","N","0","","0","1","0","0","0","","0700","1","2","0","0","1","0","0","2","0","2","03","","N","","","","","","","","","","",""
"2023085665","2250","0","0","0","0","0","0","0","0","0","1","0","","67","09","2023","1","39.9182","-75.1618","2245","06","0","0","0","0","0","1","0","0","","0","0","0","22","3","0","00","N","1","39 55:05.600","3","00","75 09:42.500","0","0","0","0","67301","0","0","0","N","0","0","0","1","67301","0","","6","09","1055","N","N","N","0","","0","0","3","0","0","Y","2229","0","4","0","0","0","0","0","2","1","4","07","","N","","","","","","","","","","",""
"2023116522","1645","2","0","0","0","0","0","0","0","0","4","0","","67","12","2023","4","39.9778","-75.2134","1634","06","0","0","0","0","0","0","0","0","","0","0","0","15","1","1","01","","0","39 58:39.965","","00","75 12:48.419","3","0","0","0","67301","0","0","0","N","0","0","0","2","67301","0","","1","01","","N","N","N","0","","1","0","0","3","2","","1510","1","3","0","0","0","0","1","2","0","2","03","03","N","","","","","","","","","","",""
"2023108957","2240","2","0","0","0","0","0","0","0","0","6","0","","67","11","2023","3","40.0565","-75.025","2339","06","0","0","0","0","0","0","0","0","","0","0","0","22","3","1","00","N","0","40 03:23.547","","00","75 01:29.967","8","0","0","0","67301","0","0","0","N","0","0","0","2","67301","0","","1","01","","N","N","N","0","","0","0","0","0","0","","2230","1","2","0","0","0","1","0","2","0","2","03","03","N","","","","","","","","","","",""
"2023111931","1602","2","0","0","0","0","0","0","0","0","1","0","","67","11","2023","2","39.9835","-75.0977","1540","06","0","0","0","0","0","0","0","0","","0","0","0","15","1","2","00","N","0","39 59:00.439","","03","75 05:51.563","3","0","0","0","67301","0","0","0","N","0","0","0","4","68K01","0","","1","01","","N","N","N","0","","2","0","2","0","0","","1524","2","4","0","0","0","0","0","2","0","4","03","","N","","","","","","","","","","",""
"2023112021","0310","2","0","0","0","0","0","0","0","0","4","0","","67","12","2023","4","39.9544","-75.1481","0308","06","0","0","0","0","0","0","0","0","","0","0","0","03","3","0","01","","0","39 57:15.887","","02","75 08:53.056","0","0","0","0","67301","0","0","0","N","0","0","0","2","67301","0","","1","01","","N","N","N","0","","0","0","0","3","2","","0300","0","2","0","0","2","0","0","2","0","2","03","","N","","","","","","","","","","",""
"2023117187","0100","0","0","0","0","0","0","0","0","0","1","0","","67","12","2023","6","40.0061","-75.1876","0100","06","0","0","0","0","0","0","0","0","","0","0","0","22","3","2","00","N","0","40 00:21.847","","00","75 11:15.336","8","0","0","0","67301","0","0","0","N","0","0","0","3","67301","0","","1","01","","N","N","N","0","","0","0","2","3","2","","2230","2","2","0","0","0","2","1","2","0","2","03","03","N","","","","","","","","","","",""
"2023113224","0132","0","0","0","0","0","0","0","0","0","4","0","","67","12","2023","2","39.9502","-75.1586","0127","06","0","0","0","0","0","0","0","0","","0","0","0","01","2","1","02","","1","39 57:00.640","1","00","75 09:31.162","4","0","0","0","67301","0","0","0","N","0","0","0","3","67301","1","","1","09","0300","N","N","N","0","","0","0","1","3","2","Y","0125","1","2","0","0","0","0","0","2","1","2","07","","N","","","","","","","","","","",""
"2023117433","1830","1","0","0","0","0","0","0","0","0","4","0","","67","12","2023","1","39.9797","-75.2321","1820","06","0","0","0","0","0","0","0","0","","0","0","0","16","4","1","00","Y","0","39 58:46.924","","00","75 13:55.666","3","0","0","0","67301","0","0","0","N","0","0","0","2","67301","0","","1","01","","N","N","N","0","","1","0","1","0","0","","1600","1","2","0","0","0","0","1","2","0","2","03","03","N","","","","","","","","","","",""
"2023105251","0301","2","0","0","0","0","0","0","0","0","4","0","","67","11","2023","6","39.9896","-75.1689","0300","06","0","0","0","0","0","0","0","0","","0","0","0","21","3","2","01","","0","39 59:22.392","","00","75 10:08.005","3","0","0","0","67301","0","0","0","N","0","0","0","3","67301","0","","1","01","","N","N","N","0","","2","0","0","3","2","","2152","2","2","0","0","3","0","1","2","0","2","03","03","N","","","","","","","","","","",""
"2023110926","0240","1","0","0","0","0","0","0","0","0","7","0","","67","11","2023","7","40.0319","-75.0214","0237","06","0","0","0","0","0","0","0","0","","0","0","0","02","2","0","00","N","2","40 01:54.967","2","03","75 01:16.931","0","0","0","0","67301","0","0","0","N","0","0","0","2","68K01","0","","4","09","0300","N","N","N","0","","0","0","0","0","0","N","0235","0","1","0","0","0","0","0","2","0","1","07","","N","","","","","","","","","","",""
"2023105252","1325","2","0","0","0","0","0","0","0","0","4","0","","67","11","2023","7","39.9919","-75.1864","1325","06","0","0","1","0","0","0","0","1","","0","0","0","13","1","2","01","","0","39 59:30.660","","00","75 11:10.908","4","0","0","0","67301","0","0","0","N","0","0","0","2","67301","2","","1","01","","N","N","N","0","","0","0","0","3","2","","1325","2","2","0","0","1","0","0","2","0","2","03","03","N","","","","","","","","","","",""
"2023108297","1716","1","0","0","0","0","0","0","0","0","8","0","","67","11","2023","7","40.0264","-75.1677","1710","06","0","0","0","0","0","0","0","0","","0","0","0","16","3","1","00","N","0","40 01:35.150","","00","75 10:03.660","4","0","0","0","67301","1","0","0","N","1","0","0","2","67301","1","","1","01","","N","N","N","0","","0","0","0","0","0","","1659","1","2","0","0","1","0","0","2","0","1","03","03","N","","","","","","","","","","",""
"2023114807","1230","0","0","0","0","0","0","0","0","0","8","0","","67","12","2023","7","40.0259","-75.0649","1216","06","0","0","0","0","0","0","0","0","","0","0","0","10","1","2","01","","0","40 01:33.096","","00","75 03:53.467","3","0","0","0","67301","2","0","0","N","2","0","0","3","67301","0","","1","01","","N","N","N","0","","1","0","1","3","3","","1045","2","2","0","0","0","1","0","2","0","1","03","","N","","","","","","","","","","",""
"2023112222","1320","1","0","0","0","0","0","0","0","0","1","0","","67","12","2023","7","40.0821","-74.9755","1315","06","0","0","0","1","0","1","1","0","","0","0","0","13","1","3","02","","0","40 04:55.733","","00","74 58:32.026","3","0","0","0","67301","0","0","0","N","0","0","0","5","67301","2","","1","01","","N","N","N","0","","1","0","3","0","0","","1300","3","4","0","0","0","0","0","2","0","4","03","03","N","","","","","","","","","","",""
"2023105566","2130","1","0","0","0","0","0","0","0","0","4","0","","67","11","2023","6","39.9416","-75.2329","2125","06","0","0","0","0","0","0","0","0","","0","0","0","21","3","0","01","","0","39 56:29.666","","00","75 13:58.573","0","0","0","0","67301","0","0","0","N","0","0","0","2","67301","0","","1","01","","N","N","N","0","","0","0","1","3","3","","2125","0","2","0","0","0","0","0","2","0","2","03","03","N","","","","","","","","","","",""
"2023116512","1015","0","0","0","0","0","0","0","0","0","4","0","","67","12","2023","7","40.0313","-75.073","1007","06","0","0","0","0","0","0","0","0","","0","0","0","10","1","1","02","","0","40 01:52.777","","00","75 04:23.107","8","0","0","0","67301","0","0","0","N","0","0","0","2","67301","0","","1","01","","N","N","N","1","","0","0","1","3","3","","1000","1","2","0","0","1","1","1","2","0","2","03","03","N","","","","","","","","","","",""
"2023115461","0604","0","0","0","0","0","0","0","0","0","2","0","","67","12","2023","1","39.9501","-75.2366","0602","06","0","0","0","0","0","0","0","0","","0","0","0","05","3","0","00","N","0","39 57:00.520","","00","75 14:11.900","0","0","0","0","67301","0","0","0","N","0","0","0","1","67301","0","","6","01","","N","N","N","0","","0","0","3","0","0","","0559","0","3","0","0","0","0","0","2","0","3","03","03","N","","","","","","","","","","",""
"2023109064","1709","2","0","0","0","0","0","0","0","0","4","0","","67","11","2023","2","39.9239","-75.2221","1709","06","0","0","0","0","0","0","0","0","","0","0","0","17","3","0","01","","0","39 55:26.291","","00","75 13:20.023","0","0","0","0","67301","0","0","0","N","0","0","0","4","67301","0","","1","01","","N","N","N","0","","0","0","1","3","2","","1709","0","3","0","0","4","0","0","2","0","3","03","03","N","","","","","","","","","","",""
"2023105110","0451","4","0","0","0","0","0","0","0","0","4","0","","67","11","2023","1","39.9264","-75.2305","0440","06","0","0","0","0","0","0","0","0","","0","0","0","04","3","0","01","","0","39 55:35.061","","00","75 13:49.807","0","0","0","0","67301","0","0","0","N","0","0","0","4","67301","0","","1","01","","N","N","N","0","","0","0","0","3","2","","0420","0","4","0","0","0","0","0","2","0","4","03","","N","","","","","","","","","","",""
"2023118225","0455","2","0","0","0","0","0","0","0","0","4","0","","67","12","2023","6","40.0845","-75.0384","0448","06","0","0","0","1","0","1","0","0","","0","0","0","04","3","1","01","","0","40 05:04.029","","00","75 02:18.148","3","0","0","0","67301","0","0","0","N","0","0","0","2","67301","0","","1","01","","N","N","N","0","","1","0","0","3","2","","0447","1","2","0","0","0","0","0","2","0","2","03","","N","","","","","","","","","","",""
"2023106425","0431","1","0","0","0","0","0","0","0","0","4","0","","67","11","2023","7","40.0854","-75.0374","0429","06","0","0","0","0","0","2","0","0","","0","0","0","04","3","0","01","","0","40 05:07.463","","00","75 02:14.492","0","0","0","0","67301","0","0","0","N","0","0","0","2","67301","0","","1","09","","N","N","N","0","","0","0","1","3","2","","0426","0","2","0","0","0","0","0","2","0","2","07","07","N","","","","","","","","","","",""
"2023115792","0951","2","0","0","0","0","0","0","0","0","5","0","","67","11","2023","2","39.9955","-75.1099","0950","06","0","0","0","0","0","0","0","0","","0","0","0","09","1","1","00","N","2","39 59:43.810","3","00","75 06:35.780","3","0","0","0","67301","0","0","0","N","0","0","0","1","67301","0","","6","01","1038","N","N","N","0","","1","0","1","0","0","Y","0948","1","3","0","0","1","0","0","2","0","3","03","03","N","","","","","","","","","","",""
"2023116364","1503","1","0","0","0","0","0","0","0","0","4","0","","67","12","2023","4","40.0701","-74.9878","1500","06","0","0","0","0","0","0","0","1","","0","0","0","13","1","1","01","","0","40 04:12.349","","00","74 59:16.225","3","0","0","0","67301","0","0","0","N","0","0","0","3","67301","0","","1","01","","N","N","N","0","","1","0","1","3","3","","1330","1","2","0","0","0","0","0","2","0","2","03","03","N","","","","","","","","","","",""
"2023116795","1430","1","0","0","0","0","0","0","0","0","6","0","","67","12","2023","4","39.9108","-75.2409","1450","06","0","0","0","0","0","1","0","0","","0","0","0","14","1","0","00","N","0","39 54:38.750","","00","75 14:27.160","0","0","0","0","67301","0","0","0","N","0","0","0","1","67301","0","","6","01","","N","N","N","0","","0","0","0","0","0","","1430","0","3","0","0","1","0","0","2","1","3","03","03","N","","","","","","","","","","",""
"2023105247","1131","1","0","0","0","0","0","0","0","0","7","0","","67","11","2023","6","39.9958","-75.1914","1125","06","0","0","0","0","0","0","1","0","","0","0","0","11","1","1","00","N","2","39 59:44.870","5","00","75 11:29.029","8","0","0","0","67301","0","0","0","N","0","0","0","1","67301","0","","4","01","0130","N","N","N","0","","0","0","0","0","0","Y","1125","1","1","0","0","0","1","0","2","0","1","03","03","N","","","","","","","","","","",""
"2023118986","0205","1","0","0","0","0","0","0","0","0","4","0","","67","12","2023","7","40.0372","-75.1284","0156","06","0","0","0","0","0","0","0","0","","0","0","0","20","3","0","00","N","2","40 02:13.860","2","00","75 07:42.350","9","0","0","0","67301","0","0","0","N","0","0","0","1","67301","0","","6","01","0130","N","N","Y","0","","0","0","2","0","0","Y","2011","0","3","0","0","0","0","1","2","0","3","03","04","N","","","","","","","","","","",""
"2023116881","1106","0","0","0","0","0","0","0","0","0","4","0","","67","12","2023","5","39.9783","-75.1661","1104","06","0","0","0","0","0","0","0","0","","0","0","0","10","1","2","01","","0","39 58:41.879","","00","75 09:58.107","3","0","0","0","67301","0","0","0","N","0","0","0","3","67301","0","","1","01","","N","N","N","1","","2","0","3","3","2","","1018","2","4","0","0","1","0","0","2","0","4","03","03","N","","","","","","","","","","",""
"2023114284","1705","2","0","0","0","0","0","0","0","0","4","0","","67","12","2023","3","40.0897","-75.057","1659","06","0","0","0","1","0","0","0","0","","0","0","0","16","3","1","01","","0","40 05:22.829","","00","75 03:25.516","3","0","0","0","67301","0","0","0","N","0","0","0","2","67301","0","","1","01","","N","N","N","0","","1","0","0","3","2","","1638","1","2","0","0","0","0","0","2","0","2","03","","N","","","","","","","","","","",""
"2023083609","0715","1","0","0","1","0","0","0","0","0","8","0","","67","09","2023","4","39.9278","-75.1635","0707","06","0","0","0","0","0","1","0","0","","0","0","0","07","5","1","02","","0","39 55:40.004","","00","75 09:48.769","3","0","0","0","67301","1","0","0","N","0","0","0","2","67301","0","","1","01","","N","N","N","0","","1","0","0","3","3","","0705","1","2","0","0","0","0","0","2","0","1","03","03","N","","","","","","","","","","",""
"2023085172","0412","1","0","0","0","0","0","0","0","0","4","0","","67","09","2023","5","40.0331","-75.1812","0410","06","0","0","0","0","0","1","0","0","","0","0","0","01","3","1","01","","0","40 01:59.144","","00","75 10:52.444","3","0","0","0","67301","0","0","0","N","0","0","0","2","67301","0","","1","01","","N","N","N","0","","1","0","1","3","2","","0141","1","2","0","0","1","0","0","2","0","2","03","03","N","","","","","","","","","","",""
"2023083465","0040","1","0","0","0","0","0","0","0","0","4","0","","67","09","2023","4","39.9249","-75.2234","0039","06","0","0","0","0","0","0","0","0","","0","0","0","00","3","0","05","","0","39 55:29.812","","00","75 13:24.391","9","0","0","0","67301","0","0","0","N","0","0","0","2","67301","0","","1","01","","N","N","N","0","","0","0","0","3","2","","0030","0","2","0","0","0","0","2","2","1","2","03","03","N","","","","","","","","","","",""
"2023085210","1756","2","0","0","0","0","0","0","0","0","4","0","","67","09","2023","4","39.9713","-75.1271","1756","06","0","0","0","0","1","1","0","0","","0","0","0","17","1","1","01","","0","39 58:16.688","","00","75 07:37.492","3","0","0","0","67301","0","0","0","N","0","0","0","2","67301","0","","1","01","","N","N","N","0","","1","0","0","3","2","","1756","1","2","0","0","0","0","0","2","0","2","03","","N","","","","","","","","","","",""
"2023085194","0044","1","0","0","0","0","0","0","0","0","8","0","","67","09","2023","4","39.9718","-75.2445","0042","06","0","0","0","0","0","0","0","0","","0","0","0","00","3","1","00","N","0","39 58:18.523","","00","75 14:40.231","8","0","0","0","67301","1","0","0","N","1","0","0","2","67301","0","","1","01","","N","N","N","0","","0","0","0","0","0","","0000","1","2","0","0","0","1","0","2","0","1","03","","N","","","","","","","","","","",""
"2023088835","1349","0","0","0","0","0","0","0","0","0","4","0","","67","09","2023","7","40.0085","-75.2107","1349","06","0","0","0","0","0","0","0","0","","0","0","0","01","3","0","01","","0","40 00:30.708","","00","75 12:38.635","9","0","0","0","67301","0","0","0","N","0","0","0","2","67301","0","","1","99","","N","N","N","0","","0","0","2","3","2","","0118","0","2","0","0","0","0","2","2","0","2","99","","N","","","","","","","","","","",""
"2023070177","1922","0","0","0","0","0","0","0","0","0","4","0","","67","08","2023","4","40.0077","-75.1515","1920","06","0","0","0","0","0","0","0","0","","0","0","0","19","1","0","01","","1","40 00:27.544","2","00","75 09:05.326","0","0","0","0","67301","0","0","0","N","0","0","0","2","67505","0","","1","01","1945","N","N","N","0","","0","0","1","3","2","N","1921","0","2","0","0","1","0","0","2","0","2","03","03","N","","","","","","","","","","",""
"2023085796","1745","0","0","0","0","0","0","0","0","0","4","0","","67","09","2023","2","39.9767","-75.1649","1739","06","0","0","0","0","0","0","0","0","","0","0","0","17","1","1","01","","0","39 58:36.055","","00","75 09:53.625","3","0","0","0","67301","0","0","0","N","0","0","0","2","67301","0","","1","09","","N","N","N","0","","1","0","2","3","1","","1715","1","2","0","0","1","0","0","2","0","2","07","07","N","","","","","","","","","","",""